Store,DayOfWeek,Date,Sales,Customers,Open,Promo,StateHoliday,SchoolHoliday
211,2,2013-01-01,0,0,0,0,a,1
211,3,2013-01-02,12655,1529,1,0,0,1
211,4,2013-01-03,12412,1474,1,0,0,1
211,5,2013-01-04,10752,1297,1,0,0,1
211,6,2013-01-05,11563,1234,1,0,0,0
211,7,2013-01-06,0,0,0,0,0,0
211,1,2013-01-07,20618,2076,1,1,0,0
211,2,2013-01-08,17158,1779,1,1,0,0
211,3,2013-01-09,13806,1564,1,1,0,0
211,4,2013-01-10,13957,1614,1,1,0,0
211,5,2013-01-11,15089,1730,1,1,0,0
211,6,2013-01-12,10229,1194,1,0,0,0
211,7,2013-01-13,0,0,0,0,0,0
211,1,2013-01-14,11924,1539,1,0,0,0
211,2,2013-01-15,11571,1481,1,0,0,0
211,3,2013-01-16,11216,1383,1,0,0,0
211,4,2013-01-17,11447,1485,1,0,0,0
211,5,2013-01-18,10685,1365,1,0,0,0
211,6,2013-01-19,10714,1186,1,0,0,0
211,7,2013-01-20,0,0,0,0,0,0
211,1,2013-01-21,17119,1840,1,1,0,0
211,2,2013-01-22,14982,1654,1,1,0,0
211,3,2013-01-23,13483,1529,1,1,0,0
211,4,2013-01-24,14285,1655,1,1,0,0
211,5,2013-01-25,13712,1649,1,1,0,0
211,6,2013-01-26,9716,1145,1,0,0,0
211,7,2013-01-27,0,0,0,0,0,0
211,1,2013-01-28,11959,1532,1,0,0,0
211,2,2013-01-29,12178,1509,1,0,0,0
211,3,2013-01-30,11494,1422,1,0,0,0
211,4,2013-01-31,13414,1559,1,0,0,0
211,5,2013-02-01,14160,1702,1,0,0,0
211,6,2013-02-02,10489,1170,1,0,0,0
211,7,2013-02-03,0,0,0,0,0,0
211,1,2013-02-04,19149,1967,1,1,0,1
211,2,2013-02-05,17187,1786,1,1,0,1
211,3,2013-02-06,15971,1661,1,1,0,1
211,4,2013-02-07,15018,1678,1,1,0,1
211,5,2013-02-08,13712,1498,1,1,0,1
211,6,2013-02-09,9941,1212,1,0,0,0
211,7,2013-02-10,0,0,0,0,0,0
211,1,2013-02-11,12729,1613,1,0,0,0
211,2,2013-02-12,12284,1553,1,0,0,0
211,3,2013-02-13,12816,1532,1,0,0,0
211,4,2013-02-14,11583,1506,1,0,0,0
211,5,2013-02-15,11993,1484,1,0,0,0
211,6,2013-02-16,10477,1184,1,0,0,0
211,7,2013-02-17,0,0,0,0,0,0
211,1,2013-02-18,19790,2020,1,1,0,0
211,2,2013-02-19,15027,1655,1,1,0,0
211,3,2013-02-20,13380,1541,1,1,0,0
211,4,2013-02-21,14611,1611,1,1,0,0
211,5,2013-02-22,14772,1676,1,1,0,0
211,6,2013-02-23,9654,1112,1,0,0,0
211,7,2013-02-24,0,0,0,0,0,0
211,1,2013-02-25,10934,1483,1,0,0,0
211,2,2013-02-26,11808,1497,1,0,0,0
211,3,2013-02-27,11271,1366,1,0,0,0
211,4,2013-02-28,14061,1616,1,0,0,0
211,5,2013-03-01,13571,1566,1,0,0,0
211,6,2013-03-02,11638,1352,1,0,0,0
211,7,2013-03-03,0,0,0,0,0,0
211,1,2013-03-04,22417,2285,1,1,0,0
211,2,2013-03-05,17827,1849,1,1,0,0
211,3,2013-03-06,15369,1710,1,1,0,0
211,4,2013-03-07,15538,1787,1,1,0,0
211,5,2013-03-08,13223,1569,1,1,0,0
211,6,2013-03-09,9576,1180,1,0,0,0
211,7,2013-03-10,0,0,0,0,0,0
211,1,2013-03-11,11860,1509,1,0,0,0
211,2,2013-03-12,11311,1412,1,0,0,0
211,3,2013-03-13,11892,1471,1,0,0,0
211,4,2013-03-14,12170,1515,1,0,0,0
211,5,2013-03-15,12648,1509,1,0,0,0
211,6,2013-03-16,11796,1327,1,0,0,0
211,7,2013-03-17,0,0,0,0,0,0
211,1,2013-03-18,19459,1967,1,1,0,0
211,2,2013-03-19,14491,1606,1,1,0,0
211,3,2013-03-20,14191,1585,1,1,0,0
211,4,2013-03-21,13865,1575,1,1,0,0
211,5,2013-03-22,15355,1713,1,1,0,0
211,6,2013-03-23,11071,1221,1,0,0,0
211,7,2013-03-24,0,0,0,0,0,0
211,1,2013-03-25,19468,2002,1,1,0,1
211,2,2013-03-26,17842,1852,1,1,0,1
211,3,2013-03-27,15039,1656,1,1,0,1
211,4,2013-03-28,18240,1943,1,1,0,1
211,5,2013-03-29,0,0,0,1,b,1
211,6,2013-03-30,13310,1427,1,0,0,0
211,7,2013-03-31,0,0,0,0,0,0
211,1,2013-04-01,0,0,0,0,b,1
211,2,2013-04-02,14424,1677,1,0,0,1
211,3,2013-04-03,11833,1393,1,0,0,1
211,4,2013-04-04,11393,1407,1,0,0,1
211,5,2013-04-05,10517,1299,1,0,0,1
211,6,2013-04-06,9013,1072,1,0,0,0
211,7,2013-04-07,0,0,0,0,0,0
211,1,2013-04-08,18105,2003,1,1,0,0
211,2,2013-04-09,14742,1718,1,1,0,0
211,3,2013-04-10,13920,1584,1,1,0,0
211,4,2013-04-11,12568,1541,1,1,0,0
211,5,2013-04-12,13010,1617,1,1,0,0
211,6,2013-04-13,8698,1078,1,0,0,0
211,7,2013-04-14,0,0,0,0,0,0
211,1,2013-04-15,10969,1503,1,0,0,0
211,2,2013-04-16,10285,1358,1,0,0,0
211,3,2013-04-17,10587,1384,1,0,0,0
211,4,2013-04-18,10886,1397,1,0,0,0
211,5,2013-04-19,10800,1399,1,0,0,0
211,6,2013-04-20,8780,1067,1,0,0,0
211,7,2013-04-21,0,0,0,0,0,0
211,1,2013-04-22,18257,1896,1,1,0,0
211,2,2013-04-23,14687,1710,1,1,0,0
211,3,2013-04-24,12975,1543,1,1,0,0
211,4,2013-04-25,13229,1564,1,1,0,0
211,5,2013-04-26,12995,1514,1,1,0,0
211,6,2013-04-27,8051,999,1,0,0,0
211,7,2013-04-28,0,0,0,0,0,0
211,1,2013-04-29,17503,1889,1,1,0,0
211,2,2013-04-30,18866,1963,1,1,0,0
211,3,2013-05-01,0,0,0,1,a,0
211,4,2013-05-02,17003,1847,1,1,0,0
211,5,2013-05-03,15710,1777,1,1,0,0
211,6,2013-05-04,9586,1194,1,0,0,0
211,7,2013-05-05,0,0,0,0,0,0
211,1,2013-05-06,12704,1573,1,0,0,0
211,2,2013-05-07,12490,1542,1,0,0,0
211,3,2013-05-08,13011,1590,1,0,0,0
211,4,2013-05-09,0,0,0,0,a,0
211,5,2013-05-10,12548,1485,1,0,0,1
211,6,2013-05-11,9666,1176,1,0,0,0
211,7,2013-05-12,0,0,0,0,0,0
211,1,2013-05-13,18351,1921,1,1,0,0
211,2,2013-05-14,16227,1740,1,1,0,0
211,3,2013-05-15,13439,1625,1,1,0,0
211,4,2013-05-16,13983,1642,1,1,0,0
211,5,2013-05-17,13929,1648,1,1,0,0
211,6,2013-05-18,8836,1028,1,0,0,0
211,7,2013-05-19,0,0,0,0,0,0
211,1,2013-05-20,0,0,0,0,a,0
211,2,2013-05-21,14076,1629,1,0,0,1
211,3,2013-05-22,9934,1279,1,0,0,0
211,4,2013-05-23,12363,1530,1,0,0,0
211,5,2013-05-24,11132,1397,1,0,0,0
211,6,2013-05-25,7450,886,1,0,0,0
211,7,2013-05-26,0,0,0,0,0,0
211,1,2013-05-27,18881,1928,1,1,0,0
211,2,2013-05-28,15026,1605,1,1,0,0
211,3,2013-05-29,13520,1472,1,1,0,0
211,4,2013-05-30,13489,1498,1,1,0,0
211,5,2013-05-31,14862,1635,1,1,0,0
211,6,2013-06-01,9694,1140,1,0,0,0
211,7,2013-06-02,0,0,0,0,0,0
211,1,2013-06-03,19069,1971,1,1,0,0
211,2,2013-06-04,16231,1789,1,1,0,0
211,3,2013-06-05,12976,1621,1,1,0,0
211,4,2013-06-06,13792,1603,1,1,0,0
211,5,2013-06-07,13698,1636,1,1,0,0
211,6,2013-06-08,9299,1123,1,0,0,0
211,7,2013-06-09,0,0,0,0,0,0
211,1,2013-06-10,12481,1617,1,0,0,0
211,2,2013-06-11,12284,1493,1,0,0,0
211,3,2013-06-12,10448,1364,1,0,0,0
211,4,2013-06-13,11076,1380,1,0,0,0
211,5,2013-06-14,11303,1387,1,0,0,0
211,6,2013-06-15,9686,1088,1,0,0,0
211,7,2013-06-16,0,0,0,0,0,0
211,1,2013-06-17,19859,2080,1,1,0,0
211,2,2013-06-18,15554,1738,1,1,0,0
211,3,2013-06-19,12593,1493,1,1,0,1
211,4,2013-06-20,12126,1440,1,1,0,1
211,5,2013-06-21,13934,1504,1,1,0,1
211,6,2013-06-22,9525,1129,1,0,0,0
211,7,2013-06-23,0,0,0,0,0,0
211,1,2013-06-24,12041,1514,1,0,0,1
211,2,2013-06-25,8417,987,1,0,0,1
211,3,2013-06-26,10970,1296,1,0,0,1
211,4,2013-06-27,10266,1270,1,0,0,1
211,5,2013-06-28,12712,1370,1,0,0,1
211,6,2013-06-29,8860,1017,1,0,0,0
211,7,2013-06-30,0,0,0,0,0,0
211,1,2013-07-01,19367,1970,1,1,0,1
211,2,2013-07-02,16242,1732,1,1,0,1
211,3,2013-07-03,13297,1432,1,1,0,1
211,4,2013-07-04,13530,1558,1,1,0,1
211,5,2013-07-05,13530,1551,1,1,0,1
211,6,2013-07-06,9235,1074,1,0,0,0
211,7,2013-07-07,0,0,0,0,0,0
211,1,2013-07-08,11898,1441,1,0,0,1
211,2,2013-07-09,11216,1373,1,0,0,1
211,3,2013-07-10,10721,1287,1,0,0,1
211,4,2013-07-11,11563,1371,1,0,0,1
211,5,2013-07-12,10607,1295,1,0,0,1
211,6,2013-07-13,8028,961,1,0,0,0
211,7,2013-07-14,0,0,0,0,0,0
211,1,2013-07-15,18847,1915,1,1,0,1
211,2,2013-07-16,14480,1609,1,1,0,1
211,3,2013-07-17,12282,1371,1,1,0,1
211,4,2013-07-18,12314,1461,1,1,0,1
211,5,2013-07-19,12920,1545,1,1,0,1
211,6,2013-07-20,8244,1123,1,0,0,0
211,7,2013-07-21,0,0,0,0,0,0
211,1,2013-07-22,10610,1343,1,0,0,1
211,2,2013-07-23,9957,1297,1,0,0,1
211,3,2013-07-24,9040,1141,1,0,0,1
211,4,2013-07-25,9992,1299,1,0,0,1
211,5,2013-07-26,9334,1198,1,0,0,1
211,6,2013-07-27,7641,940,1,0,0,0
211,7,2013-07-28,0,0,0,0,0,0
211,1,2013-07-29,17204,1720,1,1,0,1
211,2,2013-07-30,16381,1596,1,1,0,1
211,3,2013-07-31,16328,1753,1,1,0,1
211,4,2013-08-01,15474,1703,1,1,0,1
211,5,2013-08-02,13715,1553,1,1,0,1
211,6,2013-08-03,8665,1077,1,0,0,0
211,7,2013-08-04,0,0,0,0,0,0
211,1,2013-08-05,13061,1631,1,0,0,0
211,2,2013-08-06,11115,1452,1,0,0,0
211,3,2013-08-07,10553,1296,1,0,0,0
211,4,2013-08-08,10376,1403,1,0,0,0
211,5,2013-08-09,10909,1378,1,0,0,0
211,6,2013-08-10,8268,1032,1,0,0,0
211,7,2013-08-11,0,0,0,0,0,0
211,1,2013-08-12,18960,1991,1,1,0,0
211,2,2013-08-13,16011,1747,1,1,0,0
211,3,2013-08-14,14682,1592,1,1,0,0
211,4,2013-08-15,15428,1719,1,1,0,0
211,5,2013-08-16,12313,1591,1,1,0,0
211,6,2013-08-17,7840,1024,1,0,0,0
211,7,2013-08-18,0,0,0,0,0,0
211,1,2013-08-19,11147,1398,1,0,0,0
211,2,2013-08-20,11198,1385,1,0,0,0
211,3,2013-08-21,9986,1274,1,0,0,0
211,4,2013-08-22,9992,1381,1,0,0,0
211,5,2013-08-23,10013,1324,1,0,0,0
211,6,2013-08-24,8353,1057,1,0,0,0
211,7,2013-08-25,0,0,0,0,0,0
211,1,2013-08-26,17928,1869,1,1,0,0
211,2,2013-08-27,14445,1606,1,1,0,0
211,3,2013-08-28,13231,1508,1,1,0,0
211,4,2013-08-29,13137,1495,1,1,0,0
211,5,2013-08-30,15058,1579,1,1,0,0
211,6,2013-08-31,10058,1125,1,0,0,0
211,7,2013-09-01,0,0,0,0,0,0
211,1,2013-09-02,11843,1397,1,0,0,0
211,2,2013-09-03,10555,1377,1,0,0,0
211,3,2013-09-04,10852,1343,1,0,0,0
211,4,2013-09-05,10525,1340,1,0,0,0
211,5,2013-09-06,9977,1302,1,0,0,0
211,6,2013-09-07,8449,999,1,0,0,0
211,7,2013-09-08,0,0,0,0,0,0
211,1,2013-09-09,16222,1622,1,1,0,0
211,2,2013-09-10,15749,1643,1,1,0,0
211,3,2013-09-11,13963,1474,1,1,0,0
211,4,2013-09-12,13124,1514,1,1,0,0
211,5,2013-09-13,13401,1534,1,1,0,0
211,6,2013-09-14,8395,982,1,0,0,0
211,7,2013-09-15,0,0,0,0,0,0
211,1,2013-09-16,11173,1391,1,0,0,0
211,2,2013-09-17,10044,1268,1,0,0,0
211,3,2013-09-18,8605,1091,1,0,0,0
211,4,2013-09-19,9114,1253,1,0,0,0
211,5,2013-09-20,9163,1139,1,0,0,0
211,6,2013-09-21,7769,983,1,0,0,0
211,7,2013-09-22,0,0,0,0,0,0
211,1,2013-09-23,14664,1596,1,1,0,0
211,2,2013-09-24,12048,1417,1,1,0,0
211,3,2013-09-25,13118,1470,1,1,0,0
211,4,2013-09-26,12649,1438,1,1,0,0
211,5,2013-09-27,12795,1485,1,1,0,0
211,6,2013-09-28,9017,980,1,0,0,0
211,7,2013-09-29,0,0,0,0,0,0
211,1,2013-09-30,12880,1499,1,0,0,1
211,2,2013-10-01,12063,1414,1,0,0,1
211,3,2013-10-02,11407,1419,1,0,0,1
211,4,2013-10-03,0,0,0,0,a,1
211,5,2013-10-04,12242,1432,1,0,0,1
211,6,2013-10-05,8675,999,1,0,0,0
211,7,2013-10-06,0,0,0,0,0,0
211,1,2013-10-07,19024,1895,1,1,0,1
211,2,2013-10-08,16188,1649,1,1,0,1
211,3,2013-10-09,13030,1429,1,1,0,1
211,4,2013-10-10,12146,1358,1,1,0,1
211,5,2013-10-11,12233,1388,1,1,0,1
211,6,2013-10-12,7924,953,1,0,0,0
211,7,2013-10-13,0,0,0,0,0,0
211,1,2013-10-14,11733,1450,1,0,0,0
211,2,2013-10-15,9917,1308,1,0,0,0
211,3,2013-10-16,10456,1345,1,0,0,0
211,4,2013-10-17,10717,1359,1,0,0,0
211,5,2013-10-18,10050,1306,1,0,0,0
211,6,2013-10-19,8283,1059,1,0,0,0
211,7,2013-10-20,0,0,0,0,0,0
211,1,2013-10-21,17541,1873,1,1,0,0
211,2,2013-10-22,13816,1620,1,1,0,0
211,3,2013-10-23,12211,1425,1,1,0,0
211,4,2013-10-24,12804,1529,1,1,0,0
211,5,2013-10-25,12092,1461,1,1,0,0
211,6,2013-10-26,8847,1035,1,0,0,0
211,7,2013-10-27,0,0,0,0,0,0
211,1,2013-10-28,10430,1343,1,0,0,0
211,2,2013-10-29,10297,1351,1,0,0,0
211,3,2013-10-30,10871,1359,1,0,0,0
211,4,2013-10-31,12892,1558,1,0,0,0
211,5,2013-11-01,11563,1407,1,0,0,0
211,6,2013-11-02,8313,952,1,0,0,0
211,7,2013-11-03,0,0,0,0,0,0
211,1,2013-11-04,16848,1753,1,1,0,0
211,2,2013-11-05,15853,1666,1,1,0,0
211,3,2013-11-06,12932,1468,1,1,0,0
211,4,2013-11-07,13143,1482,1,1,0,0
211,5,2013-11-08,13176,1526,1,1,0,0
211,6,2013-11-09,8902,1048,1,0,0,0
211,7,2013-11-10,0,0,0,0,0,0
211,1,2013-11-11,12190,1474,1,0,0,0
211,2,2013-11-12,11286,1421,1,0,0,0
211,3,2013-11-13,9676,1290,1,0,0,0
211,4,2013-11-14,9998,1339,1,0,0,0
211,5,2013-11-15,11169,1340,1,0,0,0
211,6,2013-11-16,8979,1075,1,0,0,0
211,7,2013-11-17,0,0,0,0,0,0
211,1,2013-11-18,17926,1815,1,1,0,0
211,2,2013-11-19,15205,1674,1,1,0,0
211,3,2013-11-20,12122,1397,1,1,0,0
211,4,2013-11-21,13498,1620,1,1,0,0
211,5,2013-11-22,13003,1493,1,1,0,0
211,6,2013-11-23,10387,1155,1,0,0,0
211,7,2013-11-24,0,0,0,0,0,0
211,1,2013-11-25,12823,1527,1,0,0,0
211,2,2013-11-26,11899,1490,1,0,0,0
211,3,2013-11-27,10995,1340,1,0,0,0
211,4,2013-11-28,12362,1413,1,0,0,0
211,5,2013-11-29,14553,1493,1,0,0,0
211,6,2013-11-30,11494,1237,1,0,0,0
211,7,2013-12-01,0,0,0,0,0,0
211,1,2013-12-02,22498,2233,1,1,0,0
211,2,2013-12-03,18900,1930,1,1,0,0
211,3,2013-12-04,17175,1726,1,1,0,0
211,4,2013-12-05,18867,1922,1,1,0,0
211,5,2013-12-06,11270,1268,1,1,0,0
211,6,2013-12-07,9989,1141,1,0,0,0
211,7,2013-12-08,0,0,0,0,0,0
211,1,2013-12-09,13169,1639,1,0,0,0
211,2,2013-12-10,12180,1515,1,0,0,0
211,3,2013-12-11,12928,1492,1,0,0,0
211,4,2013-12-12,12857,1507,1,0,0,0
211,5,2013-12-13,11702,1446,1,0,0,0
211,6,2013-12-14,10282,1186,1,0,0,0
211,7,2013-12-15,0,0,0,0,0,0
211,1,2013-12-16,26914,2407,1,1,0,0
211,2,2013-12-17,20909,2042,1,1,0,0
211,3,2013-12-18,18951,1867,1,1,0,0
211,4,2013-12-19,18580,1954,1,1,0,0
211,5,2013-12-20,18024,1878,1,1,0,0
211,6,2013-12-21,13402,1440,1,0,0,0
211,7,2013-12-22,0,0,0,0,0,0
211,1,2013-12-23,19075,2125,1,0,0,1
211,2,2013-12-24,5703,679,1,0,0,1
211,3,2013-12-25,0,0,0,0,c,1
211,4,2013-12-26,0,0,0,0,c,1
211,5,2013-12-27,11778,1443,1,0,0,1
211,6,2013-12-28,9580,1115,1,0,0,0
211,7,2013-12-29,0,0,0,0,0,0
211,1,2013-12-30,15152,1708,1,0,0,1
211,2,2013-12-31,5942,723,1,0,0,1
211,3,2014-01-01,0,0,0,0,a,1
211,4,2014-01-02,11489,1430,1,0,0,1
211,5,2014-01-03,12413,1472,1,0,0,1
211,6,2014-01-04,9154,1108,1,0,0,0
211,7,2014-01-05,0,0,0,0,0,0
211,1,2014-01-06,18298,1954,1,1,0,0
211,2,2014-01-07,17820,1895,1,1,0,0
211,3,2014-01-08,14037,1527,1,1,0,0
211,4,2014-01-09,14206,1579,1,1,0,0
211,5,2014-01-10,13342,1568,1,1,0,0
211,6,2014-01-11,9538,1165,1,0,0,0
211,7,2014-01-12,0,0,0,0,0,0
211,1,2014-01-13,11291,1514,1,0,0,0
211,2,2014-01-14,10595,1412,1,0,0,0
211,3,2014-01-15,10084,1351,1,0,0,0
211,4,2014-01-16,9142,1202,1,0,0,0
211,5,2014-01-17,10977,1388,1,0,0,0
211,6,2014-01-18,8299,1089,1,0,0,0
211,7,2014-01-19,0,0,0,0,0,0
211,1,2014-01-20,13944,1462,1,1,0,0
211,2,2014-01-21,13351,1520,1,1,0,0
211,3,2014-01-22,13749,1548,1,1,0,0
211,4,2014-01-23,13568,1557,1,1,0,0
211,5,2014-01-24,13008,1569,1,1,0,0
211,6,2014-01-25,8782,1052,1,0,0,0
211,7,2014-01-26,0,0,0,0,0,0
211,1,2014-01-27,10030,1306,1,0,0,0
211,2,2014-01-28,10854,1418,1,0,0,0
211,3,2014-01-29,10177,1350,1,0,0,0
211,4,2014-01-30,11176,1456,1,0,0,0
211,5,2014-01-31,13196,1556,1,0,0,0
211,6,2014-02-01,10292,1192,1,0,0,0
211,7,2014-02-02,0,0,0,0,0,0
211,1,2014-02-03,21118,1977,1,1,0,1
211,2,2014-02-04,17572,1884,1,1,0,1
211,3,2014-02-05,15119,1619,1,1,0,1
211,4,2014-02-06,14523,1623,1,1,0,1
211,5,2014-02-07,11696,1398,1,1,0,1
211,6,2014-02-08,8582,1021,1,0,0,0
211,7,2014-02-09,0,0,0,0,0,0
211,1,2014-02-10,12651,1572,1,0,0,0
211,2,2014-02-11,11241,1454,1,0,0,0
211,3,2014-02-12,10617,1382,1,0,0,0
211,4,2014-02-13,10948,1407,1,0,0,0
211,5,2014-02-14,10781,1407,1,0,0,0
211,6,2014-02-15,8782,1081,1,0,0,0
211,7,2014-02-16,0,0,0,0,0,0
211,1,2014-02-17,19052,2057,1,1,0,0
211,2,2014-02-18,15664,1742,1,1,0,0
211,3,2014-02-19,12886,1511,1,1,0,0
211,4,2014-02-20,13837,1619,1,1,0,0
211,5,2014-02-21,12790,1457,1,1,0,0
211,6,2014-02-22,9595,1171,1,0,0,0
211,7,2014-02-23,0,0,0,0,0,0
211,1,2014-02-24,12296,1570,1,0,0,0
211,2,2014-02-25,10457,1386,1,0,0,0
211,3,2014-02-26,11255,1409,1,0,0,0
211,4,2014-02-27,11735,1419,1,0,0,0
211,5,2014-02-28,12292,1486,1,0,0,0
211,6,2014-03-01,10454,1202,1,0,0,0
211,7,2014-03-02,0,0,0,0,0,0
211,1,2014-03-03,20349,2139,1,1,0,0
211,2,2014-03-04,16372,1767,1,1,0,0
211,3,2014-03-05,14004,1633,1,1,0,0
211,4,2014-03-06,13368,1633,1,1,0,0
211,5,2014-03-07,13330,1584,1,1,0,0
211,6,2014-03-08,9148,1156,1,0,0,0
211,7,2014-03-09,0,0,0,0,0,0
211,1,2014-03-10,11624,1558,1,0,0,0
211,2,2014-03-11,10320,1437,1,0,0,0
211,3,2014-03-12,10408,1361,1,0,0,0
211,4,2014-03-13,11051,1443,1,0,0,0
211,5,2014-03-14,10724,1406,1,0,0,0
211,6,2014-03-15,8860,1018,1,0,0,0
211,7,2014-03-16,0,0,0,0,0,0
211,1,2014-03-17,17164,1909,1,1,0,0
211,2,2014-03-18,14482,1681,1,1,0,0
211,3,2014-03-19,12281,1447,1,1,0,0
211,4,2014-03-20,12987,1585,1,1,0,0
211,5,2014-03-21,12695,1480,1,1,0,0
211,6,2014-03-22,8551,1018,1,0,0,0
211,7,2014-03-23,0,0,0,0,0,0
211,1,2014-03-24,11462,1487,1,0,0,0
211,2,2014-03-25,10219,1392,1,0,0,0
211,3,2014-03-26,10694,1334,1,0,0,0
211,4,2014-03-27,11038,1409,1,0,0,0
211,5,2014-03-28,10764,1312,1,0,0,0
211,6,2014-03-29,8302,1008,1,0,0,0
211,7,2014-03-30,0,0,0,0,0,0
211,1,2014-03-31,19153,1949,1,1,0,0
211,2,2014-04-01,17223,1830,1,1,0,0
211,3,2014-04-02,15105,1651,1,1,0,0
211,4,2014-04-03,14865,1712,1,1,0,0
211,5,2014-04-04,15095,1627,1,1,0,0
211,6,2014-04-05,9362,1106,1,0,0,0
211,7,2014-04-06,0,0,0,0,0,0
211,1,2014-04-07,12571,1551,1,0,0,0
211,2,2014-04-08,10592,1395,1,0,0,0
211,3,2014-04-09,10798,1384,1,0,0,0
211,4,2014-04-10,11223,1401,1,0,0,0
211,5,2014-04-11,11741,1440,1,0,0,0
211,6,2014-04-12,8969,1073,1,0,0,0
211,7,2014-04-13,0,0,0,0,0,0
211,1,2014-04-14,17461,1759,1,1,0,1
211,2,2014-04-15,18303,1836,1,1,0,1
211,3,2014-04-16,16798,1756,1,1,0,1
211,4,2014-04-17,16863,1818,1,1,0,1
211,5,2014-04-18,0,0,0,1,b,1
211,6,2014-04-19,11111,1290,1,0,0,0
211,7,2014-04-20,0,0,0,0,0,0
211,1,2014-04-21,0,0,0,0,b,1
211,2,2014-04-22,12325,1566,1,0,0,1
211,3,2014-04-23,10309,1316,1,0,0,1
211,4,2014-04-24,10973,1389,1,0,0,1
211,5,2014-04-25,9765,1242,1,0,0,1
211,6,2014-04-26,8043,1016,1,0,0,0
211,7,2014-04-27,0,0,0,0,0,0
211,1,2014-04-28,17894,1933,1,1,0,0
211,2,2014-04-29,16480,1743,1,1,0,0
211,3,2014-04-30,16659,1842,1,1,0,0
211,4,2014-05-01,0,0,0,1,a,0
211,5,2014-05-02,16455,1628,1,1,0,1
211,6,2014-05-03,9833,1208,1,0,0,0
211,7,2014-05-04,0,0,0,0,0,0
211,1,2014-05-05,19852,2057,1,1,0,0
211,2,2014-05-06,16633,1760,1,1,0,0
211,3,2014-05-07,13481,1558,1,1,0,0
211,4,2014-05-08,15142,1666,1,1,0,0
211,5,2014-05-09,13027,1549,1,1,0,0
211,6,2014-05-10,9210,1111,1,0,0,0
211,7,2014-05-11,0,0,0,0,0,0
211,1,2014-05-12,11592,1487,1,0,0,0
211,2,2014-05-13,10745,1429,1,0,0,0
211,3,2014-05-14,11029,1366,1,0,0,0
211,4,2014-05-15,10288,1323,1,0,0,0
211,5,2014-05-16,9869,1327,1,0,0,0
211,6,2014-05-17,8356,1044,1,0,0,0
211,7,2014-05-18,0,0,0,0,0,0
211,1,2014-05-19,17700,1860,1,1,0,0
211,2,2014-05-20,14838,1654,1,1,0,0
211,3,2014-05-21,12905,1555,1,1,0,0
211,4,2014-05-22,12528,1573,1,1,0,0
211,5,2014-05-23,12874,1508,1,1,0,0
211,6,2014-05-24,9245,1091,1,0,0,0
211,7,2014-05-25,0,0,0,0,0,0
211,1,2014-05-26,12304,1558,1,0,0,0
211,2,2014-05-27,11037,1411,1,0,0,0
211,3,2014-05-28,10792,1320,1,0,0,0
211,4,2014-05-29,0,0,0,0,a,0
211,5,2014-05-30,14558,1633,1,0,0,1
211,6,2014-05-31,10256,1166,1,0,0,0
211,7,2014-06-01,0,0,0,0,0,0
211,1,2014-06-02,21137,2117,1,1,0,0
211,2,2014-06-03,18690,1916,1,1,0,0
211,3,2014-06-04,15088,1673,1,1,0,0
211,4,2014-06-05,14910,1616,1,1,0,0
211,5,2014-06-06,15688,1756,1,1,0,0
211,6,2014-06-07,9892,1196,1,0,0,0
211,7,2014-06-08,0,0,0,0,0,0
211,1,2014-06-09,0,0,0,0,a,0
211,2,2014-06-10,13167,1619,1,0,0,0
211,3,2014-06-11,10303,1282,1,0,0,0
211,4,2014-06-12,12965,1617,1,0,0,0
211,5,2014-06-13,12162,1485,1,0,0,0
211,6,2014-06-14,8781,1008,1,0,0,0
211,7,2014-06-15,0,0,0,0,0,0
211,1,2014-06-16,18216,1944,1,1,0,0
211,2,2014-06-17,16320,1789,1,1,0,0
211,3,2014-06-18,14493,1589,1,1,0,0
211,4,2014-06-19,14053,1639,1,1,0,0
211,5,2014-06-20,13266,1589,1,1,0,0
211,6,2014-06-21,8781,1044,1,0,0,0
211,7,2014-06-22,0,0,0,0,0,0
211,1,2014-06-23,12078,1493,1,0,0,0
211,2,2014-06-24,11630,1454,1,0,0,0
211,3,2014-06-25,9020,1118,1,0,0,0
211,4,2014-06-26,10442,1335,1,0,0,0
211,5,2014-06-27,11056,1437,1,0,0,0
211,6,2014-06-28,9043,1040,1,0,0,0
211,7,2014-06-29,0,0,0,0,0,0
211,1,2014-06-30,20611,2062,1,1,0,0
211,2,2014-07-01,17565,1859,1,1,0,0
211,3,2014-07-02,16550,1698,1,1,0,0
211,4,2014-07-03,14876,1738,1,1,0,0
211,5,2014-07-04,11881,1485,1,1,0,0
211,6,2014-07-05,9874,1128,1,0,0,0
211,7,2014-07-06,0,0,0,0,0,0
211,1,2014-07-07,12960,1574,1,0,0,0
211,2,2014-07-08,10955,1325,1,0,0,0
211,3,2014-07-09,11344,1386,1,0,0,1
211,4,2014-07-10,13490,1631,1,0,0,1
211,5,2014-07-11,12154,1489,1,0,0,1
211,6,2014-07-12,9256,1044,1,0,0,0
211,7,2014-07-13,0,0,0,0,0,0
211,1,2014-07-14,15884,1654,1,1,0,1
211,2,2014-07-15,14027,1573,1,1,0,1
211,3,2014-07-16,14215,1542,1,1,0,1
211,4,2014-07-17,13140,1518,1,1,0,1
211,5,2014-07-18,11874,1455,1,1,0,1
211,6,2014-07-19,7901,1010,1,0,0,0
211,7,2014-07-20,0,0,0,0,0,0
211,1,2014-07-21,11066,1361,1,0,0,1
211,2,2014-07-22,10376,1274,1,0,0,1
211,3,2014-07-23,10070,1235,1,0,0,1
211,4,2014-07-24,10229,1217,1,0,0,1
211,5,2014-07-25,9599,1138,1,0,0,1
211,6,2014-07-26,7332,915,1,0,0,0
211,7,2014-07-27,0,0,0,0,0,0
211,1,2014-07-28,17106,1686,1,1,0,1
211,2,2014-07-29,13325,1354,1,1,0,1
211,3,2014-07-30,12861,1396,1,1,0,1
211,4,2014-07-31,15700,1609,1,1,0,1
211,5,2014-08-01,14758,1573,1,1,0,1
211,6,2014-08-02,9195,1022,1,0,0,0
211,7,2014-08-03,0,0,0,0,0,0
211,1,2014-08-04,16728,1722,1,1,0,1
211,2,2014-08-05,14987,1534,1,1,0,1
211,3,2014-08-06,12554,1413,1,1,0,1
211,4,2014-08-07,12707,1445,1,1,0,1
211,5,2014-08-08,12276,1393,1,1,0,1
211,6,2014-08-09,8220,972,1,0,0,0
211,7,2014-08-10,0,0,0,0,0,0
211,1,2014-08-11,13197,1500,1,0,0,1
211,2,2014-08-12,9587,1256,1,0,0,1
211,3,2014-08-13,10315,1265,1,0,0,1
211,4,2014-08-14,10255,1267,1,0,0,1
211,5,2014-08-15,10656,1273,1,0,0,1
211,6,2014-08-16,8138,948,1,0,0,0
211,7,2014-08-17,0,0,0,0,0,0
211,1,2014-08-18,19283,1942,1,1,0,1
211,2,2014-08-19,15292,1611,1,1,0,1
211,3,2014-08-20,13651,1434,1,1,0,1
211,4,2014-08-21,12939,1524,1,1,0,1
211,5,2014-08-22,12754,1419,1,1,0,1
211,6,2014-08-23,8405,1000,1,0,0,0
211,7,2014-08-24,0,0,0,0,0,0
211,1,2014-08-25,13344,1677,1,0,0,0
211,2,2014-08-26,11857,1495,1,0,0,0
211,3,2014-08-27,11047,1369,1,0,0,0
211,4,2014-08-28,11243,1428,1,0,0,0
211,5,2014-08-29,12153,1456,1,0,0,0
211,6,2014-08-30,9558,1104,1,0,0,0
211,7,2014-08-31,0,0,0,0,0,0
211,1,2014-09-01,19783,2001,1,1,0,0
211,2,2014-09-02,17463,1801,1,1,0,0
211,3,2014-09-03,13963,1650,1,1,0,0
211,4,2014-09-04,13589,1531,1,1,0,0
211,5,2014-09-05,13219,1553,1,1,0,0
211,6,2014-09-06,8339,1029,1,0,0,0
211,7,2014-09-07,0,0,0,0,0,0
211,1,2014-09-08,12232,1514,1,0,0,0
211,2,2014-09-09,11128,1379,1,0,0,0
211,3,2014-09-10,9966,1283,1,0,0,0
211,4,2014-09-11,10685,1357,1,0,0,0
211,5,2014-09-12,10494,1322,1,0,0,0
211,6,2014-09-13,8553,1014,1,0,0,0
211,7,2014-09-14,0,0,0,0,0,0
211,1,2014-09-15,17709,1838,1,1,0,0
211,2,2014-09-16,14642,1621,1,1,0,0
211,3,2014-09-17,12799,1484,1,1,0,0
211,4,2014-09-18,13772,1533,1,1,0,0
211,5,2014-09-19,12771,1475,1,1,0,0
211,6,2014-09-20,8228,943,1,0,0,0
211,7,2014-09-21,0,0,0,0,0,0
211,1,2014-09-22,10864,1364,1,0,0,0
211,2,2014-09-23,10663,1379,1,0,0,0
211,3,2014-09-24,10322,1288,1,0,0,0
211,4,2014-09-25,9415,1252,1,0,0,0
211,5,2014-09-26,10008,1195,1,0,0,0
211,6,2014-09-27,8208,993,1,0,0,0
211,7,2014-09-28,0,0,0,0,0,0
211,1,2014-09-29,16965,1803,1,1,0,0
211,2,2014-09-30,15782,1670,1,1,0,0
211,3,2014-10-01,14183,1594,1,1,0,0
211,4,2014-10-02,15387,1688,1,1,0,0
211,5,2014-10-03,0,0,0,1,a,0
211,6,2014-10-04,10861,1258,1,0,0,0
211,7,2014-10-05,0,0,0,0,0,0
211,1,2014-10-06,18056,1880,1,1,0,0
211,2,2014-10-07,14677,1674,1,1,0,0
211,3,2014-10-08,14203,1514,1,1,0,0
211,4,2014-10-09,13588,1568,1,1,0,0
211,5,2014-10-10,13728,1614,1,1,0,0
211,6,2014-10-11,7664,915,1,0,0,0
211,7,2014-10-12,0,0,0,0,0,0
211,1,2014-10-13,12646,1624,1,0,0,0
211,2,2014-10-14,11333,1449,1,0,0,0
211,3,2014-10-15,11869,1477,1,0,0,0
211,4,2014-10-16,10205,1331,1,0,0,0
211,5,2014-10-17,10601,1381,1,0,0,0
211,6,2014-10-18,9575,1045,1,0,0,0
211,7,2014-10-19,0,0,0,0,0,0
211,1,2014-10-20,15958,1748,1,1,0,1
211,2,2014-10-21,14574,1601,1,1,0,1
211,3,2014-10-22,10314,1227,1,1,0,1
211,4,2014-10-23,12196,1414,1,1,0,1
211,5,2014-10-24,11954,1378,1,1,0,1
211,6,2014-10-25,7970,973,1,0,0,0
211,7,2014-10-26,0,0,0,0,0,0
211,1,2014-10-27,11910,1476,1,0,0,1
211,2,2014-10-28,10740,1380,1,0,0,1
211,3,2014-10-29,10994,1305,1,0,0,1
211,4,2014-10-30,11183,1322,1,0,0,1
211,5,2014-10-31,11580,1416,1,0,0,1
211,6,2014-11-01,9475,1082,1,0,0,0
211,7,2014-11-02,0,0,0,0,0,0
211,1,2014-11-03,19155,1939,1,1,0,0
211,2,2014-11-04,16824,1830,1,1,0,0
211,3,2014-11-05,15061,1596,1,1,0,0
211,4,2014-11-06,15553,1802,1,1,0,0
211,5,2014-11-07,14528,1654,1,1,0,0
211,6,2014-11-08,9305,1139,1,0,0,0
211,7,2014-11-09,0,0,0,0,0,0
211,1,2014-11-10,15017,1713,1,1,0,0
211,2,2014-11-11,14244,1654,1,1,0,0
211,3,2014-11-12,13403,1440,1,1,0,0
211,4,2014-11-13,13674,1552,1,1,0,0
211,5,2014-11-14,12343,1456,1,1,0,0
211,6,2014-11-15,9070,1041,1,0,0,0
211,7,2014-11-16,0,0,0,0,0,0
211,1,2014-11-17,13209,1624,1,0,0,0
211,2,2014-11-18,11967,1449,1,0,0,0
211,3,2014-11-19,10234,1275,1,0,0,0
211,4,2014-11-20,11651,1434,1,0,0,0
211,5,2014-11-21,10751,1348,1,0,0,0
211,6,2014-11-22,8664,1056,1,0,0,0
211,7,2014-11-23,0,0,0,0,0,0
211,1,2014-11-24,16577,1770,1,1,0,0
211,2,2014-11-25,15667,1654,1,1,0,0
211,3,2014-11-26,13735,1550,1,1,0,0
211,4,2014-11-27,16042,1740,1,1,0,0
211,5,2014-11-28,16704,1724,1,1,0,0
211,6,2014-11-29,11355,1221,1,0,0,0
211,7,2014-11-30,0,0,0,0,0,0
211,1,2014-12-01,20739,2017,1,1,0,0
211,2,2014-12-02,18691,1881,1,1,0,0
211,3,2014-12-03,16866,1689,1,1,0,0
211,4,2014-12-04,17080,1743,1,1,0,0
211,5,2014-12-05,17621,1783,1,1,0,0
211,6,2014-12-06,9843,1097,1,0,0,0
211,7,2014-12-07,0,0,0,0,0,0
211,1,2014-12-08,14091,1614,1,0,0,0
211,2,2014-12-09,13787,1615,1,0,0,0
211,3,2014-12-10,12233,1381,1,0,0,0
211,4,2014-12-11,12192,1491,1,0,0,0
211,5,2014-12-12,12323,1416,1,0,0,0
211,6,2014-12-13,10615,1198,1,0,0,0
211,7,2014-12-14,0,0,0,0,0,0
211,1,2014-12-15,22980,2110,1,1,0,0
211,2,2014-12-16,19774,1955,1,1,0,0
211,3,2014-12-17,18027,1773,1,1,0,0
211,4,2014-12-18,18327,1849,1,1,0,0
211,5,2014-12-19,17578,1678,1,1,0,0
211,6,2014-12-20,11907,1297,1,0,0,0
211,7,2014-12-21,0,0,0,0,0,0
211,1,2014-12-22,18894,1918,1,0,0,1
211,2,2014-12-23,18047,1838,1,0,0,1
211,3,2014-12-24,6274,668,1,0,0,1
211,4,2014-12-25,0,0,0,0,c,1
211,5,2014-12-26,0,0,0,0,c,1
211,6,2014-12-27,10725,1207,1,0,0,0
211,7,2014-12-28,0,0,0,0,0,0
211,1,2014-12-29,14128,1568,1,0,0,1
211,2,2014-12-30,13276,1452,1,0,0,1
211,3,2014-12-31,5702,616,1,0,0,1
211,4,2015-01-01,0,0,0,0,a,1
211,5,2015-01-02,11485,1291,1,0,0,1
211,6,2015-01-03,8851,1085,1,0,0,0
211,7,2015-01-04,0,0,0,0,0,0
211,1,2015-01-05,17348,1870,1,1,0,0
211,2,2015-01-06,16016,1758,1,1,0,0
211,3,2015-01-07,13861,1543,1,1,0,0
211,4,2015-01-08,13376,1505,1,1,0,0
211,5,2015-01-09,11680,1359,1,1,0,0
211,6,2015-01-10,8297,938,1,0,0,0
211,7,2015-01-11,0,0,0,0,0,0
211,1,2015-01-12,17073,1772,1,1,0,0
211,2,2015-01-13,16955,1772,1,1,0,0
211,3,2015-01-14,13192,1500,1,1,0,0
211,4,2015-01-15,13060,1448,1,1,0,0
211,5,2015-01-16,14184,1590,1,1,0,0
211,6,2015-01-17,9100,1105,1,0,0,0
211,7,2015-01-18,0,0,0,0,0,0
211,1,2015-01-19,12083,1545,1,0,0,0
211,2,2015-01-20,10804,1390,1,0,0,0
211,3,2015-01-21,11003,1411,1,0,0,0
211,4,2015-01-22,10980,1402,1,0,0,0
211,5,2015-01-23,11028,1366,1,0,0,0
211,6,2015-01-24,8062,1027,1,0,0,0
211,7,2015-01-25,0,0,0,0,0,0
211,1,2015-01-26,15988,1806,1,1,0,0
211,2,2015-01-27,15104,1681,1,1,0,0
211,3,2015-01-28,13645,1582,1,1,0,0
211,4,2015-01-29,14367,1658,1,1,0,0
211,5,2015-01-30,13712,1520,1,1,0,0
211,6,2015-01-31,9869,1075,1,0,0,0
211,7,2015-02-01,0,0,0,0,0,0
211,1,2015-02-02,17257,1830,1,1,0,1
211,2,2015-02-03,15497,1635,1,1,0,1
211,3,2015-02-04,13287,1493,1,1,0,1
211,4,2015-02-05,14650,1593,1,1,0,1
211,5,2015-02-06,13291,1452,1,1,0,1
211,6,2015-02-07,8542,973,1,0,0,0
211,7,2015-02-08,0,0,0,0,0,0
211,1,2015-02-09,11984,1537,1,0,0,0
211,2,2015-02-10,11392,1464,1,0,0,0
211,3,2015-02-11,10279,1366,1,0,0,0
211,4,2015-02-12,12019,1543,1,0,0,0
211,5,2015-02-13,11752,1414,1,0,0,0
211,6,2015-02-14,8919,1115,1,0,0,0
211,7,2015-02-15,0,0,0,0,0,0
211,1,2015-02-16,19132,1970,1,1,0,0
211,2,2015-02-17,15934,1775,1,1,0,0
211,3,2015-02-18,14552,1606,1,1,0,0
211,4,2015-02-19,13498,1608,1,1,0,0
211,5,2015-02-20,13834,1517,1,1,0,0
211,6,2015-02-21,9254,1140,1,0,0,0
211,7,2015-02-22,0,0,0,0,0,0
211,1,2015-02-23,11248,1385,1,0,0,0
211,2,2015-02-24,11328,1566,1,0,0,0
211,3,2015-02-25,11029,1391,1,0,0,0
211,4,2015-02-26,11567,1445,1,0,0,0
211,5,2015-02-27,13085,1507,1,0,0,0
211,6,2015-02-28,10388,1219,1,0,0,0
211,7,2015-03-01,0,0,0,0,0,0
211,1,2015-03-02,19295,1906,1,1,0,0
211,2,2015-03-03,17457,1751,1,1,0,0
211,3,2015-03-04,14723,1651,1,1,0,0
211,4,2015-03-05,14666,1666,1,1,0,0
211,5,2015-03-06,13600,1595,1,1,0,0
211,6,2015-03-07,8992,1058,1,0,0,0
211,7,2015-03-08,0,0,0,0,0,0
211,1,2015-03-09,13327,1595,1,0,0,0
211,2,2015-03-10,11973,1518,1,0,0,0
211,3,2015-03-11,11112,1442,1,0,0,0
211,4,2015-03-12,12316,1435,1,0,0,0
211,5,2015-03-13,12135,1455,1,0,0,0
211,6,2015-03-14,9500,1000,1,0,0,0
211,7,2015-03-15,0,0,0,0,0,0
211,1,2015-03-16,21092,1997,1,1,0,0
211,2,2015-03-17,16795,1777,1,1,0,0
211,3,2015-03-18,15686,1639,1,1,0,0
211,4,2015-03-19,15240,1719,1,1,0,0
211,5,2015-03-20,15571,1615,1,1,0,0
211,6,2015-03-21,9204,1044,1,0,0,0
211,7,2015-03-22,0,0,0,0,0,0
211,1,2015-03-23,13610,1627,1,0,0,0
211,2,2015-03-24,11754,1441,1,0,0,0
211,3,2015-03-25,11332,1447,1,0,0,0
211,4,2015-03-26,11406,1352,1,0,0,0
211,5,2015-03-27,11976,1410,1,0,0,0
211,6,2015-03-28,10244,1159,1,0,0,0
211,7,2015-03-29,0,0,0,0,0,0
211,1,2015-03-30,18313,1738,1,1,0,1
211,2,2015-03-31,16580,1542,1,1,0,1
211,3,2015-04-01,19317,1757,1,1,0,1
211,4,2015-04-02,17911,1863,1,1,0,1
211,5,2015-04-03,0,0,0,1,b,1
211,6,2015-04-04,12938,1348,1,0,0,0
211,7,2015-04-05,0,0,0,0,0,0
211,1,2015-04-06,0,0,0,0,b,1
211,2,2015-04-07,14315,1652,1,0,0,1
211,3,2015-04-08,11117,1367,1,0,0,1
211,4,2015-04-09,12874,1504,1,0,0,1
211,5,2015-04-10,10754,1318,1,0,0,1
211,6,2015-04-11,8005,982,1,0,0,0
211,7,2015-04-12,0,0,0,0,0,0
211,1,2015-04-13,18553,1936,1,1,0,0
211,2,2015-04-14,17660,1868,1,1,0,0
211,3,2015-04-15,14093,1586,1,1,0,0
211,4,2015-04-16,16066,1745,1,1,0,0
211,5,2015-04-17,14122,1581,1,1,0,0
211,6,2015-04-18,9480,1123,1,0,0,0
211,7,2015-04-19,0,0,0,0,0,0
211,1,2015-04-20,12355,1560,1,0,0,0
211,2,2015-04-21,11421,1498,1,0,0,0
211,3,2015-04-22,11415,1417,1,0,0,0
211,4,2015-04-23,10852,1453,1,0,0,0
211,5,2015-04-24,10294,1334,1,0,0,0
211,6,2015-04-25,8307,1019,1,0,0,0
211,7,2015-04-26,0,0,0,0,0,0
211,1,2015-04-27,17515,1836,1,1,0,0
211,2,2015-04-28,16970,1792,1,1,0,0
211,3,2015-04-29,14988,1636,1,1,0,0
211,4,2015-04-30,17784,1854,1,1,0,0
211,5,2015-05-01,0,0,0,1,a,0
211,6,2015-05-02,12126,1334,1,0,0,0
211,7,2015-05-03,0,0,0,0,0,0
211,1,2015-05-04,19400,2025,1,1,0,0
211,2,2015-05-05,15870,1754,1,1,0,0
211,3,2015-05-06,14928,1647,1,1,0,0
211,4,2015-05-07,14520,1609,1,1,0,0
211,5,2015-05-08,15491,1689,1,1,0,0
211,6,2015-05-09,9687,1116,1,0,0,0
211,7,2015-05-10,0,0,0,0,0,0
211,1,2015-05-11,12625,1545,1,0,0,0
211,2,2015-05-12,11846,1434,1,0,0,0
211,3,2015-05-13,13134,1598,1,0,0,0
211,4,2015-05-14,0,0,0,0,a,0
211,5,2015-05-15,13452,1522,1,0,0,1
211,6,2015-05-16,8920,1016,1,0,0,0
211,7,2015-05-17,0,0,0,0,0,0
211,1,2015-05-18,18815,1903,1,1,0,0
211,2,2015-05-19,16149,1740,1,1,0,0
211,3,2015-05-20,14879,1638,1,1,0,0
211,4,2015-05-21,15146,1713,1,1,0,0
211,5,2015-05-22,13488,1596,1,1,0,0
211,6,2015-05-23,8521,1063,1,0,0,0
211,7,2015-05-24,0,0,0,0,0,0
211,1,2015-05-25,0,0,0,0,a,0
211,2,2015-05-26,13768,1619,1,0,0,1
211,3,2015-05-27,12656,1519,1,0,0,0
211,4,2015-05-28,12053,1457,1,0,0,0
211,5,2015-05-29,13385,1569,1,0,0,0
211,6,2015-05-30,9654,1081,1,0,0,0
211,7,2015-05-31,0,0,0,0,0,0
211,1,2015-06-01,20869,1981,1,1,0,0
211,2,2015-06-02,19248,1934,1,1,0,0
211,3,2015-06-03,15234,1610,1,1,0,0
211,4,2015-06-04,15194,1674,1,1,0,0
211,5,2015-06-05,14919,1657,1,1,0,0
211,6,2015-06-06,9004,1150,1,0,0,0
211,7,2015-06-07,0,0,0,0,0,0
211,1,2015-06-08,14608,1724,1,0,0,0
211,2,2015-06-09,13597,1560,1,0,0,0
211,3,2015-06-10,12350,1410,1,0,0,0
211,4,2015-06-11,12707,1531,1,0,0,0
211,5,2015-06-12,11648,1450,1,0,0,0
211,6,2015-06-13,9386,1005,1,0,0,0
211,7,2015-06-14,0,0,0,0,0,0
211,1,2015-06-15,23630,2215,1,1,0,0
211,2,2015-06-16,19118,1879,1,1,0,0
211,3,2015-06-17,14994,1669,1,1,0,0
211,4,2015-06-18,15530,1674,1,1,0,0
211,5,2015-06-19,14771,1536,1,1,0,0
211,6,2015-06-20,9677,1054,1,0,0,0
211,7,2015-06-21,0,0,0,0,0,0
211,1,2015-06-22,12414,1528,1,0,0,0
211,2,2015-06-23,10647,1299,1,0,0,0
211,3,2015-06-24,12401,1440,1,0,0,0
211,4,2015-06-25,11071,1393,1,0,0,0
211,5,2015-06-26,11505,1342,1,0,0,0
211,6,2015-06-27,9107,1021,1,0,0,0
211,7,2015-06-28,0,0,0,0,0,0
211,1,2015-06-29,20761,2015,1,1,0,0
211,2,2015-06-30,19783,1922,1,1,0,0
211,3,2015-07-01,17048,1815,1,1,0,0
211,4,2015-07-02,16703,1733,1,1,0,0
211,5,2015-07-03,15208,1676,1,1,0,0
211,6,2015-07-04,8961,1143,1,0,0,0
211,7,2015-07-05,0,0,0,0,0,0
211,1,2015-07-06,14631,1751,1,0,0,0
211,2,2015-07-07,13212,1589,1,0,0,0
211,3,2015-07-08,13058,1483,1,0,0,0
211,4,2015-07-09,14640,1589,1,0,0,0
211,5,2015-07-10,11638,1396,1,0,0,0
211,6,2015-07-11,11268,1158,1,0,0,0
211,7,2015-07-12,0,0,0,0,0,0
211,1,2015-07-13,19446,1984,1,1,0,0
211,2,2015-07-14,16944,1727,1,1,0,0
211,3,2015-07-15,18169,1820,1,1,0,0
211,4,2015-07-16,16269,1802,1,1,0,1
211,5,2015-07-17,14177,1588,1,1,0,1
211,6,2015-07-18,10071,1118,1,0,0,0
211,7,2015-07-19,0,0,0,0,0,0
211,1,2015-07-20,14689,1642,1,0,0,1
211,2,2015-07-21,12259,1414,1,0,0,1
211,3,2015-07-22,10424,1270,1,0,0,1
211,4,2015-07-23,12692,1417,1,0,0,1
211,5,2015-07-24,10721,1267,1,0,0,1
211,6,2015-07-25,8825,925,1,0,0,0
211,7,2015-07-26,0,0,0,0,0,0
211,1,2015-07-27,20013,1852,1,1,0,1
211,2,2015-07-28,17134,1629,1,1,0,1
211,3,2015-07-29,14796,1440,1,1,0,1
211,4,2015-07-30,14477,1452,1,1,0,1
211,5,2015-07-31,17286,1659,1,1,0,1
251,2,2013-01-01,0,0,0,0,a,1
251,3,2013-01-02,19371,2491,1,0,0,1
251,4,2013-01-03,17136,2229,1,0,0,1
251,5,2013-01-04,18396,2340,1,0,0,1
251,6,2013-01-05,18214,2361,1,0,0,0
251,7,2013-01-06,0,0,0,0,0,0
251,1,2013-01-07,24287,2797,1,1,0,0
251,2,2013-01-08,21067,2486,1,1,0,0
251,3,2013-01-09,19129,2293,1,1,0,0
251,4,2013-01-10,20401,2499,1,1,0,0
251,5,2013-01-11,21175,2515,1,1,0,0
251,6,2013-01-12,19795,2499,1,0,0,0
251,7,2013-01-13,0,0,0,0,0,0
251,1,2013-01-14,15499,2068,1,0,0,0
251,2,2013-01-15,16118,2183,1,0,0,0
251,3,2013-01-16,16211,2139,1,0,0,0
251,4,2013-01-17,16213,2173,1,0,0,0
251,5,2013-01-18,16143,2100,1,0,0,0
251,6,2013-01-19,18926,2287,1,0,0,0
251,7,2013-01-20,0,0,0,0,0,0
251,1,2013-01-21,17161,2103,1,1,0,0
251,2,2013-01-22,20462,2419,1,1,0,0
251,3,2013-01-23,18470,2316,1,1,0,0
251,4,2013-01-24,18286,2291,1,1,0,0
251,5,2013-01-25,18189,2234,1,1,0,0
251,6,2013-01-26,18031,2235,1,0,0,0
251,7,2013-01-27,0,0,0,0,0,0
251,1,2013-01-28,16552,2219,1,0,0,0
251,2,2013-01-29,14996,2067,1,0,0,0
251,3,2013-01-30,15501,2129,1,0,0,0
251,4,2013-01-31,17508,2244,1,0,0,0
251,5,2013-02-01,18271,2370,1,0,0,0
251,6,2013-02-02,21035,2579,1,0,0,0
251,7,2013-02-03,0,0,0,0,0,0
251,1,2013-02-04,23181,2704,1,1,0,0
251,2,2013-02-05,20756,2365,1,1,0,0
251,3,2013-02-06,21939,2666,1,1,0,0
251,4,2013-02-07,20322,2571,1,1,0,0
251,5,2013-02-08,19308,2357,1,1,0,0
251,6,2013-02-09,19473,2538,1,0,0,0
251,7,2013-02-10,0,0,0,0,0,0
251,1,2013-02-11,17990,2483,1,0,0,0
251,2,2013-02-12,16146,2247,1,0,0,0
251,3,2013-02-13,17149,2283,1,0,0,0
251,4,2013-02-14,17385,2392,1,0,0,0
251,5,2013-02-15,15574,2150,1,0,0,0
251,6,2013-02-16,18766,2334,1,0,0,0
251,7,2013-02-17,0,0,0,0,0,0
251,1,2013-02-18,24001,2751,1,1,0,0
251,2,2013-02-19,20282,2340,1,1,0,0
251,3,2013-02-20,21100,2515,1,1,0,0
251,4,2013-02-21,17695,2222,1,1,0,0
251,5,2013-02-22,19317,2261,1,1,0,0
251,6,2013-02-23,17546,2183,1,0,0,0
251,7,2013-02-24,0,0,0,0,0,0
251,1,2013-02-25,15058,2050,1,0,0,0
251,2,2013-02-26,16278,2168,1,0,0,0
251,3,2013-02-27,16635,2188,1,0,0,0
251,4,2013-02-28,19130,2427,1,0,0,0
251,5,2013-03-01,17538,2268,1,0,0,0
251,6,2013-03-02,20921,2610,1,0,0,0
251,7,2013-03-03,0,0,0,0,0,0
251,1,2013-03-04,23791,2877,1,1,0,0
251,2,2013-03-05,23745,2769,1,1,0,0
251,3,2013-03-06,20026,2479,1,1,0,0
251,4,2013-03-07,20354,2510,1,1,0,0
251,5,2013-03-08,19793,2367,1,1,0,0
251,6,2013-03-09,16781,2172,1,0,0,0
251,7,2013-03-10,0,0,0,0,0,0
251,1,2013-03-11,16910,2213,1,0,0,0
251,2,2013-03-12,16833,2185,1,0,0,0
251,3,2013-03-13,16568,2237,1,0,0,0
251,4,2013-03-14,16744,2228,1,0,0,0
251,5,2013-03-15,18683,2358,1,0,0,0
251,6,2013-03-16,19126,2451,1,0,0,0
251,7,2013-03-17,0,0,0,0,0,0
251,1,2013-03-18,25363,2866,1,1,0,0
251,2,2013-03-19,22473,2589,1,1,0,0
251,3,2013-03-20,19558,2356,1,1,0,0
251,4,2013-03-21,20053,2389,1,1,0,0
251,5,2013-03-22,20328,2448,1,1,0,0
251,6,2013-03-23,18845,2268,1,0,0,0
251,7,2013-03-24,0,0,0,0,0,0
251,1,2013-03-25,24046,2828,1,1,0,1
251,2,2013-03-26,24372,2855,1,1,0,1
251,3,2013-03-27,23115,2749,1,1,0,1
251,4,2013-03-28,26473,2987,1,1,0,1
251,5,2013-03-29,0,0,0,1,b,1
251,6,2013-03-30,25011,2892,1,0,0,0
251,7,2013-03-31,0,0,0,0,0,0
251,1,2013-04-01,0,0,0,0,b,1
251,2,2013-04-02,19556,2612,1,0,0,1
251,3,2013-04-03,18584,2324,1,0,0,1
251,4,2013-04-04,17768,2324,1,0,0,1
251,5,2013-04-05,17035,2218,1,0,0,1
251,6,2013-04-06,17926,2273,1,0,0,0
251,7,2013-04-07,0,0,0,0,0,0
251,1,2013-04-08,21905,2599,1,1,0,0
251,2,2013-04-09,20851,2567,1,1,0,0
251,3,2013-04-10,20071,2379,1,1,0,0
251,4,2013-04-11,19025,2429,1,1,0,0
251,5,2013-04-12,18527,2340,1,1,0,0
251,6,2013-04-13,16543,2320,1,0,0,0
251,7,2013-04-14,0,0,0,0,0,0
251,1,2013-04-15,15303,2264,1,0,0,0
251,2,2013-04-16,15614,2156,1,0,0,0
251,3,2013-04-17,14645,2172,1,0,0,0
251,4,2013-04-18,14985,2068,1,0,0,0
251,5,2013-04-19,15705,2153,1,0,0,0
251,6,2013-04-20,17163,2312,1,0,0,0
251,7,2013-04-21,0,0,0,0,0,0
251,1,2013-04-22,21930,2664,1,1,0,0
251,2,2013-04-23,20473,2454,1,1,0,0
251,3,2013-04-24,18100,2406,1,1,0,0
251,4,2013-04-25,17762,2427,1,1,0,0
251,5,2013-04-26,17680,2261,1,1,0,0
251,6,2013-04-27,19245,2399,1,0,0,0
251,7,2013-04-28,0,0,0,0,0,0
251,1,2013-04-29,22903,2682,1,1,0,0
251,2,2013-04-30,25064,2901,1,1,0,0
251,3,2013-05-01,0,0,0,1,a,0
251,4,2013-05-02,25160,2910,1,1,0,0
251,5,2013-05-03,21870,2736,1,1,0,0
251,6,2013-05-04,19807,2634,1,0,0,0
251,7,2013-05-05,0,0,0,0,0,0
251,1,2013-05-06,19016,2561,1,0,0,0
251,2,2013-05-07,18088,2406,1,0,0,0
251,3,2013-05-08,19662,2521,1,0,0,0
251,4,2013-05-09,0,0,0,0,a,0
251,5,2013-05-10,23672,2896,1,0,0,0
251,6,2013-05-11,18003,2477,1,0,0,0
251,7,2013-05-12,0,0,0,0,0,0
251,1,2013-05-13,22178,2609,1,1,0,0
251,2,2013-05-14,22829,2644,1,1,0,0
251,3,2013-05-15,20540,2535,1,1,0,0
251,4,2013-05-16,20569,2514,1,1,0,0
251,5,2013-05-17,19467,2397,1,1,0,0
251,6,2013-05-18,18797,2405,1,0,0,0
251,7,2013-05-19,0,0,0,0,0,0
251,1,2013-05-20,0,0,0,0,a,0
251,2,2013-05-21,19909,2617,1,0,0,1
251,3,2013-05-22,16493,2239,1,0,0,0
251,4,2013-05-23,15531,2113,1,0,0,0
251,5,2013-05-24,17155,2495,1,0,0,0
251,6,2013-05-25,18849,2847,1,0,0,0
251,7,2013-05-26,0,0,0,0,0,0
251,1,2013-05-27,23095,2658,1,1,0,0
251,2,2013-05-28,21690,2599,1,1,0,0
251,3,2013-05-29,21481,2474,1,1,0,0
251,4,2013-05-30,0,0,0,1,a,0
251,5,2013-05-31,28955,3220,1,1,0,0
251,6,2013-06-01,19494,2438,1,0,0,0
251,7,2013-06-02,0,0,0,0,0,0
251,1,2013-06-03,25256,2869,1,1,0,0
251,2,2013-06-04,21722,2625,1,1,0,0
251,3,2013-06-05,19986,2501,1,1,0,0
251,4,2013-06-06,20469,2533,1,1,0,0
251,5,2013-06-07,19611,2455,1,1,0,0
251,6,2013-06-08,16609,2169,1,0,0,0
251,7,2013-06-09,0,0,0,0,0,0
251,1,2013-06-10,17327,2353,1,0,0,0
251,2,2013-06-11,16080,2219,1,0,0,0
251,3,2013-06-12,15572,2108,1,0,0,0
251,4,2013-06-13,15523,2123,1,0,0,0
251,5,2013-06-14,16364,2204,1,0,0,0
251,6,2013-06-15,17188,2196,1,0,0,0
251,7,2013-06-16,0,0,0,0,0,0
251,1,2013-06-17,22988,2753,1,1,0,0
251,2,2013-06-18,18677,2498,1,1,0,0
251,3,2013-06-19,16123,2145,1,1,0,0
251,4,2013-06-20,16012,2058,1,1,0,0
251,5,2013-06-21,19304,2371,1,1,0,0
251,6,2013-06-22,17344,2307,1,0,0,0
251,7,2013-06-23,0,0,0,0,0,0
251,1,2013-06-24,16012,2211,1,0,0,0
251,2,2013-06-25,16389,2212,1,0,0,0
251,3,2013-06-26,15098,2079,1,0,0,0
251,4,2013-06-27,15200,2099,1,0,0,0
251,5,2013-06-28,16676,2081,1,0,0,0
251,6,2013-06-29,22811,3078,1,0,0,0
251,7,2013-06-30,0,0,0,0,0,0
251,1,2013-07-01,22815,2742,1,1,0,0
251,2,2013-07-02,20149,2529,1,1,0,0
251,3,2013-07-03,18612,2417,1,1,0,0
251,4,2013-07-04,19194,2424,1,1,0,0
251,5,2013-07-05,17840,2327,1,1,0,0
251,6,2013-07-06,15728,2160,1,0,0,0
251,7,2013-07-07,0,0,0,0,0,0
251,1,2013-07-08,15897,2303,1,0,0,0
251,2,2013-07-09,15744,2206,1,0,0,0
251,3,2013-07-10,15575,2129,1,0,0,0
251,4,2013-07-11,16837,2180,1,0,0,0
251,5,2013-07-12,16244,2118,1,0,0,0
251,6,2013-07-13,16903,2135,1,0,0,0
251,7,2013-07-14,0,0,0,0,0,0
251,1,2013-07-15,24234,2772,1,1,0,0
251,2,2013-07-16,22225,2683,1,1,0,0
251,3,2013-07-17,19754,2507,1,1,0,0
251,4,2013-07-18,21147,2616,1,1,0,0
251,5,2013-07-19,18993,2426,1,1,0,0
251,6,2013-07-20,17517,2236,1,0,0,0
251,7,2013-07-21,0,0,0,0,0,0
251,1,2013-07-22,16911,2336,1,0,0,1
251,2,2013-07-23,15702,2196,1,0,0,1
251,3,2013-07-24,15199,2091,1,0,0,1
251,4,2013-07-25,15623,2256,1,0,0,1
251,5,2013-07-26,15018,2024,1,0,0,1
251,6,2013-07-27,13923,1883,1,0,0,0
251,7,2013-07-28,0,0,0,0,0,0
251,1,2013-07-29,23716,2607,1,1,0,1
251,2,2013-07-30,22185,2616,1,1,0,1
251,3,2013-07-31,21209,2467,1,1,0,1
251,4,2013-08-01,18633,2472,1,1,0,1
251,5,2013-08-02,15987,2102,1,1,0,1
251,6,2013-08-03,16416,2098,1,0,0,0
251,7,2013-08-04,0,0,0,0,0,0
251,1,2013-08-05,16216,2274,1,0,0,1
251,2,2013-08-06,16362,2240,1,0,0,1
251,3,2013-08-07,15706,2147,1,0,0,1
251,4,2013-08-08,15854,2094,1,0,0,1
251,5,2013-08-09,15924,2088,1,0,0,1
251,6,2013-08-10,15439,2035,1,0,0,0
251,7,2013-08-11,0,0,0,0,0,0
251,1,2013-08-12,24020,2783,1,1,0,1
251,2,2013-08-13,19452,2525,1,1,0,1
251,3,2013-08-14,18919,2502,1,1,0,1
251,4,2013-08-15,18220,2348,1,1,0,1
251,5,2013-08-16,16185,2246,1,1,0,1
251,6,2013-08-17,15249,2138,1,0,0,0
251,7,2013-08-18,0,0,0,0,0,0
251,1,2013-08-19,14840,2087,1,0,0,1
251,2,2013-08-20,14726,2084,1,0,0,1
251,3,2013-08-21,14912,2083,1,0,0,1
251,4,2013-08-22,14724,2057,1,0,0,1
251,5,2013-08-23,13479,1908,1,0,0,1
251,6,2013-08-24,14389,2008,1,0,0,0
251,7,2013-08-25,0,0,0,0,0,0
251,1,2013-08-26,22826,2638,1,1,0,1
251,2,2013-08-27,19322,2489,1,1,0,1
251,3,2013-08-28,18784,2337,1,1,0,1
251,4,2013-08-29,17405,2364,1,1,0,1
251,5,2013-08-30,19408,2426,1,1,0,1
251,6,2013-08-31,20744,2850,1,0,0,0
251,7,2013-09-01,0,0,0,0,0,0
251,1,2013-09-02,17350,2295,1,0,0,1
251,2,2013-09-03,18297,2599,1,0,0,1
251,3,2013-09-04,15391,2355,1,0,0,0
251,4,2013-09-05,15955,2377,1,0,0,0
251,5,2013-09-06,15940,2310,1,0,0,0
251,6,2013-09-07,16520,2342,1,0,0,0
251,7,2013-09-08,0,0,0,0,0,0
251,1,2013-09-09,25161,2787,1,1,0,0
251,2,2013-09-10,18085,2195,1,1,0,0
251,3,2013-09-11,18205,2347,1,1,0,0
251,4,2013-09-12,18892,2415,1,1,0,0
251,5,2013-09-13,17700,2313,1,1,0,0
251,6,2013-09-14,15348,2170,1,0,0,0
251,7,2013-09-15,0,0,0,0,0,0
251,1,2013-09-16,15458,2094,1,0,0,0
251,2,2013-09-17,14426,2117,1,0,0,0
251,3,2013-09-18,14525,2018,1,0,0,0
251,4,2013-09-19,14821,2127,1,0,0,0
251,5,2013-09-20,14163,2003,1,0,0,0
251,6,2013-09-21,16377,2190,1,0,0,0
251,7,2013-09-22,0,0,0,0,0,0
251,1,2013-09-23,19944,2449,1,1,0,0
251,2,2013-09-24,18566,2310,1,1,0,0
251,3,2013-09-25,16680,2205,1,1,0,0
251,4,2013-09-26,16268,2173,1,1,0,0
251,5,2013-09-27,17789,2242,1,1,0,0
251,6,2013-09-28,16736,2286,1,0,0,0
251,7,2013-09-29,0,0,0,0,0,0
251,1,2013-09-30,17788,2366,1,0,0,0
251,2,2013-10-01,17064,2294,1,0,0,0
251,3,2013-10-02,16837,2279,1,0,0,0
251,4,2013-10-03,0,0,0,0,a,0
251,5,2013-10-04,21886,2931,1,0,0,0
251,6,2013-10-05,18820,2517,1,0,0,0
251,7,2013-10-06,0,0,0,0,0,0
251,1,2013-10-07,23463,2898,1,1,0,0
251,2,2013-10-08,22074,2737,1,1,0,0
251,3,2013-10-09,19455,2487,1,1,0,0
251,4,2013-10-10,18972,2520,1,1,0,0
251,5,2013-10-11,17853,2275,1,1,0,0
251,6,2013-10-12,18197,2574,1,0,0,0
251,7,2013-10-13,0,0,0,0,0,0
251,1,2013-10-14,17477,2338,1,0,0,0
251,2,2013-10-15,15666,2121,1,0,0,0
251,3,2013-10-16,16108,2197,1,0,0,0
251,4,2013-10-17,15242,2147,1,0,0,0
251,5,2013-10-18,16221,2237,1,0,0,0
251,6,2013-10-19,18781,2449,1,0,0,0
251,7,2013-10-20,0,0,0,0,0,0
251,1,2013-10-21,23153,2704,1,1,0,1
251,2,2013-10-22,19770,2575,1,1,0,1
251,3,2013-10-23,17675,2321,1,1,0,1
251,4,2013-10-24,18262,2452,1,1,0,1
251,5,2013-10-25,16807,2148,1,1,0,1
251,6,2013-10-26,15758,2216,1,0,0,0
251,7,2013-10-27,0,0,0,0,0,0
251,1,2013-10-28,13830,2051,1,0,0,1
251,2,2013-10-29,16252,2213,1,0,0,1
251,3,2013-10-30,18032,2356,1,0,0,1
251,4,2013-10-31,20110,2655,1,0,0,1
251,5,2013-11-01,0,0,0,0,a,1
251,6,2013-11-02,22157,2747,1,0,0,0
251,7,2013-11-03,0,0,0,0,0,0
251,1,2013-11-04,22749,2584,1,1,0,0
251,2,2013-11-05,22991,2627,1,1,0,0
251,3,2013-11-06,19616,2394,1,1,0,0
251,4,2013-11-07,19369,2320,1,1,0,0
251,5,2013-11-08,19405,2478,1,1,0,0
251,6,2013-11-09,20209,2641,1,0,0,0
251,7,2013-11-10,0,0,0,0,0,0
251,1,2013-11-11,17606,2449,1,0,0,0
251,2,2013-11-12,16656,2260,1,0,0,0
251,3,2013-11-13,17462,2330,1,0,0,0
251,4,2013-11-14,16598,2254,1,0,0,0
251,5,2013-11-15,17072,2327,1,0,0,0
251,6,2013-11-16,21469,2458,1,0,0,0
251,7,2013-11-17,0,0,0,0,0,0
251,1,2013-11-18,23757,2780,1,1,0,0
251,2,2013-11-19,20779,2497,1,1,0,0
251,3,2013-11-20,19339,2440,1,1,0,0
251,4,2013-11-21,19036,2427,1,1,0,0
251,5,2013-11-22,18599,2410,1,1,0,0
251,6,2013-11-23,19299,2543,1,0,0,0
251,7,2013-11-24,0,0,0,0,0,0
251,1,2013-11-25,21554,2828,1,0,0,0
251,2,2013-11-26,19926,2678,1,0,0,0
251,3,2013-11-27,19552,2584,1,0,0,0
251,4,2013-11-28,19693,2689,1,0,0,0
251,5,2013-11-29,22380,2791,1,0,0,0
251,6,2013-11-30,26675,3573,1,0,0,0
251,7,2013-12-01,0,0,0,0,0,0
251,1,2013-12-02,30057,3506,1,1,0,0
251,2,2013-12-03,27552,3269,1,1,0,0
251,3,2013-12-04,24610,2959,1,1,0,0
251,4,2013-12-05,22261,2598,1,1,0,0
251,5,2013-12-06,22451,2844,1,1,0,0
251,6,2013-12-07,23151,3158,1,0,0,0
251,7,2013-12-08,0,0,0,0,0,0
251,1,2013-12-09,19054,2597,1,0,0,0
251,2,2013-12-10,21571,2952,1,0,0,0
251,3,2013-12-11,22611,2904,1,0,0,0
251,4,2013-12-12,21392,2887,1,0,0,0
251,5,2013-12-13,21614,2943,1,0,0,0
251,6,2013-12-14,22469,3202,1,0,0,0
251,7,2013-12-15,0,0,0,0,0,0
251,1,2013-12-16,34475,3983,1,1,0,0
251,2,2013-12-17,31409,3763,1,1,0,0
251,3,2013-12-18,31185,3712,1,1,0,0
251,4,2013-12-19,29297,3618,1,1,0,0
251,5,2013-12-20,29679,3793,1,1,0,0
251,6,2013-12-21,29601,3963,1,0,0,0
251,7,2013-12-22,0,0,0,0,0,0
251,1,2013-12-23,35350,4635,1,0,0,1
251,2,2013-12-24,9151,1218,1,0,0,1
251,3,2013-12-25,0,0,0,0,c,1
251,4,2013-12-26,0,0,0,0,c,1
251,5,2013-12-27,22810,3183,1,0,0,1
251,6,2013-12-28,18949,2647,1,0,0,0
251,7,2013-12-29,0,0,0,0,0,0
251,1,2013-12-30,24974,3201,1,0,0,1
251,2,2013-12-31,8513,1091,1,0,0,1
251,3,2014-01-01,0,0,0,0,a,1
251,4,2014-01-02,18616,2482,1,0,0,1
251,5,2014-01-03,17296,2340,1,0,0,1
251,6,2014-01-04,17846,2347,1,0,0,0
251,7,2014-01-05,0,0,0,0,0,0
251,1,2014-01-06,23781,2844,1,1,0,1
251,2,2014-01-07,21162,2709,1,1,0,1
251,3,2014-01-08,18673,2378,1,1,0,0
251,4,2014-01-09,17317,2197,1,1,0,0
251,5,2014-01-10,19048,2415,1,1,0,0
251,6,2014-01-11,16873,2281,1,0,0,0
251,7,2014-01-12,0,0,0,0,0,0
251,1,2014-01-13,15686,2209,1,0,0,0
251,2,2014-01-14,15816,2228,1,0,0,0
251,3,2014-01-15,14744,2113,1,0,0,0
251,4,2014-01-16,14590,1971,1,0,0,0
251,5,2014-01-17,16608,2204,1,0,0,0
251,6,2014-01-18,18116,2383,1,0,0,0
251,7,2014-01-19,0,0,0,0,0,0
251,1,2014-01-20,22809,2662,1,1,0,0
251,2,2014-01-21,19820,2417,1,1,0,0
251,3,2014-01-22,18508,2286,1,1,0,0
251,4,2014-01-23,18317,2307,1,1,0,0
251,5,2014-01-24,18043,2172,1,1,0,0
251,6,2014-01-25,17116,2198,1,0,0,0
251,7,2014-01-26,0,0,0,0,0,0
251,1,2014-01-27,14565,2139,1,0,0,0
251,2,2014-01-28,14821,2135,1,0,0,0
251,3,2014-01-29,14375,1960,1,0,0,0
251,4,2014-01-30,16701,2163,1,0,0,0
251,5,2014-01-31,18178,2301,1,0,0,0
251,6,2014-02-01,17516,2190,1,0,0,0
251,7,2014-02-02,0,0,0,0,0,0
251,1,2014-02-03,25866,2859,1,1,0,0
251,2,2014-02-04,22535,2703,1,1,0,0
251,3,2014-02-05,21067,2566,1,1,0,0
251,4,2014-02-06,19536,2489,1,1,0,0
251,5,2014-02-07,17381,2226,1,1,0,0
251,6,2014-02-08,18651,2364,1,0,0,0
251,7,2014-02-09,0,0,0,0,0,0
251,1,2014-02-10,16896,2373,1,0,0,0
251,2,2014-02-11,16061,2259,1,0,0,0
251,3,2014-02-12,16607,2239,1,0,0,0
251,4,2014-02-13,15344,2180,1,0,0,0
251,5,2014-02-14,16704,2327,1,0,0,0
251,6,2014-02-15,18152,2422,1,0,0,0
251,7,2014-02-16,0,0,0,0,0,0
251,1,2014-02-17,23062,2762,1,1,0,0
251,2,2014-02-18,19587,2515,1,1,0,0
251,3,2014-02-19,18443,2374,1,1,0,0
251,4,2014-02-20,19116,2450,1,1,0,0
251,5,2014-02-21,17087,2196,1,1,0,0
251,6,2014-02-22,17817,2330,1,0,0,0
251,7,2014-02-23,0,0,0,0,0,0
251,1,2014-02-24,14840,2179,1,0,0,0
251,2,2014-02-25,15405,2243,1,0,0,0
251,3,2014-02-26,14253,2061,1,0,0,0
251,4,2014-02-27,14953,2167,1,0,0,0
251,5,2014-02-28,18952,2383,1,0,0,0
251,6,2014-03-01,19251,2394,1,0,0,0
251,7,2014-03-02,0,0,0,0,0,0
251,1,2014-03-03,25265,2908,1,1,0,0
251,2,2014-03-04,22727,2792,1,1,0,0
251,3,2014-03-05,19552,2466,1,1,0,0
251,4,2014-03-06,19295,2492,1,1,0,0
251,5,2014-03-07,18107,2357,1,1,0,0
251,6,2014-03-08,18383,2480,1,0,0,0
251,7,2014-03-09,0,0,0,0,0,0
251,1,2014-03-10,15981,2281,1,0,0,0
251,2,2014-03-11,14912,2168,1,0,0,0
251,3,2014-03-12,14988,2161,1,0,0,0
251,4,2014-03-13,15863,2233,1,0,0,0
251,5,2014-03-14,16365,2346,1,0,0,0
251,6,2014-03-15,17353,2322,1,0,0,0
251,7,2014-03-16,0,0,0,0,0,0
251,1,2014-03-17,22246,2652,1,1,0,0
251,2,2014-03-18,18936,2354,1,1,0,0
251,3,2014-03-19,19283,2453,1,1,0,0
251,4,2014-03-20,17872,2421,1,1,0,0
251,5,2014-03-21,17094,2222,1,1,0,0
251,6,2014-03-22,17036,2316,1,0,0,0
251,7,2014-03-23,0,0,0,0,0,0
251,1,2014-03-24,17117,2263,1,0,0,0
251,2,2014-03-25,14999,2147,1,0,0,0
251,3,2014-03-26,13412,1890,1,0,0,0
251,4,2014-03-27,13289,1822,1,0,0,0
251,5,2014-03-28,16633,2324,1,0,0,0
251,6,2014-03-29,17569,2436,1,0,0,0
251,7,2014-03-30,0,0,0,0,0,0
251,1,2014-03-31,25568,2956,1,1,0,0
251,2,2014-04-01,21418,2667,1,1,0,0
251,3,2014-04-02,20639,2661,1,1,0,0
251,4,2014-04-03,19131,2549,1,1,0,0
251,5,2014-04-04,18688,2415,1,1,0,0
251,6,2014-04-05,17596,2308,1,0,0,0
251,7,2014-04-06,0,0,0,0,0,0
251,1,2014-04-07,15606,2258,1,0,0,0
251,2,2014-04-08,16190,2222,1,0,0,0
251,3,2014-04-09,16789,2231,1,0,0,0
251,4,2014-04-10,16255,2313,1,0,0,0
251,5,2014-04-11,16604,2223,1,0,0,0
251,6,2014-04-12,17995,2423,1,0,0,0
251,7,2014-04-13,0,0,0,0,0,0
251,1,2014-04-14,24901,2805,1,1,0,1
251,2,2014-04-15,24402,2820,1,1,0,1
251,3,2014-04-16,21982,2775,1,1,0,1
251,4,2014-04-17,21337,2814,1,1,0,1
251,5,2014-04-18,0,0,0,1,b,1
251,6,2014-04-19,22664,2841,1,0,0,0
251,7,2014-04-20,0,0,0,0,0,0
251,1,2014-04-21,0,0,0,0,b,1
251,2,2014-04-22,17406,2437,1,0,0,1
251,3,2014-04-23,15191,2234,1,0,0,1
251,4,2014-04-24,14980,2278,1,0,0,1
251,5,2014-04-25,14535,2121,1,0,0,1
251,6,2014-04-26,17001,2341,1,0,0,0
251,7,2014-04-27,0,0,0,0,0,0
251,1,2014-04-28,23179,2700,1,1,0,0
251,2,2014-04-29,21423,2588,1,1,0,0
251,3,2014-04-30,24243,2881,1,1,0,0
251,4,2014-05-01,0,0,0,1,a,0
251,5,2014-05-02,26998,3101,1,1,0,0
251,6,2014-05-03,19350,2630,1,0,0,0
251,7,2014-05-04,0,0,0,0,0,0
251,1,2014-05-05,23920,2817,1,1,0,0
251,2,2014-05-06,21477,2592,1,1,0,0
251,3,2014-05-07,20229,2444,1,1,0,0
251,4,2014-05-08,20029,2496,1,1,0,0
251,5,2014-05-09,19028,2331,1,1,0,0
251,6,2014-05-10,18495,2512,1,0,0,0
251,7,2014-05-11,0,0,0,0,0,0
251,1,2014-05-12,15978,2132,1,0,0,0
251,2,2014-05-13,16675,2296,1,0,0,0
251,3,2014-05-14,14999,2094,1,0,0,0
251,4,2014-05-15,16425,2239,1,0,0,0
251,5,2014-05-16,15973,2217,1,0,0,0
251,6,2014-05-17,16486,2319,1,0,0,0
251,7,2014-05-18,0,0,0,0,0,0
251,1,2014-05-19,22314,2716,1,1,0,0
251,2,2014-05-20,19582,2518,1,1,0,0
251,3,2014-05-21,18008,2362,1,1,0,0
251,4,2014-05-22,18245,2431,1,1,0,0
251,5,2014-05-23,17757,2292,1,1,0,0
251,6,2014-05-24,16008,2253,1,0,0,0
251,7,2014-05-25,0,0,0,0,0,0
251,1,2014-05-26,16162,2253,1,0,0,0
251,2,2014-05-27,15338,2200,1,0,0,0
251,3,2014-05-28,17801,2222,1,0,0,0
251,4,2014-05-29,0,0,0,0,a,0
251,5,2014-05-30,24824,2971,1,0,0,0
251,6,2014-05-31,22382,3412,1,0,0,0
251,7,2014-06-01,0,0,0,0,0,0
251,1,2014-06-02,25357,2898,1,1,0,0
251,2,2014-06-03,22631,2753,1,1,0,0
251,3,2014-06-04,20502,2451,1,1,0,0
251,4,2014-06-05,20970,2510,1,1,0,0
251,5,2014-06-06,20530,2617,1,1,0,0
251,6,2014-06-07,16722,2363,1,0,0,0
251,7,2014-06-08,0,0,0,0,0,0
251,1,2014-06-09,0,0,0,0,a,0
251,2,2014-06-10,18225,2553,1,0,0,1
251,3,2014-06-11,17065,2245,1,0,0,0
251,4,2014-06-12,17491,2427,1,0,0,0
251,5,2014-06-13,16293,2314,1,0,0,0
251,6,2014-06-14,17772,2350,1,0,0,0
251,7,2014-06-15,0,0,0,0,0,0
251,1,2014-06-16,22943,2610,1,1,0,0
251,2,2014-06-17,22245,2746,1,1,0,0
251,3,2014-06-18,21590,2660,1,1,0,0
251,4,2014-06-19,0,0,0,1,a,0
251,5,2014-06-20,24524,2934,1,1,0,0
251,6,2014-06-21,17422,2303,1,0,0,0
251,7,2014-06-22,0,0,0,0,0,0
251,1,2014-06-23,16965,2316,1,0,0,0
251,2,2014-06-24,15259,2167,1,0,0,0
251,3,2014-06-25,16337,2169,1,0,0,0
251,4,2014-06-26,13562,1982,1,0,0,0
251,5,2014-06-27,15608,2298,1,0,0,0
251,6,2014-06-28,17852,2970,1,0,0,0
251,7,2014-06-29,0,0,0,0,0,0
251,1,2014-06-30,23872,2731,1,1,0,0
251,2,2014-07-01,24284,2774,1,1,0,0
251,3,2014-07-02,22926,2721,1,1,0,0
251,4,2014-07-03,20712,2753,1,1,0,0
251,5,2014-07-04,16344,2255,1,1,0,0
251,6,2014-07-05,18704,2329,1,0,0,0
251,7,2014-07-06,0,0,0,0,0,0
251,1,2014-07-07,18813,2533,1,0,0,1
251,2,2014-07-08,15427,2068,1,0,0,1
251,3,2014-07-09,14454,1915,1,0,0,1
251,4,2014-07-10,16059,2260,1,0,0,1
251,5,2014-07-11,15719,2153,1,0,0,1
251,6,2014-07-12,17397,2241,1,0,0,0
251,7,2014-07-13,0,0,0,0,0,0
251,1,2014-07-14,20828,2458,1,1,0,1
251,2,2014-07-15,20527,2488,1,1,0,1
251,3,2014-07-16,19362,2401,1,1,0,1
251,4,2014-07-17,17919,2355,1,1,0,1
251,5,2014-07-18,16650,2226,1,1,0,1
251,6,2014-07-19,14035,2022,1,0,0,0
251,7,2014-07-20,0,0,0,0,0,0
251,1,2014-07-21,15476,2147,1,0,0,1
251,2,2014-07-22,15477,2158,1,0,0,1
251,3,2014-07-23,14465,2046,1,0,0,1
251,4,2014-07-24,15489,2147,1,0,0,1
251,5,2014-07-25,14537,1936,1,0,0,1
251,6,2014-07-26,15601,2182,1,0,0,0
251,7,2014-07-27,0,0,0,0,0,0
251,1,2014-07-28,21403,2618,1,1,0,1
251,2,2014-07-29,18763,2410,1,1,0,1
251,3,2014-07-30,19230,2351,1,1,0,1
251,4,2014-07-31,21031,2535,1,1,0,1
251,5,2014-08-01,18058,2387,1,1,0,1
251,6,2014-08-02,15126,2073,1,0,0,0
251,7,2014-08-03,0,0,0,0,0,0
251,1,2014-08-04,23875,2774,1,1,0,1
251,2,2014-08-05,21017,2531,1,1,0,1
251,3,2014-08-06,18363,2396,1,1,0,1
251,4,2014-08-07,19000,2378,1,1,0,1
251,5,2014-08-08,16549,2221,1,1,0,1
251,6,2014-08-09,15325,2147,1,0,0,0
251,7,2014-08-10,0,0,0,0,0,0
251,1,2014-08-11,16631,2391,1,0,0,1
251,2,2014-08-12,15545,2292,1,0,0,1
251,3,2014-08-13,15062,2190,1,0,0,1
251,4,2014-08-14,15626,2182,1,0,0,1
251,5,2014-08-15,15245,2163,1,0,0,1
251,6,2014-08-16,17128,2319,1,0,0,0
251,7,2014-08-17,0,0,0,0,0,0
251,1,2014-08-18,23791,2807,1,1,0,1
251,2,2014-08-19,20710,2551,1,1,0,1
251,3,2014-08-20,20385,2512,1,1,0,0
251,4,2014-08-21,18069,2410,1,1,0,0
251,5,2014-08-22,18835,2387,1,1,0,0
251,6,2014-08-23,16542,2340,1,0,0,0
251,7,2014-08-24,0,0,0,0,0,0
251,1,2014-08-25,17009,2335,1,0,0,0
251,2,2014-08-26,14819,2146,1,0,0,0
251,3,2014-08-27,14874,2158,1,0,0,0
251,4,2014-08-28,16191,2237,1,0,0,0
251,5,2014-08-29,17668,2298,1,0,0,0
251,6,2014-08-30,20846,2875,1,0,0,0
251,7,2014-08-31,0,0,0,0,0,0
251,1,2014-09-01,24465,2730,1,1,0,0
251,2,2014-09-02,22007,2651,1,1,0,0
251,3,2014-09-03,20336,2576,1,1,0,0
251,4,2014-09-04,20163,2604,1,1,0,0
251,5,2014-09-05,18199,2478,1,1,0,0
251,6,2014-09-06,18114,2561,1,0,0,0
251,7,2014-09-07,0,0,0,0,0,0
251,1,2014-09-08,16320,2233,1,0,0,0
251,2,2014-09-09,15725,2222,1,0,0,0
251,3,2014-09-10,16117,2144,1,0,0,0
251,4,2014-09-11,16893,2236,1,0,0,0
251,5,2014-09-12,14504,2085,1,0,0,0
251,6,2014-09-13,16273,2277,1,0,0,0
251,7,2014-09-14,0,0,0,0,0,0
251,1,2014-09-15,22673,2601,1,1,0,0
251,2,2014-09-16,20338,2591,1,1,0,0
251,3,2014-09-17,17654,2317,1,1,0,0
251,4,2014-09-18,17850,2423,1,1,0,0
251,5,2014-09-19,17049,2281,1,1,0,0
251,6,2014-09-20,16099,2250,1,0,0,0
251,7,2014-09-21,0,0,0,0,0,0
251,1,2014-09-22,15368,2151,1,0,0,0
251,2,2014-09-23,15479,2215,1,0,0,0
251,3,2014-09-24,13601,2014,1,0,0,0
251,4,2014-09-25,14326,2041,1,0,0,0
251,5,2014-09-26,15195,2056,1,0,0,0
251,6,2014-09-27,17061,2251,1,0,0,0
251,7,2014-09-28,0,0,0,0,0,0
251,1,2014-09-29,21568,2628,1,1,0,0
251,2,2014-09-30,22456,2696,1,1,0,0
251,3,2014-10-01,21824,2666,1,1,0,0
251,4,2014-10-02,22079,2825,1,1,0,0
251,5,2014-10-03,0,0,0,1,a,0
251,6,2014-10-04,21259,2767,1,0,0,0
251,7,2014-10-05,0,0,0,0,0,0
251,1,2014-10-06,23938,2832,1,1,0,1
251,2,2014-10-07,19102,2407,1,1,0,1
251,3,2014-10-08,19278,2396,1,1,0,1
251,4,2014-10-09,18794,2461,1,1,0,1
251,5,2014-10-10,18683,2424,1,1,0,1
251,6,2014-10-11,16448,2264,1,0,0,0
251,7,2014-10-12,0,0,0,0,0,0
251,1,2014-10-13,16225,2270,1,0,0,1
251,2,2014-10-14,15848,2294,1,0,0,1
251,3,2014-10-15,15711,2139,1,0,0,1
251,4,2014-10-16,15011,2154,1,0,0,1
251,5,2014-10-17,14546,2114,1,0,0,1
251,6,2014-10-18,17020,2333,1,0,0,0
251,7,2014-10-19,0,0,0,0,0,0
251,1,2014-10-20,21535,2623,1,1,0,0
251,2,2014-10-21,17979,2317,1,1,0,0
251,3,2014-10-22,17705,2303,1,1,0,0
251,4,2014-10-23,18530,2432,1,1,0,0
251,5,2014-10-24,17737,2394,1,1,0,0
251,6,2014-10-25,15419,2147,1,0,0,0
251,7,2014-10-26,0,0,0,0,0,0
251,1,2014-10-27,15503,2231,1,0,0,0
251,2,2014-10-28,16237,2251,1,0,0,0
251,3,2014-10-29,14174,2014,1,0,0,0
251,4,2014-10-30,17901,2369,1,0,0,0
251,5,2014-10-31,21642,2804,1,0,0,0
251,6,2014-11-01,0,0,0,0,a,0
251,7,2014-11-02,0,0,0,0,0,0
251,1,2014-11-03,28333,3152,1,1,0,0
251,2,2014-11-04,23132,2674,1,1,0,0
251,3,2014-11-05,22215,2613,1,1,0,0
251,4,2014-11-06,20434,2565,1,1,0,0
251,5,2014-11-07,20014,2536,1,1,0,0
251,6,2014-11-08,20890,2679,1,0,0,0
251,7,2014-11-09,0,0,0,0,0,0
251,1,2014-11-10,22930,2798,1,1,0,0
251,2,2014-11-11,20292,2531,1,1,0,0
251,3,2014-11-12,19141,2445,1,1,0,0
251,4,2014-11-13,18984,2409,1,1,0,0
251,5,2014-11-14,18319,2408,1,1,0,0
251,6,2014-11-15,19215,2533,1,0,0,0
251,7,2014-11-16,0,0,0,0,0,0
251,1,2014-11-17,18172,2379,1,0,0,0
251,2,2014-11-18,17198,2290,1,0,0,0
251,3,2014-11-19,16811,2253,1,0,0,0
251,4,2014-11-20,16383,2245,1,0,0,0
251,5,2014-11-21,17599,2320,1,0,0,0
251,6,2014-11-22,18979,2531,1,0,0,0
251,7,2014-11-23,0,0,0,0,0,0
251,1,2014-11-24,25381,3123,1,1,0,0
251,2,2014-11-25,23368,2972,1,1,0,0
251,3,2014-11-26,23031,2928,1,1,0,0
251,4,2014-11-27,23492,2957,1,1,0,0
251,5,2014-11-28,25570,3169,1,1,0,0
251,6,2014-11-29,24533,3279,1,0,0,0
251,7,2014-11-30,0,0,0,0,0,0
251,1,2014-12-01,28560,3248,1,1,0,0
251,2,2014-12-02,26743,3124,1,1,0,0
251,3,2014-12-03,24797,2825,1,1,0,0
251,4,2014-12-04,25710,3102,1,1,0,0
251,5,2014-12-05,28376,3361,1,1,0,0
251,6,2014-12-06,23493,3243,1,0,0,0
251,7,2014-12-07,0,0,0,0,0,0
251,1,2014-12-08,21258,2826,1,0,0,0
251,2,2014-12-09,20328,2806,1,0,0,0
251,3,2014-12-10,18652,2545,1,0,0,0
251,4,2014-12-11,19078,2538,1,0,0,0
251,5,2014-12-12,17694,2367,1,0,0,0
251,6,2014-12-13,25137,3434,1,0,0,0
251,7,2014-12-14,0,0,0,0,0,0
251,1,2014-12-15,30688,3418,1,1,0,0
251,2,2014-12-16,31104,3590,1,1,0,0
251,3,2014-12-17,26464,3123,1,1,0,0
251,4,2014-12-18,27378,3402,1,1,0,0
251,5,2014-12-19,26635,3225,1,1,0,0
251,6,2014-12-20,26867,3397,1,0,0,0
251,7,2014-12-21,0,0,0,0,0,0
251,1,2014-12-22,33984,4264,1,0,0,1
251,2,2014-12-23,31930,4180,1,0,0,1
251,3,2014-12-24,8853,1122,1,0,0,1
251,4,2014-12-25,0,0,0,0,c,1
251,5,2014-12-26,0,0,0,0,c,1
251,6,2014-12-27,22103,2976,1,0,0,0
251,7,2014-12-28,0,0,0,0,0,0
251,1,2014-12-29,22523,3039,1,0,0,1
251,2,2014-12-30,22531,2906,1,0,0,1
251,3,2014-12-31,8373,1022,1,0,0,1
251,4,2015-01-01,0,0,0,0,a,1
251,5,2015-01-02,19185,2394,1,0,0,1
251,6,2015-01-03,15906,2129,1,0,0,0
251,7,2015-01-04,0,0,0,0,0,0
251,1,2015-01-05,24591,2855,1,1,0,1
251,2,2015-01-06,22840,2769,1,1,0,1
251,3,2015-01-07,19412,2312,1,1,0,0
251,4,2015-01-08,16425,2014,1,1,0,0
251,5,2015-01-09,17088,2185,1,1,0,0
251,6,2015-01-10,16535,1997,1,0,0,0
251,7,2015-01-11,0,0,0,0,0,0
251,1,2015-01-12,22106,2539,1,1,0,0
251,2,2015-01-13,19754,2409,1,1,0,0
251,3,2015-01-14,18980,2303,1,1,0,0
251,4,2015-01-15,19632,2374,1,1,0,0
251,5,2015-01-16,19744,2433,1,1,0,0
251,6,2015-01-17,19201,2507,1,0,0,0
251,7,2015-01-18,0,0,0,0,0,0
251,1,2015-01-19,15903,2301,1,0,0,0
251,2,2015-01-20,14908,2068,1,0,0,0
251,3,2015-01-21,15624,2128,1,0,0,0
251,4,2015-01-22,15416,2156,1,0,0,0
251,5,2015-01-23,15429,2070,1,0,0,0
251,6,2015-01-24,14945,1934,1,0,0,0
251,7,2015-01-25,0,0,0,0,0,0
251,1,2015-01-26,20676,2441,1,1,0,0
251,2,2015-01-27,20006,2501,1,1,0,0
251,3,2015-01-28,18790,2241,1,1,0,0
251,4,2015-01-29,18212,2235,1,1,0,0
251,5,2015-01-30,18748,2168,1,1,0,0
251,6,2015-01-31,20099,2394,1,0,0,0
251,7,2015-02-01,0,0,0,0,0,0
251,1,2015-02-02,25589,2847,1,1,0,0
251,2,2015-02-03,22452,2636,1,1,0,0
251,3,2015-02-04,20891,2559,1,1,0,0
251,4,2015-02-05,18702,2379,1,1,0,0
251,5,2015-02-06,20313,2445,1,1,0,0
251,6,2015-02-07,19746,2421,1,0,0,0
251,7,2015-02-08,0,0,0,0,0,0
251,1,2015-02-09,16162,2165,1,0,0,0
251,2,2015-02-10,16538,2236,1,0,0,0
251,3,2015-02-11,16706,2280,1,0,0,0
251,4,2015-02-12,16182,2179,1,0,0,0
251,5,2015-02-13,17870,2341,1,0,0,0
251,6,2015-02-14,18889,2461,1,0,0,0
251,7,2015-02-15,0,0,0,0,0,0
251,1,2015-02-16,25000,2864,1,1,0,0
251,2,2015-02-17,20306,2458,1,1,0,0
251,3,2015-02-18,19761,2433,1,1,0,0
251,4,2015-02-19,19374,2432,1,1,0,0
251,5,2015-02-20,17035,2292,1,1,0,0
251,6,2015-02-21,16518,2185,1,0,0,0
251,7,2015-02-22,0,0,0,0,0,0
251,1,2015-02-23,14801,1970,1,0,0,0
251,2,2015-02-24,15824,2151,1,0,0,0
251,3,2015-02-25,16085,2205,1,0,0,0
251,4,2015-02-26,17626,2331,1,0,0,0
251,5,2015-02-27,17580,2236,1,0,0,0
251,6,2015-02-28,20774,2553,1,0,0,0
251,7,2015-03-01,0,0,0,0,0,0
251,1,2015-03-02,24866,2857,1,1,0,0
251,2,2015-03-03,22511,2550,1,1,0,0
251,3,2015-03-04,19008,2393,1,1,0,0
251,4,2015-03-05,20959,2530,1,1,0,0
251,5,2015-03-06,19573,2421,1,1,0,0
251,6,2015-03-07,19124,2517,1,0,0,0
251,7,2015-03-08,0,0,0,0,0,0
251,1,2015-03-09,17266,2387,1,0,0,0
251,2,2015-03-10,16779,2245,1,0,0,0
251,3,2015-03-11,16523,2279,1,0,0,0
251,4,2015-03-12,16881,2310,1,0,0,0
251,5,2015-03-13,17211,2234,1,0,0,0
251,6,2015-03-14,17607,2180,1,0,0,0
251,7,2015-03-15,0,0,0,0,0,0
251,1,2015-03-16,24561,2836,1,1,0,0
251,2,2015-03-17,21126,2655,1,1,0,0
251,3,2015-03-18,19790,2562,1,1,0,0
251,4,2015-03-19,19932,2499,1,1,0,0
251,5,2015-03-20,18722,2365,1,1,0,0
251,6,2015-03-21,17659,2271,1,0,0,0
251,7,2015-03-22,0,0,0,0,0,0
251,1,2015-03-23,17035,2332,1,0,0,0
251,2,2015-03-24,16433,2249,1,0,0,0
251,3,2015-03-25,16195,2216,1,0,0,0
251,4,2015-03-26,17128,2255,1,0,0,0
251,5,2015-03-27,16697,2149,1,0,0,0
251,6,2015-03-28,19202,2479,1,0,0,0
251,7,2015-03-29,0,0,0,0,0,0
251,1,2015-03-30,26712,2759,1,1,0,1
251,2,2015-03-31,24636,2523,1,1,0,1
251,3,2015-04-01,24583,2757,1,1,0,1
251,4,2015-04-02,26695,3000,1,1,0,1
251,5,2015-04-03,0,0,0,1,b,1
251,6,2015-04-04,25133,3085,1,0,0,0
251,7,2015-04-05,0,0,0,0,0,0
251,1,2015-04-06,0,0,0,0,b,1
251,2,2015-04-07,19895,2626,1,0,0,1
251,3,2015-04-08,18202,2435,1,0,0,1
251,4,2015-04-09,16998,2396,1,0,0,1
251,5,2015-04-10,16374,2353,1,0,0,1
251,6,2015-04-11,16767,2218,1,0,0,0
251,7,2015-04-12,0,0,0,0,0,0
251,1,2015-04-13,22854,2705,1,1,0,0
251,2,2015-04-14,20739,2557,1,1,0,0
251,3,2015-04-15,19603,2442,1,1,0,0
251,4,2015-04-16,20237,2421,1,1,0,0
251,5,2015-04-17,19352,2378,1,1,0,0
251,6,2015-04-18,17189,2329,1,0,0,0
251,7,2015-04-19,0,0,0,0,0,0
251,1,2015-04-20,17561,2292,1,0,0,0
251,2,2015-04-21,16510,2345,1,0,0,0
251,3,2015-04-22,16280,2200,1,0,0,0
251,4,2015-04-23,16573,2256,1,0,0,0
251,5,2015-04-24,16080,2207,1,0,0,0
251,6,2015-04-25,17211,2398,1,0,0,0
251,7,2015-04-26,0,0,0,0,0,0
251,1,2015-04-27,22906,2605,1,1,0,0
251,2,2015-04-28,21951,2666,1,1,0,0
251,3,2015-04-29,21031,2532,1,1,0,0
251,4,2015-04-30,24028,2807,1,1,0,0
251,5,2015-05-01,0,0,0,1,a,0
251,6,2015-05-02,23653,2938,1,0,0,0
251,7,2015-05-03,0,0,0,0,0,0
251,1,2015-05-04,25530,2919,1,1,0,0
251,2,2015-05-05,21346,2569,1,1,0,0
251,3,2015-05-06,22487,2668,1,1,0,0
251,4,2015-05-07,20500,2549,1,1,0,0
251,5,2015-05-08,20596,2577,1,1,0,0
251,6,2015-05-09,20113,2671,1,0,0,0
251,7,2015-05-10,0,0,0,0,0,0
251,1,2015-05-11,16926,2364,1,0,0,0
251,2,2015-05-12,18711,2400,1,0,0,0
251,3,2015-05-13,20774,2557,1,0,0,0
251,4,2015-05-14,0,0,0,0,a,0
251,5,2015-05-15,22685,2914,1,0,0,0
251,6,2015-05-16,17349,2319,1,0,0,0
251,7,2015-05-17,0,0,0,0,0,0
251,1,2015-05-18,25345,2814,1,1,0,0
251,2,2015-05-19,20635,2473,1,1,0,0
251,3,2015-05-20,20682,2523,1,1,0,0
251,4,2015-05-21,20285,2502,1,1,0,0
251,5,2015-05-22,19089,2331,1,1,0,0
251,6,2015-05-23,17405,2258,1,0,0,0
251,7,2015-05-24,0,0,0,0,0,0
251,1,2015-05-25,0,0,0,0,a,0
251,2,2015-05-26,21096,2612,1,0,0,1
251,3,2015-05-27,16519,2259,1,0,0,0
251,4,2015-05-28,17670,2313,1,0,0,0
251,5,2015-05-29,19744,2705,1,0,0,0
251,6,2015-05-30,21430,2962,1,0,0,0
251,7,2015-05-31,0,0,0,0,0,0
251,1,2015-06-01,28403,2974,1,1,0,0
251,2,2015-06-02,24650,2691,1,1,0,0
251,3,2015-06-03,22272,2642,1,1,0,0
251,4,2015-06-04,0,0,0,1,a,0
251,5,2015-06-05,26139,3080,1,1,0,0
251,6,2015-06-06,17060,2474,1,0,0,0
251,7,2015-06-07,0,0,0,0,0,0
251,1,2015-06-08,19199,2477,1,0,0,0
251,2,2015-06-09,18391,2396,1,0,0,0
251,3,2015-06-10,17614,2303,1,0,0,0
251,4,2015-06-11,18340,2471,1,0,0,0
251,5,2015-06-12,16904,2245,1,0,0,0
251,6,2015-06-13,17677,2331,1,0,0,0
251,7,2015-06-14,0,0,0,0,0,0
251,1,2015-06-15,27017,2902,1,1,0,0
251,2,2015-06-16,23394,2664,1,1,0,0
251,3,2015-06-17,21100,2575,1,1,0,0
251,4,2015-06-18,20512,2433,1,1,0,0
251,5,2015-06-19,20680,2448,1,1,0,0
251,6,2015-06-20,18206,2357,1,0,0,0
251,7,2015-06-21,0,0,0,0,0,0
251,1,2015-06-22,16843,2206,1,0,0,0
251,2,2015-06-23,17075,2243,1,0,0,0
251,3,2015-06-24,16028,2194,1,0,0,0
251,4,2015-06-25,16802,2301,1,0,0,0
251,5,2015-06-26,18561,2245,1,0,0,0
251,6,2015-06-27,21829,2890,1,0,0,0
251,7,2015-06-28,0,0,0,0,0,0
251,1,2015-06-29,28664,3088,1,1,0,1
251,2,2015-06-30,25223,2816,1,1,0,1
251,3,2015-07-01,22160,2674,1,1,0,1
251,4,2015-07-02,20108,2541,1,1,0,1
251,5,2015-07-03,18347,2229,1,1,0,1
251,6,2015-07-04,13710,1831,1,0,0,0
251,7,2015-07-05,0,0,0,0,0,0
251,1,2015-07-06,19336,2422,1,0,0,1
251,2,2015-07-07,15929,2185,1,0,0,1
251,3,2015-07-08,16487,2169,1,0,0,1
251,4,2015-07-09,17654,2268,1,0,0,1
251,5,2015-07-10,16368,2122,1,0,0,1
251,6,2015-07-11,15774,2113,1,0,0,0
251,7,2015-07-12,0,0,0,0,0,0
251,1,2015-07-13,23115,2550,1,1,0,1
251,2,2015-07-14,21273,2487,1,1,0,1
251,3,2015-07-15,20846,2496,1,1,0,1
251,4,2015-07-16,19588,2412,1,1,0,1
251,5,2015-07-17,15931,2076,1,1,0,1
251,6,2015-07-18,16530,2291,1,0,0,0
251,7,2015-07-19,0,0,0,0,0,0
251,1,2015-07-20,18212,2351,1,0,0,1
251,2,2015-07-21,15992,2206,1,0,0,1
251,3,2015-07-22,14912,2140,1,0,0,1
251,4,2015-07-23,16812,2168,1,0,0,1
251,5,2015-07-24,14885,2010,1,0,0,1
251,6,2015-07-25,13439,1700,1,0,0,0
251,7,2015-07-26,0,0,0,0,0,0
251,1,2015-07-27,20411,2367,1,1,0,1
251,2,2015-07-28,20994,2447,1,1,0,1
251,3,2015-07-29,19230,2270,1,1,0,1
251,4,2015-07-30,20061,2377,1,1,0,1
251,5,2015-07-31,22205,2508,1,1,0,1
259,2,2013-01-01,6851,1444,1,0,a,1
259,3,2013-01-02,5439,1408,1,0,0,1
259,4,2013-01-03,5225,1341,1,0,0,1
259,5,2013-01-04,5567,1394,1,0,0,1
259,6,2013-01-05,3912,1033,1,0,0,1
259,7,2013-01-06,7926,1686,1,0,0,1
259,1,2013-01-07,6910,1600,1,1,0,1
259,2,2013-01-08,7613,1626,1,1,0,1
259,3,2013-01-09,7446,1780,1,1,0,1
259,4,2013-01-10,9235,1788,1,1,0,1
259,5,2013-01-11,8158,1751,1,1,0,1
259,6,2013-01-12,6511,1252,1,0,0,0
259,7,2013-01-13,9247,1915,1,0,0,0
259,1,2013-01-14,6942,1777,1,0,0,0
259,2,2013-01-15,6649,1711,1,0,0,0
259,3,2013-01-16,6681,1750,1,0,0,0
259,4,2013-01-17,6945,1729,1,0,0,0
259,5,2013-01-18,6978,1770,1,0,0,0
259,6,2013-01-19,5465,1242,1,0,0,0
259,7,2013-01-20,8229,1879,1,0,0,0
259,1,2013-01-21,6764,1715,1,1,0,0
259,2,2013-01-22,7559,1826,1,1,0,0
259,3,2013-01-23,7051,1772,1,1,0,0
259,4,2013-01-24,6689,1767,1,1,0,0
259,5,2013-01-25,8428,1895,1,1,0,0
259,6,2013-01-26,7215,1687,1,0,0,0
259,7,2013-01-27,6825,1494,1,0,0,0
259,1,2013-01-28,0,0,0,0,0,0
259,2,2013-01-29,0,0,0,0,0,0
259,3,2013-01-30,0,0,0,0,0,0
259,4,2013-01-31,0,0,0,0,0,0
259,5,2013-02-01,0,0,0,0,0,0
259,6,2013-02-02,0,0,0,0,0,0
259,7,2013-02-03,0,0,0,0,0,0
259,1,2013-02-04,0,0,0,1,0,0
259,2,2013-02-05,0,0,0,1,0,0
259,3,2013-02-06,0,0,0,1,0,0
259,4,2013-02-07,0,0,1,1,0,0
259,5,2013-02-08,10827,2018,1,1,0,0
259,6,2013-02-09,8582,1594,1,0,0,0
259,7,2013-02-10,11012,1955,1,0,0,0
259,1,2013-02-11,9721,2014,1,0,0,0
259,2,2013-02-12,9320,1935,1,0,0,0
259,3,2013-02-13,10753,2062,1,0,0,0
259,4,2013-02-14,10784,2219,1,0,0,0
259,5,2013-02-15,9733,2073,1,0,0,0
259,6,2013-02-16,8028,1569,1,0,0,0
259,7,2013-02-17,13526,2277,1,0,0,0
259,1,2013-02-18,10829,2251,1,1,0,0
259,2,2013-02-19,10521,2147,1,1,0,0
259,3,2013-02-20,10035,2020,1,1,0,0
259,4,2013-02-21,9971,2031,1,1,0,0
259,5,2013-02-22,9825,2024,1,1,0,0
259,6,2013-02-23,7034,1451,1,0,0,0
259,7,2013-02-24,10666,2031,1,0,0,0
259,1,2013-02-25,9137,2003,1,0,0,0
259,2,2013-02-26,9174,1988,1,0,0,0
259,3,2013-02-27,9130,1996,1,0,0,0
259,4,2013-02-28,9331,2073,1,0,0,0
259,5,2013-03-01,9599,2077,1,0,0,0
259,6,2013-03-02,6591,1474,1,0,0,0
259,7,2013-03-03,11542,2057,1,0,0,0
259,1,2013-03-04,10157,2104,1,1,0,0
259,2,2013-03-05,9001,1976,1,1,0,0
259,3,2013-03-06,8932,2025,1,1,0,0
259,4,2013-03-07,9538,2049,1,1,0,0
259,5,2013-03-08,9961,2090,1,1,0,0
259,6,2013-03-09,6919,1482,1,0,0,0
259,7,2013-03-10,11663,2229,1,0,0,0
259,1,2013-03-11,10334,2139,1,0,0,0
259,2,2013-03-12,10816,2129,1,0,0,0
259,3,2013-03-13,10413,2105,1,0,0,0
259,4,2013-03-14,11280,2228,1,0,0,0
259,5,2013-03-15,11152,2135,1,0,0,0
259,6,2013-03-16,8229,1596,1,0,0,0
259,7,2013-03-17,12778,2461,1,0,0,0
259,1,2013-03-18,10165,2137,1,1,0,0
259,2,2013-03-19,10011,2126,1,1,0,0
259,3,2013-03-20,10040,2201,1,1,0,0
259,4,2013-03-21,10445,2118,1,1,0,0
259,5,2013-03-22,10595,2229,1,1,0,0
259,6,2013-03-23,7471,1577,1,0,0,0
259,7,2013-03-24,11770,2263,1,0,0,0
259,1,2013-03-25,10713,2113,1,1,0,1
259,2,2013-03-26,10610,2088,1,1,0,1
259,3,2013-03-27,11142,2135,1,1,0,1
259,4,2013-03-28,13129,2372,1,1,0,1
259,5,2013-03-29,16252,2543,1,1,b,1
259,6,2013-03-30,8711,1665,1,0,0,0
259,7,2013-03-31,11041,1949,1,0,0,0
259,1,2013-04-01,14565,2498,1,0,b,1
259,2,2013-04-02,9749,2098,1,0,0,1
259,3,2013-04-03,9573,2056,1,0,0,1
259,4,2013-04-04,9362,2016,1,0,0,1
259,5,2013-04-05,9293,1953,1,0,0,1
259,6,2013-04-06,8077,1794,1,0,0,0
259,7,2013-04-07,11425,2256,1,0,0,0
259,1,2013-04-08,10815,2223,1,1,0,0
259,2,2013-04-09,11747,2337,1,1,0,0
259,3,2013-04-10,10891,2233,1,1,0,0
259,4,2013-04-11,11334,2307,1,1,0,0
259,5,2013-04-12,10878,2219,1,1,0,0
259,6,2013-04-13,8756,1672,1,0,0,0
259,7,2013-04-14,12236,2500,1,0,0,0
259,1,2013-04-15,9374,2212,1,0,0,0
259,2,2013-04-16,8999,2079,1,0,0,0
259,3,2013-04-17,9108,2239,1,0,0,0
259,4,2013-04-18,9194,2152,1,0,0,0
259,5,2013-04-19,8603,2131,1,0,0,0
259,6,2013-04-20,8300,1819,1,0,0,0
259,7,2013-04-21,12429,2337,1,0,0,0
259,1,2013-04-22,10374,2214,1,1,0,0
259,2,2013-04-23,9906,2218,1,1,0,0
259,3,2013-04-24,10071,2245,1,1,0,0
259,4,2013-04-25,9629,2340,1,1,0,0
259,5,2013-04-26,11651,2494,1,1,0,0
259,6,2013-04-27,8390,1738,1,0,0,0
259,7,2013-04-28,11961,2351,1,0,0,0
259,1,2013-04-29,10383,2282,1,1,0,0
259,2,2013-04-30,12448,2496,1,1,0,0
259,3,2013-05-01,13819,2491,1,1,a,0
259,4,2013-05-02,11057,2301,1,1,0,0
259,5,2013-05-03,10923,2233,1,1,0,0
259,6,2013-05-04,8803,2002,1,0,0,0
259,7,2013-05-05,12574,2394,1,0,0,0
259,1,2013-05-06,10568,2319,1,0,0,0
259,2,2013-05-07,10660,2282,1,0,0,0
259,3,2013-05-08,10810,2418,1,0,0,0
259,4,2013-05-09,14196,2584,1,0,a,0
259,5,2013-05-10,9594,2010,1,0,0,0
259,6,2013-05-11,7196,1535,1,0,0,0
259,7,2013-05-12,12562,2422,1,0,0,0
259,1,2013-05-13,11104,2425,1,1,0,0
259,2,2013-05-14,10118,2208,1,1,0,0
259,3,2013-05-15,9944,2252,1,1,0,0
259,4,2013-05-16,10620,2241,1,1,0,0
259,5,2013-05-17,11630,2319,1,1,0,0
259,6,2013-05-18,8526,1952,1,0,0,0
259,7,2013-05-19,13429,2485,1,0,0,0
259,1,2013-05-20,16836,2893,1,0,a,0
259,2,2013-05-21,10711,2449,1,0,0,0
259,3,2013-05-22,10434,2313,1,0,0,0
259,4,2013-05-23,10814,2296,1,0,0,0
259,5,2013-05-24,10153,2296,1,0,0,0
259,6,2013-05-25,7827,1624,1,0,0,0
259,7,2013-05-26,11607,2260,1,0,0,0
259,1,2013-05-27,11127,2344,1,1,0,0
259,2,2013-05-28,10431,2303,1,1,0,0
259,3,2013-05-29,12356,2430,1,1,0,0
259,4,2013-05-30,14142,2576,1,1,a,0
259,5,2013-05-31,10824,2051,1,1,0,0
259,6,2013-06-01,7499,1621,1,0,0,0
259,7,2013-06-02,12421,2396,1,0,0,0
259,1,2013-06-03,10430,2308,1,1,0,0
259,2,2013-06-04,10140,2202,1,1,0,0
259,3,2013-06-05,10654,2265,1,1,0,0
259,4,2013-06-06,10757,2350,1,1,0,0
259,5,2013-06-07,10967,2426,1,1,0,0
259,6,2013-06-08,8246,1885,1,0,0,0
259,7,2013-06-09,14292,2600,1,0,0,0
259,1,2013-06-10,10590,2355,1,0,0,0
259,2,2013-06-11,9910,2217,1,0,0,0
259,3,2013-06-12,9630,2200,1,0,0,0
259,4,2013-06-13,9753,2362,1,0,0,0
259,5,2013-06-14,10455,2249,1,0,0,0
259,6,2013-06-15,8066,1622,1,0,0,0
259,7,2013-06-16,13913,2558,1,0,0,0
259,1,2013-06-17,11646,2550,1,1,0,0
259,2,2013-06-18,11515,2701,1,1,0,0
259,3,2013-06-19,11487,2785,1,1,0,0
259,4,2013-06-20,10351,2485,1,1,0,0
259,5,2013-06-21,10492,2306,1,1,0,0
259,6,2013-06-22,6943,1542,1,0,0,0
259,7,2013-06-23,12785,2453,1,0,0,0
259,1,2013-06-24,10071,2211,1,0,0,0
259,2,2013-06-25,9464,2187,1,0,0,0
259,3,2013-06-26,9858,2184,1,0,0,0
259,4,2013-06-27,10025,2133,1,0,0,0
259,5,2013-06-28,9930,2163,1,0,0,0
259,6,2013-06-29,8440,1747,1,0,0,0
259,7,2013-06-30,14546,2565,1,0,0,0
259,1,2013-07-01,10869,2401,1,1,0,0
259,2,2013-07-02,10956,2404,1,1,0,0
259,3,2013-07-03,12330,2447,1,1,0,0
259,4,2013-07-04,10761,2306,1,1,0,0
259,5,2013-07-05,10375,2311,1,1,0,0
259,6,2013-07-06,7744,1720,1,0,0,1
259,7,2013-07-07,12817,2679,1,0,0,1
259,1,2013-07-08,9656,2306,1,0,0,1
259,2,2013-07-09,9356,2238,1,0,0,1
259,3,2013-07-10,9384,2142,1,0,0,1
259,4,2013-07-11,8763,2041,1,0,0,1
259,5,2013-07-12,9719,2097,1,0,0,1
259,6,2013-07-13,7349,1627,1,0,0,1
259,7,2013-07-14,12851,2563,1,0,0,1
259,1,2013-07-15,10726,2244,1,1,0,1
259,2,2013-07-16,10280,2258,1,1,0,1
259,3,2013-07-17,9695,2163,1,1,0,1
259,4,2013-07-18,10244,2298,1,1,0,1
259,5,2013-07-19,10518,2351,1,1,0,1
259,6,2013-07-20,7751,1819,1,0,0,1
259,7,2013-07-21,12836,2736,1,0,0,1
259,1,2013-07-22,10308,2450,1,0,0,1
259,2,2013-07-23,9378,2306,1,0,0,1
259,3,2013-07-24,9172,2151,1,0,0,1
259,4,2013-07-25,9518,2152,1,0,0,1
259,5,2013-07-26,9038,2171,1,0,0,1
259,6,2013-07-27,7871,1946,1,0,0,1
259,7,2013-07-28,12264,2560,1,0,0,1
259,1,2013-07-29,11209,2334,1,1,0,1
259,2,2013-07-30,9933,2162,1,1,0,1
259,3,2013-07-31,10200,2276,1,1,0,1
259,4,2013-08-01,11271,2398,1,1,0,1
259,5,2013-08-02,10980,2598,1,1,0,1
259,6,2013-08-03,7031,1762,1,0,0,1
259,7,2013-08-04,13536,2776,1,0,0,1
259,1,2013-08-05,9941,2395,1,0,0,1
259,2,2013-08-06,10954,2594,1,0,0,1
259,3,2013-08-07,9125,2124,1,0,0,1
259,4,2013-08-08,8144,1972,1,0,0,1
259,5,2013-08-09,9715,2268,1,0,0,1
259,6,2013-08-10,6616,1565,1,0,0,1
259,7,2013-08-11,12100,2461,1,0,0,1
259,1,2013-08-12,10634,2294,1,1,0,1
259,2,2013-08-13,10109,2156,1,1,0,1
259,3,2013-08-14,10038,2118,1,1,0,1
259,4,2013-08-15,9872,2212,1,1,0,1
259,5,2013-08-16,10665,2372,1,1,0,1
259,6,2013-08-17,8460,2094,1,0,0,0
259,7,2013-08-18,13710,2658,1,0,0,0
259,1,2013-08-19,8951,2189,1,0,0,0
259,2,2013-08-20,8893,2140,1,0,0,0
259,3,2013-08-21,9066,2177,1,0,0,0
259,4,2013-08-22,9596,2228,1,0,0,0
259,5,2013-08-23,9676,2239,1,0,0,0
259,6,2013-08-24,8118,1841,1,0,0,0
259,7,2013-08-25,12983,2605,1,0,0,0
259,1,2013-08-26,10265,2233,1,1,0,0
259,2,2013-08-27,10029,2230,1,1,0,0
259,3,2013-08-28,9791,2142,1,1,0,0
259,4,2013-08-29,10549,2365,1,1,0,0
259,5,2013-08-30,10422,2399,1,1,0,0
259,6,2013-08-31,8012,1654,1,0,0,0
259,7,2013-09-01,14143,2848,1,0,0,0
259,1,2013-09-02,9592,2270,1,0,0,0
259,2,2013-09-03,9433,2185,1,0,0,0
259,3,2013-09-04,9609,2260,1,0,0,0
259,4,2013-09-05,9588,2184,1,0,0,0
259,5,2013-09-06,9460,2351,1,0,0,0
259,6,2013-09-07,7641,1707,1,0,0,0
259,7,2013-09-08,13064,2569,1,0,0,0
259,1,2013-09-09,11450,2391,1,1,0,0
259,2,2013-09-10,11448,2231,1,1,0,0
259,3,2013-09-11,10291,2263,1,1,0,0
259,4,2013-09-12,10938,2240,1,1,0,0
259,5,2013-09-13,10392,2239,1,1,0,0
259,6,2013-09-14,8448,1714,1,0,0,0
259,7,2013-09-15,12054,2474,1,0,0,0
259,1,2013-09-16,10006,2193,1,0,0,0
259,2,2013-09-17,9917,2236,1,0,0,0
259,3,2013-09-18,9938,2319,1,0,0,0
259,4,2013-09-19,9847,2374,1,0,0,0
259,5,2013-09-20,9730,2213,1,0,0,0
259,6,2013-09-21,7436,1690,1,0,0,0
259,7,2013-09-22,14120,2743,1,0,0,0
259,1,2013-09-23,10888,2269,1,1,0,0
259,2,2013-09-24,9531,2155,1,1,0,0
259,3,2013-09-25,9868,2180,1,1,0,0
259,4,2013-09-26,9352,2128,1,1,0,0
259,5,2013-09-27,11254,2310,1,1,0,0
259,6,2013-09-28,8278,1884,1,0,0,0
259,7,2013-09-29,13712,2544,1,0,0,0
259,1,2013-09-30,10817,2337,1,0,0,0
259,2,2013-10-01,10688,2218,1,0,0,0
259,3,2013-10-02,10259,2274,1,0,0,0
259,4,2013-10-03,15416,2731,1,0,a,0
259,5,2013-10-04,10575,2261,1,0,0,0
259,6,2013-10-05,7743,1704,1,0,0,0
259,7,2013-10-06,13756,2518,1,0,0,0
259,1,2013-10-07,10653,2295,1,1,0,0
259,2,2013-10-08,10991,2362,1,1,0,0
259,3,2013-10-09,11857,2394,1,1,0,0
259,4,2013-10-10,11449,2411,1,1,0,0
259,5,2013-10-11,12565,2526,1,1,0,0
259,6,2013-10-12,9730,1981,1,0,0,0
259,7,2013-10-13,13523,2586,1,0,0,0
259,1,2013-10-14,10122,2201,1,0,0,1
259,2,2013-10-15,10208,2190,1,0,0,1
259,3,2013-10-16,9858,2117,1,0,0,1
259,4,2013-10-17,9387,2126,1,0,0,1
259,5,2013-10-18,9726,2223,1,0,0,1
259,6,2013-10-19,8593,1887,1,0,0,1
259,7,2013-10-20,14233,2571,1,0,0,1
259,1,2013-10-21,11082,2208,1,1,0,1
259,2,2013-10-22,10442,2169,1,1,0,1
259,3,2013-10-23,10064,2235,1,1,0,1
259,4,2013-10-24,10263,2199,1,1,0,1
259,5,2013-10-25,10867,2212,1,1,0,1
259,6,2013-10-26,8127,1753,1,0,0,0
259,7,2013-10-27,14141,2682,1,0,0,0
259,1,2013-10-28,10661,2373,1,0,0,0
259,2,2013-10-29,9928,2314,1,0,0,0
259,3,2013-10-30,10222,2160,1,0,0,0
259,4,2013-10-31,10574,2343,1,0,0,0
259,5,2013-11-01,10797,2351,1,0,0,0
259,6,2013-11-02,8510,1949,1,0,0,0
259,7,2013-11-03,14448,2581,1,0,0,0
259,1,2013-11-04,12312,2422,1,1,0,0
259,2,2013-11-05,12156,2453,1,1,0,0
259,3,2013-11-06,11413,2360,1,1,0,0
259,4,2013-11-07,10633,2283,1,1,0,0
259,5,2013-11-08,11843,2555,1,1,0,0
259,6,2013-11-09,7392,1593,1,0,0,0
259,7,2013-11-10,13984,2501,1,0,0,0
259,1,2013-11-11,10346,2308,1,0,0,0
259,2,2013-11-12,10170,2240,1,0,0,0
259,3,2013-11-13,10055,2269,1,0,0,0
259,4,2013-11-14,9164,2216,1,0,0,0
259,5,2013-11-15,11004,2294,1,0,0,0
259,6,2013-11-16,8625,1687,1,0,0,0
259,7,2013-11-17,15945,2597,1,0,0,0
259,1,2013-11-18,11607,2362,1,1,0,0
259,2,2013-11-19,12042,2437,1,1,0,0
259,3,2013-11-20,11355,2280,1,1,0,0
259,4,2013-11-21,11862,2414,1,1,0,0
259,5,2013-11-22,12409,2369,1,1,0,0
259,6,2013-11-23,8902,1985,1,0,0,0
259,7,2013-11-24,15244,2615,1,0,0,0
259,1,2013-11-25,10750,2364,1,0,0,0
259,2,2013-11-26,10780,2337,1,0,0,0
259,3,2013-11-27,11239,2297,1,0,0,0
259,4,2013-11-28,11546,2330,1,0,0,0
259,5,2013-11-29,12693,2566,1,0,0,0
259,6,2013-11-30,9537,1830,1,0,0,0
259,7,2013-12-01,16090,2721,1,0,0,0
259,1,2013-12-02,13408,2454,1,1,0,0
259,2,2013-12-03,13622,2453,1,1,0,0
259,3,2013-12-04,13758,2529,1,1,0,0
259,4,2013-12-05,14711,2651,1,1,0,0
259,5,2013-12-06,15494,2769,1,1,0,0
259,6,2013-12-07,9868,2137,1,0,0,0
259,7,2013-12-08,14826,2637,1,0,0,0
259,1,2013-12-09,11761,2496,1,0,0,0
259,2,2013-12-10,11070,2399,1,0,0,0
259,3,2013-12-11,10211,2248,1,0,0,0
259,4,2013-12-12,11689,2432,1,0,0,0
259,5,2013-12-13,11988,2432,1,0,0,0
259,6,2013-12-14,10279,1852,1,0,0,0
259,7,2013-12-15,16200,2735,1,0,0,0
259,1,2013-12-16,13416,2425,1,1,0,0
259,2,2013-12-17,12874,2389,1,1,0,0
259,3,2013-12-18,13251,2453,1,1,0,0
259,4,2013-12-19,13152,2469,1,1,0,0
259,5,2013-12-20,13352,2544,1,1,0,0
259,6,2013-12-21,9748,1804,1,0,0,0
259,7,2013-12-22,15696,2469,1,0,0,0
259,1,2013-12-23,10676,2035,1,0,0,1
259,2,2013-12-24,8055,1309,1,0,0,1
259,3,2013-12-25,11745,2024,1,0,c,1
259,4,2013-12-26,15400,2428,1,0,c,1
259,5,2013-12-27,8789,1808,1,0,0,1
259,6,2013-12-28,8483,1606,1,0,0,1
259,7,2013-12-29,13858,2387,1,0,0,1
259,1,2013-12-30,10361,1959,1,0,0,1
259,2,2013-12-31,8954,1410,1,0,0,1
259,3,2014-01-01,9630,1753,1,0,a,1
259,4,2014-01-02,9459,1885,1,0,0,1
259,5,2014-01-03,8537,1825,1,0,0,1
259,6,2014-01-04,7265,1429,1,0,0,1
259,7,2014-01-05,13117,2364,1,0,0,1
259,1,2014-01-06,12467,2326,1,1,0,1
259,2,2014-01-07,12458,2270,1,1,0,1
259,3,2014-01-08,11927,2205,1,1,0,1
259,4,2014-01-09,10907,2118,1,1,0,1
259,5,2014-01-10,12890,2282,1,1,0,1
259,6,2014-01-11,9814,1697,1,0,0,0
259,7,2014-01-12,15043,2509,1,0,0,0
259,1,2014-01-13,10230,2260,1,0,0,0
259,2,2014-01-14,9700,2234,1,0,0,0
259,3,2014-01-15,10187,2246,1,0,0,0
259,4,2014-01-16,9996,2276,1,0,0,0
259,5,2014-01-17,9981,2241,1,0,0,0
259,6,2014-01-18,8005,1623,1,0,0,0
259,7,2014-01-19,13445,2512,1,0,0,0
259,1,2014-01-20,12286,2501,1,1,0,0
259,2,2014-01-21,12145,2338,1,1,0,0
259,3,2014-01-22,11250,2375,1,1,0,0
259,4,2014-01-23,12314,2464,1,1,0,0
259,5,2014-01-24,12988,2455,1,1,0,0
259,6,2014-01-25,9600,1978,1,0,0,0
259,7,2014-01-26,14910,2653,1,0,0,0
259,1,2014-01-27,11925,2394,1,0,0,0
259,2,2014-01-28,11212,2332,1,0,0,0
259,3,2014-01-29,11005,2328,1,0,0,0
259,4,2014-01-30,10503,2292,1,0,0,0
259,5,2014-01-31,11550,2451,1,0,0,0
259,6,2014-02-01,8482,1753,1,0,0,0
259,7,2014-02-02,15126,2765,1,0,0,0
259,1,2014-02-03,13011,2560,1,1,0,0
259,2,2014-02-04,12350,2440,1,1,0,0
259,3,2014-02-05,12924,2621,1,1,0,0
259,4,2014-02-06,13552,2550,1,1,0,0
259,5,2014-02-07,13561,2623,1,1,0,0
259,6,2014-02-08,11343,2229,1,0,0,0
259,7,2014-02-09,15347,2698,1,0,0,0
259,1,2014-02-10,12432,2458,1,0,0,0
259,2,2014-02-11,12676,2646,1,0,0,0
259,3,2014-02-12,11310,2402,1,0,0,0
259,4,2014-02-13,12616,2580,1,0,0,0
259,5,2014-02-14,12696,2589,1,0,0,0
259,6,2014-02-15,8091,1761,1,0,0,0
259,7,2014-02-16,13870,2726,1,0,0,0
259,1,2014-02-17,12207,2530,1,1,0,0
259,2,2014-02-18,11735,2401,1,1,0,0
259,3,2014-02-19,13307,2452,1,1,0,0
259,4,2014-02-20,11372,2386,1,1,0,0
259,5,2014-02-21,12263,2566,1,1,0,0
259,6,2014-02-22,8516,1687,1,0,0,0
259,7,2014-02-23,14333,2961,1,0,0,0
259,1,2014-02-24,10621,2297,1,0,0,0
259,2,2014-02-25,9769,2210,1,0,0,0
259,3,2014-02-26,11151,2391,1,0,0,0
259,4,2014-02-27,11880,2559,1,0,0,0
259,5,2014-02-28,11655,2516,1,0,0,0
259,6,2014-03-01,8555,1665,1,0,0,0
259,7,2014-03-02,15789,2921,1,0,0,0
259,1,2014-03-03,12313,2379,1,1,0,0
259,2,2014-03-04,11159,2282,1,1,0,0
259,3,2014-03-05,11246,2324,1,1,0,0
259,4,2014-03-06,11957,2371,1,1,0,0
259,5,2014-03-07,11088,2423,1,1,0,0
259,6,2014-03-08,7598,1735,1,0,0,0
259,7,2014-03-09,13704,2830,1,0,0,0
259,1,2014-03-10,11520,2391,1,0,0,0
259,2,2014-03-11,11247,2399,1,0,0,0
259,3,2014-03-12,11016,2345,1,0,0,0
259,4,2014-03-13,10508,2334,1,0,0,0
259,5,2014-03-14,10834,2465,1,0,0,0
259,6,2014-03-15,9242,1866,1,0,0,0
259,7,2014-03-16,15840,2973,1,0,0,0
259,1,2014-03-17,11772,2418,1,1,0,0
259,2,2014-03-18,11312,2362,1,1,0,0
259,3,2014-03-19,9164,1967,1,1,0,0
259,4,2014-03-20,10964,2303,1,1,0,0
259,5,2014-03-21,11448,2448,1,1,0,0
259,6,2014-03-22,8350,1758,1,0,0,0
259,7,2014-03-23,13980,2689,1,0,0,0
259,1,2014-03-24,11635,2361,1,0,0,0
259,2,2014-03-25,8809,1954,1,0,0,0
259,3,2014-03-26,9758,2156,1,0,0,0
259,4,2014-03-27,11128,2321,1,0,0,0
259,5,2014-03-28,10566,2422,1,0,0,0
259,6,2014-03-29,8484,1846,1,0,0,0
259,7,2014-03-30,12514,2627,1,0,0,0
259,1,2014-03-31,13706,2673,1,1,0,0
259,2,2014-04-01,12079,2535,1,1,0,0
259,3,2014-04-02,12220,2476,1,1,0,0
259,4,2014-04-03,12246,2414,1,1,0,0
259,5,2014-04-04,12889,2624,1,1,0,0
259,6,2014-04-05,9864,2079,1,0,0,0
259,7,2014-04-06,15226,2845,1,0,0,0
259,1,2014-04-07,11181,2453,1,0,0,0
259,2,2014-04-08,11124,2373,1,0,0,0
259,3,2014-04-09,11546,2409,1,0,0,0
259,4,2014-04-10,10652,2375,1,0,0,0
259,5,2014-04-11,10906,2418,1,0,0,0
259,6,2014-04-12,8038,1828,1,0,0,0
259,7,2014-04-13,14186,2793,1,0,0,0
259,1,2014-04-14,12810,2523,1,1,0,1
259,2,2014-04-15,13152,2444,1,1,0,1
259,3,2014-04-16,12509,2421,1,1,0,1
259,4,2014-04-17,14929,2885,1,1,0,1
259,5,2014-04-18,18609,3062,1,1,b,1
259,6,2014-04-19,8571,1834,1,0,0,1
259,7,2014-04-20,12327,2472,1,0,0,1
259,1,2014-04-21,14274,2851,1,0,b,1
259,2,2014-04-22,10742,2331,1,0,0,1
259,3,2014-04-23,9834,2217,1,0,0,1
259,4,2014-04-24,9833,2217,1,0,0,1
259,5,2014-04-25,10257,2303,1,0,0,1
259,6,2014-04-26,7642,1737,1,0,0,0
259,7,2014-04-27,13147,2654,1,0,0,0
259,1,2014-04-28,12117,2470,1,1,0,0
259,2,2014-04-29,11927,2476,1,1,0,0
259,3,2014-04-30,13413,2700,1,1,0,0
259,4,2014-05-01,18787,3056,1,1,a,0
259,5,2014-05-02,12015,2496,1,1,0,0
259,6,2014-05-03,9872,2142,1,0,0,0
259,7,2014-05-04,16376,2812,1,0,0,0
259,1,2014-05-05,12122,2565,1,1,0,0
259,2,2014-05-06,12008,2519,1,1,0,0
259,3,2014-05-07,11716,2486,1,1,0,0
259,4,2014-05-08,12528,2571,1,1,0,0
259,5,2014-05-09,12964,2685,1,1,0,0
259,6,2014-05-10,9190,1948,1,0,0,0
259,7,2014-05-11,15737,2891,1,0,0,0
259,1,2014-05-12,11109,2469,1,0,0,0
259,2,2014-05-13,10958,2450,1,0,0,0
259,3,2014-05-14,10741,2403,1,0,0,0
259,4,2014-05-15,11200,2450,1,0,0,0
259,5,2014-05-16,12148,2608,1,0,0,0
259,6,2014-05-17,8054,1815,1,0,0,0
259,7,2014-05-18,14852,2844,1,0,0,0
259,1,2014-05-19,12580,2598,1,1,0,0
259,2,2014-05-20,12158,2720,1,1,0,0
259,3,2014-05-21,12057,2683,1,1,0,0
259,4,2014-05-22,13036,2866,1,1,0,0
259,5,2014-05-23,13327,2766,1,1,0,0
259,6,2014-05-24,8720,1785,1,0,0,0
259,7,2014-05-25,14883,2823,1,0,0,0
259,1,2014-05-26,11584,2676,1,0,0,0
259,2,2014-05-27,10782,2441,1,0,0,0
259,3,2014-05-28,12417,2574,1,0,0,0
259,4,2014-05-29,17117,2950,1,0,a,0
259,5,2014-05-30,11309,2321,1,0,0,0
259,6,2014-05-31,8784,1981,1,0,0,0
259,7,2014-06-01,15321,2966,1,0,0,0
259,1,2014-06-02,13213,2747,1,1,0,0
259,2,2014-06-03,12629,2536,1,1,0,0
259,3,2014-06-04,12260,2577,1,1,0,0
259,4,2014-06-05,13104,2566,1,1,0,0
259,5,2014-06-06,13228,2772,1,1,0,0
259,6,2014-06-07,10181,2238,1,0,0,0
259,7,2014-06-08,17481,3463,1,0,0,0
259,1,2014-06-09,19159,3648,1,0,a,0
259,2,2014-06-10,12790,2979,1,0,0,0
259,3,2014-06-11,11113,2605,1,0,0,0
259,4,2014-06-12,11279,2657,1,0,0,0
259,5,2014-06-13,10965,2582,1,0,0,0
259,6,2014-06-14,8298,1825,1,0,0,0
259,7,2014-06-15,15264,2878,1,0,0,0
259,1,2014-06-16,12028,2577,1,1,0,0
259,2,2014-06-17,11529,2420,1,1,0,0
259,3,2014-06-18,13023,2732,1,1,0,0
259,4,2014-06-19,17765,3118,1,1,a,0
259,5,2014-06-20,11829,2481,1,1,0,0
259,6,2014-06-21,7948,1805,1,0,0,0
259,7,2014-06-22,13755,2914,1,0,0,0
259,1,2014-06-23,11122,2562,1,0,0,0
259,2,2014-06-24,10909,2520,1,0,0,0
259,3,2014-06-25,10949,2366,1,0,0,0
259,4,2014-06-26,10783,2442,1,0,0,0
259,5,2014-06-27,11681,2563,1,0,0,0
259,6,2014-06-28,8823,1762,1,0,0,0
259,7,2014-06-29,15320,2849,1,0,0,0
259,1,2014-06-30,13732,2666,1,1,0,0
259,2,2014-07-01,12530,2587,1,1,0,0
259,3,2014-07-02,12154,2591,1,1,0,0
259,4,2014-07-03,13048,2790,1,1,0,0
259,5,2014-07-04,12569,2900,1,1,0,0
259,6,2014-07-05,8877,1888,1,0,0,0
259,7,2014-07-06,15762,3023,1,0,0,0
259,1,2014-07-07,11442,2538,1,0,0,0
259,2,2014-07-08,12368,2556,1,0,0,0
259,3,2014-07-09,11963,2520,1,0,0,0
259,4,2014-07-10,11029,2421,1,0,0,0
259,5,2014-07-11,11831,2569,1,0,0,0
259,6,2014-07-12,8893,1773,1,0,0,0
259,7,2014-07-13,16217,2773,1,0,0,0
259,1,2014-07-14,11829,2511,1,1,0,0
259,2,2014-07-15,12482,2646,1,1,0,0
259,3,2014-07-16,12062,2614,1,1,0,0
259,4,2014-07-17,12264,2855,1,1,0,0
259,5,2014-07-18,13206,2935,1,1,0,0
259,6,2014-07-19,9875,2320,1,0,0,0
259,7,2014-07-20,16214,3079,1,0,0,0
259,1,2014-07-21,13078,2730,1,0,0,0
259,2,2014-07-22,11425,2639,1,0,0,0
259,3,2014-07-23,11320,2630,1,0,0,0
259,4,2014-07-24,10727,2472,1,0,0,0
259,5,2014-07-25,11773,2586,1,0,0,0
259,6,2014-07-26,8947,1965,1,0,0,0
259,7,2014-07-27,14950,2927,1,0,0,0
259,1,2014-07-28,12144,2603,1,1,0,1
259,2,2014-07-29,12091,2534,1,1,0,1
259,3,2014-07-30,11912,2448,1,1,0,1
259,4,2014-07-31,12390,2614,1,1,0,0
259,5,2014-08-01,12925,2685,1,1,0,1
259,6,2014-08-02,8261,1935,1,0,0,1
259,7,2014-08-03,17010,2893,1,0,0,1
259,1,2014-08-04,13009,2544,1,1,0,1
259,2,2014-08-05,11763,2370,1,1,0,1
259,3,2014-08-06,11777,2441,1,1,0,1
259,4,2014-08-07,11562,2421,1,1,0,1
259,5,2014-08-08,11607,2595,1,1,0,1
259,6,2014-08-09,8588,1852,1,0,0,1
259,7,2014-08-10,16019,2991,1,0,0,1
259,1,2014-08-11,11102,2346,1,0,0,1
259,2,2014-08-12,10890,2410,1,0,0,1
259,3,2014-08-13,11847,2466,1,0,0,1
259,4,2014-08-14,11283,2394,1,0,0,1
259,5,2014-08-15,12689,2684,1,0,0,1
259,6,2014-08-16,8235,1756,1,0,0,1
259,7,2014-08-17,16039,2887,1,0,0,1
259,1,2014-08-18,12577,2517,1,1,0,1
259,2,2014-08-19,12128,2415,1,1,0,1
259,3,2014-08-20,11682,2327,1,1,0,1
259,4,2014-08-21,11065,2378,1,1,0,1
259,5,2014-08-22,11108,2374,1,1,0,1
259,6,2014-08-23,8279,1996,1,0,0,1
259,7,2014-08-24,16075,2842,1,0,0,1
259,1,2014-08-25,10918,2365,1,0,0,1
259,2,2014-08-26,11290,2374,1,0,0,1
259,3,2014-08-27,10529,2256,1,0,0,1
259,4,2014-08-28,10287,2226,1,0,0,1
259,5,2014-08-29,11819,2508,1,0,0,1
259,6,2014-08-30,9986,2055,1,0,0,1
259,7,2014-08-31,14446,2753,1,0,0,1
259,1,2014-09-01,12480,2537,1,1,0,1
259,2,2014-09-02,11550,2464,1,1,0,1
259,3,2014-09-03,12031,2412,1,1,0,1
259,4,2014-09-04,11236,2303,1,1,0,1
259,5,2014-09-05,11217,2514,1,1,0,1
259,6,2014-09-06,8391,1864,1,0,0,0
259,7,2014-09-07,14962,2887,1,0,0,0
259,1,2014-09-08,11350,2568,1,0,0,0
259,2,2014-09-09,10983,2373,1,0,0,0
259,3,2014-09-10,10959,2392,1,0,0,0
259,4,2014-09-11,11047,2465,1,0,0,0
259,5,2014-09-12,11767,2513,1,0,0,0
259,6,2014-09-13,9042,1804,1,0,0,0
259,7,2014-09-14,17636,2978,1,0,0,0
259,1,2014-09-15,12640,2592,1,1,0,0
259,2,2014-09-16,12730,2588,1,1,0,0
259,3,2014-09-17,12481,2593,1,1,0,0
259,4,2014-09-18,11956,2602,1,1,0,0
259,5,2014-09-19,13388,2779,1,1,0,0
259,6,2014-09-20,10440,2056,1,0,0,0
259,7,2014-09-21,17140,2880,1,0,0,0
259,1,2014-09-22,11971,2569,1,0,0,0
259,2,2014-09-23,10651,2459,1,0,0,0
259,3,2014-09-24,10652,2415,1,0,0,0
259,4,2014-09-25,10407,2319,1,0,0,0
259,5,2014-09-26,12374,2437,1,0,0,0
259,6,2014-09-27,8611,1798,1,0,0,0
259,7,2014-09-28,15649,2882,1,0,0,0
259,1,2014-09-29,12707,2510,1,1,0,0
259,2,2014-09-30,13418,2662,1,1,0,0
259,3,2014-10-01,12404,2523,1,1,0,0
259,4,2014-10-02,13843,2737,1,1,0,0
259,5,2014-10-03,18271,3127,1,1,a,0
259,6,2014-10-04,9884,2167,1,0,0,0
259,7,2014-10-05,16778,2844,1,0,0,0
259,1,2014-10-06,13051,2625,1,1,0,0
259,2,2014-10-07,13259,2597,1,1,0,0
259,3,2014-10-08,13708,2732,1,1,0,0
259,4,2014-10-09,13129,2710,1,1,0,0
259,5,2014-10-10,13510,2736,1,1,0,0
259,6,2014-10-11,9600,2010,1,0,0,0
259,7,2014-10-12,15554,2787,1,0,0,0
259,1,2014-10-13,11871,2650,1,0,0,0
259,2,2014-10-14,11231,2516,1,0,0,0
259,3,2014-10-15,9905,2156,1,0,0,0
259,4,2014-10-16,11097,2415,1,0,0,0
259,5,2014-10-17,11937,2464,1,0,0,0
259,6,2014-10-18,7739,1655,1,0,0,0
259,7,2014-10-19,14816,2690,1,0,0,0
259,1,2014-10-20,11656,2592,1,1,0,1
259,2,2014-10-21,12582,2569,1,1,0,1
259,3,2014-10-22,12738,2573,1,1,0,1
259,4,2014-10-23,11211,2429,1,1,0,1
259,5,2014-10-24,11093,2409,1,1,0,1
259,6,2014-10-25,9141,2055,1,0,0,1
259,7,2014-10-26,14163,2723,1,0,0,1
259,1,2014-10-27,11203,2459,1,0,0,1
259,2,2014-10-28,11334,2422,1,0,0,1
259,3,2014-10-29,11722,2532,1,0,0,1
259,4,2014-10-30,12183,2512,1,0,0,1
259,5,2014-10-31,11762,2548,1,0,0,1
259,6,2014-11-01,8829,1905,1,0,0,0
259,7,2014-11-02,15457,2723,1,0,0,0
259,1,2014-11-03,13592,2716,1,1,0,0
259,2,2014-11-04,12034,2439,1,1,0,0
259,3,2014-11-05,12802,2500,1,1,0,0
259,4,2014-11-06,10773,2101,1,1,0,0
259,5,2014-11-07,11284,2255,1,1,0,0
259,6,2014-11-08,8267,1804,1,0,0,0
259,7,2014-11-09,14313,2601,1,0,0,0
259,1,2014-11-10,12324,2515,1,1,0,0
259,2,2014-11-11,11643,2357,1,1,0,0
259,3,2014-11-12,12128,2507,1,1,0,0
259,4,2014-11-13,12641,2464,1,1,0,0
259,5,2014-11-14,12831,2548,1,1,0,0
259,6,2014-11-15,8497,1785,1,0,0,0
259,7,2014-11-16,16798,2878,1,0,0,0
259,1,2014-11-17,11691,2553,1,0,0,0
259,2,2014-11-18,12279,2585,1,0,0,0
259,3,2014-11-19,11099,2477,1,0,0,0
259,4,2014-11-20,10400,2463,1,0,0,0
259,5,2014-11-21,10857,2501,1,0,0,0
259,6,2014-11-22,8248,1799,1,0,0,0
259,7,2014-11-23,16298,2765,1,0,0,0
259,1,2014-11-24,13571,2602,1,1,0,0
259,2,2014-11-25,13120,2625,1,1,0,0
259,3,2014-11-26,12231,2585,1,1,0,0
259,4,2014-11-27,13232,2541,1,1,0,0
259,5,2014-11-28,14786,2677,1,1,0,0
259,6,2014-11-29,9837,1942,1,0,0,0
259,7,2014-11-30,17893,3000,1,0,0,0
259,1,2014-12-01,14281,2632,1,1,0,0
259,2,2014-12-02,13519,2669,1,1,0,0
259,3,2014-12-03,14719,2661,1,1,0,0
259,4,2014-12-04,14414,2624,1,1,0,0
259,5,2014-12-05,15059,2841,1,1,0,0
259,6,2014-12-06,9814,1934,1,0,0,0
259,7,2014-12-07,16522,2751,1,0,0,0
259,1,2014-12-08,12067,2534,1,0,0,0
259,2,2014-12-09,11340,2484,1,0,0,0
259,3,2014-12-10,11922,2503,1,0,0,0
259,4,2014-12-11,11686,2589,1,0,0,0
259,5,2014-12-12,12072,2600,1,0,0,0
259,6,2014-12-13,10213,1959,1,0,0,0
259,7,2014-12-14,17449,2745,1,0,0,0
259,1,2014-12-15,14653,2602,1,1,0,0
259,2,2014-12-16,13733,2586,1,1,0,0
259,3,2014-12-17,14436,2711,1,1,0,0
259,4,2014-12-18,13924,2617,1,1,0,0
259,5,2014-12-19,14773,2744,1,1,0,0
259,6,2014-12-20,9621,1829,1,0,0,0
259,7,2014-12-21,16709,2670,1,0,0,0
259,1,2014-12-22,11889,2305,1,0,0,1
259,2,2014-12-23,13434,2233,1,0,0,1
259,3,2014-12-24,9246,1402,1,0,0,1
259,4,2014-12-25,13319,2100,1,0,c,1
259,5,2014-12-26,17597,2544,1,0,c,1
259,6,2014-12-27,9305,1654,1,0,0,1
259,7,2014-12-28,14541,2447,1,0,0,1
259,1,2014-12-29,10678,2093,1,0,0,1
259,2,2014-12-30,11191,2115,1,0,0,1
259,3,2014-12-31,10485,1555,1,0,0,1
259,4,2015-01-01,10377,1697,1,0,a,1
259,5,2015-01-02,9002,1940,1,0,0,1
259,6,2015-01-03,8368,1606,1,0,0,1
259,7,2015-01-04,14674,2477,1,0,0,1
259,1,2015-01-05,11462,2279,1,1,0,1
259,2,2015-01-06,11947,2268,1,1,0,1
259,3,2015-01-07,10144,2142,1,1,0,1
259,4,2015-01-08,10889,2271,1,1,0,1
259,5,2015-01-09,10457,2246,1,1,0,1
259,6,2015-01-10,8313,1654,1,0,0,0
259,7,2015-01-11,15462,2468,1,0,0,0
259,1,2015-01-12,12746,2552,1,1,0,0
259,2,2015-01-13,12986,2506,1,1,0,0
259,3,2015-01-14,13211,2587,1,1,0,0
259,4,2015-01-15,14824,2531,1,1,0,0
259,5,2015-01-16,15264,2658,1,1,0,0
259,6,2015-01-17,11063,1934,1,0,0,0
259,7,2015-01-18,18173,2716,1,0,0,0
259,1,2015-01-19,11393,2523,1,0,0,0
259,2,2015-01-20,10701,2454,1,0,0,0
259,3,2015-01-21,10203,2344,1,0,0,0
259,4,2015-01-22,10760,2411,1,0,0,0
259,5,2015-01-23,10725,2433,1,0,0,0
259,6,2015-01-24,8203,1698,1,0,0,0
259,7,2015-01-25,15394,2452,1,0,0,0
259,1,2015-01-26,12976,2626,1,1,0,0
259,2,2015-01-27,12805,2553,1,1,0,0
259,3,2015-01-28,12617,2550,1,1,0,0
259,4,2015-01-29,13459,2621,1,1,0,0
259,5,2015-01-30,14476,2647,1,1,0,0
259,6,2015-01-31,11720,2049,1,0,0,0
259,7,2015-02-01,15897,2663,1,0,0,0
259,1,2015-02-02,15215,2727,1,1,0,0
259,2,2015-02-03,14088,2742,1,1,0,0
259,3,2015-02-04,13279,2541,1,1,0,0
259,4,2015-02-05,13590,2630,1,1,0,0
259,5,2015-02-06,13166,2612,1,1,0,0
259,6,2015-02-07,8516,1668,1,0,0,0
259,7,2015-02-08,15175,2616,1,0,0,0
259,1,2015-02-09,11638,2515,1,0,0,0
259,2,2015-02-10,11764,2499,1,0,0,0
259,3,2015-02-11,12126,2562,1,0,0,0
259,4,2015-02-12,13146,2566,1,0,0,0
259,5,2015-02-13,14434,2690,1,0,0,0
259,6,2015-02-14,12452,2298,1,0,0,0
259,7,2015-02-15,18600,2965,1,0,0,0
259,1,2015-02-16,14756,2566,1,1,0,0
259,2,2015-02-17,14215,2551,1,1,0,0
259,3,2015-02-18,12659,2410,1,1,0,0
259,4,2015-02-19,12008,2453,1,1,0,0
259,5,2015-02-20,12270,2462,1,1,0,0
259,6,2015-02-21,7926,1730,1,0,0,0
259,7,2015-02-22,16205,2668,1,0,0,0
259,1,2015-02-23,13205,2646,1,0,0,0
259,2,2015-02-24,10907,2394,1,0,0,0
259,3,2015-02-25,10797,2444,1,0,0,0
259,4,2015-02-26,12482,2483,1,0,0,0
259,5,2015-02-27,13084,2677,1,0,0,0
259,6,2015-02-28,10113,1964,1,0,0,0
259,7,2015-03-01,17458,2732,1,0,0,0
259,1,2015-03-02,13744,2674,1,1,0,0
259,2,2015-03-03,13591,2641,1,1,0,0
259,3,2015-03-04,12305,2567,1,1,0,0
259,4,2015-03-05,11622,2491,1,1,0,0
259,5,2015-03-06,13062,2582,1,1,0,0
259,6,2015-03-07,8546,1807,1,0,0,0
259,7,2015-03-08,15988,2838,1,0,0,0
259,1,2015-03-09,12722,2577,1,0,0,0
259,2,2015-03-10,12217,2557,1,0,0,0
259,3,2015-03-11,12487,2560,1,0,0,0
259,4,2015-03-12,11966,2486,1,0,0,0
259,5,2015-03-13,12427,2586,1,0,0,0
259,6,2015-03-14,11257,2115,1,0,0,0
259,7,2015-03-15,19438,2813,1,0,0,0
259,1,2015-03-16,13856,2686,1,1,0,0
259,2,2015-03-17,12758,2671,1,1,0,0
259,3,2015-03-18,10132,2346,1,1,0,0
259,4,2015-03-19,12799,2598,1,1,0,0
259,5,2015-03-20,12897,2727,1,1,0,0
259,6,2015-03-21,8939,1862,1,0,0,0
259,7,2015-03-22,16021,2844,1,0,0,0
259,1,2015-03-23,11914,2570,1,0,0,0
259,2,2015-03-24,10439,2393,1,0,0,0
259,3,2015-03-25,10830,2491,1,0,0,0
259,4,2015-03-26,11046,2414,1,0,0,0
259,5,2015-03-27,13082,2611,1,0,0,0
259,6,2015-03-28,7918,1751,1,0,0,0
259,7,2015-03-29,16086,2630,1,0,0,0
259,1,2015-03-30,13435,2566,1,1,0,1
259,2,2015-03-31,15251,2756,1,1,0,1
259,3,2015-04-01,14379,2613,1,1,0,1
259,4,2015-04-02,17638,3033,1,1,0,1
259,5,2015-04-03,18913,3016,1,1,b,1
259,6,2015-04-04,11283,2259,1,0,0,1
259,7,2015-04-05,15187,2608,1,0,0,1
259,1,2015-04-06,17466,3134,1,0,b,1
259,2,2015-04-07,12238,2555,1,0,0,1
259,3,2015-04-08,10500,2287,1,0,0,1
259,4,2015-04-09,10510,2345,1,0,0,1
259,5,2015-04-10,11522,2444,1,0,0,1
259,6,2015-04-11,8288,1792,1,0,0,0
259,7,2015-04-12,16044,2952,1,0,0,0
259,1,2015-04-13,14146,2781,1,1,0,0
259,2,2015-04-14,13560,2598,1,1,0,0
259,3,2015-04-15,13128,2755,1,1,0,0
259,4,2015-04-16,13382,2634,1,1,0,0
259,5,2015-04-17,14634,2831,1,1,0,0
259,6,2015-04-18,10288,2101,1,0,0,0
259,7,2015-04-19,17080,2986,1,0,0,0
259,1,2015-04-20,12719,2748,1,0,0,0
259,2,2015-04-21,11687,2591,1,0,0,0
259,3,2015-04-22,10267,2384,1,0,0,0
259,4,2015-04-23,11533,2362,1,0,0,0
259,5,2015-04-24,12726,2677,1,0,0,0
259,6,2015-04-25,8725,1914,1,0,0,0
259,7,2015-04-26,15620,2855,1,0,0,0
259,1,2015-04-27,14519,2785,1,1,0,0
259,2,2015-04-28,13187,2653,1,1,0,0
259,3,2015-04-29,12874,2584,1,1,0,0
259,4,2015-04-30,17247,3206,1,1,0,0
259,5,2015-05-01,20872,3176,1,1,a,0
259,6,2015-05-02,9783,2056,1,0,0,0
259,7,2015-05-03,19181,3088,1,0,0,0
259,1,2015-05-04,13999,2804,1,1,0,0
259,2,2015-05-05,11870,2545,1,1,0,0
259,3,2015-05-06,12874,2554,1,1,0,0
259,4,2015-05-07,12920,2563,1,1,0,0
259,5,2015-05-08,13397,2770,1,1,0,0
259,6,2015-05-09,9753,2195,1,0,0,0
259,7,2015-05-10,16556,2993,1,0,0,0
259,1,2015-05-11,12542,2833,1,0,0,0
259,2,2015-05-12,11761,2738,1,0,0,0
259,3,2015-05-13,13689,2818,1,0,0,0
259,4,2015-05-14,19538,3306,1,0,a,0
259,5,2015-05-15,11939,2509,1,0,0,0
259,6,2015-05-16,8683,1905,1,0,0,0
259,7,2015-05-17,16197,3093,1,0,0,0
259,1,2015-05-18,14260,2849,1,1,0,0
259,2,2015-05-19,13537,2665,1,1,0,0
259,3,2015-05-20,12582,2673,1,1,0,0
259,4,2015-05-21,13713,2611,1,1,0,0
259,5,2015-05-22,12614,2634,1,1,0,0
259,6,2015-05-23,9558,2242,1,0,0,0
259,7,2015-05-24,20158,3016,1,0,0,0
259,1,2015-05-25,20855,3516,1,0,a,0
259,2,2015-05-26,11880,2588,1,0,0,0
259,3,2015-05-27,11476,2565,1,0,0,0
259,4,2015-05-28,11251,2430,1,0,0,0
259,5,2015-05-29,13521,2768,1,0,0,0
259,6,2015-05-30,9875,2016,1,0,0,0
259,7,2015-05-31,16944,2922,1,0,0,0
259,1,2015-06-01,14110,2776,1,1,0,0
259,2,2015-06-02,13593,2786,1,1,0,0
259,3,2015-06-03,14349,2823,1,1,0,0
259,4,2015-06-04,21407,3356,1,1,a,0
259,5,2015-06-05,14188,2977,1,1,0,0
259,6,2015-06-06,10270,2247,1,0,0,0
259,7,2015-06-07,17503,3253,1,0,0,0
259,1,2015-06-08,11924,2765,1,0,0,0
259,2,2015-06-09,11403,2644,1,0,0,0
259,3,2015-06-10,12185,2632,1,0,0,0
259,4,2015-06-11,13247,2772,1,0,0,0
259,5,2015-06-12,12418,2934,1,0,0,0
259,6,2015-06-13,9678,2160,1,0,0,0
259,7,2015-06-14,18535,3114,1,0,0,0
259,1,2015-06-15,14116,2943,1,1,0,0
259,2,2015-06-16,13727,2809,1,1,0,0
259,3,2015-06-17,13025,2702,1,1,0,0
259,4,2015-06-18,12992,2667,1,1,0,0
259,5,2015-06-19,14085,2712,1,1,0,0
259,6,2015-06-20,9130,1842,1,0,0,0
259,7,2015-06-21,17446,2903,1,0,0,0
259,1,2015-06-22,13192,2721,1,0,0,0
259,2,2015-06-23,12124,2606,1,0,0,0
259,3,2015-06-24,10821,2405,1,0,0,0
259,4,2015-06-25,12151,2618,1,0,0,0
259,5,2015-06-26,11271,2702,1,0,0,0
259,6,2015-06-27,9061,1963,1,0,0,0
259,7,2015-06-28,16923,3048,1,0,0,0
259,1,2015-06-29,14102,2850,1,1,0,0
259,2,2015-06-30,14709,2865,1,1,0,0
259,3,2015-07-01,13566,2946,1,1,0,0
259,4,2015-07-02,13902,3189,1,1,0,0
259,5,2015-07-03,13874,3178,1,1,0,0
259,6,2015-07-04,10512,2521,1,0,0,0
259,7,2015-07-05,17285,3499,1,0,0,0
259,1,2015-07-06,12812,2880,1,0,0,0
259,2,2015-07-07,11761,2904,1,0,0,0
259,3,2015-07-08,11528,2623,1,0,0,0
259,4,2015-07-09,11575,2528,1,0,0,0
259,5,2015-07-10,11539,2678,1,0,0,0
259,6,2015-07-11,9508,2206,1,0,0,0
259,7,2015-07-12,15585,3005,1,0,0,0
259,1,2015-07-13,12743,2648,1,1,0,0
259,2,2015-07-14,12364,2539,1,1,0,0
259,3,2015-07-15,12997,2823,1,1,0,0
259,4,2015-07-16,12933,2953,1,1,0,0
259,5,2015-07-17,12774,3044,1,1,0,0
259,6,2015-07-18,10146,2365,1,0,0,0
259,7,2015-07-19,17075,3154,1,0,0,0
259,1,2015-07-20,11728,2748,1,0,0,0
259,2,2015-07-21,11729,2812,1,0,0,0
259,3,2015-07-22,11050,2769,1,0,0,0
259,4,2015-07-23,11283,2625,1,0,0,0
259,5,2015-07-24,11711,2804,1,0,0,0
259,6,2015-07-25,8958,1896,1,0,0,0
259,7,2015-07-26,15998,2857,1,0,0,0
259,1,2015-07-27,12708,2562,1,1,0,1
259,2,2015-07-28,12503,2496,1,1,0,1
259,3,2015-07-29,11963,2467,1,1,0,1
259,4,2015-07-30,12178,2477,1,1,0,1
259,5,2015-07-31,14096,2628,1,1,0,1
262,2,2013-01-01,17267,2875,1,0,a,1
262,3,2013-01-02,16964,3113,1,0,0,1
262,4,2013-01-03,16616,2943,1,0,0,1
262,5,2013-01-04,16849,3009,1,0,0,1
262,6,2013-01-05,14868,2735,1,0,0,0
262,7,2013-01-06,23240,3479,1,0,0,0
262,1,2013-01-07,19674,2995,1,1,0,0
262,2,2013-01-08,19161,2947,1,1,0,0
262,3,2013-01-09,19113,2926,1,1,0,0
262,4,2013-01-10,18047,2964,1,1,0,0
262,5,2013-01-11,20625,3299,1,1,0,0
262,6,2013-01-12,14880,2790,1,0,0,0
262,7,2013-01-13,23011,3541,1,0,0,0
262,1,2013-01-14,16401,2838,1,0,0,0
262,2,2013-01-15,16013,2625,1,0,0,0
262,3,2013-01-16,16568,2734,1,0,0,0
262,4,2013-01-17,16275,2684,1,0,0,0
262,5,2013-01-18,16793,3082,1,0,0,0
262,6,2013-01-19,14503,2684,1,0,0,0
262,7,2013-01-20,24312,3607,1,0,0,0
262,1,2013-01-21,21341,3142,1,1,0,0
262,2,2013-01-22,18696,2838,1,1,0,0
262,3,2013-01-23,19167,2948,1,1,0,0
262,4,2013-01-24,19255,3016,1,1,0,0
262,5,2013-01-25,20718,3381,1,1,0,0
262,6,2013-01-26,15410,2731,1,0,0,0
262,7,2013-01-27,23691,3612,1,0,0,0
262,1,2013-01-28,16076,2877,1,0,0,0
262,2,2013-01-29,15451,2689,1,0,0,0
262,3,2013-01-30,16092,2780,1,0,0,0
262,4,2013-01-31,19405,3227,1,0,0,0
262,5,2013-02-01,20744,3560,1,0,0,1
262,6,2013-02-02,18423,3141,1,0,0,0
262,7,2013-02-03,28921,4144,1,0,0,0
262,1,2013-02-04,22116,3275,1,1,0,0
262,2,2013-02-05,19661,3150,1,1,0,0
262,3,2013-02-06,19249,3043,1,1,0,0
262,4,2013-02-07,18607,2994,1,1,0,0
262,5,2013-02-08,20904,3521,1,1,0,0
262,6,2013-02-09,16372,3144,1,0,0,0
262,7,2013-02-10,27154,4133,1,0,0,0
262,1,2013-02-11,17233,2971,1,0,0,0
262,2,2013-02-12,17145,2949,1,0,0,0
262,3,2013-02-13,17422,2975,1,0,0,0
262,4,2013-02-14,18620,3200,1,0,0,0
262,5,2013-02-15,18678,3376,1,0,0,0
262,6,2013-02-16,16018,2978,1,0,0,0
262,7,2013-02-17,26690,4068,1,0,0,0
262,1,2013-02-18,21216,3232,1,1,0,0
262,2,2013-02-19,18601,2956,1,1,0,0
262,3,2013-02-20,18590,3022,1,1,0,0
262,4,2013-02-21,18296,2975,1,1,0,0
262,5,2013-02-22,20788,3413,1,1,0,0
262,6,2013-02-23,15830,2942,1,0,0,0
262,7,2013-02-24,25164,3796,1,0,0,0
262,1,2013-02-25,15650,2715,1,0,0,0
262,2,2013-02-26,16495,2781,1,0,0,0
262,3,2013-02-27,16288,2717,1,0,0,0
262,4,2013-02-28,18299,3071,1,0,0,0
262,5,2013-03-01,20419,3410,1,0,0,0
262,6,2013-03-02,18411,3281,1,0,0,0
262,7,2013-03-03,29150,4314,1,0,0,0
262,1,2013-03-04,21749,3264,1,1,0,1
262,2,2013-03-05,21379,3222,1,1,0,1
262,3,2013-03-06,18989,3153,1,1,0,1
262,4,2013-03-07,19565,3092,1,1,0,1
262,5,2013-03-08,22601,3605,1,1,0,1
262,6,2013-03-09,16727,3043,1,0,0,0
262,7,2013-03-10,27094,4130,1,0,0,0
262,1,2013-03-11,18352,3086,1,0,0,1
262,2,2013-03-12,16876,2946,1,0,0,1
262,3,2013-03-13,17024,2936,1,0,0,1
262,4,2013-03-14,17209,3018,1,0,0,1
262,5,2013-03-15,18101,3255,1,0,0,1
262,6,2013-03-16,17238,3151,1,0,0,0
262,7,2013-03-17,28221,4204,1,0,0,0
262,1,2013-03-18,21903,3391,1,1,0,0
262,2,2013-03-19,20830,3300,1,1,0,0
262,3,2013-03-20,21578,3275,1,1,0,0
262,4,2013-03-21,19685,3250,1,1,0,0
262,5,2013-03-22,20043,3450,1,1,0,0
262,6,2013-03-23,16888,3163,1,0,0,0
262,7,2013-03-24,21527,3663,1,0,0,0
262,1,2013-03-25,21742,3503,1,1,0,0
262,2,2013-03-26,21557,3409,1,1,0,0
262,3,2013-03-27,22753,3543,1,1,0,0
262,4,2013-03-28,29903,4555,1,1,0,0
262,5,2013-03-29,36227,5069,1,1,b,0
262,6,2013-03-30,23672,3752,1,0,0,0
262,7,2013-03-31,25672,3869,1,0,0,0
262,1,2013-04-01,33326,5013,1,0,b,0
262,2,2013-04-02,20036,3554,1,0,0,0
262,3,2013-04-03,18063,3139,1,0,0,0
262,4,2013-04-04,17155,3027,1,0,0,0
262,5,2013-04-05,18290,3327,1,0,0,0
262,6,2013-04-06,17609,3277,1,0,0,0
262,7,2013-04-07,27342,4153,1,0,0,0
262,1,2013-04-08,21475,3298,1,1,0,0
262,2,2013-04-09,19328,3163,1,1,0,0
262,3,2013-04-10,18839,3148,1,1,0,0
262,4,2013-04-11,18917,3125,1,1,0,0
262,5,2013-04-12,20245,3568,1,1,0,0
262,6,2013-04-13,16820,3267,1,0,0,0
262,7,2013-04-14,25986,4274,1,0,0,0
262,1,2013-04-15,16561,3000,1,0,0,0
262,2,2013-04-16,15380,2783,1,0,0,0
262,3,2013-04-17,16105,2831,1,0,0,0
262,4,2013-04-18,16319,2945,1,0,0,0
262,5,2013-04-19,18418,3343,1,0,0,0
262,6,2013-04-20,16757,3235,1,0,0,0
262,7,2013-04-21,25876,4300,1,0,0,0
262,1,2013-04-22,20443,3339,1,1,0,0
262,2,2013-04-23,18598,3079,1,1,0,0
262,3,2013-04-24,18518,2996,1,1,0,0
262,4,2013-04-25,18095,3065,1,1,0,0
262,5,2013-04-26,23289,3880,1,1,0,0
262,6,2013-04-27,17931,3187,1,0,0,0
262,7,2013-04-28,28026,4309,1,0,0,0
262,1,2013-04-29,22098,3428,1,1,0,0
262,2,2013-04-30,24377,3719,1,1,0,0
262,3,2013-05-01,33151,5106,1,1,a,0
262,4,2013-05-02,25478,4491,1,1,0,1
262,5,2013-05-03,24444,4482,1,1,0,1
262,6,2013-05-04,19723,4227,1,0,0,0
262,7,2013-05-05,27559,4735,1,0,0,0
262,1,2013-05-06,19007,3270,1,0,0,1
262,2,2013-05-07,20605,3535,1,0,0,1
262,3,2013-05-08,20465,3562,1,0,0,1
262,4,2013-05-09,34133,5090,1,0,a,1
262,5,2013-05-10,21238,3697,1,0,0,1
262,6,2013-05-11,18241,3473,1,0,0,0
262,7,2013-05-12,29031,4638,1,0,0,0
262,1,2013-05-13,22935,3679,1,1,0,0
262,2,2013-05-14,20422,3102,1,1,0,0
262,3,2013-05-15,19957,3292,1,1,0,0
262,4,2013-05-16,19617,3229,1,1,0,0
262,5,2013-05-17,20882,3906,1,1,0,0
262,6,2013-05-18,19787,3696,1,0,0,0
262,7,2013-05-19,33357,5024,1,0,0,0
262,1,2013-05-20,31157,4823,1,0,a,0
262,2,2013-05-21,20675,3713,1,0,0,0
262,3,2013-05-22,20277,3296,1,0,0,0
262,4,2013-05-23,19012,3171,1,0,0,0
262,5,2013-05-24,19870,3472,1,0,0,0
262,6,2013-05-25,17328,3237,1,0,0,0
262,7,2013-05-26,26695,4121,1,0,0,0
262,1,2013-05-27,22174,3340,1,1,0,0
262,2,2013-05-28,19651,3015,1,1,0,0
262,3,2013-05-29,20397,3279,1,1,0,0
262,4,2013-05-30,20226,3368,1,1,0,0
262,5,2013-05-31,23934,3965,1,1,0,0
262,6,2013-06-01,19346,3375,1,0,0,0
262,7,2013-06-02,30064,4533,1,0,0,0
262,1,2013-06-03,22456,3473,1,1,0,0
262,2,2013-06-04,20700,3243,1,1,0,0
262,3,2013-06-05,19246,3306,1,1,0,0
262,4,2013-06-06,19540,3354,1,1,0,0
262,5,2013-06-07,23580,3851,1,1,0,0
262,6,2013-06-08,18495,3410,1,0,0,0
262,7,2013-06-09,27578,4375,1,0,0,0
262,1,2013-06-10,18479,3303,1,0,0,0
262,2,2013-06-11,16628,2968,1,0,0,0
262,3,2013-06-12,17231,3092,1,0,0,0
262,4,2013-06-13,19263,3295,1,0,0,0
262,5,2013-06-14,20150,3518,1,0,0,0
262,6,2013-06-15,18499,3236,1,0,0,0
262,7,2013-06-16,24198,3879,1,0,0,0
262,1,2013-06-17,21387,3575,1,1,0,0
262,2,2013-06-18,19916,3466,1,1,0,0
262,3,2013-06-19,19979,3644,1,1,0,0
262,4,2013-06-20,23173,3531,1,1,0,1
262,5,2013-06-21,21125,3673,1,1,0,1
262,6,2013-06-22,16969,3285,1,0,0,0
262,7,2013-06-23,29414,4498,1,0,0,0
262,1,2013-06-24,18401,3113,1,0,0,1
262,2,2013-06-25,17398,3095,1,0,0,1
262,3,2013-06-26,17944,3047,1,0,0,1
262,4,2013-06-27,18033,3002,1,0,0,1
262,5,2013-06-28,20333,3558,1,0,0,1
262,6,2013-06-29,18759,3190,1,0,0,0
262,7,2013-06-30,31810,4596,1,0,0,0
262,1,2013-07-01,22448,3472,1,1,0,1
262,2,2013-07-02,19840,3208,1,1,0,1
262,3,2013-07-03,18877,3268,1,1,0,1
262,4,2013-07-04,20904,3321,1,1,0,1
262,5,2013-07-05,20559,3533,1,1,0,1
262,6,2013-07-06,16230,3130,1,0,0,0
262,7,2013-07-07,28075,4566,1,0,0,0
262,1,2013-07-08,17833,3268,1,0,0,1
262,2,2013-07-09,17979,3070,1,0,0,1
262,3,2013-07-10,16455,2923,1,0,0,1
262,4,2013-07-11,15916,2847,1,0,0,1
262,5,2013-07-12,16670,3173,1,0,0,1
262,6,2013-07-13,16446,3108,1,0,0,0
262,7,2013-07-14,30112,4560,1,0,0,0
262,1,2013-07-15,20251,3220,1,1,0,1
262,2,2013-07-16,18642,3082,1,1,0,1
262,3,2013-07-17,18036,2997,1,1,0,1
262,4,2013-07-18,18721,3166,1,1,0,1
262,5,2013-07-19,19699,3430,1,1,0,1
262,6,2013-07-20,17014,3439,1,0,0,0
262,7,2013-07-21,27547,4840,1,0,0,0
262,1,2013-07-22,18258,3461,1,0,0,1
262,2,2013-07-23,16786,3349,1,0,0,1
262,3,2013-07-24,16635,3065,1,0,0,1
262,4,2013-07-25,17451,3140,1,0,0,1
262,5,2013-07-26,18823,3552,1,0,0,1
262,6,2013-07-27,16600,3335,1,0,0,0
262,7,2013-07-28,28107,4747,1,0,0,0
262,1,2013-07-29,22661,3699,1,1,0,1
262,2,2013-07-30,21136,3418,1,1,0,1
262,3,2013-07-31,21140,3516,1,1,0,1
262,4,2013-08-01,21068,3757,1,1,0,0
262,5,2013-08-02,23276,4560,1,1,0,0
262,6,2013-08-03,20319,4201,1,0,0,0
262,7,2013-08-04,32252,5112,1,0,0,0
262,1,2013-08-05,18220,3597,1,0,0,0
262,2,2013-08-06,17947,3219,1,0,0,0
262,3,2013-08-07,16481,3150,1,0,0,0
262,4,2013-08-08,16571,3030,1,0,0,0
262,5,2013-08-09,18300,3399,1,0,0,0
262,6,2013-08-10,16958,3263,1,0,0,0
262,7,2013-08-11,29977,4549,1,0,0,0
262,1,2013-08-12,23096,3452,1,1,0,0
262,2,2013-08-13,20216,3214,1,1,0,0
262,3,2013-08-14,19875,3304,1,1,0,0
262,4,2013-08-15,18969,3280,1,1,0,0
262,5,2013-08-16,20644,3813,1,1,0,0
262,6,2013-08-17,16942,3444,1,0,0,0
262,7,2013-08-18,29526,4855,1,0,0,0
262,1,2013-08-19,18204,3294,1,0,0,0
262,2,2013-08-20,16369,2942,1,0,0,0
262,3,2013-08-21,14993,2818,1,0,0,0
262,4,2013-08-22,16322,2903,1,0,0,0
262,5,2013-08-23,17864,3354,1,0,0,0
262,6,2013-08-24,16895,3407,1,0,0,0
262,7,2013-08-25,26015,4453,1,0,0,0
262,1,2013-08-26,20557,3329,1,1,0,0
262,2,2013-08-27,19737,3013,1,1,0,0
262,3,2013-08-28,18477,3116,1,1,0,0
262,4,2013-08-29,19695,3238,1,1,0,0
262,5,2013-08-30,23562,3912,1,1,0,0
262,6,2013-08-31,19229,3650,1,0,0,0
262,7,2013-09-01,32926,5145,1,0,0,0
262,1,2013-09-02,20359,3440,1,0,0,0
262,2,2013-09-03,17846,2945,1,0,0,0
262,3,2013-09-04,17708,2929,1,0,0,0
262,4,2013-09-05,18722,2914,1,0,0,0
262,5,2013-09-06,17526,3496,1,0,0,0
262,6,2013-09-07,15240,3171,1,0,0,0
262,7,2013-09-08,29873,4515,1,0,0,0
262,1,2013-09-09,24792,3694,1,1,0,0
262,2,2013-09-10,20491,3230,1,1,0,0
262,3,2013-09-11,20195,3177,1,1,0,0
262,4,2013-09-12,19632,3097,1,1,0,0
262,5,2013-09-13,20289,3499,1,1,0,0
262,6,2013-09-14,18205,3348,1,0,0,0
262,7,2013-09-15,28155,4403,1,0,0,0
262,1,2013-09-16,18848,3230,1,0,0,0
262,2,2013-09-17,16206,2841,1,0,0,0
262,3,2013-09-18,16048,2898,1,0,0,0
262,4,2013-09-19,15744,2876,1,0,0,0
262,5,2013-09-20,18532,3327,1,0,0,0
262,6,2013-09-21,14873,2927,1,0,0,0
262,7,2013-09-22,25985,4019,1,0,0,0
262,1,2013-09-23,18978,3134,1,1,0,0
262,2,2013-09-24,17880,3082,1,1,0,0
262,3,2013-09-25,17578,3065,1,1,0,0
262,4,2013-09-26,18811,3107,1,1,0,0
262,5,2013-09-27,20232,3448,1,1,0,0
262,6,2013-09-28,16897,3106,1,0,0,0
262,7,2013-09-29,22704,3729,1,0,0,0
262,1,2013-09-30,19279,3239,1,0,0,1
262,2,2013-10-01,18395,2965,1,0,0,1
262,3,2013-10-02,19501,3407,1,0,0,1
262,4,2013-10-03,34369,4925,1,0,a,1
262,5,2013-10-04,20959,3671,1,0,0,1
262,6,2013-10-05,15986,3059,1,0,0,0
262,7,2013-10-06,28800,4390,1,0,0,0
262,1,2013-10-07,21749,3371,1,1,0,1
262,2,2013-10-08,21118,3244,1,1,0,1
262,3,2013-10-09,19969,3154,1,1,0,1
262,4,2013-10-10,19602,3182,1,1,0,1
262,5,2013-10-11,20506,3463,1,1,0,1
262,6,2013-10-12,17076,3117,1,0,0,0
262,7,2013-10-13,29322,4310,1,0,0,0
262,1,2013-10-14,17888,3117,1,0,0,0
262,2,2013-10-15,16483,2878,1,0,0,0
262,3,2013-10-16,17632,3014,1,0,0,0
262,4,2013-10-17,17753,3179,1,0,0,0
262,5,2013-10-18,18767,3377,1,0,0,0
262,6,2013-10-19,15794,2984,1,0,0,0
262,7,2013-10-20,27900,4271,1,0,0,0
262,1,2013-10-21,17791,3074,1,1,0,0
262,2,2013-10-22,17488,2970,1,1,0,0
262,3,2013-10-23,17697,2915,1,1,0,0
262,4,2013-10-24,17036,2995,1,1,0,0
262,5,2013-10-25,19374,3549,1,1,0,0
262,6,2013-10-26,15495,2951,1,0,0,0
262,7,2013-10-27,27372,4394,1,0,0,0
262,1,2013-10-28,18066,3283,1,0,0,0
262,2,2013-10-29,16949,2940,1,0,0,0
262,3,2013-10-30,17428,2931,1,0,0,0
262,4,2013-10-31,19786,3268,1,0,0,0
262,5,2013-11-01,20995,3611,1,0,0,0
262,6,2013-11-02,17936,3466,1,0,0,0
262,7,2013-11-03,23112,3730,1,0,0,0
262,1,2013-11-04,24194,3725,1,1,0,0
262,2,2013-11-05,21349,3142,1,1,0,0
262,3,2013-11-06,22016,3214,1,1,0,0
262,4,2013-11-07,18637,3000,1,1,0,0
262,5,2013-11-08,20955,3611,1,1,0,0
262,6,2013-11-09,17132,3056,1,0,0,0
262,7,2013-11-10,27797,4298,1,0,0,0
262,1,2013-11-11,17151,2923,1,0,0,0
262,2,2013-11-12,16268,2909,1,0,0,0
262,3,2013-11-13,15084,2717,1,0,0,0
262,4,2013-11-14,15922,2819,1,0,0,0
262,5,2013-11-15,17827,3298,1,0,0,0
262,6,2013-11-16,15740,2926,1,0,0,0
262,7,2013-11-17,26878,4053,1,0,0,0
262,1,2013-11-18,20520,3016,1,1,0,0
262,2,2013-11-19,18557,2874,1,1,0,0
262,3,2013-11-20,19409,2973,1,1,0,0
262,4,2013-11-21,18752,3016,1,1,0,0
262,5,2013-11-22,20664,3488,1,1,0,0
262,6,2013-11-23,15677,3003,1,0,0,0
262,7,2013-11-24,28215,4249,1,0,0,0
262,1,2013-11-25,17607,2914,1,0,0,0
262,2,2013-11-26,16598,2768,1,0,0,0
262,3,2013-11-27,17515,2871,1,0,0,0
262,4,2013-11-28,18502,3064,1,0,0,0
262,5,2013-11-29,24384,3944,1,0,0,0
262,6,2013-11-30,23457,3878,1,0,0,0
262,7,2013-12-01,34904,4894,1,0,0,0
262,1,2013-12-02,24820,3600,1,1,0,0
262,2,2013-12-03,23095,3445,1,1,0,0
262,3,2013-12-04,23766,3448,1,1,0,0
262,4,2013-12-05,24264,3375,1,1,0,0
262,5,2013-12-06,22502,3407,1,1,0,0
262,6,2013-12-07,21302,3735,1,0,0,0
262,7,2013-12-08,31393,4630,1,0,0,0
262,1,2013-12-09,20249,3303,1,0,0,0
262,2,2013-12-10,17486,2988,1,0,0,0
262,3,2013-12-11,18905,3077,1,0,0,0
262,4,2013-12-12,18783,3065,1,0,0,0
262,5,2013-12-13,21470,3538,1,0,0,0
262,6,2013-12-14,21404,3747,1,0,0,0
262,7,2013-12-15,32058,4609,1,0,0,0
262,1,2013-12-16,25995,3734,1,1,0,0
262,2,2013-12-17,24603,3544,1,1,0,0
262,3,2013-12-18,25818,3601,1,1,0,0
262,4,2013-12-19,25076,3754,1,1,0,1
262,5,2013-12-20,26263,3989,1,1,0,1
262,6,2013-12-21,21998,3606,1,0,0,0
262,7,2013-12-22,37376,4916,1,0,0,0
262,1,2013-12-23,28860,4314,1,0,0,1
262,2,2013-12-24,16016,2295,1,0,0,1
262,3,2013-12-25,24245,3445,1,0,c,1
262,4,2013-12-26,28800,3960,1,0,c,1
262,5,2013-12-27,19984,3357,1,0,0,1
262,6,2013-12-28,18048,3128,1,0,0,0
262,7,2013-12-29,31759,4479,1,0,0,0
262,1,2013-12-30,23541,3772,1,0,0,1
262,2,2013-12-31,21502,3155,1,0,0,1
262,3,2014-01-01,19637,3159,1,0,a,1
262,4,2014-01-02,18179,3162,1,0,0,1
262,5,2014-01-03,17037,2927,1,0,0,1
262,6,2014-01-04,15771,2860,1,0,0,0
262,7,2014-01-05,25276,3767,1,0,0,0
262,1,2014-01-06,21127,3160,1,1,0,0
262,2,2014-01-07,18421,2897,1,1,0,0
262,3,2014-01-08,18829,2914,1,1,0,0
262,4,2014-01-09,18674,2825,1,1,0,0
262,5,2014-01-10,21171,3294,1,1,0,0
262,6,2014-01-11,15509,2780,1,0,0,0
262,7,2014-01-12,25125,3872,1,0,0,0
262,1,2014-01-13,16601,2919,1,0,0,0
262,2,2014-01-14,15945,2673,1,0,0,0
262,3,2014-01-15,15727,2758,1,0,0,0
262,4,2014-01-16,15743,2703,1,0,0,0
262,5,2014-01-17,17132,3071,1,0,0,0
262,6,2014-01-18,15557,2907,1,0,0,0
262,7,2014-01-19,25586,3917,1,0,0,0
262,1,2014-01-20,20281,2996,1,1,0,0
262,2,2014-01-21,18743,2844,1,1,0,0
262,3,2014-01-22,18821,2937,1,1,0,0
262,4,2014-01-23,18306,2890,1,1,0,0
262,5,2014-01-24,20217,3322,1,1,0,0
262,6,2014-01-25,15813,2747,1,0,0,0
262,7,2014-01-26,25107,3769,1,0,0,0
262,1,2014-01-27,15433,2742,1,0,0,0
262,2,2014-01-28,16316,2764,1,0,0,0
262,3,2014-01-29,16629,2812,1,0,0,0
262,4,2014-01-30,16634,2880,1,0,0,0
262,5,2014-01-31,20699,3433,1,0,0,0
262,6,2014-02-01,18937,3237,1,0,0,0
262,7,2014-02-02,30507,4381,1,0,0,0
262,1,2014-02-03,23194,3404,1,1,0,0
262,2,2014-02-04,20618,3092,1,1,0,0
262,3,2014-02-05,19773,2992,1,1,0,0
262,4,2014-02-06,18686,2941,1,1,0,0
262,5,2014-02-07,22242,3628,1,1,0,0
262,6,2014-02-08,16745,3121,1,0,0,0
262,7,2014-02-09,27216,4298,1,0,0,0
262,1,2014-02-10,16690,2955,1,0,0,0
262,2,2014-02-11,15394,2672,1,0,0,0
262,3,2014-02-12,15520,2795,1,0,0,0
262,4,2014-02-13,18327,3049,1,0,0,0
262,5,2014-02-14,20474,3601,1,0,0,0
262,6,2014-02-15,15763,3020,1,0,0,0
262,7,2014-02-16,26566,4142,1,0,0,0
262,1,2014-02-17,20106,3156,1,1,0,0
262,2,2014-02-18,19041,3091,1,1,0,0
262,3,2014-02-19,18667,2957,1,1,0,0
262,4,2014-02-20,17228,2836,1,1,0,0
262,5,2014-02-21,21267,3525,1,1,0,0
262,6,2014-02-22,16955,3032,1,0,0,0
262,7,2014-02-23,28356,4320,1,0,0,0
262,1,2014-02-24,15953,2861,1,0,0,0
262,2,2014-02-25,15620,2708,1,0,0,0
262,3,2014-02-26,16506,2807,1,0,0,0
262,4,2014-02-27,15866,2834,1,0,0,0
262,5,2014-02-28,20877,3614,1,0,0,0
262,6,2014-03-01,18362,3397,1,0,0,0
262,7,2014-03-02,31773,4742,1,0,0,0
262,1,2014-03-03,21367,3379,1,1,0,1
262,2,2014-03-04,19911,3112,1,1,0,1
262,3,2014-03-05,20023,3067,1,1,0,1
262,4,2014-03-06,20105,3007,1,1,0,1
262,5,2014-03-07,19574,3511,1,1,0,1
262,6,2014-03-08,16777,3178,1,0,0,0
262,7,2014-03-09,27287,4652,1,0,0,0
262,1,2014-03-10,15319,2934,1,0,0,1
262,2,2014-03-11,15133,2712,1,0,0,1
262,3,2014-03-12,14600,2760,1,0,0,1
262,4,2014-03-13,15328,2758,1,0,0,1
262,5,2014-03-14,18640,3295,1,0,0,1
262,6,2014-03-15,17217,2982,1,0,0,0
262,7,2014-03-16,27345,4352,1,0,0,0
262,1,2014-03-17,20331,3214,1,1,0,0
262,2,2014-03-18,18191,2937,1,1,0,0
262,3,2014-03-19,17467,2938,1,1,0,0
262,4,2014-03-20,16597,2896,1,1,0,0
262,5,2014-03-21,22598,3793,1,1,0,0
262,6,2014-03-22,15749,2980,1,0,0,0
262,7,2014-03-23,26977,4342,1,0,0,0
262,1,2014-03-24,16454,2936,1,0,0,0
262,2,2014-03-25,15542,2730,1,0,0,0
262,3,2014-03-26,15514,2759,1,0,0,0
262,4,2014-03-27,16935,3000,1,0,0,0
262,5,2014-03-28,19327,3359,1,0,0,0
262,6,2014-03-29,16776,3162,1,0,0,0
262,7,2014-03-30,25897,4262,1,0,0,0
262,1,2014-03-31,22545,3443,1,1,0,0
262,2,2014-04-01,21667,3204,1,1,0,0
262,3,2014-04-02,20226,3171,1,1,0,0
262,4,2014-04-03,20429,3250,1,1,0,0
262,5,2014-04-04,26465,4439,1,1,0,0
262,6,2014-04-05,17673,3242,1,0,0,0
262,7,2014-04-06,22624,3837,1,0,0,0
262,1,2014-04-07,17117,3059,1,0,0,0
262,2,2014-04-08,17914,3279,1,0,0,0
262,3,2014-04-09,16936,2985,1,0,0,0
262,4,2014-04-10,17538,3002,1,0,0,0
262,5,2014-04-11,18711,3386,1,0,0,0
262,6,2014-04-12,18964,3436,1,0,0,0
262,7,2014-04-13,30294,4590,1,0,0,0
262,1,2014-04-14,24228,3650,1,1,0,0
262,2,2014-04-15,22526,3580,1,1,0,0
262,3,2014-04-16,22128,3603,1,1,0,0
262,4,2014-04-17,27118,4269,1,1,0,0
262,5,2014-04-18,35909,5063,1,1,b,0
262,6,2014-04-19,20465,3747,1,0,0,0
262,7,2014-04-20,25562,4152,1,0,0,0
262,1,2014-04-21,30848,5028,1,0,b,0
262,2,2014-04-22,18360,3503,1,0,0,0
262,3,2014-04-23,18733,3360,1,0,0,0
262,4,2014-04-24,16872,3032,1,0,0,0
262,5,2014-04-25,17599,3283,1,0,0,0
262,6,2014-04-26,15923,3134,1,0,0,0
262,7,2014-04-27,27641,4440,1,0,0,0
262,1,2014-04-28,20037,3200,1,1,0,1
262,2,2014-04-29,20383,3097,1,1,0,1
262,3,2014-04-30,24578,3815,1,1,0,1
262,4,2014-05-01,34814,4931,1,1,a,1
262,5,2014-05-02,23463,3751,1,1,0,1
262,6,2014-05-03,17376,3334,1,0,0,0
262,7,2014-05-04,28714,4587,1,0,0,0
262,1,2014-05-05,22166,3392,1,1,0,0
262,2,2014-05-06,20709,3161,1,1,0,0
262,3,2014-05-07,20015,3251,1,1,0,0
262,4,2014-05-08,20984,3493,1,1,0,0
262,5,2014-05-09,24389,4119,1,1,0,0
262,6,2014-05-10,22067,4068,1,0,0,0
262,7,2014-05-11,32347,5034,1,0,0,0
262,1,2014-05-12,20323,3531,1,0,0,0
262,2,2014-05-13,17729,3085,1,0,0,0
262,3,2014-05-14,16875,2968,1,0,0,0
262,4,2014-05-15,17479,3141,1,0,0,0
262,5,2014-05-16,18832,3496,1,0,0,0
262,6,2014-05-17,17203,3310,1,0,0,0
262,7,2014-05-18,29485,4639,1,0,0,0
262,1,2014-05-19,21386,3318,1,1,0,0
262,2,2014-05-20,19351,3254,1,1,0,0
262,3,2014-05-21,18857,3413,1,1,0,0
262,4,2014-05-22,18899,3379,1,1,0,0
262,5,2014-05-23,22000,3888,1,1,0,0
262,6,2014-05-24,17103,3354,1,0,0,0
262,7,2014-05-25,28967,4702,1,0,0,0
262,1,2014-05-26,17729,3151,1,0,0,0
262,2,2014-05-27,18466,3019,1,0,0,0
262,3,2014-05-28,21626,3613,1,0,0,0
262,4,2014-05-29,37403,5297,1,0,a,0
262,5,2014-05-30,22340,3774,1,0,0,1
262,6,2014-05-31,19896,3475,1,0,0,0
262,7,2014-06-01,33800,4754,1,0,0,0
262,1,2014-06-02,23636,3606,1,1,0,0
262,2,2014-06-03,20827,3315,1,1,0,0
262,3,2014-06-04,20641,3423,1,1,0,0
262,4,2014-06-05,21536,3499,1,1,0,0
262,5,2014-06-06,23132,3933,1,1,0,0
262,6,2014-06-07,20084,3874,1,0,0,0
262,7,2014-06-08,32605,5014,1,0,0,0
262,1,2014-06-09,34692,5387,1,0,a,0
262,2,2014-06-10,19585,3586,1,0,0,0
262,3,2014-06-11,18495,3161,1,0,0,0
262,4,2014-06-12,17218,3067,1,0,0,0
262,5,2014-06-13,19940,3472,1,0,0,0
262,6,2014-06-14,17441,3125,1,0,0,0
262,7,2014-06-15,27954,4434,1,0,0,0
262,1,2014-06-16,20558,3234,1,1,0,0
262,2,2014-06-17,19567,3226,1,1,0,0
262,3,2014-06-18,19379,3128,1,1,0,0
262,4,2014-06-19,19960,3342,1,1,0,0
262,5,2014-06-20,21053,3659,1,1,0,0
262,6,2014-06-21,16235,2992,1,0,0,0
262,7,2014-06-22,28880,4394,1,0,0,0
262,1,2014-06-23,16750,3048,1,0,0,0
262,2,2014-06-24,16094,2869,1,0,0,0
262,3,2014-06-25,16715,2951,1,0,0,0
262,4,2014-06-26,16815,3007,1,0,0,0
262,5,2014-06-27,21040,3677,1,0,0,0
262,6,2014-06-28,17724,3394,1,0,0,0
262,7,2014-06-29,30026,4551,1,0,0,0
262,1,2014-06-30,23626,3570,1,1,0,0
262,2,2014-07-01,20417,3155,1,1,0,0
262,3,2014-07-02,21443,3248,1,1,0,0
262,4,2014-07-03,20091,3292,1,1,0,0
262,5,2014-07-04,19423,3712,1,1,0,0
262,6,2014-07-05,16993,3358,1,0,0,0
262,7,2014-07-06,24931,4232,1,0,0,0
262,1,2014-07-07,17992,3235,1,0,0,0
262,2,2014-07-08,18950,3311,1,0,0,0
262,3,2014-07-09,16064,3075,1,0,0,0
262,4,2014-07-10,18484,3380,1,0,0,1
262,5,2014-07-11,18930,3525,1,0,0,1
262,6,2014-07-12,18198,3266,1,0,0,0
262,7,2014-07-13,29151,4600,1,0,0,0
262,1,2014-07-14,19150,3161,1,1,0,1
262,2,2014-07-15,18869,3120,1,1,0,1
262,3,2014-07-16,19232,3113,1,1,0,1
262,4,2014-07-17,19423,3200,1,1,0,1
262,5,2014-07-18,20490,3698,1,1,0,1
262,6,2014-07-19,17676,3465,1,0,0,0
262,7,2014-07-20,28213,4914,1,0,0,0
262,1,2014-07-21,17703,3332,1,0,0,1
262,2,2014-07-22,16126,2971,1,0,0,1
262,3,2014-07-23,15432,2911,1,0,0,1
262,4,2014-07-24,16610,3008,1,0,0,1
262,5,2014-07-25,16918,3112,1,0,0,1
262,6,2014-07-26,16226,3148,1,0,0,0
262,7,2014-07-27,27926,4815,1,0,0,0
262,1,2014-07-28,21022,3499,1,1,0,1
262,2,2014-07-29,19386,3326,1,1,0,1
262,3,2014-07-30,18634,3011,1,1,0,1
262,4,2014-07-31,20447,3308,1,1,0,1
262,5,2014-08-01,22336,3786,1,1,0,1
262,6,2014-08-02,19920,4210,1,0,0,0
262,7,2014-08-03,30097,4920,1,0,0,0
262,1,2014-08-04,20103,3449,1,1,0,1
262,2,2014-08-05,19051,3236,1,1,0,1
262,3,2014-08-06,18572,3306,1,1,0,1
262,4,2014-08-07,18946,3288,1,1,0,1
262,5,2014-08-08,20464,3545,1,1,0,1
262,6,2014-08-09,16361,3102,1,0,0,0
262,7,2014-08-10,28108,4517,1,0,0,0
262,1,2014-08-11,17464,3133,1,0,0,1
262,2,2014-08-12,17093,3069,1,0,0,1
262,3,2014-08-13,16041,3043,1,0,0,1
262,4,2014-08-14,17167,3086,1,0,0,1
262,5,2014-08-15,18022,3401,1,0,0,1
262,6,2014-08-16,16867,3269,1,0,0,0
262,7,2014-08-17,30502,4687,1,0,0,0
262,1,2014-08-18,21267,3501,1,1,0,1
262,2,2014-08-19,20582,3375,1,1,0,1
262,3,2014-08-20,19986,3379,1,1,0,1
262,4,2014-08-21,19087,3263,1,1,0,0
262,5,2014-08-22,20505,3640,1,1,0,0
262,6,2014-08-23,16497,3145,1,0,0,0
262,7,2014-08-24,30011,4650,1,0,0,0
262,1,2014-08-25,18466,3183,1,0,0,0
262,2,2014-08-26,17235,3027,1,0,0,0
262,3,2014-08-27,15873,2861,1,0,0,0
262,4,2014-08-28,16427,3102,1,0,0,0
262,5,2014-08-29,20837,3675,1,0,0,0
262,6,2014-08-30,18265,3526,1,0,0,0
262,7,2014-08-31,33913,4821,1,0,0,0
262,1,2014-09-01,21987,3419,1,1,0,0
262,2,2014-09-02,20678,3219,1,1,0,0
262,3,2014-09-03,20249,3239,1,1,0,0
262,4,2014-09-04,19420,3288,1,1,0,0
262,5,2014-09-05,19900,3629,1,1,0,0
262,6,2014-09-06,17236,3343,1,0,0,0
262,7,2014-09-07,29599,4496,1,0,0,0
262,1,2014-09-08,17374,3047,1,0,0,0
262,2,2014-09-09,16566,2993,1,0,0,0
262,3,2014-09-10,16752,2843,1,0,0,0
262,4,2014-09-11,15608,2732,1,0,0,0
262,5,2014-09-12,18228,3188,1,0,0,0
262,6,2014-09-13,16094,2945,1,0,0,0
262,7,2014-09-14,27782,4376,1,0,0,0
262,1,2014-09-15,18869,3096,1,1,0,0
262,2,2014-09-16,17300,2916,1,1,0,0
262,3,2014-09-17,16879,2964,1,1,0,0
262,4,2014-09-18,16660,2857,1,1,0,0
262,5,2014-09-19,19004,3388,1,1,0,0
262,6,2014-09-20,14809,3101,1,0,0,0
262,7,2014-09-21,29777,4477,1,0,0,0
262,1,2014-09-22,17723,3000,1,0,0,0
262,2,2014-09-23,15296,2694,1,0,0,0
262,3,2014-09-24,15992,2850,1,0,0,0
262,4,2014-09-25,15393,2729,1,0,0,0
262,5,2014-09-26,18574,3238,1,0,0,0
262,6,2014-09-27,15865,2893,1,0,0,0
262,7,2014-09-28,21416,3670,1,0,0,0
262,1,2014-09-29,19018,3065,1,1,0,0
262,2,2014-09-30,20874,3169,1,1,0,0
262,3,2014-10-01,21526,3161,1,1,0,0
262,4,2014-10-02,23907,3788,1,1,0,0
262,5,2014-10-03,35702,5494,1,1,a,0
262,6,2014-10-04,19274,3454,1,0,0,0
262,7,2014-10-05,30280,4477,1,0,0,0
262,1,2014-10-06,19610,3253,1,1,0,0
262,2,2014-10-07,19863,3241,1,1,0,0
262,3,2014-10-08,18526,3023,1,1,0,0
262,4,2014-10-09,17986,2980,1,1,0,0
262,5,2014-10-10,20638,3381,1,1,0,0
262,6,2014-10-11,15927,2960,1,0,0,0
262,7,2014-10-12,29434,4331,1,0,0,0
262,1,2014-10-13,17829,2973,1,0,0,1
262,2,2014-10-14,16372,2810,1,0,0,1
262,3,2014-10-15,13431,2255,1,0,0,1
262,4,2014-10-16,17037,2891,1,0,0,1
262,5,2014-10-17,16801,3081,1,0,0,1
262,6,2014-10-18,13210,2320,1,0,0,0
262,7,2014-10-19,24246,3832,1,0,0,0
262,1,2014-10-20,18912,3080,1,1,0,1
262,2,2014-10-21,17329,2912,1,1,0,1
262,3,2014-10-22,18182,2850,1,1,0,1
262,4,2014-10-23,17514,2978,1,1,0,1
262,5,2014-10-24,18357,3153,1,1,0,1
262,6,2014-10-25,15651,2834,1,0,0,0
262,7,2014-10-26,28614,4472,1,0,0,0
262,1,2014-10-27,16559,2931,1,0,0,0
262,2,2014-10-28,16092,2808,1,0,0,0
262,3,2014-10-29,18268,2985,1,0,0,0
262,4,2014-10-30,17539,2972,1,0,0,0
262,5,2014-10-31,19491,3418,1,0,0,0
262,6,2014-11-01,15962,3011,1,0,0,0
262,7,2014-11-02,22090,3745,1,0,0,0
262,1,2014-11-03,21364,3200,1,1,0,0
262,2,2014-11-04,20062,3043,1,1,0,0
262,3,2014-11-05,19415,3018,1,1,0,0
262,4,2014-11-06,16361,2603,1,1,0,0
262,5,2014-11-07,18840,2976,1,1,0,0
262,6,2014-11-08,15203,2522,1,0,0,0
262,7,2014-11-09,27753,3950,1,0,0,0
262,1,2014-11-10,18491,2913,1,1,0,0
262,2,2014-11-11,20055,3018,1,1,0,0
262,3,2014-11-12,18536,2841,1,1,0,0
262,4,2014-11-13,18564,2914,1,1,0,0
262,5,2014-11-14,20765,3477,1,1,0,0
262,6,2014-11-15,16901,3033,1,0,0,0
262,7,2014-11-16,28760,4253,1,0,0,0
262,1,2014-11-17,16966,2887,1,0,0,0
262,2,2014-11-18,17138,2721,1,0,0,0
262,3,2014-11-19,16488,2687,1,0,0,0
262,4,2014-11-20,15942,2763,1,0,0,0
262,5,2014-11-21,18217,3238,1,0,0,0
262,6,2014-11-22,18039,3166,1,0,0,0
262,7,2014-11-23,28544,4436,1,0,0,0
262,1,2014-11-24,20200,3032,1,1,0,0
262,2,2014-11-25,20361,3002,1,1,0,0
262,3,2014-11-26,19915,3021,1,1,0,0
262,4,2014-11-27,20900,3178,1,1,0,0
262,5,2014-11-28,26039,3873,1,1,0,0
262,6,2014-11-29,22892,3644,1,0,0,0
262,7,2014-11-30,36417,4816,1,0,0,0
262,1,2014-12-01,24412,3608,1,1,0,0
262,2,2014-12-02,22569,3295,1,1,0,0
262,3,2014-12-03,22305,3357,1,1,0,0
262,4,2014-12-04,22263,3422,1,1,0,0
262,5,2014-12-05,30428,4378,1,1,0,0
262,6,2014-12-06,21182,3672,1,0,0,0
262,7,2014-12-07,31984,4710,1,0,0,0
262,1,2014-12-08,19465,3137,1,0,0,0
262,2,2014-12-09,18186,2940,1,0,0,0
262,3,2014-12-10,18416,2999,1,0,0,0
262,4,2014-12-11,19006,2992,1,0,0,0
262,5,2014-12-12,20067,3438,1,0,0,0
262,6,2014-12-13,19904,3647,1,0,0,0
262,7,2014-12-14,32854,4628,1,0,0,0
262,1,2014-12-15,25921,3548,1,1,0,0
262,2,2014-12-16,22522,3222,1,1,0,0
262,3,2014-12-17,23615,3545,1,1,0,0
262,4,2014-12-18,24286,3573,1,1,0,0
262,5,2014-12-19,26390,4000,1,1,0,0
262,6,2014-12-20,21965,3794,1,0,0,0
262,7,2014-12-21,37122,4962,1,0,0,0
262,1,2014-12-22,27522,4102,1,0,0,1
262,2,2014-12-23,26646,3937,1,0,0,1
262,3,2014-12-24,18177,2391,1,0,0,1
262,4,2014-12-25,26756,3600,1,0,c,1
262,5,2014-12-26,32169,4468,1,0,c,1
262,6,2014-12-27,20005,3236,1,0,0,0
262,7,2014-12-28,30493,4271,1,0,0,0
262,1,2014-12-29,20254,3371,1,0,0,1
262,2,2014-12-30,21829,3510,1,0,0,1
262,3,2014-12-31,22902,3241,1,0,0,1
262,4,2015-01-01,20581,3166,1,0,a,1
262,5,2015-01-02,17216,2993,1,0,0,1
262,6,2015-01-03,16657,2823,1,0,0,0
262,7,2015-01-04,22058,3527,1,0,0,0
262,1,2015-01-05,19144,3166,1,1,0,1
262,2,2015-01-06,17713,2887,1,1,0,1
262,3,2015-01-07,16582,2640,1,1,0,0
262,4,2015-01-08,17544,2850,1,1,0,0
262,5,2015-01-09,18705,3153,1,1,0,0
262,6,2015-01-10,14057,2462,1,0,0,0
262,7,2015-01-11,24457,3601,1,0,0,0
262,1,2015-01-12,18992,2941,1,1,0,0
262,2,2015-01-13,18856,2955,1,1,0,0
262,3,2015-01-14,18911,2838,1,1,0,0
262,4,2015-01-15,19769,2866,1,1,0,0
262,5,2015-01-16,18929,3177,1,1,0,0
262,6,2015-01-17,15065,2759,1,0,0,0
262,7,2015-01-18,25818,3899,1,0,0,0
262,1,2015-01-19,16291,2730,1,0,0,0
262,2,2015-01-20,15559,2619,1,0,0,0
262,3,2015-01-21,14289,2497,1,0,0,0
262,4,2015-01-22,16267,2723,1,0,0,0
262,5,2015-01-23,17550,2975,1,0,0,0
262,6,2015-01-24,15728,2772,1,0,0,0
262,7,2015-01-25,26094,3849,1,0,0,0
262,1,2015-01-26,18328,2928,1,1,0,0
262,2,2015-01-27,18875,2962,1,1,0,0
262,3,2015-01-28,18425,2838,1,1,0,0
262,4,2015-01-29,19944,3065,1,1,0,0
262,5,2015-01-30,23982,3592,1,1,0,0
262,6,2015-01-31,18412,3061,1,0,0,0
262,7,2015-02-01,30525,4306,1,0,0,0
262,1,2015-02-02,21338,3396,1,1,0,0
262,2,2015-02-03,19825,3133,1,1,0,0
262,3,2015-02-04,19366,2993,1,1,0,0
262,4,2015-02-05,18583,3031,1,1,0,0
262,5,2015-02-06,21317,3393,1,1,0,0
262,6,2015-02-07,17356,3048,1,0,0,0
262,7,2015-02-08,29876,4228,1,0,0,0
262,1,2015-02-09,16713,2972,1,0,0,0
262,2,2015-02-10,15697,2674,1,0,0,0
262,3,2015-02-11,15338,2750,1,0,0,0
262,4,2015-02-12,16435,2764,1,0,0,0
262,5,2015-02-13,19294,3411,1,0,0,0
262,6,2015-02-14,17140,3082,1,0,0,0
262,7,2015-02-15,28798,4362,1,0,0,0
262,1,2015-02-16,20480,3054,1,1,0,0
262,2,2015-02-17,19075,2842,1,1,0,0
262,3,2015-02-18,18617,2875,1,1,0,0
262,4,2015-02-19,18784,2894,1,1,0,0
262,5,2015-02-20,21267,3450,1,1,0,0
262,6,2015-02-21,16591,2933,1,0,0,0
262,7,2015-02-22,27090,4260,1,0,0,0
262,1,2015-02-23,16364,2830,1,0,0,0
262,2,2015-02-24,16061,2737,1,0,0,0
262,3,2015-02-25,15198,2708,1,0,0,0
262,4,2015-02-26,17124,2705,1,0,0,0
262,5,2015-02-27,21481,3497,1,0,0,0
262,6,2015-02-28,18971,3158,1,0,0,0
262,7,2015-03-01,30629,4512,1,0,0,0
262,1,2015-03-02,23082,3320,1,1,0,1
262,2,2015-03-03,19842,2927,1,1,0,1
262,3,2015-03-04,19625,3012,1,1,0,1
262,4,2015-03-05,19875,2980,1,1,0,1
262,5,2015-03-06,21371,3461,1,1,0,1
262,6,2015-03-07,16052,3054,1,0,0,0
262,7,2015-03-08,28230,4668,1,0,0,0
262,1,2015-03-09,17233,2876,1,0,0,1
262,2,2015-03-10,14652,2553,1,0,0,1
262,3,2015-03-11,15289,2587,1,0,0,1
262,4,2015-03-12,15685,2674,1,0,0,1
262,5,2015-03-13,18566,3114,1,0,0,1
262,6,2015-03-14,17133,2941,1,0,0,0
262,7,2015-03-15,28339,4282,1,0,0,0
262,1,2015-03-16,19841,3177,1,1,0,0
262,2,2015-03-17,19416,2979,1,1,0,0
262,3,2015-03-18,18473,2984,1,1,0,0
262,4,2015-03-19,17551,2986,1,1,0,0
262,5,2015-03-20,19779,3322,1,1,0,0
262,6,2015-03-21,16498,2884,1,0,0,0
262,7,2015-03-22,27301,4120,1,0,0,0
262,1,2015-03-23,15888,2841,1,0,0,0
262,2,2015-03-24,14951,2657,1,0,0,0
262,3,2015-03-25,15086,2674,1,0,0,0
262,4,2015-03-26,17519,2794,1,0,0,0
262,5,2015-03-27,19148,3366,1,0,0,0
262,6,2015-03-28,16179,2973,1,0,0,0
262,7,2015-03-29,21140,3493,1,0,0,0
262,1,2015-03-30,23922,3385,1,1,0,0
262,2,2015-03-31,26517,3627,1,1,0,0
262,3,2015-04-01,26738,3596,1,1,0,0
262,4,2015-04-02,30012,4277,1,1,0,0
262,5,2015-04-03,38722,5132,1,1,b,0
262,6,2015-04-04,21933,3458,1,0,0,0
262,7,2015-04-05,28086,4207,1,0,0,0
262,1,2015-04-06,33655,5152,1,0,b,0
262,2,2015-04-07,18938,3375,1,0,0,0
262,3,2015-04-08,19130,3144,1,0,0,0
262,4,2015-04-09,16999,3064,1,0,0,0
262,5,2015-04-10,18324,3281,1,0,0,0
262,6,2015-04-11,16903,3256,1,0,0,0
262,7,2015-04-12,29650,4553,1,0,0,0
262,1,2015-04-13,21650,3228,1,1,0,0
262,2,2015-04-14,19453,2932,1,1,0,0
262,3,2015-04-15,18241,2948,1,1,0,0
262,4,2015-04-16,20430,3092,1,1,0,0
262,5,2015-04-17,23687,3544,1,1,0,0
262,6,2015-04-18,18179,3134,1,0,0,0
262,7,2015-04-19,27077,4248,1,0,0,0
262,1,2015-04-20,16978,2922,1,0,0,0
262,2,2015-04-21,15959,2771,1,0,0,0
262,3,2015-04-22,13738,2507,1,0,0,0
262,4,2015-04-23,18869,2585,1,0,0,0
262,5,2015-04-24,18978,3185,1,0,0,0
262,6,2015-04-25,17406,3206,1,0,0,0
262,7,2015-04-26,28853,4340,1,0,0,0
262,1,2015-04-27,21005,3217,1,1,0,0
262,2,2015-04-28,21331,3087,1,1,0,0
262,3,2015-04-29,19737,3024,1,1,0,0
262,4,2015-04-30,26849,4094,1,1,0,0
262,5,2015-05-01,38484,5458,1,1,a,0
262,6,2015-05-02,20514,3460,1,0,0,0
262,7,2015-05-03,29995,4533,1,0,0,0
262,1,2015-05-04,20832,3308,1,1,0,0
262,2,2015-05-05,18336,2874,1,1,0,0
262,3,2015-05-06,18698,2785,1,1,0,0
262,4,2015-05-07,19438,2982,1,1,0,0
262,5,2015-05-08,19618,3250,1,1,0,0
262,6,2015-05-09,19315,3424,1,0,0,0
262,7,2015-05-10,31527,4729,1,0,0,0
262,1,2015-05-11,18351,3054,1,0,0,1
262,2,2015-05-12,16489,2887,1,0,0,1
262,3,2015-05-13,21861,3450,1,0,0,1
262,4,2015-05-14,38367,5192,1,0,a,1
262,5,2015-05-15,20874,3280,1,0,0,1
262,6,2015-05-16,16189,2915,1,0,0,0
262,7,2015-05-17,29008,4397,1,0,0,0
262,1,2015-05-18,20564,3200,1,1,0,0
262,2,2015-05-19,19036,3114,1,1,0,0
262,3,2015-05-20,18333,2759,1,1,0,0
262,4,2015-05-21,18986,2819,1,1,0,0
262,5,2015-05-22,21944,3513,1,1,0,0
262,6,2015-05-23,18179,3164,1,0,0,0
262,7,2015-05-24,30978,4985,1,0,0,0
262,1,2015-05-25,35159,4989,1,0,a,0
262,2,2015-05-26,19155,3150,1,0,0,0
262,3,2015-05-27,17418,2857,1,0,0,0
262,4,2015-05-28,19820,3152,1,0,0,0
262,5,2015-05-29,21134,3509,1,0,0,0
262,6,2015-05-30,19638,3302,1,0,0,0
262,7,2015-05-31,32400,4668,1,0,0,0
262,1,2015-06-01,23204,3452,1,1,0,0
262,2,2015-06-02,21471,3214,1,1,0,0
262,3,2015-06-03,20177,3139,1,1,0,0
262,4,2015-06-04,20549,3334,1,1,0,0
262,5,2015-06-05,24150,4077,1,1,0,0
262,6,2015-06-06,17016,3252,1,0,0,0
262,7,2015-06-07,29879,4531,1,0,0,0
262,1,2015-06-08,18662,3075,1,0,0,0
262,2,2015-06-09,17643,2973,1,0,0,0
262,3,2015-06-10,16085,2823,1,0,0,0
262,4,2015-06-11,17026,2984,1,0,0,0
262,5,2015-06-12,18592,3553,1,0,0,0
262,6,2015-06-13,18043,3224,1,0,0,0
262,7,2015-06-14,29937,4448,1,0,0,0
262,1,2015-06-15,21022,3227,1,1,0,0
262,2,2015-06-16,19982,2941,1,1,0,0
262,3,2015-06-17,19639,3057,1,1,0,0
262,4,2015-06-18,19724,3202,1,1,0,0
262,5,2015-06-19,20772,3471,1,1,0,0
262,6,2015-06-20,16392,3033,1,0,0,0
262,7,2015-06-21,28187,4335,1,0,0,0
262,1,2015-06-22,18027,3142,1,0,0,0
262,2,2015-06-23,15797,2780,1,0,0,0
262,3,2015-06-24,16249,2780,1,0,0,0
262,4,2015-06-25,15896,2874,1,0,0,0
262,5,2015-06-26,17936,3275,1,0,0,0
262,6,2015-06-27,17864,3084,1,0,0,0
262,7,2015-06-28,28817,4450,1,0,0,0
262,1,2015-06-29,20112,3219,1,1,0,0
262,2,2015-06-30,21554,3319,1,1,0,0
262,3,2015-07-01,21418,3439,1,1,0,0
262,4,2015-07-02,21564,3632,1,1,0,0
262,5,2015-07-03,23253,4051,1,1,0,0
262,6,2015-07-04,17090,3343,1,0,0,0
262,7,2015-07-05,30255,4762,1,0,0,0
262,1,2015-07-06,19894,3290,1,0,0,0
262,2,2015-07-07,17208,3080,1,0,0,0
262,3,2015-07-08,19142,3145,1,0,0,0
262,4,2015-07-09,18631,3114,1,0,0,0
262,5,2015-07-10,20519,3374,1,0,0,0
262,6,2015-07-11,17885,3371,1,0,0,0
262,7,2015-07-12,32271,4623,1,0,0,0
262,1,2015-07-13,22257,3279,1,1,0,0
262,2,2015-07-14,21455,3299,1,1,0,0
262,3,2015-07-15,20977,3150,1,1,0,0
262,4,2015-07-16,21595,3322,1,1,0,1
262,5,2015-07-17,22986,3671,1,1,0,1
262,6,2015-07-18,19042,3188,1,0,0,0
262,7,2015-07-19,31665,4691,1,0,0,0
262,1,2015-07-20,19169,3062,1,0,0,1
262,2,2015-07-21,17836,3024,1,0,0,1
262,3,2015-07-22,17663,2853,1,0,0,1
262,4,2015-07-23,17513,2895,1,0,0,1
262,5,2015-07-24,18985,3273,1,0,0,1
262,6,2015-07-25,17118,2985,1,0,0,0
262,7,2015-07-26,32547,4783,1,0,0,0
262,1,2015-07-27,22185,3150,1,1,0,1
262,2,2015-07-28,22442,3143,1,1,0,1
262,3,2015-07-29,21041,3123,1,1,0,1
262,4,2015-07-30,22253,3132,1,1,0,1
262,5,2015-07-31,25774,3669,1,1,0,1
320,2,2013-01-01,0,0,0,0,a,1
320,3,2013-01-02,14984,2072,1,0,0,1
320,4,2013-01-03,13761,2058,1,0,0,1
320,5,2013-01-04,11653,1738,1,0,0,1
320,6,2013-01-05,12005,1799,1,0,0,0
320,7,2013-01-06,0,0,0,0,0,0
320,1,2013-01-07,20456,2563,1,1,0,0
320,2,2013-01-08,17321,2257,1,1,0,0
320,3,2013-01-09,13538,1861,1,1,0,0
320,4,2013-01-10,15397,2156,1,1,0,0
320,5,2013-01-11,13848,1971,1,1,0,0
320,6,2013-01-12,12141,1812,1,0,0,0
320,7,2013-01-13,0,0,0,0,0,0
320,1,2013-01-14,12068,1901,1,0,0,0
320,2,2013-01-15,11147,1798,1,0,0,0
320,3,2013-01-16,10998,1729,1,0,0,0
320,4,2013-01-17,11595,1879,1,0,0,0
320,5,2013-01-18,11223,1764,1,0,0,0
320,6,2013-01-19,11759,1713,1,0,0,0
320,7,2013-01-20,0,0,0,0,0,0
320,1,2013-01-21,19610,2443,1,1,0,0
320,2,2013-01-22,16120,2166,1,1,0,0
320,3,2013-01-23,12806,1863,1,1,0,0
320,4,2013-01-24,13676,2024,1,1,0,0
320,5,2013-01-25,13605,1970,1,1,0,0
320,6,2013-01-26,10519,1585,1,0,0,0
320,7,2013-01-27,0,0,0,0,0,0
320,1,2013-01-28,11502,1897,1,0,0,0
320,2,2013-01-29,11546,1839,1,0,0,0
320,3,2013-01-30,10945,1647,1,0,0,0
320,4,2013-01-31,15147,2087,1,0,0,0
320,5,2013-02-01,14297,2168,1,0,0,0
320,6,2013-02-02,14919,2146,1,0,0,0
320,7,2013-02-03,0,0,0,0,0,0
320,1,2013-02-04,19209,2485,1,1,0,0
320,2,2013-02-05,16287,2210,1,1,0,0
320,3,2013-02-06,14789,2083,1,1,0,0
320,4,2013-02-07,14434,2142,1,1,0,0
320,5,2013-02-08,13923,1995,1,1,0,0
320,6,2013-02-09,12184,1854,1,0,0,0
320,7,2013-02-10,0,0,0,0,0,0
320,1,2013-02-11,12630,2058,1,0,0,0
320,2,2013-02-12,11377,1743,1,0,0,0
320,3,2013-02-13,11862,1819,1,0,0,0
320,4,2013-02-14,13140,2014,1,0,0,0
320,5,2013-02-15,11650,1831,1,0,0,0
320,6,2013-02-16,11376,1732,1,0,0,0
320,7,2013-02-17,0,0,0,0,0,0
320,1,2013-02-18,19169,2481,1,1,0,0
320,2,2013-02-19,16094,2133,1,1,0,0
320,3,2013-02-20,13651,1863,1,1,0,0
320,4,2013-02-21,14202,1992,1,1,0,0
320,5,2013-02-22,13331,1950,1,1,0,0
320,6,2013-02-23,10063,1590,1,0,0,0
320,7,2013-02-24,0,0,0,0,0,0
320,1,2013-02-25,11634,1909,1,0,0,0
320,2,2013-02-26,11209,1729,1,0,0,0
320,3,2013-02-27,11576,1803,1,0,0,0
320,4,2013-02-28,14878,2102,1,0,0,0
320,5,2013-03-01,14883,2103,1,0,0,0
320,6,2013-03-02,12519,1845,1,0,0,0
320,7,2013-03-03,0,0,0,0,0,0
320,1,2013-03-04,19291,2469,1,1,0,0
320,2,2013-03-05,16723,2265,1,1,0,0
320,3,2013-03-06,14652,2091,1,1,0,0
320,4,2013-03-07,15026,2135,1,1,0,0
320,5,2013-03-08,14030,1980,1,1,0,0
320,6,2013-03-09,10873,1687,1,0,0,0
320,7,2013-03-10,0,0,0,0,0,0
320,1,2013-03-11,8051,1219,1,0,0,0
320,2,2013-03-12,12092,1861,1,0,0,0
320,3,2013-03-13,11089,1724,1,0,0,0
320,4,2013-03-14,13336,1960,1,0,0,0
320,5,2013-03-15,13377,1964,1,0,0,0
320,6,2013-03-16,13003,1794,1,0,0,0
320,7,2013-03-17,0,0,0,0,0,0
320,1,2013-03-18,17614,2131,1,1,0,0
320,2,2013-03-19,16535,2094,1,1,0,0
320,3,2013-03-20,15277,2036,1,1,0,0
320,4,2013-03-21,16337,2199,1,1,0,0
320,5,2013-03-22,15006,2032,1,1,0,0
320,6,2013-03-23,12760,1846,1,0,0,0
320,7,2013-03-24,0,0,0,0,0,0
320,1,2013-03-25,21824,2586,1,1,0,1
320,2,2013-03-26,18180,2375,1,1,0,1
320,3,2013-03-27,18567,2434,1,1,0,1
320,4,2013-03-28,21686,2757,1,1,0,1
320,5,2013-03-29,0,0,0,1,b,1
320,6,2013-03-30,20036,2620,1,0,0,0
320,7,2013-03-31,0,0,0,0,0,0
320,1,2013-04-01,0,0,0,0,b,1
320,2,2013-04-02,16074,2340,1,0,0,1
320,3,2013-04-03,13155,2056,1,0,0,1
320,4,2013-04-04,14418,2079,1,0,0,1
320,5,2013-04-05,12201,1858,1,0,0,1
320,6,2013-04-06,12572,1872,1,0,0,0
320,7,2013-04-07,0,0,0,0,0,0
320,1,2013-04-08,20401,2653,1,1,0,1
320,2,2013-04-09,16851,2239,1,1,0,1
320,3,2013-04-10,13458,1892,1,1,0,0
320,4,2013-04-11,13775,2034,1,1,0,0
320,5,2013-04-12,14274,2091,1,1,0,0
320,6,2013-04-13,11447,1713,1,0,0,0
320,7,2013-04-14,0,0,0,0,0,0
320,1,2013-04-15,11650,1908,1,0,0,0
320,2,2013-04-16,12080,1929,1,0,0,0
320,3,2013-04-17,11188,1848,1,0,0,0
320,4,2013-04-18,11881,1915,1,0,0,0
320,5,2013-04-19,11724,1847,1,0,0,0
320,6,2013-04-20,11423,1765,1,0,0,0
320,7,2013-04-21,0,0,0,0,0,0
320,1,2013-04-22,17224,2296,1,1,0,0
320,2,2013-04-23,16041,2192,1,1,0,0
320,3,2013-04-24,12604,1906,1,1,0,0
320,4,2013-04-25,13505,2014,1,1,0,0
320,5,2013-04-26,13281,1874,1,1,0,0
320,6,2013-04-27,11787,1786,1,0,0,0
320,7,2013-04-28,0,0,0,0,0,0
320,1,2013-04-29,19120,2409,1,1,0,0
320,2,2013-04-30,21844,2679,1,1,0,0
320,3,2013-05-01,0,0,0,1,a,0
320,4,2013-05-02,20454,2649,1,1,0,0
320,5,2013-05-03,16569,2254,1,1,0,0
320,6,2013-05-04,12266,1885,1,0,0,0
320,7,2013-05-05,0,0,0,0,0,0
320,1,2013-05-06,14340,2191,1,0,0,0
320,2,2013-05-07,13867,2075,1,0,0,0
320,3,2013-05-08,14024,2169,1,0,0,0
320,4,2013-05-09,0,0,0,0,a,0
320,5,2013-05-10,15988,2312,1,0,0,1
320,6,2013-05-11,11736,1871,1,0,0,0
320,7,2013-05-12,0,0,0,0,0,0
320,1,2013-05-13,17767,2402,1,1,0,0
320,2,2013-05-14,15638,2178,1,1,0,0
320,3,2013-05-15,14459,2034,1,1,0,0
320,4,2013-05-16,15691,2196,1,1,0,0
320,5,2013-05-17,13535,2026,1,1,0,0
320,6,2013-05-18,12316,1847,1,0,0,0
320,7,2013-05-19,0,0,0,0,0,0
320,1,2013-05-20,0,0,0,0,a,0
320,2,2013-05-21,13619,2124,1,0,0,0
320,3,2013-05-22,11309,1730,1,0,0,0
320,4,2013-05-23,12692,1998,1,0,0,0
320,5,2013-05-24,11789,1822,1,0,0,0
320,6,2013-05-25,9749,1433,1,0,0,0
320,7,2013-05-26,0,0,0,0,0,0
320,1,2013-05-27,18535,2410,1,1,0,0
320,2,2013-05-28,15973,2168,1,1,0,0
320,3,2013-05-29,14538,2050,1,1,0,0
320,4,2013-05-30,15818,2220,1,1,0,0
320,5,2013-05-31,18771,2440,1,1,0,0
320,6,2013-06-01,12496,1823,1,0,0,0
320,7,2013-06-02,0,0,0,0,0,0
320,1,2013-06-03,18518,2398,1,1,0,0
320,2,2013-06-04,16048,2255,1,1,0,0
320,3,2013-06-05,15003,2048,1,1,0,0
320,4,2013-06-06,15090,2245,1,1,0,0
320,5,2013-06-07,14266,2079,1,1,0,0
320,6,2013-06-08,12295,1779,1,0,0,0
320,7,2013-06-09,0,0,0,0,0,0
320,1,2013-06-10,14250,2068,1,0,0,0
320,2,2013-06-11,12426,1947,1,0,0,0
320,3,2013-06-12,11254,1811,1,0,0,0
320,4,2013-06-13,13115,1976,1,0,0,0
320,5,2013-06-14,12949,1914,1,0,0,0
320,6,2013-06-15,12537,1812,1,0,0,0
320,7,2013-06-16,0,0,0,0,0,0
320,1,2013-06-17,19478,2501,1,1,0,0
320,2,2013-06-18,16920,2260,1,1,0,0
320,3,2013-06-19,13391,1894,1,1,0,0
320,4,2013-06-20,14359,2045,1,1,0,0
320,5,2013-06-21,16704,2340,1,1,0,0
320,6,2013-06-22,11462,1729,1,0,0,0
320,7,2013-06-23,0,0,0,0,0,0
320,1,2013-06-24,13995,1960,1,0,0,1
320,2,2013-06-25,11596,1780,1,0,0,1
320,3,2013-06-26,11660,1729,1,0,0,1
320,4,2013-06-27,12883,1882,1,0,0,1
320,5,2013-06-28,15563,2068,1,0,0,1
320,6,2013-06-29,12837,1789,1,0,0,0
320,7,2013-06-30,0,0,0,0,0,0
320,1,2013-07-01,21102,2569,1,1,0,1
320,2,2013-07-02,17622,2297,1,1,0,1
320,3,2013-07-03,15069,2078,1,1,0,1
320,4,2013-07-04,15079,2100,1,1,0,1
320,5,2013-07-05,14589,2003,1,1,0,1
320,6,2013-07-06,10272,1477,1,0,0,0
320,7,2013-07-07,0,0,0,0,0,0
320,1,2013-07-08,13368,1911,1,0,0,1
320,2,2013-07-09,11907,1825,1,0,0,1
320,3,2013-07-10,11887,1822,1,0,0,1
320,4,2013-07-11,12038,1749,1,0,0,1
320,5,2013-07-12,12187,1767,1,0,0,1
320,6,2013-07-13,10904,1567,1,0,0,0
320,7,2013-07-14,0,0,0,0,0,0
320,1,2013-07-15,20570,2502,1,1,0,1
320,2,2013-07-16,16876,2110,1,1,0,1
320,3,2013-07-17,13857,1854,1,1,0,1
320,4,2013-07-18,13655,1905,1,1,0,1
320,5,2013-07-19,13062,1847,1,1,0,1
320,6,2013-07-20,9808,1450,1,0,0,0
320,7,2013-07-21,0,0,0,0,0,0
320,1,2013-07-22,11456,1748,1,0,0,1
320,2,2013-07-23,10323,1638,1,0,0,1
320,3,2013-07-24,10323,1582,1,0,0,1
320,4,2013-07-25,11548,1792,1,0,0,1
320,5,2013-07-26,9807,1545,1,0,0,1
320,6,2013-07-27,8470,1336,1,0,0,0
320,7,2013-07-28,0,0,0,0,0,0
320,1,2013-07-29,20704,2520,1,1,0,1
320,2,2013-07-30,18295,2295,1,1,0,1
320,3,2013-07-31,20976,2642,1,1,0,1
320,4,2013-08-01,18994,2538,1,1,0,1
320,5,2013-08-02,15271,2030,1,1,0,1
320,6,2013-08-03,12696,1791,1,0,0,0
320,7,2013-08-04,0,0,0,0,0,0
320,1,2013-08-05,16324,2478,1,0,0,0
320,2,2013-08-06,14731,2277,1,0,0,0
320,3,2013-08-07,13345,2084,1,0,0,0
320,4,2013-08-08,13830,2087,1,0,0,0
320,5,2013-08-09,11865,1946,1,0,0,0
320,6,2013-08-10,11910,1868,1,0,0,0
320,7,2013-08-11,0,0,0,0,0,0
320,1,2013-08-12,21484,2770,1,1,0,0
320,2,2013-08-13,17174,2442,1,1,0,0
320,3,2013-08-14,16687,2332,1,1,0,0
320,4,2013-08-15,15857,2385,1,1,0,0
320,5,2013-08-16,14717,2142,1,1,0,0
320,6,2013-08-17,11806,1794,1,0,0,0
320,7,2013-08-18,0,0,0,0,0,0
320,1,2013-08-19,13510,2098,1,0,0,0
320,2,2013-08-20,12379,1970,1,0,0,0
320,3,2013-08-21,11476,1824,1,0,0,0
320,4,2013-08-22,11967,1955,1,0,0,0
320,5,2013-08-23,11176,1815,1,0,0,0
320,6,2013-08-24,10388,1593,1,0,0,0
320,7,2013-08-25,0,0,0,0,0,0
320,1,2013-08-26,15740,1884,1,1,0,0
320,2,2013-08-27,16894,2190,1,1,0,0
320,3,2013-08-28,13805,2026,1,1,0,0
320,4,2013-08-29,16071,2222,1,1,0,0
320,5,2013-08-30,18070,2290,1,1,0,0
320,6,2013-08-31,13059,1911,1,0,0,0
320,7,2013-09-01,0,0,0,0,0,0
320,1,2013-09-02,14267,2051,1,0,0,0
320,2,2013-09-03,13111,2051,1,0,0,0
320,3,2013-09-04,12626,1911,1,0,0,0
320,4,2013-09-05,12868,1964,1,0,0,0
320,5,2013-09-06,11867,1934,1,0,0,0
320,6,2013-09-07,11788,1778,1,0,0,0
320,7,2013-09-08,0,0,0,0,0,0
320,1,2013-09-09,17758,2243,1,1,0,0
320,2,2013-09-10,17486,2266,1,1,0,0
320,3,2013-09-11,15877,2203,1,1,0,0
320,4,2013-09-12,16427,2280,1,1,0,0
320,5,2013-09-13,14847,2104,1,1,0,0
320,6,2013-09-14,12045,1837,1,0,0,0
320,7,2013-09-15,0,0,0,0,0,0
320,1,2013-09-16,12599,1979,1,0,0,0
320,2,2013-09-17,11986,1878,1,0,0,0
320,3,2013-09-18,10941,1761,1,0,0,0
320,4,2013-09-19,11221,1848,1,0,0,0
320,5,2013-09-20,11636,1831,1,0,0,0
320,6,2013-09-21,11496,1747,1,0,0,0
320,7,2013-09-22,0,0,0,0,0,0
320,1,2013-09-23,16719,2201,1,1,0,0
320,2,2013-09-24,15548,2074,1,1,0,0
320,3,2013-09-25,13278,1863,1,1,0,0
320,4,2013-09-26,14425,2077,1,1,0,0
320,5,2013-09-27,14247,1985,1,1,0,0
320,6,2013-09-28,12403,1814,1,0,0,0
320,7,2013-09-29,0,0,0,0,0,0
320,1,2013-09-30,16031,2258,1,0,0,0
320,2,2013-10-01,14951,2201,1,0,0,0
320,3,2013-10-02,14926,2164,1,0,0,0
320,4,2013-10-03,0,0,0,0,a,0
320,5,2013-10-04,17078,2406,1,0,0,1
320,6,2013-10-05,12366,1843,1,0,0,0
320,7,2013-10-06,0,0,0,0,0,0
320,1,2013-10-07,19222,2417,1,1,0,1
320,2,2013-10-08,16542,2161,1,1,0,1
320,3,2013-10-09,13738,1890,1,1,0,1
320,4,2013-10-10,14239,2020,1,1,0,1
320,5,2013-10-11,14150,1959,1,1,0,1
320,6,2013-10-12,10014,1539,1,0,0,0
320,7,2013-10-13,0,0,0,0,0,0
320,1,2013-10-14,14492,2029,1,0,0,1
320,2,2013-10-15,11075,1720,1,0,0,1
320,3,2013-10-16,11764,1806,1,0,0,1
320,4,2013-10-17,11005,1683,1,0,0,1
320,5,2013-10-18,11467,1831,1,0,0,1
320,6,2013-10-19,11309,1688,1,0,0,0
320,7,2013-10-20,0,0,0,0,0,0
320,1,2013-10-21,17975,2357,1,1,0,0
320,2,2013-10-22,15445,2175,1,1,0,0
320,3,2013-10-23,13917,1951,1,1,0,0
320,4,2013-10-24,13993,2078,1,1,0,0
320,5,2013-10-25,13205,1970,1,1,0,0
320,6,2013-10-26,11773,1842,1,0,0,0
320,7,2013-10-27,0,0,0,0,0,0
320,1,2013-10-28,11325,1737,1,0,0,0
320,2,2013-10-29,12574,1975,1,0,0,0
320,3,2013-10-30,13681,2056,1,0,0,0
320,4,2013-10-31,15925,2335,1,0,0,0
320,5,2013-11-01,15146,2164,1,0,0,0
320,6,2013-11-02,12948,1893,1,0,0,0
320,7,2013-11-03,0,0,0,0,0,0
320,1,2013-11-04,16395,2071,1,1,0,0
320,2,2013-11-05,18620,2502,1,1,0,0
320,3,2013-11-06,16369,2136,1,1,0,0
320,4,2013-11-07,15506,2201,1,1,0,0
320,5,2013-11-08,15523,2192,1,1,0,0
320,6,2013-11-09,12580,1828,1,0,0,0
320,7,2013-11-10,0,0,0,0,0,0
320,1,2013-11-11,13821,2099,1,0,0,0
320,2,2013-11-12,12464,1947,1,0,0,0
320,3,2013-11-13,12056,1904,1,0,0,0
320,4,2013-11-14,13804,2085,1,0,0,0
320,5,2013-11-15,12915,1933,1,0,0,0
320,6,2013-11-16,13429,1999,1,0,0,0
320,7,2013-11-17,0,0,0,0,0,0
320,1,2013-11-18,21349,2587,1,1,0,0
320,2,2013-11-19,17560,2316,1,1,0,0
320,3,2013-11-20,15794,2177,1,1,0,0
320,4,2013-11-21,14897,2131,1,1,0,0
320,5,2013-11-22,14588,2092,1,1,0,0
320,6,2013-11-23,13605,1909,1,0,0,0
320,7,2013-11-24,0,0,0,0,0,0
320,1,2013-11-25,16193,2289,1,0,0,0
320,2,2013-11-26,15173,2147,1,0,0,0
320,3,2013-11-27,14063,2095,1,0,0,0
320,4,2013-11-28,17160,2313,1,0,0,0
320,5,2013-11-29,22108,2861,1,0,0,0
320,6,2013-11-30,21852,2828,1,0,0,0
320,7,2013-12-01,0,0,0,0,0,0
320,1,2013-12-02,28564,3182,1,1,0,0
320,2,2013-12-03,23974,2836,1,1,0,0
320,3,2013-12-04,21122,2624,1,1,0,0
320,4,2013-12-05,18000,2076,1,1,0,0
320,5,2013-12-06,15403,1980,1,1,0,0
320,6,2013-12-07,16826,2391,1,0,0,0
320,7,2013-12-08,0,0,0,0,0,0
320,1,2013-12-09,17865,2461,1,0,0,0
320,2,2013-12-10,17447,2456,1,0,0,0
320,3,2013-12-11,17097,2427,1,0,0,0
320,4,2013-12-12,17607,2483,1,0,0,0
320,5,2013-12-13,17619,2392,1,0,0,0
320,6,2013-12-14,18806,2507,1,0,0,0
320,7,2013-12-15,0,0,0,0,0,0
320,1,2013-12-16,31269,3326,1,1,0,0
320,2,2013-12-17,26726,3175,1,1,0,0
320,3,2013-12-18,24863,3033,1,1,0,0
320,4,2013-12-19,23020,2908,1,1,0,0
320,5,2013-12-20,24586,3099,1,1,0,0
320,6,2013-12-21,21297,2846,1,0,0,0
320,7,2013-12-22,0,0,0,0,0,0
320,1,2013-12-23,28278,3507,1,0,0,1
320,2,2013-12-24,6896,877,1,0,0,1
320,3,2013-12-25,0,0,0,0,c,1
320,4,2013-12-26,0,0,0,0,c,1
320,5,2013-12-27,17019,2349,1,0,0,1
320,6,2013-12-28,14715,2054,1,0,0,0
320,7,2013-12-29,0,0,0,0,0,0
320,1,2013-12-30,21625,2839,1,0,0,1
320,2,2013-12-31,6934,973,1,0,0,1
320,3,2014-01-01,0,0,0,0,a,1
320,4,2014-01-02,14714,1987,1,0,0,1
320,5,2014-01-03,13677,1997,1,0,0,1
320,6,2014-01-04,11488,1706,1,0,0,0
320,7,2014-01-05,0,0,0,0,0,0
320,1,2014-01-06,21400,2546,1,1,0,1
320,2,2014-01-07,18377,2350,1,1,0,0
320,3,2014-01-08,14136,1976,1,1,0,0
320,4,2014-01-09,15134,2096,1,1,0,0
320,5,2014-01-10,14342,1995,1,1,0,0
320,6,2014-01-11,11162,1686,1,0,0,0
320,7,2014-01-12,0,0,0,0,0,0
320,1,2014-01-13,12369,1822,1,0,0,0
320,2,2014-01-14,12330,1892,1,0,0,0
320,3,2014-01-15,11632,1768,1,0,0,0
320,4,2014-01-16,11521,1736,1,0,0,0
320,5,2014-01-17,11765,1856,1,0,0,0
320,6,2014-01-18,12467,1814,1,0,0,0
320,7,2014-01-19,0,0,0,0,0,0
320,1,2014-01-20,18792,2351,1,1,0,0
320,2,2014-01-21,15087,1975,1,1,0,0
320,3,2014-01-22,14917,1999,1,1,0,0
320,4,2014-01-23,15113,2067,1,1,0,0
320,5,2014-01-24,14788,2020,1,1,0,0
320,6,2014-01-25,11274,1612,1,0,0,0
320,7,2014-01-26,0,0,0,0,0,0
320,1,2014-01-27,11277,1812,1,0,0,0
320,2,2014-01-28,11424,1853,1,0,0,0
320,3,2014-01-29,11442,1727,1,0,0,0
320,4,2014-01-30,13211,1850,1,0,0,0
320,5,2014-01-31,16576,2250,1,0,0,0
320,6,2014-02-01,13804,1836,1,0,0,0
320,7,2014-02-02,0,0,0,0,0,0
320,1,2014-02-03,21793,2672,1,1,0,0
320,2,2014-02-04,18675,2425,1,1,0,0
320,3,2014-02-05,16967,2153,1,1,0,0
320,4,2014-02-06,15054,2123,1,1,0,0
320,5,2014-02-07,13793,1895,1,1,0,0
320,6,2014-02-08,12326,1789,1,0,0,0
320,7,2014-02-09,0,0,0,0,0,0
320,1,2014-02-10,13900,2112,1,0,0,0
320,2,2014-02-11,12198,1893,1,0,0,0
320,3,2014-02-12,12334,1908,1,0,0,0
320,4,2014-02-13,13063,2003,1,0,0,0
320,5,2014-02-14,13530,2021,1,0,0,0
320,6,2014-02-15,12402,1874,1,0,0,0
320,7,2014-02-16,0,0,0,0,0,0
320,1,2014-02-17,20488,2577,1,1,0,0
320,2,2014-02-18,16463,2205,1,1,0,0
320,3,2014-02-19,13044,1889,1,1,0,0
320,4,2014-02-20,15395,2185,1,1,0,0
320,5,2014-02-21,13376,1943,1,1,0,0
320,6,2014-02-22,11638,1716,1,0,0,0
320,7,2014-02-23,0,0,0,0,0,0
320,1,2014-02-24,12140,1928,1,0,0,0
320,2,2014-02-25,11366,1869,1,0,0,0
320,3,2014-02-26,11091,1755,1,0,0,0
320,4,2014-02-27,13657,1985,1,0,0,0
320,5,2014-02-28,14777,2004,1,0,0,0
320,6,2014-03-01,13867,1928,1,0,0,0
320,7,2014-03-02,0,0,0,0,0,0
320,1,2014-03-03,20227,2610,1,1,0,0
320,2,2014-03-04,17470,2364,1,1,0,0
320,3,2014-03-05,15967,2135,1,1,0,0
320,4,2014-03-06,15774,2168,1,1,0,0
320,5,2014-03-07,13902,2090,1,1,0,0
320,6,2014-03-08,11950,1816,1,0,0,0
320,7,2014-03-09,0,0,0,0,0,0
320,1,2014-03-10,12888,2011,1,0,0,0
320,2,2014-03-11,12666,1908,1,0,0,0
320,3,2014-03-12,11119,1767,1,0,0,0
320,4,2014-03-13,11473,1828,1,0,0,0
320,5,2014-03-14,11911,1858,1,0,0,0
320,6,2014-03-15,11072,1569,1,0,0,0
320,7,2014-03-16,0,0,0,0,0,0
320,1,2014-03-17,17844,2348,1,1,0,0
320,2,2014-03-18,15681,2145,1,1,0,0
320,3,2014-03-19,13559,1923,1,1,0,0
320,4,2014-03-20,13776,2015,1,1,0,0
320,5,2014-03-21,12190,1778,1,1,0,0
320,6,2014-03-22,11378,1666,1,0,0,0
320,7,2014-03-23,0,0,0,0,0,0
320,1,2014-03-24,12636,1932,1,0,0,0
320,2,2014-03-25,12074,1821,1,0,0,0
320,3,2014-03-26,10934,1725,1,0,0,0
320,4,2014-03-27,12409,1839,1,0,0,0
320,5,2014-03-28,12626,1785,1,0,0,0
320,6,2014-03-29,12389,1831,1,0,0,0
320,7,2014-03-30,0,0,0,0,0,0
320,1,2014-03-31,21885,2562,1,1,0,0
320,2,2014-04-01,18285,2346,1,1,0,0
320,3,2014-04-02,15935,2168,1,1,0,0
320,4,2014-04-03,16993,2209,1,1,0,0
320,5,2014-04-04,15141,2048,1,1,0,0
320,6,2014-04-05,11866,1700,1,0,0,0
320,7,2014-04-06,0,0,0,0,0,0
320,1,2014-04-07,13861,2071,1,0,0,0
320,2,2014-04-08,12379,1904,1,0,0,0
320,3,2014-04-09,12736,1965,1,0,0,0
320,4,2014-04-10,13266,1993,1,0,0,0
320,5,2014-04-11,12809,1938,1,0,0,0
320,6,2014-04-12,12998,1879,1,0,0,0
320,7,2014-04-13,0,0,0,0,0,0
320,1,2014-04-14,22193,2664,1,1,0,0
320,2,2014-04-15,21247,2677,1,1,0,0
320,3,2014-04-16,18341,2391,1,1,0,1
320,4,2014-04-17,19280,2547,1,1,0,1
320,5,2014-04-18,0,0,0,1,b,1
320,6,2014-04-19,15992,2195,1,0,0,0
320,7,2014-04-20,0,0,0,0,0,0
320,1,2014-04-21,0,0,0,0,b,1
320,2,2014-04-22,13193,1993,1,0,0,1
320,3,2014-04-23,11568,1751,1,0,0,1
320,4,2014-04-24,11729,1819,1,0,0,1
320,5,2014-04-25,10810,1663,1,0,0,1
320,6,2014-04-26,9999,1497,1,0,0,0
320,7,2014-04-27,0,0,0,0,0,0
320,1,2014-04-28,18765,2391,1,1,0,1
320,2,2014-04-29,17121,2257,1,1,0,1
320,3,2014-04-30,19623,2501,1,1,0,1
320,4,2014-05-01,0,0,0,1,a,1
320,5,2014-05-02,22237,2649,1,1,0,1
320,6,2014-05-03,12381,1820,1,0,0,0
320,7,2014-05-04,0,0,0,0,0,0
320,1,2014-05-05,21287,2613,1,1,0,0
320,2,2014-05-06,18079,2417,1,1,0,0
320,3,2014-05-07,15606,2132,1,1,0,0
320,4,2014-05-08,14546,2037,1,1,0,0
320,5,2014-05-09,15238,2091,1,1,0,0
320,6,2014-05-10,12952,1971,1,0,0,0
320,7,2014-05-11,0,0,0,0,0,0
320,1,2014-05-12,12533,2009,1,0,0,0
320,2,2014-05-13,13022,2000,1,0,0,0
320,3,2014-05-14,13203,1911,1,0,0,0
320,4,2014-05-15,13258,1976,1,0,0,0
320,5,2014-05-16,12370,1874,1,0,0,0
320,6,2014-05-17,10985,1735,1,0,0,0
320,7,2014-05-18,0,0,0,0,0,0
320,1,2014-05-19,19108,2428,1,1,0,0
320,2,2014-05-20,15889,2226,1,1,0,0
320,3,2014-05-21,13195,1900,1,1,0,0
320,4,2014-05-22,13356,2109,1,1,0,0
320,5,2014-05-23,14090,2202,1,1,0,0
320,6,2014-05-24,12147,2219,1,0,0,0
320,7,2014-05-25,0,0,0,0,0,0
320,1,2014-05-26,12935,1961,1,0,0,0
320,2,2014-05-27,12767,1890,1,0,0,0
320,3,2014-05-28,14442,2029,1,0,0,0
320,4,2014-05-29,0,0,0,0,a,0
320,5,2014-05-30,20005,2582,1,0,0,1
320,6,2014-05-31,13310,1874,1,0,0,0
320,7,2014-06-01,0,0,0,0,0,0
320,1,2014-06-02,22371,2700,1,1,0,0
320,2,2014-06-03,18355,2372,1,1,0,0
320,3,2014-06-04,16071,2164,1,1,0,0
320,4,2014-06-05,16141,2154,1,1,0,0
320,5,2014-06-06,16655,2271,1,1,0,0
320,6,2014-06-07,13314,1822,1,0,0,0
320,7,2014-06-08,0,0,0,0,0,0
320,1,2014-06-09,0,0,0,0,a,0
320,2,2014-06-10,15665,2342,1,0,0,0
320,3,2014-06-11,13062,1954,1,0,0,0
320,4,2014-06-12,14065,2056,1,0,0,0
320,5,2014-06-13,13024,1948,1,0,0,0
320,6,2014-06-14,11721,1760,1,0,0,0
320,7,2014-06-15,0,0,0,0,0,0
320,1,2014-06-16,19159,2341,1,1,0,0
320,2,2014-06-17,17430,2259,1,1,0,0
320,3,2014-06-18,15185,2083,1,1,0,0
320,4,2014-06-19,14795,2120,1,1,0,0
320,5,2014-06-20,14694,2084,1,1,0,0
320,6,2014-06-21,10627,1568,1,0,0,0
320,7,2014-06-22,0,0,0,0,0,0
320,1,2014-06-23,13542,2005,1,0,0,0
320,2,2014-06-24,11637,1866,1,0,0,0
320,3,2014-06-25,11814,1810,1,0,0,0
320,4,2014-06-26,11208,1710,1,0,0,0
320,5,2014-06-27,12614,1858,1,0,0,0
320,6,2014-06-28,11787,1701,1,0,0,0
320,7,2014-06-29,0,0,0,0,0,0
320,1,2014-06-30,21425,2541,1,1,0,0
320,2,2014-07-01,19298,2474,1,1,0,0
320,3,2014-07-02,17164,2238,1,1,0,0
320,4,2014-07-03,16948,2326,1,1,0,0
320,5,2014-07-04,13068,1903,1,1,0,0
320,6,2014-07-05,10989,1649,1,0,0,0
320,7,2014-07-06,0,0,0,0,0,0
320,1,2014-07-07,15264,2239,1,0,0,0
320,2,2014-07-08,13572,1980,1,0,0,0
320,3,2014-07-09,11784,1829,1,0,0,0
320,4,2014-07-10,14094,2088,1,0,0,0
320,5,2014-07-11,13417,1844,1,0,0,0
320,6,2014-07-12,11982,1670,1,0,0,0
320,7,2014-07-13,0,0,0,0,0,0
320,1,2014-07-14,18214,2249,1,1,0,1
320,2,2014-07-15,17091,2191,1,1,0,1
320,3,2014-07-16,15659,2108,1,1,0,1
320,4,2014-07-17,15483,2059,1,1,0,1
320,5,2014-07-18,13530,1866,1,1,0,1
320,6,2014-07-19,9683,1424,1,0,0,0
320,7,2014-07-20,0,0,0,0,0,0
320,1,2014-07-21,13852,1950,1,0,0,1
320,2,2014-07-22,11509,1745,1,0,0,1
320,3,2014-07-23,10233,1547,1,0,0,1
320,4,2014-07-24,10871,1675,1,0,0,1
320,5,2014-07-25,10634,1609,1,0,0,1
320,6,2014-07-26,10278,1495,1,0,0,0
320,7,2014-07-27,0,0,0,0,0,0
320,1,2014-07-28,17576,2201,1,1,0,1
320,2,2014-07-29,14318,1949,1,1,0,1
320,3,2014-07-30,16757,2092,1,1,0,1
320,4,2014-07-31,18990,2374,1,1,0,1
320,5,2014-08-01,16572,2134,1,1,0,1
320,6,2014-08-02,11903,1667,1,0,0,0
320,7,2014-08-03,0,0,0,0,0,0
320,1,2014-08-04,20114,2483,1,1,0,1
320,2,2014-08-05,16083,2156,1,1,0,1
320,3,2014-08-06,14434,1933,1,1,0,1
320,4,2014-08-07,15323,2121,1,1,0,1
320,5,2014-08-08,13679,1868,1,1,0,1
320,6,2014-08-09,10214,1488,1,0,0,0
320,7,2014-08-10,0,0,0,0,0,0
320,1,2014-08-11,14367,1999,1,0,0,1
320,2,2014-08-12,13329,1931,1,0,0,1
320,3,2014-08-13,11597,1701,1,0,0,1
320,4,2014-08-14,13276,1903,1,0,0,1
320,5,2014-08-15,11221,1718,1,0,0,1
320,6,2014-08-16,10063,1542,1,0,0,0
320,7,2014-08-17,0,0,0,0,0,0
320,1,2014-08-18,18749,2321,1,1,0,1
320,2,2014-08-19,17256,2185,1,1,0,1
320,3,2014-08-20,14959,2060,1,1,0,1
320,4,2014-08-21,15138,2053,1,1,0,1
320,5,2014-08-22,13989,1909,1,1,0,1
320,6,2014-08-23,12271,1654,1,0,0,0
320,7,2014-08-24,0,0,0,0,0,0
320,1,2014-08-25,16186,2348,1,0,0,0
320,2,2014-08-26,14764,2181,1,0,0,0
320,3,2014-08-27,12051,1917,1,0,0,0
320,4,2014-08-28,13340,2006,1,0,0,0
320,5,2014-08-29,16009,2206,1,0,0,0
320,6,2014-08-30,14531,1984,1,0,0,0
320,7,2014-08-31,0,0,0,0,0,0
320,1,2014-09-01,23159,2780,1,1,0,0
320,2,2014-09-02,19118,2555,1,1,0,0
320,3,2014-09-03,15986,2130,1,1,0,0
320,4,2014-09-04,15156,2155,1,1,0,0
320,5,2014-09-05,14053,1992,1,1,0,0
320,6,2014-09-06,11366,1638,1,0,0,0
320,7,2014-09-07,0,0,0,0,0,0
320,1,2014-09-08,13890,2067,1,0,0,0
320,2,2014-09-09,12540,1941,1,0,0,0
320,3,2014-09-10,11717,1756,1,0,0,0
320,4,2014-09-11,12160,1885,1,0,0,0
320,5,2014-09-12,12245,1815,1,0,0,0
320,6,2014-09-13,11185,1654,1,0,0,0
320,7,2014-09-14,0,0,0,0,0,0
320,1,2014-09-15,18428,2363,1,1,0,0
320,2,2014-09-16,16524,2265,1,1,0,0
320,3,2014-09-17,13832,1965,1,1,0,0
320,4,2014-09-18,14179,1976,1,1,0,0
320,5,2014-09-19,14315,2013,1,1,0,0
320,6,2014-09-20,11427,1631,1,0,0,0
320,7,2014-09-21,0,0,0,0,0,0
320,1,2014-09-22,11611,1813,1,0,0,0
320,2,2014-09-23,12314,1909,1,0,0,0
320,3,2014-09-24,10760,1718,1,0,0,0
320,4,2014-09-25,10806,1719,1,0,0,0
320,5,2014-09-26,11458,1806,1,0,0,0
320,6,2014-09-27,11582,1691,1,0,0,0
320,7,2014-09-28,0,0,0,0,0,0
320,1,2014-09-29,17784,2283,1,1,0,0
320,2,2014-09-30,18917,2405,1,1,0,0
320,3,2014-10-01,16658,2197,1,1,0,0
320,4,2014-10-02,18691,2397,1,1,0,0
320,5,2014-10-03,0,0,0,1,a,0
320,6,2014-10-04,15197,2115,1,0,0,0
320,7,2014-10-05,0,0,0,0,0,0
320,1,2014-10-06,19702,2525,1,1,0,0
320,2,2014-10-07,16467,2166,1,1,0,0
320,3,2014-10-08,15710,2072,1,1,0,0
320,4,2014-10-09,15320,2154,1,1,0,0
320,5,2014-10-10,15299,2051,1,1,0,0
320,6,2014-10-11,11801,1758,1,0,0,0
320,7,2014-10-12,0,0,0,0,0,0
320,1,2014-10-13,12760,1884,1,0,0,1
320,2,2014-10-14,11765,1814,1,0,0,1
320,3,2014-10-15,11512,1733,1,0,0,1
320,4,2014-10-16,11600,1763,1,0,0,1
320,5,2014-10-17,12126,1708,1,0,0,1
320,6,2014-10-18,10634,1583,1,0,0,0
320,7,2014-10-19,0,0,0,0,0,0
320,1,2014-10-20,17310,2232,1,1,0,1
320,2,2014-10-21,13183,1845,1,1,0,1
320,3,2014-10-22,13431,1863,1,1,0,1
320,4,2014-10-23,13962,1964,1,1,0,1
320,5,2014-10-24,12753,1815,1,1,0,1
320,6,2014-10-25,10622,1559,1,0,0,0
320,7,2014-10-26,0,0,0,0,0,0
320,1,2014-10-27,13466,2037,1,0,0,0
320,2,2014-10-28,13088,1890,1,0,0,0
320,3,2014-10-29,11652,1777,1,0,0,0
320,4,2014-10-30,15594,2196,1,0,0,0
320,5,2014-10-31,15994,2251,1,0,0,0
320,6,2014-11-01,13330,1961,1,0,0,0
320,7,2014-11-02,0,0,0,0,0,0
320,1,2014-11-03,19353,2439,1,1,0,0
320,2,2014-11-04,17487,2308,1,1,0,0
320,3,2014-11-05,15685,2047,1,1,0,0
320,4,2014-11-06,16571,2276,1,1,0,0
320,5,2014-11-07,15572,2101,1,1,0,0
320,6,2014-11-08,12643,1863,1,0,0,0
320,7,2014-11-09,0,0,0,0,0,0
320,1,2014-11-10,17923,2340,1,1,0,0
320,2,2014-11-11,16518,2188,1,1,0,0
320,3,2014-11-12,14116,1967,1,1,0,0
320,4,2014-11-13,14945,2072,1,1,0,0
320,5,2014-11-14,14454,2072,1,1,0,0
320,6,2014-11-15,13139,1885,1,0,0,0
320,7,2014-11-16,0,0,0,0,0,0
320,1,2014-11-17,14685,2133,1,0,0,0
320,2,2014-11-18,13705,1970,1,0,0,0
320,3,2014-11-19,12652,1862,1,0,0,0
320,4,2014-11-20,13465,2010,1,0,0,0
320,5,2014-11-21,12631,1901,1,0,0,0
320,6,2014-11-22,14395,1891,1,0,0,0
320,7,2014-11-23,0,0,0,0,0,0
320,1,2014-11-24,20695,2609,1,1,0,0
320,2,2014-11-25,18611,2341,1,1,0,0
320,3,2014-11-26,18417,2356,1,1,0,0
320,4,2014-11-27,19254,2442,1,1,0,0
320,5,2014-11-28,23735,2877,1,1,0,0
320,6,2014-11-29,20920,2527,1,0,0,0
320,7,2014-11-30,0,0,0,0,0,0
320,1,2014-12-01,27410,2968,1,1,0,0
320,2,2014-12-02,23321,2748,1,1,0,0
320,3,2014-12-03,19980,2435,1,1,0,0
320,4,2014-12-04,21629,2558,1,1,0,0
320,5,2014-12-05,23427,2825,1,1,0,0
320,6,2014-12-06,18607,2496,1,0,0,0
320,7,2014-12-07,0,0,0,0,0,0
320,1,2014-12-08,18390,2498,1,0,0,0
320,2,2014-12-09,17588,2480,1,0,0,0
320,3,2014-12-10,14411,2037,1,0,0,0
320,4,2014-12-11,16899,2309,1,0,0,0
320,5,2014-12-12,14258,2006,1,0,0,0
320,6,2014-12-13,19826,2563,1,0,0,0
320,7,2014-12-14,0,0,0,0,0,0
320,1,2014-12-15,27743,2968,1,1,0,0
320,2,2014-12-16,24889,2936,1,1,0,0
320,3,2014-12-17,22015,2645,1,1,0,0
320,4,2014-12-18,23815,2885,1,1,0,0
320,5,2014-12-19,23506,2775,1,1,0,0
320,6,2014-12-20,19048,2389,1,0,0,0
320,7,2014-12-21,0,0,0,0,0,0
320,1,2014-12-22,24708,3034,1,0,0,1
320,2,2014-12-23,22389,2858,1,0,0,1
320,3,2014-12-24,6960,914,1,0,0,1
320,4,2014-12-25,0,0,0,0,c,1
320,5,2014-12-26,0,0,0,0,c,1
320,6,2014-12-27,16418,2217,1,0,0,0
320,7,2014-12-28,0,0,0,0,0,0
320,1,2014-12-29,20159,2643,1,0,0,1
320,2,2014-12-30,19150,2482,1,0,0,1
320,3,2014-12-31,8236,1086,1,0,0,1
320,4,2015-01-01,0,0,0,0,a,1
320,5,2015-01-02,15011,1988,1,0,0,1
320,6,2015-01-03,11386,1612,1,0,0,0
320,7,2015-01-04,0,0,0,0,0,0
320,1,2015-01-05,20030,2576,1,1,0,1
320,2,2015-01-06,18602,2285,1,1,0,1
320,3,2015-01-07,14459,2025,1,1,0,0
320,4,2015-01-08,13770,1895,1,1,0,0
320,5,2015-01-09,11889,1657,1,1,0,0
320,6,2015-01-10,9344,1365,1,0,0,0
320,7,2015-01-11,0,0,0,0,0,0
320,1,2015-01-12,18661,2328,1,1,0,0
320,2,2015-01-13,16322,2119,1,1,0,0
320,3,2015-01-14,15443,2104,1,1,0,0
320,4,2015-01-15,15283,1997,1,1,0,0
320,5,2015-01-16,15626,2165,1,1,0,0
320,6,2015-01-17,12392,1822,1,0,0,0
320,7,2015-01-18,0,0,0,0,0,0
320,1,2015-01-19,14047,2157,1,0,0,0
320,2,2015-01-20,12337,1920,1,0,0,0
320,3,2015-01-21,12242,1866,1,0,0,0
320,4,2015-01-22,12456,1902,1,0,0,0
320,5,2015-01-23,12870,1923,1,0,0,0
320,6,2015-01-24,11043,1627,1,0,0,0
320,7,2015-01-25,0,0,0,0,0,0
320,1,2015-01-26,17412,2278,1,1,0,0
320,2,2015-01-27,18171,2365,1,1,0,0
320,3,2015-01-28,13998,1940,1,1,0,0
320,4,2015-01-29,16666,2199,1,1,0,0
320,5,2015-01-30,19604,2425,1,1,0,0
320,6,2015-01-31,15707,2141,1,0,0,0
320,7,2015-02-01,0,0,0,0,0,0
320,1,2015-02-02,22553,2799,1,1,0,0
320,2,2015-02-03,18524,2344,1,1,0,0
320,3,2015-02-04,17146,2229,1,1,0,0
320,4,2015-02-05,17110,2306,1,1,0,0
320,5,2015-02-06,15058,2158,1,1,0,0
320,6,2015-02-07,13078,1931,1,0,0,0
320,7,2015-02-08,0,0,0,0,0,0
320,1,2015-02-09,14137,2077,1,0,0,0
320,2,2015-02-10,13600,2131,1,0,0,0
320,3,2015-02-11,12218,1876,1,0,0,0
320,4,2015-02-12,13962,2065,1,0,0,0
320,5,2015-02-13,13451,2029,1,0,0,0
320,6,2015-02-14,13648,1976,1,0,0,0
320,7,2015-02-15,0,0,0,0,0,0
320,1,2015-02-16,17556,2241,1,1,0,0
320,2,2015-02-17,15202,2032,1,1,0,0
320,3,2015-02-18,13288,1876,1,1,0,0
320,4,2015-02-19,15522,2128,1,1,0,0
320,5,2015-02-20,13635,1872,1,1,0,0
320,6,2015-02-21,11305,1667,1,0,0,0
320,7,2015-02-22,0,0,0,0,0,0
320,1,2015-02-23,12184,1799,1,0,0,0
320,2,2015-02-24,11808,1858,1,0,0,0
320,3,2015-02-25,10973,1702,1,0,0,0
320,4,2015-02-26,12190,1815,1,0,0,0
320,5,2015-02-27,13687,1869,1,0,0,0
320,6,2015-02-28,14246,1911,1,0,0,0
320,7,2015-03-01,0,0,0,0,0,0
320,1,2015-03-02,18034,2290,1,1,0,0
320,2,2015-03-03,16967,2249,1,1,0,0
320,3,2015-03-04,14602,1995,1,1,0,0
320,4,2015-03-05,15508,2174,1,1,0,0
320,5,2015-03-06,14718,2041,1,1,0,0
320,6,2015-03-07,11791,1798,1,0,0,0
320,7,2015-03-08,0,0,0,0,0,0
320,1,2015-03-09,14122,2045,1,0,0,0
320,2,2015-03-10,12095,1911,1,0,0,0
320,3,2015-03-11,12505,1836,1,0,0,0
320,4,2015-03-12,13075,1933,1,0,0,0
320,5,2015-03-13,12774,1850,1,0,0,0
320,6,2015-03-14,12180,1685,1,0,0,0
320,7,2015-03-15,0,0,0,0,0,0
320,1,2015-03-16,19315,2511,1,1,0,0
320,2,2015-03-17,17242,2271,1,1,0,0
320,3,2015-03-18,14741,2055,1,1,0,0
320,4,2015-03-19,14363,2126,1,1,0,0
320,5,2015-03-20,14200,1993,1,1,0,0
320,6,2015-03-21,11508,1657,1,0,0,0
320,7,2015-03-22,0,0,0,0,0,0
320,1,2015-03-23,13703,2029,1,0,0,0
320,2,2015-03-24,12975,1949,1,0,0,0
320,3,2015-03-25,11730,1816,1,0,0,0
320,4,2015-03-26,12551,1908,1,0,0,0
320,5,2015-03-27,11956,1819,1,0,0,0
320,6,2015-03-28,12724,1884,1,0,0,0
320,7,2015-03-29,0,0,0,0,0,0
320,1,2015-03-30,21065,2361,1,1,0,0
320,2,2015-03-31,21707,2409,1,1,0,0
320,3,2015-04-01,22543,2558,1,1,0,1
320,4,2015-04-02,23728,2804,1,1,0,1
320,5,2015-04-03,0,0,0,1,b,1
320,6,2015-04-04,20882,2605,1,0,0,0
320,7,2015-04-05,0,0,0,0,0,0
320,1,2015-04-06,0,0,0,0,b,1
320,2,2015-04-07,15951,2285,1,0,0,1
320,3,2015-04-08,13550,2015,1,0,0,1
320,4,2015-04-09,13629,2015,1,0,0,1
320,5,2015-04-10,12813,1880,1,0,0,1
320,6,2015-04-11,10824,1552,1,0,0,0
320,7,2015-04-12,0,0,0,0,0,0
320,1,2015-04-13,16298,1997,1,1,0,1
320,2,2015-04-14,7452,1064,1,1,0,1
320,3,2015-04-15,9088,1179,1,1,0,1
320,4,2015-04-16,17059,2295,1,1,0,1
320,5,2015-04-17,14338,2037,1,1,0,1
320,6,2015-04-18,11005,1600,1,0,0,0
320,7,2015-04-19,0,0,0,0,0,0
320,1,2015-04-20,13574,2062,1,0,0,0
320,2,2015-04-21,12730,1928,1,0,0,0
320,3,2015-04-22,12608,1840,1,0,0,0
320,4,2015-04-23,13114,1952,1,0,0,0
320,5,2015-04-24,11217,1785,1,0,0,0
320,6,2015-04-25,11207,1622,1,0,0,0
320,7,2015-04-26,0,0,0,0,0,0
320,1,2015-04-27,18186,2318,1,1,0,0
320,2,2015-04-28,17201,2225,1,1,0,0
320,3,2015-04-29,17060,2204,1,1,0,0
320,4,2015-04-30,21516,2661,1,1,0,0
320,5,2015-05-01,0,0,0,1,a,0
320,6,2015-05-02,17914,2392,1,0,0,0
320,7,2015-05-03,0,0,0,0,0,0
320,1,2015-05-04,20212,2588,1,1,0,0
320,2,2015-05-05,16220,2233,1,1,0,0
320,3,2015-05-06,16333,2212,1,1,0,0
320,4,2015-05-07,16389,2277,1,1,0,0
320,5,2015-05-08,15338,2250,1,1,0,0
320,6,2015-05-09,12652,1874,1,0,0,0
320,7,2015-05-10,0,0,0,0,0,0
320,1,2015-05-11,13637,2043,1,0,0,0
320,2,2015-05-12,13302,2086,1,0,0,0
320,3,2015-05-13,14429,2173,1,0,0,0
320,4,2015-05-14,0,0,0,0,a,0
320,5,2015-05-15,16558,2190,1,0,0,1
320,6,2015-05-16,11629,1721,1,0,0,0
320,7,2015-05-17,0,0,0,0,0,0
320,1,2015-05-18,20282,2522,1,1,0,0
320,2,2015-05-19,16997,2208,1,1,0,0
320,3,2015-05-20,15561,2149,1,1,0,0
320,4,2015-05-21,14558,2069,1,1,0,0
320,5,2015-05-22,13556,1890,1,1,0,0
320,6,2015-05-23,11926,1715,1,0,0,0
320,7,2015-05-24,0,0,0,0,0,0
320,1,2015-05-25,0,0,0,0,a,0
320,2,2015-05-26,14548,2109,1,0,0,0
320,3,2015-05-27,12874,1869,1,0,0,0
320,4,2015-05-28,13486,1982,1,0,0,0
320,5,2015-05-29,17453,2346,1,0,0,0
320,6,2015-05-30,14821,2008,1,0,0,0
320,7,2015-05-31,0,0,0,0,0,0
320,1,2015-06-01,22648,2697,1,1,0,0
320,2,2015-06-02,17554,2261,1,1,0,0
320,3,2015-06-03,16225,2187,1,1,0,0
320,4,2015-06-04,17013,2270,1,1,0,0
320,5,2015-06-05,14169,2038,1,1,0,0
320,6,2015-06-06,11536,1690,1,0,0,0
320,7,2015-06-07,0,0,0,0,0,0
320,1,2015-06-08,13937,2004,1,0,0,0
320,2,2015-06-09,13626,2008,1,0,0,0
320,3,2015-06-10,11824,1815,1,0,0,0
320,4,2015-06-11,12481,1890,1,0,0,0
320,5,2015-06-12,11652,1793,1,0,0,0
320,6,2015-06-13,11111,1686,1,0,0,0
320,7,2015-06-14,0,0,0,0,0,0
320,1,2015-06-15,20320,2466,1,1,0,0
320,2,2015-06-16,17232,2240,1,1,0,0
320,3,2015-06-17,15155,2036,1,1,0,0
320,4,2015-06-18,13544,1985,1,1,0,0
320,5,2015-06-19,14194,1954,1,1,0,0
320,6,2015-06-20,10441,1630,1,0,0,0
320,7,2015-06-21,0,0,0,0,0,0
320,1,2015-06-22,13287,1875,1,0,0,0
320,2,2015-06-23,12314,1883,1,0,0,0
320,3,2015-06-24,10859,1639,1,0,0,0
320,4,2015-06-25,12698,1871,1,0,0,0
320,5,2015-06-26,12106,1751,1,0,0,0
320,6,2015-06-27,12320,1744,1,0,0,0
320,7,2015-06-28,0,0,0,0,0,0
320,1,2015-06-29,20912,2446,1,1,0,0
320,2,2015-06-30,22390,2698,1,1,0,0
320,3,2015-07-01,19404,2429,1,1,0,0
320,4,2015-07-02,17191,2360,1,1,0,0
320,5,2015-07-03,16097,2163,1,1,0,0
320,6,2015-07-04,10339,1535,1,0,0,0
320,7,2015-07-05,0,0,0,0,0,0
320,1,2015-07-06,16839,2362,1,0,0,0
320,2,2015-07-07,14763,2130,1,0,0,0
320,3,2015-07-08,14117,2012,1,0,0,0
320,4,2015-07-09,15272,2090,1,0,0,0
320,5,2015-07-10,13094,1906,1,0,0,0
320,6,2015-07-11,11855,1757,1,0,0,0
320,7,2015-07-12,0,0,0,0,0,0
320,1,2015-07-13,21729,2588,1,1,0,0
320,2,2015-07-14,18734,2343,1,1,0,0
320,3,2015-07-15,17521,2281,1,1,0,0
320,4,2015-07-16,17512,2308,1,1,0,0
320,5,2015-07-17,13989,1899,1,1,0,0
320,6,2015-07-18,11875,1617,1,0,0,0
320,7,2015-07-19,0,0,0,0,0,0
320,1,2015-07-20,15803,2158,1,0,0,1
320,2,2015-07-21,13700,1976,1,0,0,1
320,3,2015-07-22,12686,1772,1,0,0,1
320,4,2015-07-23,14242,2014,1,0,0,1
320,5,2015-07-24,12308,1732,1,0,0,1
320,6,2015-07-25,11221,1499,1,0,0,0
320,7,2015-07-26,0,0,0,0,0,0
320,1,2015-07-27,21337,2397,1,1,0,1
320,2,2015-07-28,17080,2095,1,1,0,1
320,3,2015-07-29,16304,2035,1,1,0,1
320,4,2015-07-30,16912,2071,1,1,0,1
320,5,2015-07-31,19898,2316,1,1,0,1
335,2,2013-01-01,2401,482,1,0,a,1
335,3,2013-01-02,11542,2317,1,0,0,1
335,4,2013-01-03,10686,2239,1,0,0,1
335,5,2013-01-04,10420,2115,1,0,0,1
335,6,2013-01-05,7765,1635,1,0,0,0
335,7,2013-01-06,7213,1310,1,0,0,0
335,1,2013-01-07,21122,3403,1,1,0,0
335,2,2013-01-08,17459,3156,1,1,0,0
335,3,2013-01-09,16528,3004,1,1,0,0
335,4,2013-01-10,16383,2964,1,1,0,0
335,5,2013-01-11,14989,2726,1,1,0,0
335,6,2013-01-12,8318,1663,1,0,0,0
335,7,2013-01-13,6525,1320,1,0,0,0
335,1,2013-01-14,11821,2550,1,0,0,0
335,2,2013-01-15,11770,2561,1,0,0,0
335,3,2013-01-16,11594,2591,1,0,0,0
335,4,2013-01-17,11767,2624,1,0,0,0
335,5,2013-01-18,11837,2552,1,0,0,0
335,6,2013-01-19,8553,1767,1,0,0,0
335,7,2013-01-20,6596,1196,1,0,0,0
335,1,2013-01-21,20934,3394,1,1,0,0
335,2,2013-01-22,18333,3211,1,1,0,0
335,3,2013-01-23,17317,3189,1,1,0,0
335,4,2013-01-24,15533,2972,1,1,0,0
335,5,2013-01-25,14975,2839,1,1,0,0
335,6,2013-01-26,8601,1715,1,0,0,0
335,7,2013-01-27,6240,1273,1,0,0,0
335,1,2013-01-28,12669,2630,1,0,0,0
335,2,2013-01-29,11310,2509,1,0,0,0
335,3,2013-01-30,12944,2637,1,0,0,0
335,4,2013-01-31,14819,2840,1,0,0,0
335,5,2013-02-01,13775,2696,1,0,0,0
335,6,2013-02-02,10017,1956,1,0,0,0
335,7,2013-02-03,8605,1612,1,0,0,0
335,1,2013-02-04,21987,3527,1,1,0,0
335,2,2013-02-05,19610,3386,1,1,0,0
335,3,2013-02-06,15960,2952,1,1,0,0
335,4,2013-02-07,15880,3075,1,1,0,0
335,5,2013-02-08,15514,2844,1,1,0,0
335,6,2013-02-09,9495,1850,1,0,0,0
335,7,2013-02-10,7276,1523,1,0,0,0
335,1,2013-02-11,7368,1609,1,0,0,0
335,2,2013-02-12,11804,2536,1,0,0,0
335,3,2013-02-13,12611,2641,1,0,0,0
335,4,2013-02-14,12792,2733,1,0,0,0
335,5,2013-02-15,11237,2456,1,0,0,0
335,6,2013-02-16,7963,1679,1,0,0,0
335,7,2013-02-17,7498,1479,1,0,0,0
335,1,2013-02-18,20589,3256,1,1,0,0
335,2,2013-02-19,17730,2995,1,1,0,0
335,3,2013-02-20,16452,2922,1,1,0,0
335,4,2013-02-21,15447,2844,1,1,0,0
335,5,2013-02-22,15795,2838,1,1,0,0
335,6,2013-02-23,7802,1647,1,0,0,0
335,7,2013-02-24,6381,1278,1,0,0,0
335,1,2013-02-25,12105,2463,1,0,0,0
335,2,2013-02-26,12030,2422,1,0,0,0
335,3,2013-02-27,11465,2479,1,0,0,0
335,4,2013-02-28,13422,2680,1,0,0,0
335,5,2013-03-01,13531,2610,1,0,0,0
335,6,2013-03-02,9516,1903,1,0,0,0
335,7,2013-03-03,8874,1569,1,0,0,0
335,1,2013-03-04,20565,3280,1,1,0,0
335,2,2013-03-05,17875,3161,1,1,0,0
335,3,2013-03-06,15873,2991,1,1,0,0
335,4,2013-03-07,15613,2885,1,1,0,0
335,5,2013-03-08,14803,2898,1,1,0,0
335,6,2013-03-09,8104,1733,1,0,0,0
335,7,2013-03-10,6965,1377,1,0,0,0
335,1,2013-03-11,11971,2677,1,0,0,0
335,2,2013-03-12,11139,2414,1,0,0,0
335,3,2013-03-13,12170,2543,1,0,0,0
335,4,2013-03-14,11860,2506,1,0,0,0
335,5,2013-03-15,10719,2399,1,0,0,0
335,6,2013-03-16,9344,1906,1,0,0,0
335,7,2013-03-17,7518,1579,1,0,0,0
335,1,2013-03-18,20714,3338,1,1,0,0
335,2,2013-03-19,18335,3131,1,1,0,0
335,3,2013-03-20,15463,2972,1,1,0,0
335,4,2013-03-21,15702,3003,1,1,0,0
335,5,2013-03-22,15124,2945,1,1,0,0
335,6,2013-03-23,8759,1822,1,0,0,0
335,7,2013-03-24,7132,1436,1,0,0,0
335,1,2013-03-25,18878,3123,1,1,0,1
335,2,2013-03-26,17307,3067,1,1,0,1
335,3,2013-03-27,17998,3040,1,1,0,1
335,4,2013-03-28,20615,3341,1,1,0,1
335,5,2013-03-29,8224,1504,1,1,b,1
335,6,2013-03-30,11292,2055,1,0,0,0
335,7,2013-03-31,5805,1110,1,0,0,0
335,1,2013-04-01,9293,1589,1,0,b,1
335,2,2013-04-02,12896,2583,1,0,0,1
335,3,2013-04-03,11735,2478,1,0,0,1
335,4,2013-04-04,11528,2408,1,0,0,1
335,5,2013-04-05,10879,2295,1,0,0,1
335,6,2013-04-06,7756,1708,1,0,0,0
335,7,2013-04-07,7438,1616,1,0,0,0
335,1,2013-04-08,20764,3480,1,1,0,0
335,2,2013-04-09,18830,3282,1,1,0,0
335,3,2013-04-10,16765,3198,1,1,0,0
335,4,2013-04-11,15499,2989,1,1,0,0
335,5,2013-04-12,15830,3029,1,1,0,0
335,6,2013-04-13,9091,1946,1,0,0,0
335,7,2013-04-14,6988,1437,1,0,0,0
335,1,2013-04-15,11125,2647,1,0,0,0
335,2,2013-04-16,11571,2677,1,0,0,0
335,3,2013-04-17,11247,2625,1,0,0,0
335,4,2013-04-18,11062,2633,1,0,0,0
335,5,2013-04-19,12120,2603,1,0,0,0
335,6,2013-04-20,7812,1751,1,0,0,0
335,7,2013-04-21,6585,1397,1,0,0,0
335,1,2013-04-22,19344,3327,1,1,0,0
335,2,2013-04-23,16570,3153,1,1,0,0
335,3,2013-04-24,14653,3017,1,1,0,0
335,4,2013-04-25,14000,2891,1,1,0,0
335,5,2013-04-26,14707,2934,1,1,0,0
335,6,2013-04-27,7828,1685,1,0,0,0
335,7,2013-04-28,7342,1425,1,0,0,0
335,1,2013-04-29,20202,3392,1,1,0,0
335,2,2013-04-30,21067,3536,1,1,0,0
335,3,2013-05-01,10599,1784,1,1,a,0
335,4,2013-05-02,18179,3327,1,1,0,0
335,5,2013-05-03,17042,3088,1,1,0,0
335,6,2013-05-04,8572,1843,1,0,0,0
335,7,2013-05-05,6762,1424,1,0,0,0
335,1,2013-05-06,12838,2856,1,0,0,0
335,2,2013-05-07,12231,2774,1,0,0,0
335,3,2013-05-08,13891,2873,1,0,0,0
335,4,2013-05-09,7238,1451,1,0,a,0
335,5,2013-05-10,12227,2566,1,0,0,0
335,6,2013-05-11,8808,1826,1,0,0,0
335,7,2013-05-12,7039,1408,1,0,0,0
335,1,2013-05-13,19380,3391,1,1,0,0
335,2,2013-05-14,17189,3241,1,1,0,0
335,3,2013-05-15,16125,3087,1,1,0,0
335,4,2013-05-16,15602,3100,1,1,0,0
335,5,2013-05-17,13583,2775,1,1,0,0
335,6,2013-05-18,8331,1683,1,0,0,0
335,7,2013-05-19,6530,1412,1,0,0,0
335,1,2013-05-20,7895,1531,1,0,a,0
335,2,2013-05-21,11328,2441,1,0,0,1
335,3,2013-05-22,12016,2673,1,0,0,0
335,4,2013-05-23,11157,2616,1,0,0,0
335,5,2013-05-24,10344,2335,1,0,0,0
335,6,2013-05-25,6929,1598,1,0,0,0
335,7,2013-05-26,5859,1204,1,0,0,0
335,1,2013-05-27,19270,3261,1,1,0,0
335,2,2013-05-28,16553,3079,1,1,0,0
335,3,2013-05-29,17899,3285,1,1,0,0
335,4,2013-05-30,11122,1757,1,1,a,0
335,5,2013-05-31,17609,2973,1,1,0,0
335,6,2013-06-01,8936,1749,1,0,0,0
335,7,2013-06-02,7318,1509,1,0,0,0
335,1,2013-06-03,19884,3336,1,1,0,0
335,2,2013-06-04,16817,3161,1,1,0,0
335,3,2013-06-05,15785,2985,1,1,0,0
335,4,2013-06-06,14758,2932,1,1,0,0
335,5,2013-06-07,14783,2864,1,1,0,0
335,6,2013-06-08,8127,1734,1,0,0,0
335,7,2013-06-09,7096,1407,1,0,0,0
335,1,2013-06-10,12111,2636,1,0,0,0
335,2,2013-06-11,11225,2517,1,0,0,0
335,3,2013-06-12,11298,2577,1,0,0,0
335,4,2013-06-13,11288,2528,1,0,0,0
335,5,2013-06-14,11311,2437,1,0,0,0
335,6,2013-06-15,7788,1616,1,0,0,0
335,7,2013-06-16,6750,1364,1,0,0,0
335,1,2013-06-17,18853,3232,1,1,0,0
335,2,2013-06-18,14687,3094,1,1,0,0
335,3,2013-06-19,14210,2995,1,1,0,0
335,4,2013-06-20,14104,2836,1,1,0,0
335,5,2013-06-21,13506,2716,1,1,0,0
335,6,2013-06-22,8165,1668,1,0,0,0
335,7,2013-06-23,6650,1353,1,0,0,0
335,1,2013-06-24,10685,2448,1,0,0,0
335,2,2013-06-25,10166,2453,1,0,0,0
335,3,2013-06-26,10471,2300,1,0,0,0
335,4,2013-06-27,11156,2372,1,0,0,0
335,5,2013-06-28,12947,2611,1,0,0,0
335,6,2013-06-29,9774,1836,1,0,0,0
335,7,2013-06-30,7986,1538,1,0,0,0
335,1,2013-07-01,21457,3489,1,1,0,0
335,2,2013-07-02,17561,3182,1,1,0,0
335,3,2013-07-03,16493,3161,1,1,0,0
335,4,2013-07-04,15704,3016,1,1,0,0
335,5,2013-07-05,14630,2837,1,1,0,0
335,6,2013-07-06,7712,1703,1,0,0,0
335,7,2013-07-07,7365,1622,1,0,0,0
335,1,2013-07-08,11155,2698,1,0,0,0
335,2,2013-07-09,10317,2451,1,0,0,0
335,3,2013-07-10,10938,2458,1,0,0,0
335,4,2013-07-11,10364,2364,1,0,0,0
335,5,2013-07-12,10817,2399,1,0,0,0
335,6,2013-07-13,7302,1579,1,0,0,0
335,7,2013-07-14,7772,1527,1,0,0,0
335,1,2013-07-15,21805,3374,1,1,0,0
335,2,2013-07-16,18428,3121,1,1,0,0
335,3,2013-07-17,16850,3071,1,1,0,0
335,4,2013-07-18,15666,3060,1,1,0,0
335,5,2013-07-19,14977,2887,1,1,0,0
335,6,2013-07-20,7515,1595,1,0,0,0
335,7,2013-07-21,6444,1520,1,0,0,0
335,1,2013-07-22,10678,2496,1,0,0,1
335,2,2013-07-23,10437,2308,1,0,0,1
335,3,2013-07-24,10317,2230,1,0,0,1
335,4,2013-07-25,9951,2235,1,0,0,1
335,5,2013-07-26,9825,2139,1,0,0,1
335,6,2013-07-27,7232,1605,1,0,0,0
335,7,2013-07-28,6775,1365,1,0,0,0
335,1,2013-07-29,19639,3010,1,1,0,1
335,2,2013-07-30,17821,2850,1,1,0,1
335,3,2013-07-31,19059,3028,1,1,0,1
335,4,2013-08-01,16324,2872,1,1,0,1
335,5,2013-08-02,14778,2850,1,1,0,1
335,6,2013-08-03,9489,1694,1,0,0,0
335,7,2013-08-04,7628,1543,1,0,0,0
335,1,2013-08-05,12209,2483,1,0,0,1
335,2,2013-08-06,11825,2362,1,0,0,1
335,3,2013-08-07,11087,2215,1,0,0,1
335,4,2013-08-08,11761,2276,1,0,0,1
335,5,2013-08-09,11149,2144,1,0,0,1
335,6,2013-08-10,8190,1565,1,0,0,0
335,7,2013-08-11,7691,1441,1,0,0,0
335,1,2013-08-12,21050,3173,1,1,0,1
335,2,2013-08-13,18199,2899,1,1,0,1
335,3,2013-08-14,16467,2765,1,1,0,1
335,4,2013-08-15,15491,2657,1,1,0,1
335,5,2013-08-16,14086,2619,1,1,0,1
335,6,2013-08-17,8019,1617,1,0,0,0
335,7,2013-08-18,6897,1263,1,0,0,0
335,1,2013-08-19,10544,2220,1,0,0,1
335,2,2013-08-20,10751,2188,1,0,0,1
335,3,2013-08-21,10227,2131,1,0,0,1
335,4,2013-08-22,9879,2124,1,0,0,1
335,5,2013-08-23,9698,2111,1,0,0,1
335,6,2013-08-24,7328,1486,1,0,0,0
335,7,2013-08-25,6801,1262,1,0,0,0
335,1,2013-08-26,19009,2914,1,1,0,1
335,2,2013-08-27,15880,2649,1,1,0,1
335,3,2013-08-28,14764,2563,1,1,0,1
335,4,2013-08-29,15598,2657,1,1,0,1
335,5,2013-08-30,17102,2767,1,1,0,1
335,6,2013-08-31,9862,1803,1,0,0,0
335,7,2013-09-01,8073,1581,1,0,0,0
335,1,2013-09-02,12389,2436,1,0,0,1
335,2,2013-09-03,12233,2486,1,0,0,1
335,3,2013-09-04,11659,2527,1,0,0,0
335,4,2013-09-05,11375,2424,1,0,0,0
335,5,2013-09-06,11081,2373,1,0,0,0
335,6,2013-09-07,8546,1602,1,0,0,0
335,7,2013-09-08,7703,1422,1,0,0,0
335,1,2013-09-09,22079,3311,1,1,0,0
335,2,2013-09-10,18243,2998,1,1,0,0
335,3,2013-09-11,16918,2888,1,1,0,0
335,4,2013-09-12,16563,2825,1,1,0,0
335,5,2013-09-13,16825,2913,1,1,0,0
335,6,2013-09-14,8551,1678,1,0,0,0
335,7,2013-09-15,7332,1429,1,0,0,0
335,1,2013-09-16,11845,2452,1,0,0,0
335,2,2013-09-17,11608,2442,1,0,0,0
335,3,2013-09-18,11538,2342,1,0,0,0
335,4,2013-09-19,11495,2324,1,0,0,0
335,5,2013-09-20,11078,2228,1,0,0,0
335,6,2013-09-21,8026,1638,1,0,0,0
335,7,2013-09-22,7482,1385,1,0,0,0
335,1,2013-09-23,20292,2937,1,1,0,0
335,2,2013-09-24,16619,2775,1,1,0,0
335,3,2013-09-25,16152,2792,1,1,0,0
335,4,2013-09-26,14631,2670,1,1,0,0
335,5,2013-09-27,16224,2705,1,1,0,0
335,6,2013-09-28,9414,1724,1,0,0,0
335,7,2013-09-29,8815,1626,1,0,0,0
335,1,2013-09-30,15860,2739,1,0,0,0
335,2,2013-10-01,12724,2561,1,0,0,0
335,3,2013-10-02,13058,2612,1,0,0,0
335,4,2013-10-03,7926,1515,1,0,a,0
335,5,2013-10-04,11843,2386,1,0,0,0
335,6,2013-10-05,8873,1747,1,0,0,0
335,7,2013-10-06,7518,1365,1,0,0,0
335,1,2013-10-07,23245,3411,1,1,0,0
335,2,2013-10-08,20060,3228,1,1,0,0
335,3,2013-10-09,18515,3110,1,1,0,0
335,4,2013-10-10,18154,3011,1,1,0,0
335,5,2013-10-11,16585,2925,1,1,0,0
335,6,2013-10-12,9183,1776,1,0,0,0
335,7,2013-10-13,7577,1479,1,0,0,0
335,1,2013-10-14,12662,2530,1,0,0,0
335,2,2013-10-15,12689,2600,1,0,0,0
335,3,2013-10-16,11924,2447,1,0,0,0
335,4,2013-10-17,11436,2424,1,0,0,0
335,5,2013-10-18,12024,2491,1,0,0,0
335,6,2013-10-19,7989,1616,1,0,0,0
335,7,2013-10-20,7156,1381,1,0,0,0
335,1,2013-10-21,19750,3129,1,1,0,1
335,2,2013-10-22,16760,2911,1,1,0,1
335,3,2013-10-23,15081,2640,1,1,0,1
335,4,2013-10-24,15163,2824,1,1,0,1
335,5,2013-10-25,14411,2694,1,1,0,1
335,6,2013-10-26,7577,1628,1,0,0,0
335,7,2013-10-27,7246,1501,1,0,0,0
335,1,2013-10-28,10182,2215,1,0,0,1
335,2,2013-10-29,12045,2379,1,0,0,1
335,3,2013-10-30,12671,2473,1,0,0,1
335,4,2013-10-31,14904,2779,1,0,0,1
335,5,2013-11-01,10739,1789,1,0,a,1
335,6,2013-11-02,11031,1958,1,0,0,0
335,7,2013-11-03,8869,1598,1,0,0,0
335,1,2013-11-04,23746,3453,1,1,0,0
335,2,2013-11-05,20962,3435,1,1,0,0
335,3,2013-11-06,19019,3211,1,1,0,0
335,4,2013-11-07,17148,3143,1,1,0,0
335,5,2013-11-08,17042,3051,1,1,0,0
335,6,2013-11-09,9597,1827,1,0,0,0
335,7,2013-11-10,8390,1501,1,0,0,0
335,1,2013-11-11,12916,2681,1,0,0,0
335,2,2013-11-12,12953,2649,1,0,0,0
335,3,2013-11-13,12426,2572,1,0,0,0
335,4,2013-11-14,12394,2493,1,0,0,0
335,5,2013-11-15,12724,2528,1,0,0,0
335,6,2013-11-16,8833,1776,1,0,0,0
335,7,2013-11-17,7901,1447,1,0,0,0
335,1,2013-11-18,21052,3339,1,1,0,0
335,2,2013-11-19,18951,3148,1,1,0,0
335,3,2013-11-20,18226,3121,1,1,0,0
335,4,2013-11-21,14809,2657,1,1,0,0
335,5,2013-11-22,15045,2611,1,1,0,0
335,6,2013-11-23,9044,1723,1,0,0,0
335,7,2013-11-24,7422,1411,1,0,0,0
335,1,2013-11-25,12545,2526,1,0,0,0
335,2,2013-11-26,13334,2560,1,0,0,0
335,3,2013-11-27,13003,2466,1,0,0,0
335,4,2013-11-28,13511,2555,1,0,0,0
335,5,2013-11-29,15842,2790,1,0,0,0
335,6,2013-11-30,11593,2129,1,0,0,0
335,7,2013-12-01,9950,1702,1,0,0,0
335,1,2013-12-02,26341,3696,1,1,0,0
335,2,2013-12-03,23818,3460,1,1,0,0
335,3,2013-12-04,22044,3440,1,1,0,0
335,4,2013-12-05,21445,3393,1,1,0,0
335,5,2013-12-06,18938,3136,1,1,0,0
335,6,2013-12-07,10404,1942,1,0,0,0
335,7,2013-12-08,8838,1642,1,0,0,0
335,1,2013-12-09,14531,2828,1,0,0,0
335,2,2013-12-10,14298,2748,1,0,0,0
335,3,2013-12-11,13714,2636,1,0,0,0
335,4,2013-12-12,14544,2814,1,0,0,0
335,5,2013-12-13,14331,2675,1,0,0,0
335,6,2013-12-14,10862,1979,1,0,0,0
335,7,2013-12-15,9422,1649,1,0,0,0
335,1,2013-12-16,29787,3889,1,1,0,0
335,2,2013-12-17,25264,3682,1,1,0,0
335,3,2013-12-18,23597,3550,1,1,0,0
335,4,2013-12-19,22399,3540,1,1,0,0
335,5,2013-12-20,22186,3470,1,1,0,0
335,6,2013-12-21,13997,2253,1,0,0,0
335,7,2013-12-22,10174,1622,1,0,0,0
335,1,2013-12-23,18107,3034,1,0,0,1
335,2,2013-12-24,6398,982,1,0,0,1
335,3,2013-12-25,3888,702,1,0,c,1
335,4,2013-12-26,5242,879,1,0,c,1
335,5,2013-12-27,12337,2145,1,0,0,1
335,6,2013-12-28,9760,1767,1,0,0,0
335,7,2013-12-29,8161,1399,1,0,0,0
335,1,2013-12-30,16373,2574,1,0,0,1
335,2,2013-12-31,8440,1236,1,0,0,1
335,3,2014-01-01,3007,600,1,0,a,1
335,4,2014-01-02,11149,2145,1,0,0,1
335,5,2014-01-03,10548,2043,1,0,0,1
335,6,2014-01-04,8942,1731,1,0,0,0
335,7,2014-01-05,7715,1492,1,0,0,0
335,1,2014-01-06,22661,3209,1,1,0,1
335,2,2014-01-07,20853,3069,1,1,0,1
335,3,2014-01-08,18285,3139,1,1,0,0
335,4,2014-01-09,17478,3027,1,1,0,0
335,5,2014-01-10,17028,2971,1,1,0,0
335,6,2014-01-11,9206,1802,1,0,0,0
335,7,2014-01-12,7129,1334,1,0,0,0
335,1,2014-01-13,13436,2641,1,0,0,0
335,2,2014-01-14,12579,2587,1,0,0,0
335,3,2014-01-15,12734,2548,1,0,0,0
335,4,2014-01-16,12307,2474,1,0,0,0
335,5,2014-01-17,11767,2470,1,0,0,0
335,6,2014-01-18,8653,1713,1,0,0,0
335,7,2014-01-19,7928,1449,1,0,0,0
335,1,2014-01-20,23618,3495,1,1,0,0
335,2,2014-01-21,20777,3210,1,1,0,0
335,3,2014-01-22,17490,2919,1,1,0,0
335,4,2014-01-23,16269,2877,1,1,0,0
335,5,2014-01-24,16496,2895,1,1,0,0
335,6,2014-01-25,8815,1690,1,0,0,0
335,7,2014-01-26,6173,1316,1,0,0,0
335,1,2014-01-27,12246,2475,1,0,0,0
335,2,2014-01-28,12421,2574,1,0,0,0
335,3,2014-01-29,12850,2607,1,0,0,0
335,4,2014-01-30,13556,2694,1,0,0,0
335,5,2014-01-31,15449,2855,1,0,0,0
335,6,2014-02-01,10249,1799,1,0,0,0
335,7,2014-02-02,10158,1725,1,0,0,0
335,1,2014-02-03,24785,3611,1,1,0,0
335,2,2014-02-04,21452,3381,1,1,0,0
335,3,2014-02-05,19837,3184,1,1,0,0
335,4,2014-02-06,17980,3087,1,1,0,0
335,5,2014-02-07,17081,3008,1,1,0,0
335,6,2014-02-08,9522,1816,1,0,0,0
335,7,2014-02-09,7746,1512,1,0,0,0
335,1,2014-02-10,12855,2662,1,0,0,0
335,2,2014-02-11,13577,2827,1,0,0,0
335,3,2014-02-12,13033,2661,1,0,0,0
335,4,2014-02-13,13171,2699,1,0,0,0
335,5,2014-02-14,13760,2710,1,0,0,0
335,6,2014-02-15,8574,1745,1,0,0,0
335,7,2014-02-16,8066,1477,1,0,0,0
335,1,2014-02-17,22743,3430,1,1,0,0
335,2,2014-02-18,18792,3111,1,1,0,0
335,3,2014-02-19,17227,3075,1,1,0,0
335,4,2014-02-20,17347,2984,1,1,0,0
335,5,2014-02-21,16579,2987,1,1,0,0
335,6,2014-02-22,9981,1836,1,0,0,0
335,7,2014-02-23,7418,1514,1,0,0,0
335,1,2014-02-24,11779,2514,1,0,0,0
335,2,2014-02-25,12150,2526,1,0,0,0
335,3,2014-02-26,11860,2425,1,0,0,0
335,4,2014-02-27,12443,2478,1,0,0,0
335,5,2014-02-28,14680,2697,1,0,0,0
335,6,2014-03-01,10851,1926,1,0,0,0
335,7,2014-03-02,9690,1783,1,0,0,0
335,1,2014-03-03,16926,2431,1,1,0,0
335,2,2014-03-04,21846,3283,1,1,0,0
335,3,2014-03-05,20159,3205,1,1,0,0
335,4,2014-03-06,18626,3124,1,1,0,0
335,5,2014-03-07,17313,2916,1,1,0,0
335,6,2014-03-08,9046,1815,1,0,0,0
335,7,2014-03-09,7864,1590,1,0,0,0
335,1,2014-03-10,12419,2635,1,0,0,0
335,2,2014-03-11,13012,2630,1,0,0,0
335,3,2014-03-12,12026,2492,1,0,0,0
335,4,2014-03-13,12039,2463,1,0,0,0
335,5,2014-03-14,12040,2425,1,0,0,0
335,6,2014-03-15,8887,1659,1,0,0,0
335,7,2014-03-16,7524,1463,1,0,0,0
335,1,2014-03-17,22162,3301,1,1,0,0
335,2,2014-03-18,7433,1002,1,1,0,0
335,3,2014-03-19,18400,3136,1,1,0,0
335,4,2014-03-20,16444,2850,1,1,0,0
335,5,2014-03-21,15917,2809,1,1,0,0
335,6,2014-03-22,8667,1719,1,0,0,0
335,7,2014-03-23,7226,1350,1,0,0,0
335,1,2014-03-24,12501,2492,1,0,0,0
335,2,2014-03-25,12894,2592,1,0,0,0
335,3,2014-03-26,4361,736,1,0,0,0
335,4,2014-03-27,4536,779,1,0,0,0
335,5,2014-03-28,14263,2646,1,0,0,0
335,6,2014-03-29,9782,1831,1,0,0,0
335,7,2014-03-30,8290,1548,1,0,0,0
335,1,2014-03-31,27866,3681,1,1,0,0
335,2,2014-04-01,17825,3083,1,1,0,0
335,3,2014-04-02,17533,2903,1,1,0,0
335,4,2014-04-03,17447,2879,1,1,0,0
335,5,2014-04-04,17535,2939,1,1,0,0
335,6,2014-04-05,9111,1737,1,0,0,0
335,7,2014-04-06,7687,1573,1,0,0,0
335,1,2014-04-07,13816,2651,1,0,0,0
335,2,2014-04-08,13292,2654,1,0,0,0
335,3,2014-04-09,13703,2615,1,0,0,0
335,4,2014-04-10,13992,2626,1,0,0,0
335,5,2014-04-11,12754,2505,1,0,0,0
335,6,2014-04-12,8903,1784,1,0,0,0
335,7,2014-04-13,8126,1467,1,0,0,0
335,1,2014-04-14,21671,3343,1,1,0,1
335,2,2014-04-15,20965,3202,1,1,0,1
335,3,2014-04-16,18931,3027,1,1,0,1
335,4,2014-04-17,18134,3082,1,1,0,1
335,5,2014-04-18,6983,1349,1,1,b,1
335,6,2014-04-19,9031,1754,1,0,0,0
335,7,2014-04-20,5182,1097,1,0,0,0
335,1,2014-04-21,6476,1295,1,0,b,1
335,2,2014-04-22,12455,2625,1,0,0,1
335,3,2014-04-23,11389,2391,1,0,0,1
335,4,2014-04-24,11354,2343,1,0,0,1
335,5,2014-04-25,10330,2239,1,0,0,1
335,6,2014-04-26,8453,1603,1,0,0,0
335,7,2014-04-27,6983,1341,1,0,0,0
335,1,2014-04-28,20493,3267,1,1,0,0
335,2,2014-04-29,20054,3231,1,1,0,0
335,3,2014-04-30,21376,3336,1,1,0,0
335,4,2014-05-01,10770,1777,1,1,a,0
335,5,2014-05-02,18355,2989,1,1,0,0
335,6,2014-05-03,9259,1788,1,0,0,0
335,7,2014-05-04,7410,1438,1,0,0,0
335,1,2014-05-05,20281,3247,1,1,0,0
335,2,2014-05-06,19153,3154,1,1,0,0
335,3,2014-05-07,17651,2992,1,1,0,0
335,4,2014-05-08,17178,3024,1,1,0,0
335,5,2014-05-09,17056,3024,1,1,0,0
335,6,2014-05-10,9906,1899,1,0,0,0
335,7,2014-05-11,7509,1468,1,0,0,0
335,1,2014-05-12,13423,2726,1,0,0,0
335,2,2014-05-13,12773,2624,1,0,0,0
335,3,2014-05-14,12598,2598,1,0,0,0
335,4,2014-05-15,12223,2474,1,0,0,0
335,5,2014-05-16,11995,2447,1,0,0,0
335,6,2014-05-17,8019,1618,1,0,0,0
335,7,2014-05-18,7191,1422,1,0,0,0
335,1,2014-05-19,20282,3150,1,1,0,0
335,2,2014-05-20,16415,3001,1,1,0,0
335,3,2014-05-21,15831,2851,1,1,0,0
335,4,2014-05-22,15578,2873,1,1,0,0
335,5,2014-05-23,16244,2791,1,1,0,0
335,6,2014-05-24,8056,1615,1,0,0,0
335,7,2014-05-25,5996,1315,1,0,0,0
335,1,2014-05-26,12575,2571,1,0,0,0
335,2,2014-05-27,13219,2568,1,0,0,0
335,3,2014-05-28,13983,2740,1,0,0,0
335,4,2014-05-29,11403,1817,1,0,a,0
335,5,2014-05-30,15004,2598,1,0,0,0
335,6,2014-05-31,10088,1836,1,0,0,0
335,7,2014-06-01,8905,1586,1,0,0,0
335,1,2014-06-02,23832,3538,1,1,0,0
335,2,2014-06-03,18612,3166,1,1,0,0
335,3,2014-06-04,18821,3114,1,1,0,0
335,4,2014-06-05,17726,3177,1,1,0,0
335,5,2014-06-06,16474,2952,1,1,0,0
335,6,2014-06-07,9273,1831,1,0,0,0
335,7,2014-06-08,7944,1590,1,0,0,0
335,1,2014-06-09,9591,1984,1,0,a,0
335,2,2014-06-10,4410,867,1,0,0,1
335,3,2014-06-11,8132,1544,1,0,0,0
335,4,2014-06-12,9301,1730,1,0,0,0
335,5,2014-06-13,10015,1976,1,0,0,0
335,6,2014-06-14,8561,1520,1,0,0,0
335,7,2014-06-15,7557,1316,1,0,0,0
335,1,2014-06-16,19575,2907,1,1,0,0
335,2,2014-06-17,18698,3076,1,1,0,0
335,3,2014-06-18,17639,3051,1,1,0,0
335,4,2014-06-19,10614,1675,1,1,a,0
335,5,2014-06-20,17213,2786,1,1,0,0
335,6,2014-06-21,7896,1574,1,0,0,0
335,7,2014-06-22,6961,1362,1,0,0,0
335,1,2014-06-23,12488,2653,1,0,0,0
335,2,2014-06-24,12042,2503,1,0,0,0
335,3,2014-06-25,11753,2394,1,0,0,0
335,4,2014-06-26,11000,2287,1,0,0,0
335,5,2014-06-27,13426,2592,1,0,0,0
335,6,2014-06-28,10016,1825,1,0,0,0
335,7,2014-06-29,8856,1550,1,0,0,0
335,1,2014-06-30,31406,3929,1,1,0,0
335,2,2014-07-01,18302,3102,1,1,0,0
335,3,2014-07-02,18308,3075,1,1,0,0
335,4,2014-07-03,16686,2940,1,1,0,0
335,5,2014-07-04,14220,2712,1,1,0,0
335,6,2014-07-05,9248,1738,1,0,0,0
335,7,2014-07-06,7855,1503,1,0,0,0
335,1,2014-07-07,12986,2571,1,0,0,1
335,2,2014-07-08,11511,2432,1,0,0,1
335,3,2014-07-09,10989,2357,1,0,0,1
335,4,2014-07-10,12125,2423,1,0,0,1
335,5,2014-07-11,12616,2313,1,0,0,1
335,6,2014-07-12,8656,1642,1,0,0,0
335,7,2014-07-13,8029,1509,1,0,0,0
335,1,2014-07-14,19696,2945,1,1,0,1
335,2,2014-07-15,18233,2839,1,1,0,1
335,3,2014-07-16,16020,2719,1,1,0,1
335,4,2014-07-17,15214,2764,1,1,0,1
335,5,2014-07-18,15372,2726,1,1,0,1
335,6,2014-07-19,7977,1657,1,0,0,0
335,7,2014-07-20,7141,1457,1,0,0,0
335,1,2014-07-21,11615,2310,1,0,0,1
335,2,2014-07-22,11231,2260,1,0,0,1
335,3,2014-07-23,10855,2262,1,0,0,1
335,4,2014-07-24,9777,2202,1,0,0,1
335,5,2014-07-25,10898,2125,1,0,0,1
335,6,2014-07-26,6857,1458,1,0,0,0
335,7,2014-07-27,6828,1355,1,0,0,0
335,1,2014-07-28,16822,2621,1,1,0,1
335,2,2014-07-29,16001,2577,1,1,0,1
335,3,2014-07-30,17133,2711,1,1,0,1
335,4,2014-07-31,17965,2826,1,1,0,1
335,5,2014-08-01,16286,2724,1,1,0,1
335,6,2014-08-02,9115,1788,1,0,0,0
335,7,2014-08-03,8721,1626,1,0,0,0
335,1,2014-08-04,19878,2961,1,1,0,1
335,2,2014-08-05,17000,2778,1,1,0,1
335,3,2014-08-06,15869,2631,1,1,0,1
335,4,2014-08-07,14202,2476,1,1,0,1
335,5,2014-08-08,13757,2414,1,1,0,1
335,6,2014-08-09,8069,1561,1,0,0,0
335,7,2014-08-10,7090,1352,1,0,0,0
335,1,2014-08-11,10777,2319,1,0,0,1
335,2,2014-08-12,11255,2239,1,0,0,1
335,3,2014-08-13,10188,2146,1,0,0,1
335,4,2014-08-14,11163,2316,1,0,0,1
335,5,2014-08-15,11144,2138,1,0,0,1
335,6,2014-08-16,7834,1572,1,0,0,0
335,7,2014-08-17,8044,1396,1,0,0,0
335,1,2014-08-18,20849,3106,1,1,0,1
335,2,2014-08-19,18648,2913,1,1,0,1
335,3,2014-08-20,15925,2760,1,1,0,0
335,4,2014-08-21,15926,2671,1,1,0,0
335,5,2014-08-22,14188,2473,1,1,0,0
335,6,2014-08-23,8057,1545,1,0,0,0
335,7,2014-08-24,7067,1400,1,0,0,0
335,1,2014-08-25,12031,2423,1,0,0,0
335,2,2014-08-26,11154,2247,1,0,0,0
335,3,2014-08-27,11594,2260,1,0,0,0
335,4,2014-08-28,12148,2389,1,0,0,0
335,5,2014-08-29,13825,2485,1,0,0,0
335,6,2014-08-30,10189,1847,1,0,0,0
335,7,2014-08-31,9782,1684,1,0,0,0
335,1,2014-09-01,22925,3258,1,1,0,0
335,2,2014-09-02,18920,2946,1,1,0,0
335,3,2014-09-03,18399,2866,1,1,0,0
335,4,2014-09-04,15837,2759,1,1,0,0
335,5,2014-09-05,15504,2600,1,1,0,0
335,6,2014-09-06,7819,1606,1,0,0,0
335,7,2014-09-07,7771,1461,1,0,0,0
335,1,2014-09-08,12335,2408,1,0,0,0
335,2,2014-09-09,11698,2329,1,0,0,0
335,3,2014-09-10,11545,2367,1,0,0,0
335,4,2014-09-11,11575,2347,1,0,0,0
335,5,2014-09-12,11713,2301,1,0,0,0
335,6,2014-09-13,7943,1521,1,0,0,0
335,7,2014-09-14,7770,1478,1,0,0,0
335,1,2014-09-15,19062,2909,1,1,0,0
335,2,2014-09-16,17476,2835,1,1,0,0
335,3,2014-09-17,15618,2606,1,1,0,0
335,4,2014-09-18,16747,2687,1,1,0,0
335,5,2014-09-19,15479,2674,1,1,0,0
335,6,2014-09-20,7828,1586,1,0,0,0
335,7,2014-09-21,7523,1349,1,0,0,0
335,1,2014-09-22,11270,2322,1,0,0,0
335,2,2014-09-23,11553,2298,1,0,0,0
335,3,2014-09-24,11536,2302,1,0,0,0
335,4,2014-09-25,11805,2345,1,0,0,0
335,5,2014-09-26,12007,2364,1,0,0,0
335,6,2014-09-27,7991,1568,1,0,0,0
335,7,2014-09-28,7721,1420,1,0,0,0
335,1,2014-09-29,22961,3171,1,1,0,0
335,2,2014-09-30,25902,3494,1,1,0,0
335,3,2014-10-01,16464,2839,1,1,0,0
335,4,2014-10-02,16570,2843,1,1,0,0
335,5,2014-10-03,9697,1788,1,1,a,0
335,6,2014-10-04,9636,1718,1,0,0,0
335,7,2014-10-05,7533,1370,1,0,0,0
335,1,2014-10-06,20014,2910,1,1,0,1
335,2,2014-10-07,17453,2769,1,1,0,1
335,3,2014-10-08,16389,2636,1,1,0,1
335,4,2014-10-09,15900,2600,1,1,0,1
335,5,2014-10-10,15714,2603,1,1,0,1
335,6,2014-10-11,8567,1642,1,0,0,0
335,7,2014-10-12,8537,1540,1,0,0,0
335,1,2014-10-13,11814,2386,1,0,0,1
335,2,2014-10-14,12059,2418,1,0,0,1
335,3,2014-10-15,10818,2100,1,0,0,1
335,4,2014-10-16,11798,2409,1,0,0,1
335,5,2014-10-17,12017,2398,1,0,0,1
335,6,2014-10-18,7015,1469,1,0,0,0
335,7,2014-10-19,7268,1466,1,0,0,0
335,1,2014-10-20,19916,3145,1,1,0,0
335,2,2014-10-21,17789,3096,1,1,0,0
335,3,2014-10-22,16701,2979,1,1,0,0
335,4,2014-10-23,15970,2836,1,1,0,0
335,5,2014-10-24,14895,2689,1,1,0,0
335,6,2014-10-25,7662,1604,1,0,0,0
335,7,2014-10-26,7548,1568,1,0,0,0
335,1,2014-10-27,11808,2517,1,0,0,0
335,2,2014-10-28,12441,2583,1,0,0,0
335,3,2014-10-29,12312,2485,1,0,0,0
335,4,2014-10-30,14124,2710,1,0,0,0
335,5,2014-10-31,16132,2853,1,0,0,0
335,6,2014-11-01,13216,2239,1,0,a,0
335,7,2014-11-02,12654,2067,1,0,0,0
335,1,2014-11-03,24321,3584,1,1,0,0
335,2,2014-11-04,21379,3316,1,1,0,0
335,3,2014-11-05,18919,3122,1,1,0,0
335,4,2014-11-06,15839,2578,1,1,0,0
335,5,2014-11-07,14635,2528,1,1,0,0
335,6,2014-11-08,8880,1635,1,0,0,0
335,7,2014-11-09,8027,1462,1,0,0,0
335,1,2014-11-10,19964,3237,1,1,0,0
335,2,2014-11-11,17819,3090,1,1,0,0
335,3,2014-11-12,17912,3027,1,1,0,0
335,4,2014-11-13,16898,2883,1,1,0,0
335,5,2014-11-14,16581,2830,1,1,0,0
335,6,2014-11-15,9120,1770,1,0,0,0
335,7,2014-11-16,8088,1438,1,0,0,0
335,1,2014-11-17,13941,2718,1,0,0,0
335,2,2014-11-18,13860,2671,1,0,0,0
335,3,2014-11-19,12310,2554,1,0,0,0
335,4,2014-11-20,13113,2624,1,0,0,0
335,5,2014-11-21,12861,2579,1,0,0,0
335,6,2014-11-22,8894,1805,1,0,0,0
335,7,2014-11-23,7689,1525,1,0,0,0
335,1,2014-11-24,20408,3284,1,1,0,0
335,2,2014-11-25,19327,3167,1,1,0,0
335,3,2014-11-26,18470,3053,1,1,0,0
335,4,2014-11-27,18425,3121,1,1,0,0
335,5,2014-11-28,20727,3234,1,1,0,0
335,6,2014-11-29,13589,2206,1,0,0,0
335,7,2014-11-30,10465,1748,1,0,0,0
335,1,2014-12-01,24327,3464,1,1,0,0
335,2,2014-12-02,22189,3354,1,1,0,0
335,3,2014-12-03,20565,3271,1,1,0,0
335,4,2014-12-04,19898,3193,1,1,0,0
335,5,2014-12-05,19758,3218,1,1,0,0
335,6,2014-12-06,11268,2046,1,0,0,0
335,7,2014-12-07,9449,1706,1,0,0,0
335,1,2014-12-08,15008,2839,1,0,0,0
335,2,2014-12-09,15344,2815,1,0,0,0
335,3,2014-12-10,13951,2608,1,0,0,0
335,4,2014-12-11,14325,2700,1,0,0,0
335,5,2014-12-12,13818,2560,1,0,0,0
335,6,2014-12-13,12344,2046,1,0,0,0
335,7,2014-12-14,9727,1767,1,0,0,0
335,1,2014-12-15,28682,3695,1,1,0,0
335,2,2014-12-16,25355,3517,1,1,0,0
335,3,2014-12-17,24299,3469,1,1,0,0
335,4,2014-12-18,22032,3365,1,1,0,0
335,5,2014-12-19,20887,3266,1,1,0,0
335,6,2014-12-20,12488,2117,1,0,0,0
335,7,2014-12-21,10735,1712,1,0,0,0
335,1,2014-12-22,17948,2946,1,0,0,1
335,2,2014-12-23,17400,2716,1,0,0,1
335,3,2014-12-24,6299,974,1,0,0,1
335,4,2014-12-25,4146,726,1,0,c,1
335,5,2014-12-26,5784,961,1,0,c,1
335,6,2014-12-27,9807,1596,1,0,0,0
335,7,2014-12-28,8144,1375,1,0,0,0
335,1,2014-12-29,13979,2260,1,0,0,1
335,2,2014-12-30,15641,2360,1,0,0,1
335,3,2014-12-31,8308,1332,1,0,0,1
335,4,2015-01-01,3428,675,1,0,a,1
335,5,2015-01-02,11061,1958,1,0,0,1
335,6,2015-01-03,9795,1686,1,0,0,0
335,7,2015-01-04,8550,1521,1,0,0,0
335,1,2015-01-05,20507,2973,1,1,0,1
335,2,2015-01-06,18523,2793,1,1,0,1
335,3,2015-01-07,17245,2879,1,1,0,0
335,4,2015-01-08,16365,2921,1,1,0,0
335,5,2015-01-09,15693,2728,1,1,0,0
335,6,2015-01-10,8497,1629,1,0,0,0
335,7,2015-01-11,7228,1364,1,0,0,0
335,1,2015-01-12,19701,3145,1,1,0,0
335,2,2015-01-13,18647,3067,1,1,0,0
335,3,2015-01-14,18666,3000,1,1,0,0
335,4,2015-01-15,16254,2877,1,1,0,0
335,5,2015-01-16,16993,2824,1,1,0,0
335,6,2015-01-17,8414,1670,1,0,0,0
335,7,2015-01-18,7325,1351,1,0,0,0
335,1,2015-01-19,12923,2611,1,0,0,0
335,2,2015-01-20,12238,2529,1,0,0,0
335,3,2015-01-21,12781,2532,1,0,0,0
335,4,2015-01-22,12428,2523,1,0,0,0
335,5,2015-01-23,11593,2357,1,0,0,0
335,6,2015-01-24,8114,1529,1,0,0,0
335,7,2015-01-25,7266,1354,1,0,0,0
335,1,2015-01-26,21221,3197,1,1,0,0
335,2,2015-01-27,18817,3105,1,1,0,0
335,3,2015-01-28,18444,3040,1,1,0,0
335,4,2015-01-29,18246,3000,1,1,0,0
335,5,2015-01-30,19215,2973,1,1,0,0
335,6,2015-01-31,10904,1847,1,0,0,0
335,7,2015-02-01,9936,1619,1,0,0,0
335,1,2015-02-02,21940,3263,1,1,0,0
335,2,2015-02-03,20021,3202,1,1,0,0
335,3,2015-02-04,18485,2996,1,1,0,0
335,4,2015-02-05,17220,2957,1,1,0,0
335,5,2015-02-06,17444,2978,1,1,0,0
335,6,2015-02-07,9418,1817,1,0,0,0
335,7,2015-02-08,7553,1458,1,0,0,0
335,1,2015-02-09,13094,2640,1,0,0,0
335,2,2015-02-10,12615,2555,1,0,0,0
335,3,2015-02-11,13703,2777,1,0,0,0
335,4,2015-02-12,12429,2500,1,0,0,0
335,5,2015-02-13,12054,2439,1,0,0,0
335,6,2015-02-14,9261,1776,1,0,0,0
335,7,2015-02-15,8350,1535,1,0,0,0
335,1,2015-02-16,15033,2199,1,1,0,0
335,2,2015-02-17,17562,2779,1,1,0,0
335,3,2015-02-18,17739,2861,1,1,0,0
335,4,2015-02-19,17328,2845,1,1,0,0
335,5,2015-02-20,16372,2771,1,1,0,0
335,6,2015-02-21,8922,1627,1,0,0,0
335,7,2015-02-22,7934,1427,1,0,0,0
335,1,2015-02-23,12422,2506,1,0,0,0
335,2,2015-02-24,11537,2459,1,0,0,0
335,3,2015-02-25,12337,2423,1,0,0,0
335,4,2015-02-26,11944,2361,1,0,0,0
335,5,2015-02-27,15593,2625,1,0,0,0
335,6,2015-02-28,11073,1965,1,0,0,0
335,7,2015-03-01,9768,1667,1,0,0,0
335,1,2015-03-02,21989,3252,1,1,0,0
335,2,2015-03-03,20922,3160,1,1,0,0
335,3,2015-03-04,18388,2961,1,1,0,0
335,4,2015-03-05,16357,2831,1,1,0,0
335,5,2015-03-06,16712,2859,1,1,0,0
335,6,2015-03-07,10601,1825,1,0,0,0
335,7,2015-03-08,8735,1637,1,0,0,0
335,1,2015-03-09,12457,2497,1,0,0,0
335,2,2015-03-10,12503,2451,1,0,0,0
335,3,2015-03-11,11799,2330,1,0,0,0
335,4,2015-03-12,11960,2347,1,0,0,0
335,5,2015-03-13,13057,2557,1,0,0,0
335,6,2015-03-14,9169,1777,1,0,0,0
335,7,2015-03-15,8767,1609,1,0,0,0
335,1,2015-03-16,22242,3284,1,1,0,0
335,2,2015-03-17,19350,3099,1,1,0,0
335,3,2015-03-18,17239,2895,1,1,0,0
335,4,2015-03-19,16876,2847,1,1,0,0
335,5,2015-03-20,17516,2897,1,1,0,0
335,6,2015-03-21,8808,1740,1,0,0,0
335,7,2015-03-22,8620,1572,1,0,0,0
335,1,2015-03-23,12938,2523,1,0,0,0
335,2,2015-03-24,11928,2339,1,0,0,0
335,3,2015-03-25,11956,2431,1,0,0,0
335,4,2015-03-26,12693,2474,1,0,0,0
335,5,2015-03-27,12236,2399,1,0,0,0
335,6,2015-03-28,8870,1672,1,0,0,0
335,7,2015-03-29,7394,1389,1,0,0,0
335,1,2015-03-30,26601,3191,1,1,0,1
335,2,2015-03-31,23032,2850,1,1,0,1
335,3,2015-04-01,19456,2838,1,1,0,1
335,4,2015-04-02,21056,3105,1,1,0,1
335,5,2015-04-03,8036,1460,1,1,b,1
335,6,2015-04-04,10946,1880,1,0,0,0
335,7,2015-04-05,6929,1268,1,0,0,0
335,1,2015-04-06,8514,1554,1,0,b,1
335,2,2015-04-07,14080,2565,1,0,0,1
335,3,2015-04-08,13467,2510,1,0,0,1
335,4,2015-04-09,13147,2356,1,0,0,1
335,5,2015-04-10,11762,2288,1,0,0,1
335,6,2015-04-11,9364,1649,1,0,0,0
335,7,2015-04-12,8112,1540,1,0,0,0
335,1,2015-04-13,22974,3376,1,1,0,0
335,2,2015-04-14,19251,3024,1,1,0,0
335,3,2015-04-15,17550,2949,1,1,0,0
335,4,2015-04-16,18037,2808,1,1,0,0
335,5,2015-04-17,18189,2943,1,1,0,0
335,6,2015-04-18,8948,1716,1,0,0,0
335,7,2015-04-19,7854,1547,1,0,0,0
335,1,2015-04-20,12518,2595,1,0,0,0
335,2,2015-04-21,13091,2482,1,0,0,0
335,3,2015-04-22,12329,2225,1,0,0,0
335,4,2015-04-23,11189,2196,1,0,0,0
335,5,2015-04-24,11617,2389,1,0,0,0
335,6,2015-04-25,8830,1657,1,0,0,0
335,7,2015-04-26,7519,1370,1,0,0,0
335,1,2015-04-27,21831,3249,1,1,0,0
335,2,2015-04-28,20916,3079,1,1,0,0
335,3,2015-04-29,20865,3021,1,1,0,0
335,4,2015-04-30,22336,3378,1,1,0,0
335,5,2015-05-01,10126,1648,1,1,a,0
335,6,2015-05-02,11028,1913,1,0,0,0
335,7,2015-05-03,8511,1509,1,0,0,0
335,1,2015-05-04,22723,3409,1,1,0,0
335,2,2015-05-05,18419,2848,1,1,0,0
335,3,2015-05-06,18259,2871,1,1,0,0
335,4,2015-05-07,17663,2812,1,1,0,0
335,5,2015-05-08,16920,2780,1,1,0,0
335,6,2015-05-09,9388,1735,1,0,0,0
335,7,2015-05-10,8616,1488,1,0,0,0
335,1,2015-05-11,13106,2599,1,0,0,0
335,2,2015-05-12,13598,2678,1,0,0,0
335,3,2015-05-13,14440,2662,1,0,0,0
335,4,2015-05-14,9053,1592,1,0,a,0
335,5,2015-05-15,12895,2313,1,0,0,0
335,6,2015-05-16,8519,1612,1,0,0,0
335,7,2015-05-17,7943,1394,1,0,0,0
335,1,2015-05-18,22068,3204,1,1,0,0
335,2,2015-05-19,19419,3109,1,1,0,0
335,3,2015-05-20,17346,2747,1,1,0,0
335,4,2015-05-21,16152,2656,1,1,0,0
335,5,2015-05-22,14808,2690,1,1,0,0
335,6,2015-05-23,9273,1686,1,0,0,0
335,7,2015-05-24,8312,1402,1,0,0,0
335,1,2015-05-25,10017,1751,1,0,a,0
335,2,2015-05-26,13921,2478,1,0,0,1
335,3,2015-05-27,12973,2515,1,0,0,0
335,4,2015-05-28,13995,2594,1,0,0,0
335,5,2015-05-29,15274,2635,1,0,0,0
335,6,2015-05-30,11444,1942,1,0,0,0
335,7,2015-05-31,9950,1607,1,0,0,0
335,1,2015-06-01,25360,3403,1,1,0,0
335,2,2015-06-02,21605,3167,1,1,0,0
335,3,2015-06-03,21903,3290,1,1,0,0
335,4,2015-06-04,10856,1763,1,1,a,0
335,5,2015-06-05,17613,2813,1,1,0,0
335,6,2015-06-06,9041,1728,1,0,0,0
335,7,2015-06-07,8422,1536,1,0,0,0
335,1,2015-06-08,13373,2605,1,0,0,0
335,2,2015-06-09,13661,2569,1,0,0,0
335,3,2015-06-10,13913,2592,1,0,0,0
335,4,2015-06-11,12617,2491,1,0,0,0
335,5,2015-06-12,11826,2413,1,0,0,0
335,6,2015-06-13,9167,1688,1,0,0,0
335,7,2015-06-14,8518,1493,1,0,0,0
335,1,2015-06-15,23203,3261,1,1,0,0
335,2,2015-06-16,20930,3187,1,1,0,0
335,3,2015-06-17,19155,2967,1,1,0,0
335,4,2015-06-18,18484,2811,1,1,0,0
335,5,2015-06-19,16221,2699,1,1,0,0
335,6,2015-06-20,9551,1736,1,0,0,0
335,7,2015-06-21,7477,1385,1,0,0,0
335,1,2015-06-22,13790,2505,1,0,0,0
335,2,2015-06-23,14071,2521,1,0,0,0
335,3,2015-06-24,12760,2410,1,0,0,0
335,4,2015-06-25,12914,2424,1,0,0,0
335,5,2015-06-26,11710,2312,1,0,0,0
335,6,2015-06-27,9479,1563,1,0,0,0
335,7,2015-06-28,8930,1448,1,0,0,0
335,1,2015-06-29,27177,3208,1,1,0,1
335,2,2015-06-30,28164,3526,1,1,0,1
335,3,2015-07-01,17728,2903,1,1,0,1
335,4,2015-07-02,15360,2847,1,1,0,1
335,5,2015-07-03,13533,2409,1,1,0,1
335,6,2015-07-04,7874,1687,1,0,0,0
335,7,2015-07-05,7142,1391,1,0,0,0
335,1,2015-07-06,11574,2322,1,0,0,1
335,2,2015-07-07,11208,2293,1,0,0,1
335,3,2015-07-08,12384,2279,1,0,0,1
335,4,2015-07-09,11849,2258,1,0,0,1
335,5,2015-07-10,11961,2265,1,0,0,1
335,6,2015-07-11,8969,1584,1,0,0,0
335,7,2015-07-12,8456,1430,1,0,0,0
335,1,2015-07-13,21279,2936,1,1,0,1
335,2,2015-07-14,19259,2776,1,1,0,1
335,3,2015-07-15,18097,2697,1,1,0,1
335,4,2015-07-16,17082,2610,1,1,0,1
335,5,2015-07-17,14182,2523,1,1,0,1
335,6,2015-07-18,8426,1627,1,0,0,0
335,7,2015-07-19,7518,1411,1,0,0,0
335,1,2015-07-20,12794,2255,1,0,0,1
335,2,2015-07-21,11977,2260,1,0,0,1
335,3,2015-07-22,12157,2223,1,0,0,1
335,4,2015-07-23,11568,2084,1,0,0,1
335,5,2015-07-24,10969,2092,1,0,0,1
335,6,2015-07-25,6786,1262,1,0,0,0
335,7,2015-07-26,7988,1509,1,0,0,0
335,1,2015-07-27,20024,2778,1,1,0,1
335,2,2015-07-28,16625,2554,1,1,0,1
335,3,2015-07-29,16907,2463,1,1,0,1
335,4,2015-07-30,16308,2523,1,1,0,1
335,5,2015-07-31,17867,2592,1,1,0,1
336,2,2013-01-01,0,0,0,0,a,1
336,3,2013-01-02,13817,2049,1,0,0,1
336,4,2013-01-03,12389,1890,1,0,0,1
336,5,2013-01-04,11837,1877,1,0,0,1
336,6,2013-01-05,10848,1692,1,0,0,1
336,7,2013-01-06,0,0,0,0,0,1
336,1,2013-01-07,19080,2470,1,1,0,1
336,2,2013-01-08,17699,2255,1,1,0,1
336,3,2013-01-09,15299,2094,1,1,0,1
336,4,2013-01-10,14636,1997,1,1,0,1
336,5,2013-01-11,13598,1997,1,1,0,1
336,6,2013-01-12,10519,1646,1,0,0,0
336,7,2013-01-13,0,0,0,0,0,0
336,1,2013-01-14,12167,1845,1,0,0,0
336,2,2013-01-15,10163,1623,1,0,0,0
336,3,2013-01-16,10417,1662,1,0,0,0
336,4,2013-01-17,11014,1663,1,0,0,0
336,5,2013-01-18,10809,1692,1,0,0,0
336,6,2013-01-19,11142,1682,1,0,0,0
336,7,2013-01-20,0,0,0,0,0,0
336,1,2013-01-21,15858,2092,1,1,0,0
336,2,2013-01-22,15830,2194,1,1,0,0
336,3,2013-01-23,16406,2173,1,1,0,0
336,4,2013-01-24,14699,2067,1,1,0,0
336,5,2013-01-25,13588,1902,1,1,0,0
336,6,2013-01-26,10243,1598,1,0,0,0
336,7,2013-01-27,0,0,0,0,0,0
336,1,2013-01-28,11118,1794,1,0,0,0
336,2,2013-01-29,10689,1627,1,0,0,0
336,3,2013-01-30,12724,1859,1,0,0,0
336,4,2013-01-31,13443,1895,1,0,0,0
336,5,2013-02-01,11778,1792,1,0,0,0
336,6,2013-02-02,12964,1927,1,0,0,0
336,7,2013-02-03,0,0,0,0,0,0
336,1,2013-02-04,20694,2589,1,1,0,0
336,2,2013-02-05,19871,2409,1,1,0,0
336,3,2013-02-06,16317,2065,1,1,0,0
336,4,2013-02-07,15118,2126,1,1,0,0
336,5,2013-02-08,13915,2016,1,1,0,0
336,6,2013-02-09,12440,1885,1,0,0,0
336,7,2013-02-10,0,0,0,0,0,0
336,1,2013-02-11,8777,1355,1,0,0,0
336,2,2013-02-12,11725,1878,1,0,0,0
336,3,2013-02-13,11569,1821,1,0,0,0
336,4,2013-02-14,11690,1855,1,0,0,0
336,5,2013-02-15,11492,1700,1,0,0,0
336,6,2013-02-16,11432,1747,1,0,0,0
336,7,2013-02-17,0,0,0,0,0,0
336,1,2013-02-18,18864,2399,1,1,0,0
336,2,2013-02-19,15465,2028,1,1,0,0
336,3,2013-02-20,16833,2217,1,1,0,0
336,4,2013-02-21,14545,2056,1,1,0,0
336,5,2013-02-22,14157,1949,1,1,0,0
336,6,2013-02-23,10136,1614,1,0,0,0
336,7,2013-02-24,0,0,0,0,0,0
336,1,2013-02-25,11330,1763,1,0,0,0
336,2,2013-02-26,11475,1796,1,0,0,0
336,3,2013-02-27,12250,1818,1,0,0,0
336,4,2013-02-28,12682,1821,1,0,0,0
336,5,2013-03-01,13088,1888,1,0,0,0
336,6,2013-03-02,12398,1929,1,0,0,0
336,7,2013-03-03,0,0,0,0,0,0
336,1,2013-03-04,20685,2662,1,1,0,0
336,2,2013-03-05,18784,2420,1,1,0,0
336,3,2013-03-06,14103,1874,1,1,0,0
336,4,2013-03-07,16360,2266,1,1,0,0
336,5,2013-03-08,14586,2126,1,1,0,0
336,6,2013-03-09,11487,1810,1,0,0,0
336,7,2013-03-10,0,0,0,0,0,0
336,1,2013-03-11,11690,1850,1,0,0,0
336,2,2013-03-12,7469,1150,1,0,0,0
336,3,2013-03-13,12215,1789,1,0,0,0
336,4,2013-03-14,12222,1852,1,0,0,0
336,5,2013-03-15,12137,1826,1,0,0,0
336,6,2013-03-16,12343,1877,1,0,0,0
336,7,2013-03-17,0,0,0,0,0,0
336,1,2013-03-18,19573,2450,1,1,0,0
336,2,2013-03-19,18864,2367,1,1,0,0
336,3,2013-03-20,15265,2037,1,1,0,0
336,4,2013-03-21,16249,2129,1,1,0,0
336,5,2013-03-22,14840,2142,1,1,0,0
336,6,2013-03-23,12398,1733,1,0,0,0
336,7,2013-03-24,0,0,0,0,0,0
336,1,2013-03-25,18808,2449,1,1,0,1
336,2,2013-03-26,18687,2411,1,1,0,1
336,3,2013-03-27,18812,2459,1,1,0,1
336,4,2013-03-28,20056,2605,1,1,0,1
336,5,2013-03-29,0,0,0,1,b,1
336,6,2013-03-30,16165,2383,1,0,0,0
336,7,2013-03-31,0,0,0,0,0,0
336,1,2013-04-01,0,0,0,0,b,1
336,2,2013-04-02,15557,2203,1,0,0,1
336,3,2013-04-03,12023,1815,1,0,0,1
336,4,2013-04-04,12767,1887,1,0,0,1
336,5,2013-04-05,11648,1783,1,0,0,1
336,6,2013-04-06,11465,1792,1,0,0,0
336,7,2013-04-07,0,0,0,0,0,0
336,1,2013-04-08,18494,2441,1,1,0,0
336,2,2013-04-09,15682,2094,1,1,0,0
336,3,2013-04-10,15674,2190,1,1,0,0
336,4,2013-04-11,14467,2057,1,1,0,0
336,5,2013-04-12,14395,2047,1,1,0,0
336,6,2013-04-13,11508,1793,1,0,0,0
336,7,2013-04-14,0,0,0,0,0,0
336,1,2013-04-15,10810,1783,1,0,0,0
336,2,2013-04-16,10698,1761,1,0,0,0
336,3,2013-04-17,10656,1697,1,0,0,0
336,4,2013-04-18,10760,1672,1,0,0,0
336,5,2013-04-19,11588,1727,1,0,0,0
336,6,2013-04-20,10906,1696,1,0,0,0
336,7,2013-04-21,0,0,0,0,0,0
336,1,2013-04-22,18891,2426,1,1,0,0
336,2,2013-04-23,15204,2235,1,1,0,0
336,3,2013-04-24,14581,2113,1,1,0,0
336,4,2013-04-25,13388,1987,1,1,0,0
336,5,2013-04-26,13559,1933,1,1,0,0
336,6,2013-04-27,11133,1671,1,0,0,0
336,7,2013-04-28,0,0,0,0,0,0
336,1,2013-04-29,20084,2503,1,1,0,0
336,2,2013-04-30,19497,2535,1,1,0,0
336,3,2013-05-01,0,0,0,1,a,0
336,4,2013-05-02,19258,2608,1,1,0,0
336,5,2013-05-03,16207,2292,1,1,0,0
336,6,2013-05-04,12332,1858,1,0,0,0
336,7,2013-05-05,0,0,0,0,0,0
336,1,2013-05-06,12920,2028,1,0,0,0
336,2,2013-05-07,11823,1901,1,0,0,0
336,3,2013-05-08,13588,2080,1,0,0,0
336,4,2013-05-09,0,0,0,0,a,0
336,5,2013-05-10,15393,2244,1,0,0,0
336,6,2013-05-11,11600,1830,1,0,0,0
336,7,2013-05-12,0,0,0,0,0,0
336,1,2013-05-13,17521,2329,1,1,0,0
336,2,2013-05-14,17502,2340,1,1,0,0
336,3,2013-05-15,15779,2189,1,1,0,0
336,4,2013-05-16,14480,2013,1,1,0,0
336,5,2013-05-17,14773,2093,1,1,0,0
336,6,2013-05-18,12043,1809,1,0,0,0
336,7,2013-05-19,0,0,0,0,0,0
336,1,2013-05-20,0,0,0,0,a,0
336,2,2013-05-21,12794,1989,1,0,0,0
336,3,2013-05-22,12411,1879,1,0,0,0
336,4,2013-05-23,11470,1688,1,0,0,0
336,5,2013-05-24,12023,1844,1,0,0,0
336,6,2013-05-25,10450,1679,1,0,0,0
336,7,2013-05-26,0,0,0,0,0,0
336,1,2013-05-27,18874,2448,1,1,0,0
336,2,2013-05-28,17694,2301,1,1,0,0
336,3,2013-05-29,18296,2317,1,1,0,0
336,4,2013-05-30,0,0,0,1,a,0
336,5,2013-05-31,19916,2438,1,1,0,0
336,6,2013-06-01,13614,1968,1,0,0,0
336,7,2013-06-02,0,0,0,0,0,0
336,1,2013-06-03,20579,2546,1,1,0,0
336,2,2013-06-04,18179,2367,1,1,0,0
336,3,2013-06-05,16037,2167,1,1,0,0
336,4,2013-06-06,16131,2221,1,1,0,0
336,5,2013-06-07,14903,2104,1,1,0,0
336,6,2013-06-08,10913,1813,1,0,0,0
336,7,2013-06-09,0,0,0,0,0,0
336,1,2013-06-10,12423,1955,1,0,0,0
336,2,2013-06-11,11981,1837,1,0,0,0
336,3,2013-06-12,10975,1793,1,0,0,0
336,4,2013-06-13,11331,1771,1,0,0,0
336,5,2013-06-14,12166,1802,1,0,0,0
336,6,2013-06-15,10714,1668,1,0,0,0
336,7,2013-06-16,0,0,0,0,0,0
336,1,2013-06-17,18154,2352,1,1,0,0
336,2,2013-06-18,15962,2112,1,1,0,0
336,3,2013-06-19,12902,1886,1,1,0,0
336,4,2013-06-20,14659,2041,1,1,0,0
336,5,2013-06-21,15148,2073,1,1,0,0
336,6,2013-06-22,10364,1670,1,0,0,0
336,7,2013-06-23,0,0,0,0,0,0
336,1,2013-06-24,11302,1852,1,0,0,0
336,2,2013-06-25,10546,1699,1,0,0,0
336,3,2013-06-26,11469,1804,1,0,0,0
336,4,2013-06-27,12655,1848,1,0,0,0
336,5,2013-06-28,13498,1922,1,0,0,0
336,6,2013-06-29,12009,1748,1,0,0,0
336,7,2013-06-30,0,0,0,0,0,0
336,1,2013-07-01,21897,2651,1,1,0,0
336,2,2013-07-02,19256,2499,1,1,0,0
336,3,2013-07-03,15153,2033,1,1,0,0
336,4,2013-07-04,16397,2268,1,1,0,0
336,5,2013-07-05,15638,2122,1,1,0,0
336,6,2013-07-06,11107,1684,1,0,0,1
336,7,2013-07-07,0,0,0,0,0,1
336,1,2013-07-08,12822,1888,1,0,0,1
336,2,2013-07-09,11615,1725,1,0,0,1
336,3,2013-07-10,11364,1673,1,0,0,1
336,4,2013-07-11,12258,1764,1,0,0,1
336,5,2013-07-12,11396,1674,1,0,0,1
336,6,2013-07-13,10420,1558,1,0,0,1
336,7,2013-07-14,0,0,0,0,0,1
336,1,2013-07-15,20899,2504,1,1,0,1
336,2,2013-07-16,17658,2211,1,1,0,1
336,3,2013-07-17,15268,1998,1,1,0,1
336,4,2013-07-18,14337,1940,1,1,0,1
336,5,2013-07-19,14140,1947,1,1,0,1
336,6,2013-07-20,9817,1458,1,0,0,1
336,7,2013-07-21,0,0,0,0,0,1
336,1,2013-07-22,10943,1694,1,0,0,1
336,2,2013-07-23,10886,1671,1,0,0,1
336,3,2013-07-24,10185,1570,1,0,0,1
336,4,2013-07-25,9933,1521,1,0,0,1
336,5,2013-07-26,9811,1559,1,0,0,1
336,6,2013-07-27,8668,1391,1,0,0,1
336,7,2013-07-28,0,0,0,0,0,1
336,1,2013-07-29,19930,2395,1,1,0,1
336,2,2013-07-30,20424,2364,1,1,0,1
336,3,2013-07-31,18059,2256,1,1,0,1
336,4,2013-08-01,15397,2040,1,1,0,1
336,5,2013-08-02,13751,1882,1,1,0,1
336,6,2013-08-03,9720,1540,1,0,0,1
336,7,2013-08-04,0,0,0,0,0,1
336,1,2013-08-05,11793,1810,1,0,0,1
336,2,2013-08-06,10721,1637,1,0,0,1
336,3,2013-08-07,10972,1725,1,0,0,1
336,4,2013-08-08,10756,1737,1,0,0,1
336,5,2013-08-09,10487,1580,1,0,0,1
336,6,2013-08-10,10035,1582,1,0,0,1
336,7,2013-08-11,0,0,0,0,0,1
336,1,2013-08-12,18534,2426,1,1,0,1
336,2,2013-08-13,17350,2268,1,1,0,1
336,3,2013-08-14,15558,2209,1,1,0,1
336,4,2013-08-15,14753,2126,1,1,0,1
336,5,2013-08-16,13596,2024,1,1,0,1
336,6,2013-08-17,11004,1714,1,0,0,0
336,7,2013-08-18,0,0,0,0,0,0
336,1,2013-08-19,12205,1944,1,0,0,0
336,2,2013-08-20,10985,1749,1,0,0,0
336,3,2013-08-21,10711,1756,1,0,0,0
336,4,2013-08-22,10562,1737,1,0,0,0
336,5,2013-08-23,10004,1633,1,0,0,0
336,6,2013-08-24,9995,1542,1,0,0,0
336,7,2013-08-25,0,0,0,0,0,0
336,1,2013-08-26,18268,2361,1,1,0,0
336,2,2013-08-27,16755,2257,1,1,0,0
336,3,2013-08-28,16157,2175,1,1,0,0
336,4,2013-08-29,15886,2137,1,1,0,0
336,5,2013-08-30,16453,2187,1,1,0,0
336,6,2013-08-31,12357,1827,1,0,0,0
336,7,2013-09-01,0,0,0,0,0,0
336,1,2013-09-02,13458,1954,1,0,0,0
336,2,2013-09-03,11679,1809,1,0,0,0
336,3,2013-09-04,11174,1768,1,0,0,0
336,4,2013-09-05,10540,1741,1,0,0,0
336,5,2013-09-06,10703,1714,1,0,0,0
336,6,2013-09-07,10107,1591,1,0,0,0
336,7,2013-09-08,0,0,0,0,0,0
336,1,2013-09-09,20369,2491,1,1,0,0
336,2,2013-09-10,18411,2256,1,1,0,0
336,3,2013-09-11,15249,2039,1,1,0,0
336,4,2013-09-12,15322,2111,1,1,0,0
336,5,2013-09-13,15167,2044,1,1,0,0
336,6,2013-09-14,10044,1611,1,0,0,0
336,7,2013-09-15,0,0,0,0,0,0
336,1,2013-09-16,11023,1837,1,0,0,0
336,2,2013-09-17,10601,1766,1,0,0,0
336,3,2013-09-18,10724,1686,1,0,0,0
336,4,2013-09-19,10592,1662,1,0,0,0
336,5,2013-09-20,9639,1670,1,0,0,0
336,6,2013-09-21,10891,1697,1,0,0,0
336,7,2013-09-22,0,0,0,0,0,0
336,1,2013-09-23,17486,2319,1,1,0,0
336,2,2013-09-24,15651,2111,1,1,0,0
336,3,2013-09-25,14258,1983,1,1,0,0
336,4,2013-09-26,13066,1857,1,1,0,0
336,5,2013-09-27,14659,2021,1,1,0,0
336,6,2013-09-28,12215,1801,1,0,0,0
336,7,2013-09-29,0,0,0,0,0,0
336,1,2013-09-30,12768,1935,1,0,0,0
336,2,2013-10-01,12563,1857,1,0,0,0
336,3,2013-10-02,13026,1941,1,0,0,0
336,4,2013-10-03,0,0,0,0,a,0
336,5,2013-10-04,14619,2061,1,0,0,0
336,6,2013-10-05,10252,1526,1,0,0,0
336,7,2013-10-06,0,0,0,0,0,0
336,1,2013-10-07,20538,2548,1,1,0,0
336,2,2013-10-08,17877,2322,1,1,0,0
336,3,2013-10-09,16213,2196,1,1,0,0
336,4,2013-10-10,15476,2149,1,1,0,0
336,5,2013-10-11,14937,2019,1,1,0,0
336,6,2013-10-12,11188,1716,1,0,0,0
336,7,2013-10-13,0,0,0,0,0,0
336,1,2013-10-14,12256,1919,1,0,0,1
336,2,2013-10-15,10637,1716,1,0,0,1
336,3,2013-10-16,11009,1772,1,0,0,1
336,4,2013-10-17,10843,1726,1,0,0,1
336,5,2013-10-18,10472,1693,1,0,0,1
336,6,2013-10-19,10277,1644,1,0,0,1
336,7,2013-10-20,0,0,0,0,0,1
336,1,2013-10-21,18254,2399,1,1,0,1
336,2,2013-10-22,15369,2090,1,1,0,1
336,3,2013-10-23,13755,1895,1,1,0,1
336,4,2013-10-24,13540,1938,1,1,0,1
336,5,2013-10-25,12777,1836,1,1,0,1
336,6,2013-10-26,9886,1585,1,0,0,0
336,7,2013-10-27,0,0,0,0,0,0
336,1,2013-10-28,10703,1725,1,0,0,0
336,2,2013-10-29,11926,1788,1,0,0,0
336,3,2013-10-30,12731,1856,1,0,0,0
336,4,2013-10-31,12931,1923,1,0,0,0
336,5,2013-11-01,12981,1949,1,0,0,0
336,6,2013-11-02,11862,1793,1,0,0,0
336,7,2013-11-03,0,0,0,0,0,0
336,1,2013-11-04,18223,2404,1,1,0,0
336,2,2013-11-05,18369,2367,1,1,0,0
336,3,2013-11-06,15633,2154,1,1,0,0
336,4,2013-11-07,15820,2176,1,1,0,0
336,5,2013-11-08,14224,2029,1,1,0,0
336,6,2013-11-09,12028,1869,1,0,0,0
336,7,2013-11-10,0,0,0,0,0,0
336,1,2013-11-11,12502,1922,1,0,0,0
336,2,2013-11-12,11275,1773,1,0,0,0
336,3,2013-11-13,11103,1735,1,0,0,0
336,4,2013-11-14,11836,1777,1,0,0,0
336,5,2013-11-15,11232,1758,1,0,0,0
336,6,2013-11-16,11237,1744,1,0,0,0
336,7,2013-11-17,0,0,0,0,0,0
336,1,2013-11-18,20308,2523,1,1,0,0
336,2,2013-11-19,17855,2263,1,1,0,0
336,3,2013-11-20,16464,2233,1,1,0,0
336,4,2013-11-21,14758,2030,1,1,0,0
336,5,2013-11-22,14128,2021,1,1,0,0
336,6,2013-11-23,12067,1842,1,0,0,0
336,7,2013-11-24,0,0,0,0,0,0
336,1,2013-11-25,12204,1885,1,0,0,0
336,2,2013-11-26,11824,1852,1,0,0,0
336,3,2013-11-27,12412,1870,1,0,0,0
336,4,2013-11-28,13973,1942,1,0,0,0
336,5,2013-11-29,15556,2052,1,0,0,0
336,6,2013-11-30,15074,2177,1,0,0,0
336,7,2013-12-01,0,0,0,0,0,0
336,1,2013-12-02,23821,2828,1,1,0,0
336,2,2013-12-03,21125,2553,1,1,0,0
336,3,2013-12-04,19245,2411,1,1,0,0
336,4,2013-12-05,19022,2434,1,1,0,0
336,5,2013-12-06,16126,2243,1,1,0,0
336,6,2013-12-07,13090,1969,1,0,0,0
336,7,2013-12-08,0,0,0,0,0,0
336,1,2013-12-09,14346,2127,1,0,0,0
336,2,2013-12-10,14074,1998,1,0,0,0
336,3,2013-12-11,13627,1986,1,0,0,0
336,4,2013-12-12,13072,1918,1,0,0,0
336,5,2013-12-13,13312,1906,1,0,0,0
336,6,2013-12-14,14278,2019,1,0,0,0
336,7,2013-12-15,0,0,0,0,0,0
336,1,2013-12-16,27676,3145,1,1,0,0
336,2,2013-12-17,24440,2891,1,1,0,0
336,3,2013-12-18,21566,2796,1,1,0,0
336,4,2013-12-19,20122,2562,1,1,0,0
336,5,2013-12-20,22118,2684,1,1,0,0
336,6,2013-12-21,17864,2528,1,0,0,0
336,7,2013-12-22,0,0,0,0,0,0
336,1,2013-12-23,22291,3026,1,0,0,1
336,2,2013-12-24,7884,1166,1,0,0,1
336,3,2013-12-25,0,0,0,0,c,1
336,4,2013-12-26,0,0,0,0,c,1
336,5,2013-12-27,16040,2256,1,0,0,1
336,6,2013-12-28,12965,1933,1,0,0,1
336,7,2013-12-29,0,0,0,0,0,1
336,1,2013-12-30,17857,2520,1,0,0,1
336,2,2013-12-31,7374,1088,1,0,0,1
336,3,2014-01-01,0,0,0,0,a,1
336,4,2014-01-02,13201,1949,1,0,0,1
336,5,2014-01-03,13375,1930,1,0,0,1
336,6,2014-01-04,11141,1710,1,0,0,1
336,7,2014-01-05,0,0,0,0,0,1
336,1,2014-01-06,21300,2539,1,1,0,1
336,2,2014-01-07,18335,2365,1,1,0,1
336,3,2014-01-08,16290,2131,1,1,0,1
336,4,2014-01-09,14392,1981,1,1,0,1
336,5,2014-01-10,14247,2004,1,1,0,1
336,6,2014-01-11,10465,1594,1,0,0,0
336,7,2014-01-12,0,0,0,0,0,0
336,1,2014-01-13,10497,1697,1,0,0,0
336,2,2014-01-14,11477,1802,1,0,0,0
336,3,2014-01-15,9978,1600,1,0,0,0
336,4,2014-01-16,10089,1582,1,0,0,0
336,5,2014-01-17,10583,1736,1,0,0,0
336,6,2014-01-18,11091,1761,1,0,0,0
336,7,2014-01-19,0,0,0,0,0,0
336,1,2014-01-20,19208,2397,1,1,0,0
336,2,2014-01-21,17105,2259,1,1,0,0
336,3,2014-01-22,15433,2084,1,1,0,0
336,4,2014-01-23,13242,1881,1,1,0,0
336,5,2014-01-24,14352,1961,1,1,0,0
336,6,2014-01-25,11005,1721,1,0,0,0
336,7,2014-01-26,0,0,0,0,0,0
336,1,2014-01-27,11600,1836,1,0,0,0
336,2,2014-01-28,11018,1737,1,0,0,0
336,3,2014-01-29,11102,1681,1,0,0,0
336,4,2014-01-30,12579,1876,1,0,0,0
336,5,2014-01-31,13999,1954,1,0,0,0
336,6,2014-02-01,12497,1808,1,0,0,0
336,7,2014-02-02,0,0,0,0,0,0
336,1,2014-02-03,20270,2434,1,1,0,0
336,2,2014-02-04,18133,2266,1,1,0,0
336,3,2014-02-05,15924,2078,1,1,0,0
336,4,2014-02-06,16058,2136,1,1,0,0
336,5,2014-02-07,13979,1975,1,1,0,0
336,6,2014-02-08,11648,1794,1,0,0,0
336,7,2014-02-09,0,0,0,0,0,0
336,1,2014-02-10,11827,1861,1,0,0,0
336,2,2014-02-11,12012,1865,1,0,0,0
336,3,2014-02-12,10991,1756,1,0,0,0
336,4,2014-02-13,10483,1649,1,0,0,0
336,5,2014-02-14,12518,1886,1,0,0,0
336,6,2014-02-15,11878,1761,1,0,0,0
336,7,2014-02-16,0,0,0,0,0,0
336,1,2014-02-17,19913,2475,1,1,0,0
336,2,2014-02-18,17297,2287,1,1,0,0
336,3,2014-02-19,16116,2153,1,1,0,0
336,4,2014-02-20,14678,2027,1,1,0,0
336,5,2014-02-21,13683,1940,1,1,0,0
336,6,2014-02-22,11252,1708,1,0,0,0
336,7,2014-02-23,0,0,0,0,0,0
336,1,2014-02-24,11731,1846,1,0,0,0
336,2,2014-02-25,10354,1670,1,0,0,0
336,3,2014-02-26,11067,1761,1,0,0,0
336,4,2014-02-27,13493,1878,1,0,0,0
336,5,2014-02-28,13288,1939,1,0,0,0
336,6,2014-03-01,12747,1931,1,0,0,0
336,7,2014-03-02,0,0,0,0,0,0
336,1,2014-03-03,14918,1861,1,1,0,0
336,2,2014-03-04,20220,2526,1,1,0,0
336,3,2014-03-05,17841,2391,1,1,0,0
336,4,2014-03-06,15623,2204,1,1,0,0
336,5,2014-03-07,14829,2141,1,1,0,0
336,6,2014-03-08,11174,1771,1,0,0,0
336,7,2014-03-09,0,0,0,0,0,0
336,1,2014-03-10,12036,1906,1,0,0,0
336,2,2014-03-11,11278,1825,1,0,0,0
336,3,2014-03-12,11076,1739,1,0,0,0
336,4,2014-03-13,11185,1809,1,0,0,0
336,5,2014-03-14,11347,1794,1,0,0,0
336,6,2014-03-15,11501,1728,1,0,0,0
336,7,2014-03-16,0,0,0,0,0,0
336,1,2014-03-17,18769,2385,1,1,0,0
336,2,2014-03-18,16510,2236,1,1,0,0
336,3,2014-03-19,10528,1354,1,1,0,0
336,4,2014-03-20,14894,2095,1,1,0,0
336,5,2014-03-21,14508,2115,1,1,0,0
336,6,2014-03-22,10161,1668,1,0,0,0
336,7,2014-03-23,0,0,0,0,0,0
336,1,2014-03-24,11842,1861,1,0,0,0
336,2,2014-03-25,7260,1082,1,0,0,0
336,3,2014-03-26,6962,1070,1,0,0,0
336,4,2014-03-27,11983,1879,1,0,0,0
336,5,2014-03-28,13655,1934,1,0,0,0
336,6,2014-03-29,12082,1860,1,0,0,0
336,7,2014-03-30,0,0,0,0,0,0
336,1,2014-03-31,20584,2544,1,1,0,0
336,2,2014-04-01,18492,2400,1,1,0,0
336,3,2014-04-02,16196,2201,1,1,0,0
336,4,2014-04-03,15871,2136,1,1,0,0
336,5,2014-04-04,15439,2137,1,1,0,0
336,6,2014-04-05,11429,1809,1,0,0,0
336,7,2014-04-06,0,0,0,0,0,0
336,1,2014-04-07,12883,1933,1,0,0,0
336,2,2014-04-08,12140,1866,1,0,0,0
336,3,2014-04-09,11871,1842,1,0,0,0
336,4,2014-04-10,12427,1857,1,0,0,0
336,5,2014-04-11,12555,1889,1,0,0,0
336,6,2014-04-12,11920,1837,1,0,0,0
336,7,2014-04-13,0,0,0,0,0,0
336,1,2014-04-14,20514,2525,1,1,0,1
336,2,2014-04-15,20254,2508,1,1,0,1
336,3,2014-04-16,19008,2463,1,1,0,1
336,4,2014-04-17,17678,2405,1,1,0,1
336,5,2014-04-18,0,0,0,1,b,1
336,6,2014-04-19,13312,2062,1,0,0,1
336,7,2014-04-20,0,0,0,0,0,1
336,1,2014-04-21,0,0,0,0,b,1
336,2,2014-04-22,13065,2015,1,0,0,1
336,3,2014-04-23,11159,1781,1,0,0,1
336,4,2014-04-24,9494,1492,1,0,0,1
336,5,2014-04-25,11161,1738,1,0,0,1
336,6,2014-04-26,10836,1694,1,0,0,0
336,7,2014-04-27,0,0,0,0,0,0
336,1,2014-04-28,20026,2453,1,1,0,0
336,2,2014-04-29,18747,2324,1,1,0,0
336,3,2014-04-30,19884,2517,1,1,0,0
336,4,2014-05-01,0,0,0,1,a,0
336,5,2014-05-02,18920,2583,1,1,0,0
336,6,2014-05-03,12665,1954,1,0,0,0
336,7,2014-05-04,0,0,0,0,0,0
336,1,2014-05-05,20324,2544,1,1,0,0
336,2,2014-05-06,17839,2324,1,1,0,0
336,3,2014-05-07,16416,2179,1,1,0,0
336,4,2014-05-08,15937,2157,1,1,0,0
336,5,2014-05-09,14596,2082,1,1,0,0
336,6,2014-05-10,11581,1802,1,0,0,0
336,7,2014-05-11,0,0,0,0,0,0
336,1,2014-05-12,12783,1917,1,0,0,0
336,2,2014-05-13,12527,1926,1,0,0,0
336,3,2014-05-14,11370,1883,1,0,0,0
336,4,2014-05-15,11492,1761,1,0,0,0
336,5,2014-05-16,11068,1767,1,0,0,0
336,6,2014-05-17,10720,1734,1,0,0,0
336,7,2014-05-18,0,0,0,0,0,0
336,1,2014-05-19,16460,2147,1,1,0,0
336,2,2014-05-20,14354,1969,1,1,0,0
336,3,2014-05-21,15546,2117,1,1,0,0
336,4,2014-05-22,15489,2049,1,1,0,0
336,5,2014-05-23,13970,1958,1,1,0,0
336,6,2014-05-24,10822,1646,1,0,0,0
336,7,2014-05-25,0,0,0,0,0,0
336,1,2014-05-26,11910,1857,1,0,0,0
336,2,2014-05-27,11906,1820,1,0,0,0
336,3,2014-05-28,15411,2115,1,0,0,0
336,4,2014-05-29,0,0,0,0,a,0
336,5,2014-05-30,17437,2310,1,0,0,0
336,6,2014-05-31,12626,1848,1,0,0,0
336,7,2014-06-01,0,0,0,0,0,0
336,1,2014-06-02,20849,2624,1,1,0,0
336,2,2014-06-03,18330,2298,1,1,0,0
336,3,2014-06-04,16660,2159,1,1,0,0
336,4,2014-06-05,17000,2214,1,1,0,0
336,5,2014-06-06,15670,2224,1,1,0,0
336,6,2014-06-07,12151,1817,1,0,0,0
336,7,2014-06-08,0,0,0,0,0,0
336,1,2014-06-09,0,0,0,0,a,0
336,2,2014-06-10,13507,2052,1,0,0,0
336,3,2014-06-11,11920,1831,1,0,0,0
336,4,2014-06-12,12518,1923,1,0,0,0
336,5,2014-06-13,11786,1845,1,0,0,0
336,6,2014-06-14,11829,1811,1,0,0,0
336,7,2014-06-15,0,0,0,0,0,0
336,1,2014-06-16,19045,2389,1,1,0,0
336,2,2014-06-17,18694,2364,1,1,0,0
336,3,2014-06-18,17327,2335,1,1,0,0
336,4,2014-06-19,0,0,0,1,a,0
336,5,2014-06-20,17871,2369,1,1,0,0
336,6,2014-06-21,11159,1702,1,0,0,0
336,7,2014-06-22,0,0,0,0,0,0
336,1,2014-06-23,11884,1919,1,0,0,0
336,2,2014-06-24,11806,1843,1,0,0,0
336,3,2014-06-25,10451,1642,1,0,0,0
336,4,2014-06-26,10158,1638,1,0,0,0
336,5,2014-06-27,12610,1887,1,0,0,0
336,6,2014-06-28,12498,1785,1,0,0,0
336,7,2014-06-29,0,0,0,0,0,0
336,1,2014-06-30,21718,2577,1,1,0,0
336,2,2014-07-01,18488,2336,1,1,0,0
336,3,2014-07-02,17376,2297,1,1,0,0
336,4,2014-07-03,15447,2209,1,1,0,0
336,5,2014-07-04,13625,1960,1,1,0,0
336,6,2014-07-05,11951,1783,1,0,0,0
336,7,2014-07-06,0,0,0,0,0,0
336,1,2014-07-07,13163,2073,1,0,0,0
336,2,2014-07-08,12040,1829,1,0,0,0
336,3,2014-07-09,10027,1603,1,0,0,0
336,4,2014-07-10,12076,1867,1,0,0,0
336,5,2014-07-11,9461,1534,1,0,0,0
336,6,2014-07-12,10973,1669,1,0,0,0
336,7,2014-07-13,0,0,0,0,0,0
336,1,2014-07-14,17696,2276,1,1,0,0
336,2,2014-07-15,16836,2206,1,1,0,0
336,3,2014-07-16,14858,2019,1,1,0,0
336,4,2014-07-17,13853,1960,1,1,0,0
336,5,2014-07-18,13030,1932,1,1,0,0
336,6,2014-07-19,9265,1429,1,0,0,0
336,7,2014-07-20,0,0,0,0,0,0
336,1,2014-07-21,10950,1709,1,0,0,0
336,2,2014-07-22,10909,1722,1,0,0,0
336,3,2014-07-23,11197,1699,1,0,0,0
336,4,2014-07-24,10869,1659,1,0,0,0
336,5,2014-07-25,11399,1662,1,0,0,0
336,6,2014-07-26,10980,1676,1,0,0,0
336,7,2014-07-27,0,0,0,0,0,0
336,1,2014-07-28,16183,2091,1,1,0,1
336,2,2014-07-29,15597,2018,1,1,0,1
336,3,2014-07-30,17370,2110,1,1,0,1
336,4,2014-07-31,16658,2196,1,1,0,0
336,5,2014-08-01,15352,2021,1,1,0,1
336,6,2014-08-02,12504,1688,1,0,0,1
336,7,2014-08-03,0,0,0,0,0,1
336,1,2014-08-04,18249,2225,1,1,0,1
336,2,2014-08-05,17507,2141,1,1,0,1
336,3,2014-08-06,15208,2011,1,1,0,1
336,4,2014-08-07,14061,1930,1,1,0,1
336,5,2014-08-08,13484,1827,1,1,0,1
336,6,2014-08-09,10124,1563,1,0,0,1
336,7,2014-08-10,0,0,0,0,0,1
336,1,2014-08-11,12355,1865,1,0,0,1
336,2,2014-08-12,10934,1695,1,0,0,1
336,3,2014-08-13,9374,1485,1,0,0,1
336,4,2014-08-14,11450,1739,1,0,0,1
336,5,2014-08-15,10535,1568,1,0,0,1
336,6,2014-08-16,9793,1520,1,0,0,1
336,7,2014-08-17,0,0,0,0,0,1
336,1,2014-08-18,17257,2131,1,1,0,1
336,2,2014-08-19,15979,2072,1,1,0,1
336,3,2014-08-20,14728,1976,1,1,0,1
336,4,2014-08-21,13555,1812,1,1,0,1
336,5,2014-08-22,12178,1676,1,1,0,1
336,6,2014-08-23,9561,1475,1,0,0,1
336,7,2014-08-24,0,0,0,0,0,1
336,1,2014-08-25,10415,1661,1,0,0,1
336,2,2014-08-26,9981,1508,1,0,0,1
336,3,2014-08-27,10412,1638,1,0,0,1
336,4,2014-08-28,11605,1611,1,0,0,1
336,5,2014-08-29,12674,1727,1,0,0,1
336,6,2014-08-30,11173,1570,1,0,0,1
336,7,2014-08-31,0,0,0,0,0,1
336,1,2014-09-01,19624,2397,1,1,0,1
336,2,2014-09-02,17597,2238,1,1,0,1
336,3,2014-09-03,15260,2050,1,1,0,1
336,4,2014-09-04,13314,1894,1,1,0,1
336,5,2014-09-05,13538,1895,1,1,0,1
336,6,2014-09-06,10464,1585,1,0,0,0
336,7,2014-09-07,0,0,0,0,0,0
336,1,2014-09-08,12005,1849,1,0,0,0
336,2,2014-09-09,10101,1633,1,0,0,0
336,3,2014-09-10,10253,1663,1,0,0,0
336,4,2014-09-11,10427,1704,1,0,0,0
336,5,2014-09-12,10076,1618,1,0,0,0
336,6,2014-09-13,10859,1654,1,0,0,0
336,7,2014-09-14,0,0,0,0,0,0
336,1,2014-09-15,17556,2231,1,1,0,0
336,2,2014-09-16,16708,2183,1,1,0,0
336,3,2014-09-17,13495,1938,1,1,0,0
336,4,2014-09-18,12819,1897,1,1,0,0
336,5,2014-09-19,12725,1842,1,1,0,0
336,6,2014-09-20,9887,1559,1,0,0,0
336,7,2014-09-21,0,0,0,0,0,0
336,1,2014-09-22,10545,1768,1,0,0,0
336,2,2014-09-23,10784,1710,1,0,0,0
336,3,2014-09-24,9849,1618,1,0,0,0
336,4,2014-09-25,9784,1564,1,0,0,0
336,5,2014-09-26,9894,1600,1,0,0,0
336,6,2014-09-27,10168,1630,1,0,0,0
336,7,2014-09-28,0,0,0,0,0,0
336,1,2014-09-29,18503,2276,1,1,0,0
336,2,2014-09-30,17885,2243,1,1,0,0
336,3,2014-10-01,16795,2255,1,1,0,0
336,4,2014-10-02,17265,2335,1,1,0,0
336,5,2014-10-03,0,0,0,1,a,0
336,6,2014-10-04,12451,1882,1,0,0,0
336,7,2014-10-05,0,0,0,0,0,0
336,1,2014-10-06,18110,2284,1,1,0,0
336,2,2014-10-07,16553,2152,1,1,0,0
336,3,2014-10-08,0,0,0,1,0,0
336,4,2014-10-09,29576,3961,1,1,0,0
336,5,2014-10-10,14423,1980,1,1,0,0
336,6,2014-10-11,10528,1683,1,0,0,0
336,7,2014-10-12,0,0,0,0,0,0
336,1,2014-10-13,11362,1804,1,0,0,0
336,2,2014-10-14,11911,1811,1,0,0,0
336,3,2014-10-15,11336,1761,1,0,0,0
336,4,2014-10-16,10676,1685,1,0,0,0
336,5,2014-10-17,11171,1715,1,0,0,0
336,6,2014-10-18,11211,1690,1,0,0,0
336,7,2014-10-19,0,0,0,0,0,0
336,1,2014-10-20,17045,2273,1,1,0,1
336,2,2014-10-21,14965,2044,1,1,0,1
336,3,2014-10-22,13792,1941,1,1,0,1
336,4,2014-10-23,12904,1897,1,1,0,1
336,5,2014-10-24,12013,1813,1,1,0,1
336,6,2014-10-25,9521,1527,1,0,0,1
336,7,2014-10-26,0,0,0,0,0,1
336,1,2014-10-27,11274,1713,1,0,0,1
336,2,2014-10-28,10888,1668,1,0,0,1
336,3,2014-10-29,11593,1713,1,0,0,1
336,4,2014-10-30,12796,1853,1,0,0,1
336,5,2014-10-31,12814,1885,1,0,0,1
336,6,2014-11-01,12397,1797,1,0,0,0
336,7,2014-11-02,0,0,0,0,0,0
336,1,2014-11-03,18489,2312,1,1,0,0
336,2,2014-11-04,17481,2258,1,1,0,0
336,3,2014-11-05,16649,2157,1,1,0,0
336,4,2014-11-06,15233,2098,1,1,0,0
336,5,2014-11-07,14358,1995,1,1,0,0
336,6,2014-11-08,11070,1771,1,0,0,0
336,7,2014-11-09,0,0,0,0,0,0
336,1,2014-11-10,16557,2253,1,1,0,0
336,2,2014-11-11,15833,2088,1,1,0,0
336,3,2014-11-12,14690,2037,1,1,0,0
336,4,2014-11-13,13769,1911,1,1,0,0
336,5,2014-11-14,14324,1995,1,1,0,0
336,6,2014-11-15,11017,1702,1,0,0,0
336,7,2014-11-16,0,0,0,0,0,0
336,1,2014-11-17,11484,1811,1,0,0,0
336,2,2014-11-18,11313,1747,1,0,0,0
336,3,2014-11-19,11132,1760,1,0,0,0
336,4,2014-11-20,10298,1655,1,0,0,0
336,5,2014-11-21,11726,1782,1,0,0,0
336,6,2014-11-22,11072,1702,1,0,0,0
336,7,2014-11-23,0,0,0,0,0,0
336,1,2014-11-24,18280,2321,1,1,0,0
336,2,2014-11-25,17144,2158,1,1,0,0
336,3,2014-11-26,15359,2100,1,1,0,0
336,4,2014-11-27,16062,2172,1,1,0,0
336,5,2014-11-28,17004,2255,1,1,0,0
336,6,2014-11-29,14362,1949,1,0,0,0
336,7,2014-11-30,0,0,0,0,0,0
336,1,2014-12-01,19637,2458,1,1,0,0
336,2,2014-12-02,19193,2357,1,1,0,0
336,3,2014-12-03,18114,2249,1,1,0,0
336,4,2014-12-04,16903,2158,1,1,0,0
336,5,2014-12-05,18603,2347,1,1,0,0
336,6,2014-12-06,13824,1958,1,0,0,0
336,7,2014-12-07,0,0,0,0,0,0
336,1,2014-12-08,14255,2095,1,0,0,0
336,2,2014-12-09,13842,1979,1,0,0,0
336,3,2014-12-10,12959,1825,1,0,0,0
336,4,2014-12-11,11335,1721,1,0,0,0
336,5,2014-12-12,13779,1955,1,0,0,0
336,6,2014-12-13,13228,1997,1,0,0,0
336,7,2014-12-14,0,0,0,0,0,0
336,1,2014-12-15,24215,2769,1,1,0,0
336,2,2014-12-16,21948,2580,1,1,0,0
336,3,2014-12-17,19786,2380,1,1,0,0
336,4,2014-12-18,19565,2471,1,1,0,0
336,5,2014-12-19,18290,2381,1,1,0,0
336,6,2014-12-20,15715,2264,1,0,0,0
336,7,2014-12-21,0,0,0,0,0,0
336,1,2014-12-22,20124,2793,1,0,0,1
336,2,2014-12-23,18974,2657,1,0,0,1
336,3,2014-12-24,8330,1082,1,0,0,1
336,4,2014-12-25,0,0,0,0,c,1
336,5,2014-12-26,0,0,0,0,c,1
336,6,2014-12-27,11535,1559,1,0,0,1
336,7,2014-12-28,0,0,0,0,0,1
336,1,2014-12-29,15981,2163,1,0,0,1
336,2,2014-12-30,15965,2148,1,0,0,1
336,3,2014-12-31,6743,963,1,0,0,1
336,4,2015-01-01,0,0,0,0,a,1
336,5,2015-01-02,12706,1820,1,0,0,1
336,6,2015-01-03,10163,1519,1,0,0,1
336,7,2015-01-04,0,0,0,0,0,1
336,1,2015-01-05,19053,2443,1,1,0,1
336,2,2015-01-06,16806,2104,1,1,0,1
336,3,2015-01-07,14633,2028,1,1,0,1
336,4,2015-01-08,11866,1692,1,1,0,1
336,5,2015-01-09,12611,1812,1,1,0,1
336,6,2015-01-10,10407,1582,1,0,0,0
336,7,2015-01-11,0,0,0,0,0,0
336,1,2015-01-12,18270,2259,1,1,0,0
336,2,2015-01-13,16888,2180,1,1,0,0
336,3,2015-01-14,14902,1969,1,1,0,0
336,4,2015-01-15,13806,1937,1,1,0,0
336,5,2015-01-16,12856,1842,1,1,0,0
336,6,2015-01-17,11726,1760,1,0,0,0
336,7,2015-01-18,0,0,0,0,0,0
336,1,2015-01-19,11024,1745,1,0,0,0
336,2,2015-01-20,10739,1649,1,0,0,0
336,3,2015-01-21,10503,1681,1,0,0,0
336,4,2015-01-22,10333,1630,1,0,0,0
336,5,2015-01-23,10579,1643,1,0,0,0
336,6,2015-01-24,9973,1478,1,0,0,0
336,7,2015-01-25,0,0,0,0,0,0
336,1,2015-01-26,15518,2070,1,1,0,0
336,2,2015-01-27,16101,2071,1,1,0,0
336,3,2015-01-28,14599,2007,1,1,0,0
336,4,2015-01-29,15295,1978,1,1,0,0
336,5,2015-01-30,15877,2127,1,1,0,0
336,6,2015-01-31,12761,1832,1,0,0,0
336,7,2015-02-01,0,0,0,0,0,0
336,1,2015-02-02,18501,2314,1,1,0,0
336,2,2015-02-03,17623,2242,1,1,0,0
336,3,2015-02-04,15555,2089,1,1,0,0
336,4,2015-02-05,13885,1996,1,1,0,0
336,5,2015-02-06,13982,1881,1,1,0,0
336,6,2015-02-07,11899,1719,1,0,0,0
336,7,2015-02-08,0,0,0,0,0,0
336,1,2015-02-09,11541,1773,1,0,0,0
336,2,2015-02-10,10558,1653,1,0,0,0
336,3,2015-02-11,10654,1654,1,0,0,0
336,4,2015-02-12,11401,1711,1,0,0,0
336,5,2015-02-13,11581,1702,1,0,0,0
336,6,2015-02-14,11417,1805,1,0,0,0
336,7,2015-02-15,0,0,0,0,0,0
336,1,2015-02-16,13018,1591,1,1,0,0
336,2,2015-02-17,15935,2108,1,1,0,0
336,3,2015-02-18,14542,1963,1,1,0,0
336,4,2015-02-19,13507,1862,1,1,0,0
336,5,2015-02-20,13493,1932,1,1,0,0
336,6,2015-02-21,10124,1556,1,0,0,0
336,7,2015-02-22,0,0,0,0,0,0
336,1,2015-02-23,9366,1477,1,0,0,0
336,2,2015-02-24,11689,1764,1,0,0,0
336,3,2015-02-25,10928,1695,1,0,0,0
336,4,2015-02-26,11439,1723,1,0,0,0
336,5,2015-02-27,12176,1681,1,0,0,0
336,6,2015-02-28,12526,1812,1,0,0,0
336,7,2015-03-01,0,0,0,0,0,0
336,1,2015-03-02,20473,2483,1,1,0,0
336,2,2015-03-03,18261,2298,1,1,0,0
336,3,2015-03-04,16287,2093,1,1,0,0
336,4,2015-03-05,14575,1966,1,1,0,0
336,5,2015-03-06,14586,2030,1,1,0,0
336,6,2015-03-07,11112,1708,1,0,0,0
336,7,2015-03-08,0,0,0,0,0,0
336,1,2015-03-09,11827,1830,1,0,0,0
336,2,2015-03-10,11056,1731,1,0,0,0
336,3,2015-03-11,11301,1803,1,0,0,0
336,4,2015-03-12,11583,1745,1,0,0,0
336,5,2015-03-13,10709,1607,1,0,0,0
336,6,2015-03-14,11209,1637,1,0,0,0
336,7,2015-03-15,0,0,0,0,0,0
336,1,2015-03-16,18816,2382,1,1,0,0
336,2,2015-03-17,15905,2089,1,1,0,0
336,3,2015-03-18,14699,2036,1,1,0,0
336,4,2015-03-19,14142,2008,1,1,0,0
336,5,2015-03-20,13973,1970,1,1,0,0
336,6,2015-03-21,9926,1572,1,0,0,0
336,7,2015-03-22,0,0,0,0,0,0
336,1,2015-03-23,11477,1735,1,0,0,0
336,2,2015-03-24,11056,1676,1,0,0,0
336,3,2015-03-25,10675,1676,1,0,0,0
336,4,2015-03-26,10255,1579,1,0,0,0
336,5,2015-03-27,11429,1714,1,0,0,0
336,6,2015-03-28,11069,1709,1,0,0,0
336,7,2015-03-29,0,0,0,0,0,0
336,1,2015-03-30,21459,2474,1,1,0,1
336,2,2015-03-31,18664,2202,1,1,0,1
336,3,2015-04-01,19357,2365,1,1,0,1
336,4,2015-04-02,18351,2365,1,1,0,1
336,5,2015-04-03,0,0,0,1,b,1
336,6,2015-04-04,13769,1976,1,0,0,1
336,7,2015-04-05,0,0,0,0,0,1
336,1,2015-04-06,0,0,0,0,b,1
336,2,2015-04-07,13766,2048,1,0,0,1
336,3,2015-04-08,12001,1780,1,0,0,1
336,4,2015-04-09,10837,1751,1,0,0,1
336,5,2015-04-10,10858,1702,1,0,0,1
336,6,2015-04-11,10796,1613,1,0,0,0
336,7,2015-04-12,0,0,0,0,0,0
336,1,2015-04-13,18843,2304,1,1,0,0
336,2,2015-04-14,17733,2222,1,1,0,0
336,3,2015-04-15,14618,2020,1,1,0,0
336,4,2015-04-16,14978,1965,1,1,0,0
336,5,2015-04-17,15127,1989,1,1,0,0
336,6,2015-04-18,10787,1668,1,0,0,0
336,7,2015-04-19,0,0,0,0,0,0
336,1,2015-04-20,12233,1836,1,0,0,0
336,2,2015-04-21,11279,1717,1,0,0,0
336,3,2015-04-22,10925,1688,1,0,0,0
336,4,2015-04-23,10184,1669,1,0,0,0
336,5,2015-04-24,10692,1662,1,0,0,0
336,6,2015-04-25,10612,1633,1,0,0,0
336,7,2015-04-26,0,0,0,0,0,0
336,1,2015-04-27,17816,2182,1,1,0,0
336,2,2015-04-28,17852,2287,1,1,0,0
336,3,2015-04-29,16656,2169,1,1,0,0
336,4,2015-04-30,18365,2295,1,1,0,0
336,5,2015-05-01,0,0,0,1,a,0
336,6,2015-05-02,14863,2121,1,0,0,0
336,7,2015-05-03,0,0,0,0,0,0
336,1,2015-05-04,19456,2454,1,1,0,0
336,2,2015-05-05,16419,2171,1,1,0,0
336,3,2015-05-06,15823,2125,1,1,0,0
336,4,2015-05-07,16187,2071,1,1,0,0
336,5,2015-05-08,14045,1935,1,1,0,0
336,6,2015-05-09,10765,1740,1,0,0,0
336,7,2015-05-10,0,0,0,0,0,0
336,1,2015-05-11,11945,1824,1,0,0,0
336,2,2015-05-12,11278,1748,1,0,0,0
336,3,2015-05-13,12798,1960,1,0,0,0
336,4,2015-05-14,0,0,0,0,a,0
336,5,2015-05-15,13909,2007,1,0,0,0
336,6,2015-05-16,10330,1600,1,0,0,0
336,7,2015-05-17,0,0,0,0,0,0
336,1,2015-05-18,18876,2314,1,1,0,0
336,2,2015-05-19,17655,2189,1,1,0,0
336,3,2015-05-20,14632,1967,1,1,0,0
336,4,2015-05-21,14209,1963,1,1,0,0
336,5,2015-05-22,14709,1992,1,1,0,0
336,6,2015-05-23,11503,1714,1,0,0,0
336,7,2015-05-24,0,0,0,0,0,0
336,1,2015-05-25,0,0,0,0,a,0
336,2,2015-05-26,13214,1961,1,0,0,0
336,3,2015-05-27,12472,1909,1,0,0,0
336,4,2015-05-28,12615,1806,1,0,0,0
336,5,2015-05-29,13538,1896,1,0,0,0
336,6,2015-05-30,11624,1702,1,0,0,0
336,7,2015-05-31,0,0,0,0,0,0
336,1,2015-06-01,19298,2316,1,1,0,0
336,2,2015-06-02,18640,2407,1,1,0,0
336,3,2015-06-03,18220,2333,1,1,0,0
336,4,2015-06-04,0,0,0,1,a,0
336,5,2015-06-05,17551,2326,1,1,0,0
336,6,2015-06-06,10861,1608,1,0,0,0
336,7,2015-06-07,0,0,0,0,0,0
336,1,2015-06-08,13525,1944,1,0,0,0
336,2,2015-06-09,12132,1750,1,0,0,0
336,3,2015-06-10,11493,1758,1,0,0,0
336,4,2015-06-11,11725,1706,1,0,0,0
336,5,2015-06-12,10255,1591,1,0,0,0
336,6,2015-06-13,10529,1676,1,0,0,0
336,7,2015-06-14,0,0,0,0,0,0
336,1,2015-06-15,18826,2351,1,1,0,0
336,2,2015-06-16,17590,2190,1,1,0,0
336,3,2015-06-17,15344,2039,1,1,0,0
336,4,2015-06-18,12654,1783,1,1,0,0
336,5,2015-06-19,14725,1936,1,1,0,0
336,6,2015-06-20,10994,1584,1,0,0,0
336,7,2015-06-21,0,0,0,0,0,0
336,1,2015-06-22,10767,1609,1,0,0,0
336,2,2015-06-23,10824,1745,1,0,0,0
336,3,2015-06-24,10770,1693,1,0,0,0
336,4,2015-06-25,10374,1611,1,0,0,0
336,5,2015-06-26,10546,1617,1,0,0,0
336,6,2015-06-27,10427,1559,1,0,0,0
336,7,2015-06-28,0,0,0,0,0,0
336,1,2015-06-29,21979,2501,1,1,0,0
336,2,2015-06-30,19882,2326,1,1,0,0
336,3,2015-07-01,17394,2215,1,1,0,0
336,4,2015-07-02,14491,1943,1,1,0,0
336,5,2015-07-03,13970,1874,1,1,0,0
336,6,2015-07-04,8574,1280,1,0,0,0
336,7,2015-07-05,0,0,0,0,0,0
336,1,2015-07-06,12739,1936,1,0,0,0
336,2,2015-07-07,11449,1772,1,0,0,0
336,3,2015-07-08,12176,1777,1,0,0,0
336,4,2015-07-09,11767,1761,1,0,0,0
336,5,2015-07-10,11304,1727,1,0,0,0
336,6,2015-07-11,10461,1566,1,0,0,0
336,7,2015-07-12,0,0,0,0,0,0
336,1,2015-07-13,18445,2256,1,1,0,0
336,2,2015-07-14,17886,2229,1,1,0,0
336,3,2015-07-15,16946,2145,1,1,0,0
336,4,2015-07-16,13990,1960,1,1,0,0
336,5,2015-07-17,13531,1868,1,1,0,0
336,6,2015-07-18,10644,1584,1,0,0,0
336,7,2015-07-19,0,0,0,0,0,0
336,1,2015-07-20,12893,1908,1,0,0,0
336,2,2015-07-21,11975,1830,1,0,0,0
336,3,2015-07-22,11024,1708,1,0,0,0
336,4,2015-07-23,12142,1800,1,0,0,0
336,5,2015-07-24,11461,1709,1,0,0,0
336,6,2015-07-25,10153,1499,1,0,0,0
336,7,2015-07-26,0,0,0,0,0,0
336,1,2015-07-27,18385,2198,1,1,0,1
336,2,2015-07-28,17406,2124,1,1,0,1
336,3,2015-07-29,16949,2031,1,1,0,1
336,4,2015-07-30,15959,2051,1,1,0,1
336,5,2015-07-31,16459,2049,1,1,0,1
380,2,2013-01-01,0,0,0,0,a,1
380,3,2013-01-02,15658,1633,1,0,0,1
380,4,2013-01-03,13130,1355,1,0,0,1
380,5,2013-01-04,14199,1388,1,0,0,1
380,6,2013-01-05,15472,1495,1,0,0,0
380,7,2013-01-06,0,0,0,0,0,0
380,1,2013-01-07,22166,1884,1,1,0,0
380,2,2013-01-08,19823,1756,1,1,0,0
380,3,2013-01-09,15490,1347,1,1,0,0
380,4,2013-01-10,16540,1550,1,1,0,0
380,5,2013-01-11,17431,1613,1,1,0,0
380,6,2013-01-12,14471,1343,1,0,0,0
380,7,2013-01-13,0,0,0,0,0,0
380,1,2013-01-14,10309,1167,1,0,0,0
380,2,2013-01-15,7841,847,1,0,0,0
380,3,2013-01-16,10302,1106,1,0,0,0
380,4,2013-01-17,11822,1187,1,0,0,0
380,5,2013-01-18,12512,1265,1,0,0,0
380,6,2013-01-19,14560,1385,1,0,0,0
380,7,2013-01-20,0,0,0,0,0,0
380,1,2013-01-21,15065,1290,1,1,0,0
380,2,2013-01-22,18628,1598,1,1,0,0
380,3,2013-01-23,18819,1588,1,1,0,0
380,4,2013-01-24,16101,1449,1,1,0,0
380,5,2013-01-25,15895,1416,1,1,0,0
380,6,2013-01-26,15262,1397,1,0,0,0
380,7,2013-01-27,0,0,0,0,0,0
380,1,2013-01-28,12057,1291,1,0,0,0
380,2,2013-01-29,10898,1208,1,0,0,0
380,3,2013-01-30,12794,1261,1,0,0,0
380,4,2013-01-31,13973,1365,1,0,0,0
380,5,2013-02-01,14318,1384,1,0,0,0
380,6,2013-02-02,17783,1626,1,0,0,0
380,7,2013-02-03,0,0,0,0,0,0
380,1,2013-02-04,23950,2043,1,1,0,0
380,2,2013-02-05,19570,1676,1,1,0,0
380,3,2013-02-06,20462,1869,1,1,0,0
380,4,2013-02-07,15770,1552,1,1,0,0
380,5,2013-02-08,16080,1563,1,1,0,0
380,6,2013-02-09,15468,1493,1,0,0,0
380,7,2013-02-10,0,0,0,0,0,0
380,1,2013-02-11,10571,1070,1,0,0,0
380,2,2013-02-12,11993,1316,1,0,0,0
380,3,2013-02-13,13990,1531,1,0,0,0
380,4,2013-02-14,11310,1254,1,0,0,0
380,5,2013-02-15,12089,1234,1,0,0,0
380,6,2013-02-16,15183,1439,1,0,0,0
380,7,2013-02-17,0,0,0,0,0,0
380,1,2013-02-18,23512,2015,1,1,0,0
380,2,2013-02-19,18510,1531,1,1,0,0
380,3,2013-02-20,19205,1705,1,1,0,0
380,4,2013-02-21,17563,1559,1,1,0,0
380,5,2013-02-22,16319,1471,1,1,0,0
380,6,2013-02-23,13999,1336,1,0,0,0
380,7,2013-02-24,0,0,0,0,0,0
380,1,2013-02-25,11503,1179,1,0,0,0
380,2,2013-02-26,12353,1331,1,0,0,0
380,3,2013-02-27,12616,1325,1,0,0,0
380,4,2013-02-28,14288,1432,1,0,0,0
380,5,2013-03-01,16340,1554,1,0,0,0
380,6,2013-03-02,17010,1552,1,0,0,0
380,7,2013-03-03,0,0,0,0,0,0
380,1,2013-03-04,22731,1998,1,1,0,0
380,2,2013-03-05,18990,1766,1,1,0,0
380,3,2013-03-06,17752,1728,1,1,0,0
380,4,2013-03-07,16653,1529,1,1,0,0
380,5,2013-03-08,16661,1638,1,1,0,0
380,6,2013-03-09,14039,1252,1,0,0,0
380,7,2013-03-10,0,0,0,0,0,0
380,1,2013-03-11,10737,1161,1,0,0,0
380,2,2013-03-12,11501,1188,1,0,0,0
380,3,2013-03-13,12513,1332,1,0,0,0
380,4,2013-03-14,11448,1234,1,0,0,0
380,5,2013-03-15,14134,1431,1,0,0,0
380,6,2013-03-16,16533,1589,1,0,0,0
380,7,2013-03-17,0,0,0,0,0,0
380,1,2013-03-18,22147,1910,1,1,0,0
380,2,2013-03-19,18810,1650,1,1,0,0
380,3,2013-03-20,15710,1466,1,1,0,0
380,4,2013-03-21,16212,1499,1,1,0,0
380,5,2013-03-22,17393,1557,1,1,0,0
380,6,2013-03-23,15246,1406,1,0,0,0
380,7,2013-03-24,0,0,0,0,0,0
380,1,2013-03-25,21330,1774,1,1,0,1
380,2,2013-03-26,19773,1724,1,1,0,1
380,3,2013-03-27,20178,1852,1,1,0,1
380,4,2013-03-28,22396,1921,1,1,0,1
380,5,2013-03-29,0,0,0,1,b,1
380,6,2013-03-30,19991,1895,1,0,0,0
380,7,2013-03-31,0,0,0,0,0,0
380,1,2013-04-01,0,0,0,0,b,1
380,2,2013-04-02,15278,1617,1,0,0,1
380,3,2013-04-03,14796,1539,1,0,0,1
380,4,2013-04-04,13182,1356,1,0,0,1
380,5,2013-04-05,14501,1428,1,0,0,1
380,6,2013-04-06,15456,1474,1,0,0,0
380,7,2013-04-07,0,0,0,0,0,0
380,1,2013-04-08,21412,1878,1,1,0,0
380,2,2013-04-09,18171,1641,1,1,0,0
380,3,2013-04-10,16484,1579,1,1,0,0
380,4,2013-04-11,15038,1404,1,1,0,0
380,5,2013-04-12,16911,1574,1,1,0,0
380,6,2013-04-13,15231,1495,1,0,0,0
380,7,2013-04-14,0,0,0,0,0,0
380,1,2013-04-15,11237,1303,1,0,0,0
380,2,2013-04-16,12500,1385,1,0,0,0
380,3,2013-04-17,12950,1437,1,0,0,0
380,4,2013-04-18,12069,1322,1,0,0,0
380,5,2013-04-19,12173,1280,1,0,0,0
380,6,2013-04-20,14655,1485,1,0,0,0
380,7,2013-04-21,0,0,0,0,0,0
380,1,2013-04-22,20076,1826,1,1,0,0
380,2,2013-04-23,19279,1627,1,1,0,0
380,3,2013-04-24,18684,1724,1,1,0,0
380,4,2013-04-25,15628,1497,1,1,0,0
380,5,2013-04-26,14988,1288,1,1,0,0
380,6,2013-04-27,16872,1560,1,0,0,0
380,7,2013-04-28,0,0,0,0,0,0
380,1,2013-04-29,20913,1790,1,1,0,0
380,2,2013-04-30,24908,2154,1,1,0,0
380,3,2013-05-01,0,0,0,1,a,0
380,4,2013-05-02,21605,1969,1,1,0,0
380,5,2013-05-03,19427,1802,1,1,0,0
380,6,2013-05-04,16746,1727,1,0,0,0
380,7,2013-05-05,0,0,0,0,0,0
380,1,2013-05-06,13690,1493,1,0,0,0
380,2,2013-05-07,12705,1316,1,0,0,0
380,3,2013-05-08,16096,1713,1,0,0,0
380,4,2013-05-09,0,0,0,0,a,0
380,5,2013-05-10,19284,1858,1,0,0,0
380,6,2013-05-11,14827,1472,1,0,0,0
380,7,2013-05-12,0,0,0,0,0,0
380,1,2013-05-13,17562,1682,1,1,0,0
380,2,2013-05-14,17193,1674,1,1,0,0
380,3,2013-05-15,16791,1684,1,1,0,0
380,4,2013-05-16,13358,1356,1,1,0,0
380,5,2013-05-17,14288,1432,1,1,0,0
380,6,2013-05-18,11721,1268,1,0,0,0
380,7,2013-05-19,0,0,0,0,0,0
380,1,2013-05-20,0,0,0,0,a,0
380,2,2013-05-21,11841,1300,1,0,0,1
380,3,2013-05-22,10803,1141,1,0,0,0
380,4,2013-05-23,8811,1022,1,0,0,0
380,5,2013-05-24,11648,1223,1,0,0,0
380,6,2013-05-25,13497,1235,1,0,0,0
380,7,2013-05-26,0,0,0,0,0,0
380,1,2013-05-27,16429,1536,1,1,0,0
380,2,2013-05-28,16123,1488,1,1,0,0
380,3,2013-05-29,15963,1461,1,1,0,0
380,4,2013-05-30,0,0,0,1,a,0
380,5,2013-05-31,20068,1843,1,1,0,0
380,6,2013-06-01,13731,1354,1,0,0,0
380,7,2013-06-02,0,0,0,0,0,0
380,1,2013-06-03,17570,1691,1,1,0,0
380,2,2013-06-04,15479,1561,1,1,0,0
380,3,2013-06-05,15629,1505,1,1,0,0
380,4,2013-06-06,14766,1477,1,1,0,0
380,5,2013-06-07,14666,1444,1,1,0,0
380,6,2013-06-08,12591,1263,1,0,0,0
380,7,2013-06-09,0,0,0,0,0,0
380,1,2013-06-10,11127,1232,1,0,0,0
380,2,2013-06-11,9957,1109,1,0,0,0
380,3,2013-06-12,10571,1208,1,0,0,0
380,4,2013-06-13,9947,1096,1,0,0,0
380,5,2013-06-14,11076,1247,1,0,0,0
380,6,2013-06-15,12123,1389,1,0,0,0
380,7,2013-06-16,0,0,0,0,0,0
380,1,2013-06-17,17243,1662,1,1,0,0
380,2,2013-06-18,14470,1410,1,1,0,0
380,3,2013-06-19,12065,1208,1,1,0,0
380,4,2013-06-20,11166,1113,1,1,0,0
380,5,2013-06-21,14451,1374,1,1,0,0
380,6,2013-06-22,14099,1353,1,0,0,0
380,7,2013-06-23,0,0,0,0,0,0
380,1,2013-06-24,11372,1183,1,0,0,0
380,2,2013-06-25,10489,1145,1,0,0,0
380,3,2013-06-26,11298,1223,1,0,0,0
380,4,2013-06-27,10419,1145,1,0,0,0
380,5,2013-06-28,13624,1365,1,0,0,0
380,6,2013-06-29,14036,1327,1,0,0,0
380,7,2013-06-30,0,0,0,0,0,0
380,1,2013-07-01,20151,1782,1,1,0,0
380,2,2013-07-02,18036,1691,1,1,0,0
380,3,2013-07-03,15755,1476,1,1,0,0
380,4,2013-07-04,15534,1588,1,1,0,0
380,5,2013-07-05,14218,1445,1,1,0,0
380,6,2013-07-06,11927,1284,1,0,0,0
380,7,2013-07-07,0,0,0,0,0,0
380,1,2013-07-08,11821,1290,1,0,0,0
380,2,2013-07-09,11265,1263,1,0,0,0
380,3,2013-07-10,11081,1244,1,0,0,0
380,4,2013-07-11,11089,1261,1,0,0,0
380,5,2013-07-12,11220,1221,1,0,0,0
380,6,2013-07-13,12240,1272,1,0,0,0
380,7,2013-07-14,0,0,0,0,0,0
380,1,2013-07-15,20954,1818,1,1,0,0
380,2,2013-07-16,18650,1702,1,1,0,0
380,3,2013-07-17,17428,1644,1,1,0,0
380,4,2013-07-18,14810,1405,1,1,0,0
380,5,2013-07-19,16028,1471,1,1,0,0
380,6,2013-07-20,12191,1198,1,0,0,0
380,7,2013-07-21,0,0,0,0,0,0
380,1,2013-07-22,10365,1150,1,0,0,1
380,2,2013-07-23,9819,1059,1,0,0,1
380,3,2013-07-24,12104,1331,1,0,0,1
380,4,2013-07-25,10100,1175,1,0,0,1
380,5,2013-07-26,11259,1151,1,0,0,1
380,6,2013-07-27,11839,1155,1,0,0,0
380,7,2013-07-28,0,0,0,0,0,0
380,1,2013-07-29,20845,1781,1,1,0,1
380,2,2013-07-30,17316,1579,1,1,0,1
380,3,2013-07-31,18589,1718,1,1,0,1
380,4,2013-08-01,15092,1533,1,1,0,1
380,5,2013-08-02,12703,1293,1,1,0,1
380,6,2013-08-03,12074,1238,1,0,0,0
380,7,2013-08-04,0,0,0,0,0,0
380,1,2013-08-05,11441,1268,1,0,0,1
380,2,2013-08-06,11697,1268,1,0,0,1
380,3,2013-08-07,9634,1050,1,0,0,1
380,4,2013-08-08,10697,1183,1,0,0,1
380,5,2013-08-09,12120,1285,1,0,0,1
380,6,2013-08-10,11792,1191,1,0,0,0
380,7,2013-08-11,0,0,0,0,0,0
380,1,2013-08-12,21003,1895,1,1,0,1
380,2,2013-08-13,17037,1542,1,1,0,1
380,3,2013-08-14,16074,1589,1,1,0,1
380,4,2013-08-15,14892,1435,1,1,0,1
380,5,2013-08-16,14531,1399,1,1,0,1
380,6,2013-08-17,11034,1166,1,0,0,0
380,7,2013-08-18,0,0,0,0,0,0
380,1,2013-08-19,9579,1066,1,0,0,1
380,2,2013-08-20,10367,1157,1,0,0,1
380,3,2013-08-21,10766,1256,1,0,0,1
380,4,2013-08-22,10539,1194,1,0,0,1
380,5,2013-08-23,11393,1184,1,0,0,1
380,6,2013-08-24,12169,1153,1,0,0,0
380,7,2013-08-25,0,0,0,0,0,0
380,1,2013-08-26,19682,1764,1,1,0,1
380,2,2013-08-27,17014,1603,1,1,0,1
380,3,2013-08-28,15279,1480,1,1,0,1
380,4,2013-08-29,14005,1382,1,1,0,1
380,5,2013-08-30,15547,1537,1,1,0,1
380,6,2013-08-31,11785,1187,1,0,0,0
380,7,2013-09-01,0,0,0,0,0,0
380,1,2013-09-02,12027,1378,1,0,0,1
380,2,2013-09-03,11332,1348,1,0,0,1
380,3,2013-09-04,11338,1397,1,0,0,0
380,4,2013-09-05,9015,1151,1,0,0,0
380,5,2013-09-06,9838,1145,1,0,0,0
380,6,2013-09-07,11378,1222,1,0,0,0
380,7,2013-09-08,0,0,0,0,0,0
380,1,2013-09-09,20632,1820,1,1,0,0
380,2,2013-09-10,12817,1113,1,1,0,0
380,3,2013-09-11,16937,1615,1,1,0,0
380,4,2013-09-12,14874,1468,1,1,0,0
380,5,2013-09-13,15228,1499,1,1,0,0
380,6,2013-09-14,10290,1161,1,0,0,0
380,7,2013-09-15,0,0,0,0,0,0
380,1,2013-09-16,8262,1055,1,0,0,0
380,2,2013-09-17,8907,1020,1,0,0,0
380,3,2013-09-18,9606,1150,1,0,0,0
380,4,2013-09-19,8977,1063,1,0,0,0
380,5,2013-09-20,10428,1147,1,0,0,0
380,6,2013-09-21,13351,1340,1,0,0,0
380,7,2013-09-22,0,0,0,0,0,0
380,1,2013-09-23,16484,1597,1,1,0,0
380,2,2013-09-24,15743,1464,1,1,0,0
380,3,2013-09-25,15800,1511,1,1,0,0
380,4,2013-09-26,12603,1269,1,1,0,0
380,5,2013-09-27,14728,1458,1,1,0,0
380,6,2013-09-28,13526,1358,1,0,0,0
380,7,2013-09-29,0,0,0,0,0,0
380,1,2013-09-30,12206,1327,1,0,0,0
380,2,2013-10-01,12120,1361,1,0,0,0
380,3,2013-10-02,12105,1397,1,0,0,0
380,4,2013-10-03,0,0,0,0,a,0
380,5,2013-10-04,13489,1434,1,0,0,0
380,6,2013-10-05,13659,1392,1,0,0,0
380,7,2013-10-06,0,0,0,0,0,0
380,1,2013-10-07,20345,1838,1,1,0,0
380,2,2013-10-08,18091,1600,1,1,0,0
380,3,2013-10-09,15801,1536,1,1,0,0
380,4,2013-10-10,14715,1415,1,1,0,0
380,5,2013-10-11,11964,1070,1,1,0,0
380,6,2013-10-12,12037,1280,1,0,0,0
380,7,2013-10-13,0,0,0,0,0,0
380,1,2013-10-14,9333,1178,1,0,0,0
380,2,2013-10-15,9616,1040,1,0,0,0
380,3,2013-10-16,10590,1213,1,0,0,0
380,4,2013-10-17,9276,1039,1,0,0,0
380,5,2013-10-18,10907,1158,1,0,0,0
380,6,2013-10-19,13471,1338,1,0,0,0
380,7,2013-10-20,0,0,0,0,0,0
380,1,2013-10-21,18733,1756,1,1,0,1
380,2,2013-10-22,16404,1559,1,1,0,1
380,3,2013-10-23,15606,1461,1,1,0,1
380,4,2013-10-24,15586,1479,1,1,0,1
380,5,2013-10-25,14252,1366,1,1,0,1
380,6,2013-10-26,13832,1304,1,0,0,0
380,7,2013-10-27,0,0,0,0,0,0
380,1,2013-10-28,8857,998,1,0,0,1
380,2,2013-10-29,9691,1113,1,0,0,1
380,3,2013-10-30,11149,1300,1,0,0,1
380,4,2013-10-31,13122,1406,1,0,0,1
380,5,2013-11-01,0,0,0,0,a,1
380,6,2013-11-02,15569,1510,1,0,0,0
380,7,2013-11-03,0,0,0,0,0,0
380,1,2013-11-04,17918,1509,1,1,0,0
380,2,2013-11-05,16775,1560,1,1,0,0
380,3,2013-11-06,15616,1520,1,1,0,0
380,4,2013-11-07,13826,1378,1,1,0,0
380,5,2013-11-08,15878,1511,1,1,0,0
380,6,2013-11-09,13793,1368,1,0,0,0
380,7,2013-11-10,0,0,0,0,0,0
380,1,2013-11-11,10386,1205,1,0,0,0
380,2,2013-11-12,8850,1012,1,0,0,0
380,3,2013-11-13,10098,1200,1,0,0,0
380,4,2013-11-14,8867,1005,1,0,0,0
380,5,2013-11-15,11296,1204,1,0,0,0
380,6,2013-11-16,13020,1247,1,0,0,0
380,7,2013-11-17,0,0,0,0,0,0
380,1,2013-11-18,17532,1629,1,1,0,0
380,2,2013-11-19,15644,1454,1,1,0,0
380,3,2013-11-20,14883,1499,1,1,0,0
380,4,2013-11-21,12752,1269,1,1,0,0
380,5,2013-11-22,14171,1365,1,1,0,0
380,6,2013-11-23,13974,1338,1,0,0,0
380,7,2013-11-24,0,0,0,0,0,0
380,1,2013-11-25,10842,1193,1,0,0,0
380,2,2013-11-26,10951,1172,1,0,0,0
380,3,2013-11-27,11033,1193,1,0,0,0
380,4,2013-11-28,10548,1141,1,0,0,0
380,5,2013-11-29,12804,1293,1,0,0,0
380,6,2013-11-30,16641,1536,1,0,0,0
380,7,2013-12-01,0,0,0,0,0,0
380,1,2013-12-02,22747,1965,1,1,0,0
380,2,2013-12-03,19350,1699,1,1,0,0
380,3,2013-12-04,17599,1542,1,1,0,0
380,4,2013-12-05,14178,1218,1,1,0,0
380,5,2013-12-06,14668,1450,1,1,0,0
380,6,2013-12-07,13345,1326,1,0,0,0
380,7,2013-12-08,0,0,0,0,0,0
380,1,2013-12-09,12755,1395,1,0,0,0
380,2,2013-12-10,12030,1316,1,0,0,0
380,3,2013-12-11,12930,1327,1,0,0,0
380,4,2013-12-12,12722,1380,1,0,0,0
380,5,2013-12-13,14133,1469,1,0,0,0
380,6,2013-12-14,16288,1574,1,0,0,0
380,7,2013-12-15,0,0,0,0,0,0
380,1,2013-12-16,26516,2195,1,1,0,0
380,2,2013-12-17,22580,1935,1,1,0,0
380,3,2013-12-18,22541,2008,1,1,0,0
380,4,2013-12-19,19088,1768,1,1,0,0
380,5,2013-12-20,21790,1957,1,1,0,0
380,6,2013-12-21,20383,1834,1,0,0,0
380,7,2013-12-22,0,0,0,0,0,0
380,1,2013-12-23,26485,2453,1,0,0,1
380,2,2013-12-24,9536,892,1,0,0,1
380,3,2013-12-25,0,0,0,0,c,1
380,4,2013-12-26,0,0,0,0,c,1
380,5,2013-12-27,14512,1412,1,0,0,1
380,6,2013-12-28,14033,1366,1,0,0,0
380,7,2013-12-29,0,0,0,0,0,0
380,1,2013-12-30,19514,1861,1,0,0,1
380,2,2013-12-31,7190,775,1,0,0,1
380,3,2014-01-01,0,0,0,0,a,1
380,4,2014-01-02,12455,1325,1,0,0,1
380,5,2014-01-03,12432,1256,1,0,0,1
380,6,2014-01-04,12617,1251,1,0,0,0
380,7,2014-01-05,0,0,0,0,0,0
380,1,2014-01-06,21553,1815,1,1,0,1
380,2,2014-01-07,17927,1668,1,1,0,1
380,3,2014-01-08,15782,1503,1,1,0,0
380,4,2014-01-09,12493,1169,1,1,0,0
380,5,2014-01-10,14321,1453,1,1,0,0
380,6,2014-01-11,12275,1166,1,0,0,0
380,7,2014-01-12,0,0,0,0,0,0
380,1,2014-01-13,9090,1107,1,0,0,0
380,2,2014-01-14,10210,1127,1,0,0,0
380,3,2014-01-15,9114,1066,1,0,0,0
380,4,2014-01-16,8915,1025,1,0,0,0
380,5,2014-01-17,10199,1146,1,0,0,0
380,6,2014-01-18,13132,1287,1,0,0,0
380,7,2014-01-19,0,0,0,0,0,0
380,1,2014-01-20,20045,1712,1,1,0,0
380,2,2014-01-21,16659,1449,1,1,0,0
380,3,2014-01-22,15963,1453,1,1,0,0
380,4,2014-01-23,12785,1243,1,1,0,0
380,5,2014-01-24,15363,1408,1,1,0,0
380,6,2014-01-25,13426,1256,1,0,0,0
380,7,2014-01-26,0,0,0,0,0,0
380,1,2014-01-27,9603,1079,1,0,0,0
380,2,2014-01-28,9797,1145,1,0,0,0
380,3,2014-01-29,9405,1032,1,0,0,0
380,4,2014-01-30,9850,1086,1,0,0,0
380,5,2014-01-31,13267,1345,1,0,0,0
380,6,2014-02-01,13922,1261,1,0,0,0
380,7,2014-02-02,0,0,0,0,0,0
380,1,2014-02-03,22538,1910,1,1,0,0
380,2,2014-02-04,18163,1663,1,1,0,0
380,3,2014-02-05,17869,1661,1,1,0,0
380,4,2014-02-06,15072,1453,1,1,0,0
380,5,2014-02-07,11879,1111,1,1,0,0
380,6,2014-02-08,11263,1123,1,0,0,0
380,7,2014-02-09,0,0,0,0,0,0
380,1,2014-02-10,10624,1251,1,0,0,0
380,2,2014-02-11,10730,1150,1,0,0,0
380,3,2014-02-12,11684,1268,1,0,0,0
380,4,2014-02-13,8904,1031,1,0,0,0
380,5,2014-02-14,12732,1323,1,0,0,0
380,6,2014-02-15,12940,1296,1,0,0,0
380,7,2014-02-16,0,0,0,0,0,0
380,1,2014-02-17,19204,1710,1,1,0,0
380,2,2014-02-18,15042,1418,1,1,0,0
380,3,2014-02-19,14721,1438,1,1,0,0
380,4,2014-02-20,14288,1348,1,1,0,0
380,5,2014-02-21,14063,1297,1,1,0,0
380,6,2014-02-22,12969,1279,1,0,0,0
380,7,2014-02-23,0,0,0,0,0,0
380,1,2014-02-24,12126,1329,1,0,0,0
380,2,2014-02-25,10982,1145,1,0,0,0
380,3,2014-02-26,11653,1246,1,0,0,0
380,4,2014-02-27,10984,1133,1,0,0,0
380,5,2014-02-28,15269,1474,1,0,0,0
380,6,2014-03-01,15403,1504,1,0,0,0
380,7,2014-03-02,0,0,0,0,0,0
380,1,2014-03-03,18022,1450,1,1,0,0
380,2,2014-03-04,19266,1696,1,1,0,0
380,3,2014-03-05,18675,1720,1,1,0,0
380,4,2014-03-06,16385,1506,1,1,0,0
380,5,2014-03-07,15678,1476,1,1,0,0
380,6,2014-03-08,13376,1368,1,0,0,0
380,7,2014-03-09,0,0,0,0,0,0
380,1,2014-03-10,10390,1227,1,0,0,0
380,2,2014-03-11,10369,1180,1,0,0,0
380,3,2014-03-12,11150,1252,1,0,0,0
380,4,2014-03-13,10455,1150,1,0,0,0
380,5,2014-03-14,12156,1193,1,0,0,0
380,6,2014-03-15,12950,1294,1,0,0,0
380,7,2014-03-16,0,0,0,0,0,0
380,1,2014-03-17,18699,1600,1,1,0,0
380,2,2014-03-18,16232,1397,1,1,0,0
380,3,2014-03-19,16090,1522,1,1,0,0
380,4,2014-03-20,14025,1416,1,1,0,0
380,5,2014-03-21,12896,1209,1,1,0,0
380,6,2014-03-22,13693,1289,1,0,0,0
380,7,2014-03-23,0,0,0,0,0,0
380,1,2014-03-24,11369,1277,1,0,0,0
380,2,2014-03-25,9806,1156,1,0,0,0
380,3,2014-03-26,10403,1130,1,0,0,0
380,4,2014-03-27,10647,1177,1,0,0,0
380,5,2014-03-28,11587,1188,1,0,0,0
380,6,2014-03-29,12482,1209,1,0,0,0
380,7,2014-03-30,0,0,0,0,0,0
380,1,2014-03-31,20871,1772,1,1,0,0
380,2,2014-04-01,18900,1680,1,1,0,0
380,3,2014-04-02,17505,1649,1,1,0,0
380,4,2014-04-03,14839,1416,1,1,0,0
380,5,2014-04-04,16945,1456,1,1,0,0
380,6,2014-04-05,14230,1328,1,0,0,0
380,7,2014-04-06,0,0,0,0,0,0
380,1,2014-04-07,10760,1251,1,0,0,0
380,2,2014-04-08,9584,1034,1,0,0,0
380,3,2014-04-09,11666,1273,1,0,0,0
380,4,2014-04-10,11373,1177,1,0,0,0
380,5,2014-04-11,11220,1166,1,0,0,0
380,6,2014-04-12,13016,1277,1,0,0,0
380,7,2014-04-13,0,0,0,0,0,0
380,1,2014-04-14,19964,1657,1,1,0,1
380,2,2014-04-15,19709,1653,1,1,0,1
380,3,2014-04-16,20179,1803,1,1,0,1
380,4,2014-04-17,17210,1590,1,1,0,1
380,5,2014-04-18,0,0,0,1,b,1
380,6,2014-04-19,16384,1632,1,0,0,0
380,7,2014-04-20,0,0,0,0,0,0
380,1,2014-04-21,0,0,0,0,b,1
380,2,2014-04-22,11725,1356,1,0,0,1
380,3,2014-04-23,11234,1276,1,0,0,1
380,4,2014-04-24,11164,1164,1,0,0,1
380,5,2014-04-25,12107,1297,1,0,0,1
380,6,2014-04-26,13756,1290,1,0,0,0
380,7,2014-04-27,0,0,0,0,0,0
380,1,2014-04-28,20656,1780,1,1,0,0
380,2,2014-04-29,19077,1586,1,1,0,0
380,3,2014-04-30,21717,1890,1,1,0,0
380,4,2014-05-01,0,0,0,1,a,0
380,5,2014-05-02,20651,1888,1,1,0,0
380,6,2014-05-03,15346,1560,1,0,0,0
380,7,2014-05-04,0,0,0,0,0,0
380,1,2014-05-05,19551,1747,1,1,0,0
380,2,2014-05-06,18091,1536,1,1,0,0
380,3,2014-05-07,16773,1501,1,1,0,0
380,4,2014-05-08,13872,1279,1,1,0,0
380,5,2014-05-09,15206,1411,1,1,0,0
380,6,2014-05-10,14002,1365,1,0,0,0
380,7,2014-05-11,0,0,0,0,0,0
380,1,2014-05-12,9917,1054,1,0,0,0
380,2,2014-05-13,10785,1181,1,0,0,0
380,3,2014-05-14,10317,1095,1,0,0,0
380,4,2014-05-15,11122,1220,1,0,0,0
380,5,2014-05-16,11515,1290,1,0,0,0
380,6,2014-05-17,13300,1268,1,0,0,0
380,7,2014-05-18,0,0,0,0,0,0
380,1,2014-05-19,19751,1746,1,1,0,0
380,2,2014-05-20,17090,1556,1,1,0,0
380,3,2014-05-21,17084,1600,1,1,0,0
380,4,2014-05-22,16085,1477,1,1,0,0
380,5,2014-05-23,16760,1445,1,1,0,0
380,6,2014-05-24,15309,1407,1,0,0,0
380,7,2014-05-25,0,0,0,0,0,0
380,1,2014-05-26,11368,1150,1,0,0,0
380,2,2014-05-27,12315,1208,1,0,0,0
380,3,2014-05-28,13079,1242,1,0,0,0
380,4,2014-05-29,0,0,0,0,a,0
380,5,2014-05-30,21678,1901,1,0,0,0
380,6,2014-05-31,14789,1382,1,0,0,0
380,7,2014-06-01,0,0,0,0,0,0
380,1,2014-06-02,23368,1949,1,1,0,0
380,2,2014-06-03,19352,1696,1,1,0,0
380,3,2014-06-04,18296,1586,1,1,0,0
380,4,2014-06-05,16896,1435,1,1,0,0
380,5,2014-06-06,17482,1617,1,1,0,0
380,6,2014-06-07,12943,1282,1,0,0,0
380,7,2014-06-08,0,0,0,0,0,0
380,1,2014-06-09,0,0,0,0,a,0
380,2,2014-06-10,12160,1292,1,0,0,1
380,3,2014-06-11,13429,1411,1,0,0,0
380,4,2014-06-12,12081,1294,1,0,0,0
380,5,2014-06-13,13110,1303,1,0,0,0
380,6,2014-06-14,15016,1357,1,0,0,0
380,7,2014-06-15,0,0,0,0,0,0
380,1,2014-06-16,20037,1732,1,1,0,0
380,2,2014-06-17,18183,1601,1,1,0,0
380,3,2014-06-18,18109,1644,1,1,0,0
380,4,2014-06-19,0,0,0,1,a,0
380,5,2014-06-20,20564,1821,1,1,0,0
380,6,2014-06-21,13979,1279,1,0,0,0
380,7,2014-06-22,0,0,0,0,0,0
380,1,2014-06-23,12604,1293,1,0,0,0
380,2,2014-06-24,10880,1159,1,0,0,0
380,3,2014-06-25,12929,1318,1,0,0,0
380,4,2014-06-26,11101,1130,1,0,0,0
380,5,2014-06-27,11689,1166,1,0,0,0
380,6,2014-06-28,15280,1312,1,0,0,0
380,7,2014-06-29,0,0,0,0,0,0
380,1,2014-06-30,23362,1825,1,1,0,0
380,2,2014-07-01,21212,1831,1,1,0,0
380,3,2014-07-02,20315,1745,1,1,0,0
380,4,2014-07-03,17241,1554,1,1,0,0
380,5,2014-07-04,15024,1432,1,1,0,0
380,6,2014-07-05,13287,1240,1,0,0,0
380,7,2014-07-06,0,0,0,0,0,0
380,1,2014-07-07,13281,1410,1,0,0,1
380,2,2014-07-08,9634,895,1,0,0,1
380,3,2014-07-09,10602,1029,1,0,0,1
380,4,2014-07-10,12025,1251,1,0,0,1
380,5,2014-07-11,11792,1231,1,0,0,1
380,6,2014-07-12,13964,1283,1,0,0,0
380,7,2014-07-13,0,0,0,0,0,0
380,1,2014-07-14,18746,1569,1,1,0,1
380,2,2014-07-15,17914,1532,1,1,0,1
380,3,2014-07-16,18104,1595,1,1,0,1
380,4,2014-07-17,15454,1408,1,1,0,1
380,5,2014-07-18,13308,1262,1,1,0,1
380,6,2014-07-19,11015,1069,1,0,0,0
380,7,2014-07-20,0,0,0,0,0,0
380,1,2014-07-21,11622,1080,1,0,0,1
380,2,2014-07-22,12742,1331,1,0,0,1
380,3,2014-07-23,11079,1214,1,0,0,1
380,4,2014-07-24,11037,1149,1,0,0,1
380,5,2014-07-25,10901,1038,1,0,0,1
380,6,2014-07-26,12193,1189,1,0,0,0
380,7,2014-07-27,0,0,0,0,0,0
380,1,2014-07-28,18938,1633,1,1,0,1
380,2,2014-07-29,17341,1520,1,1,0,1
380,3,2014-07-30,17049,1525,1,1,0,1
380,4,2014-07-31,18591,1606,1,1,0,1
380,5,2014-08-01,16933,1512,1,1,0,1
380,6,2014-08-02,12088,1255,1,0,0,0
380,7,2014-08-03,0,0,0,0,0,0
380,1,2014-08-04,19126,1659,1,1,0,1
380,2,2014-08-05,17843,1620,1,1,0,1
380,3,2014-08-06,16398,1543,1,1,0,1
380,4,2014-08-07,14168,1352,1,1,0,1
380,5,2014-08-08,13809,1354,1,1,0,1
380,6,2014-08-09,11503,1124,1,0,0,0
380,7,2014-08-10,0,0,0,0,0,0
380,1,2014-08-11,12180,1323,1,0,0,1
380,2,2014-08-12,11512,1169,1,0,0,1
380,3,2014-08-13,12062,1355,1,0,0,1
380,4,2014-08-14,9959,1059,1,0,0,1
380,5,2014-08-15,10886,1194,1,0,0,1
380,6,2014-08-16,12451,1194,1,0,0,0
380,7,2014-08-17,0,0,0,0,0,0
380,1,2014-08-18,19548,1678,1,1,0,1
380,2,2014-08-19,17328,1558,1,1,0,1
380,3,2014-08-20,16098,1518,1,1,0,0
380,4,2014-08-21,13483,1308,1,1,0,0
380,5,2014-08-22,15833,1419,1,1,0,0
380,6,2014-08-23,12302,1199,1,0,0,0
380,7,2014-08-24,0,0,0,0,0,0
380,1,2014-08-25,11382,1240,1,0,0,0
380,2,2014-08-26,10807,1123,1,0,0,0
380,3,2014-08-27,11634,1216,1,0,0,0
380,4,2014-08-28,11207,1127,1,0,0,0
380,5,2014-08-29,13079,1324,1,0,0,0
380,6,2014-08-30,13515,1212,1,0,0,0
380,7,2014-08-31,0,0,0,0,0,0
380,1,2014-09-01,19711,1772,1,1,0,0
380,2,2014-09-02,16721,1495,1,1,0,0
380,3,2014-09-03,16773,1558,1,1,0,0
380,4,2014-09-04,14779,1430,1,1,0,0
380,5,2014-09-05,14530,1425,1,1,0,0
380,6,2014-09-06,12603,1254,1,0,0,0
380,7,2014-09-07,0,0,0,0,0,0
380,1,2014-09-08,10721,1205,1,0,0,0
380,2,2014-09-09,10145,1137,1,0,0,0
380,3,2014-09-10,10852,1171,1,0,0,0
380,4,2014-09-11,10363,1083,1,0,0,0
380,5,2014-09-12,10398,1145,1,0,0,0
380,6,2014-09-13,12841,1246,1,0,0,0
380,7,2014-09-14,0,0,0,0,0,0
380,1,2014-09-15,18116,1579,1,1,0,0
380,2,2014-09-16,15214,1414,1,1,0,0
380,3,2014-09-17,15215,1436,1,1,0,0
380,4,2014-09-18,14040,1347,1,1,0,0
380,5,2014-09-19,13359,1338,1,1,0,0
380,6,2014-09-20,11960,1263,1,0,0,0
380,7,2014-09-21,0,0,0,0,0,0
380,1,2014-09-22,9746,1044,1,0,0,0
380,2,2014-09-23,9833,1102,1,0,0,0
380,3,2014-09-24,10094,1075,1,0,0,0
380,4,2014-09-25,10535,1094,1,0,0,0
380,5,2014-09-26,10836,1093,1,0,0,0
380,6,2014-09-27,13851,1211,1,0,0,0
380,7,2014-09-28,0,0,0,0,0,0
380,1,2014-09-29,16559,1504,1,1,0,0
380,2,2014-09-30,18909,1621,1,1,0,0
380,3,2014-10-01,18418,1642,1,1,0,0
380,4,2014-10-02,16519,1579,1,1,0,0
380,5,2014-10-03,0,0,0,1,a,0
380,6,2014-10-04,15303,1479,1,0,0,0
380,7,2014-10-05,0,0,0,0,0,0
380,1,2014-10-06,18603,1637,1,1,0,1
380,2,2014-10-07,14003,1263,1,1,0,1
380,3,2014-10-08,14829,1438,1,1,0,1
380,4,2014-10-09,13891,1375,1,1,0,1
380,5,2014-10-10,14129,1402,1,1,0,1
380,6,2014-10-11,12263,1204,1,0,0,0
380,7,2014-10-12,0,0,0,0,0,0
380,1,2014-10-13,10762,1156,1,0,0,1
380,2,2014-10-14,9851,1138,1,0,0,1
380,3,2014-10-15,10960,1192,1,0,0,1
380,4,2014-10-16,9672,1064,1,0,0,1
380,5,2014-10-17,11099,1186,1,0,0,1
380,6,2014-10-18,11742,1214,1,0,0,0
380,7,2014-10-19,0,0,0,0,0,0
380,1,2014-10-20,16525,1469,1,1,0,0
380,2,2014-10-21,11992,1123,1,1,0,0
380,3,2014-10-22,14058,1343,1,1,0,0
380,4,2014-10-23,14021,1312,1,1,0,0
380,5,2014-10-24,15569,1526,1,1,0,0
380,6,2014-10-25,13428,1264,1,0,0,0
380,7,2014-10-26,0,0,0,0,0,0
380,1,2014-10-27,10948,1218,1,0,0,0
380,2,2014-10-28,10522,1200,1,0,0,0
380,3,2014-10-29,9258,1028,1,0,0,0
380,4,2014-10-30,11079,1188,1,0,0,0
380,5,2014-10-31,15187,1535,1,0,0,0
380,6,2014-11-01,0,0,0,0,a,0
380,7,2014-11-02,0,0,0,0,0,0
380,1,2014-11-03,21413,1800,1,1,0,0
380,2,2014-11-04,18907,1631,1,1,0,0
380,3,2014-11-05,17220,1606,1,1,0,0
380,4,2014-11-06,16412,1467,1,1,0,0
380,5,2014-11-07,15297,1377,1,1,0,0
380,6,2014-11-08,15022,1399,1,0,0,0
380,7,2014-11-09,0,0,0,0,0,0
380,1,2014-11-10,15441,1470,1,1,0,0
380,2,2014-11-11,14360,1341,1,1,0,0
380,3,2014-11-12,15120,1429,1,1,0,0
380,4,2014-11-13,14215,1389,1,1,0,0
380,5,2014-11-14,14049,1365,1,1,0,0
380,6,2014-11-15,12032,1201,1,0,0,0
380,7,2014-11-16,0,0,0,0,0,0
380,1,2014-11-17,10595,1206,1,0,0,0
380,2,2014-11-18,8871,987,1,0,0,0
380,3,2014-11-19,10543,1161,1,0,0,0
380,4,2014-11-20,10436,1118,1,0,0,0
380,5,2014-11-21,12068,1227,1,0,0,0
380,6,2014-11-22,15275,1355,1,0,0,0
380,7,2014-11-23,0,0,0,0,0,0
380,1,2014-11-24,19056,1622,1,1,0,0
380,2,2014-11-25,16293,1487,1,1,0,0
380,3,2014-11-26,16970,1504,1,1,0,0
380,4,2014-11-27,14771,1325,1,1,0,0
380,5,2014-11-28,18578,1617,1,1,0,0
380,6,2014-11-29,16982,1395,1,0,0,0
380,7,2014-11-30,0,0,0,0,0,0
380,1,2014-12-01,18308,1596,1,1,0,0
380,2,2014-12-02,18235,1555,1,1,0,0
380,3,2014-12-03,17301,1464,1,1,0,0
380,4,2014-12-04,16326,1484,1,1,0,0
380,5,2014-12-05,18431,1543,1,1,0,0
380,6,2014-12-06,15544,1445,1,0,0,0
380,7,2014-12-07,0,0,0,0,0,0
380,1,2014-12-08,11467,1231,1,0,0,0
380,2,2014-12-09,11883,1210,1,0,0,0
380,3,2014-12-10,11234,1184,1,0,0,0
380,4,2014-12-11,12047,1206,1,0,0,0
380,5,2014-12-12,10259,979,1,0,0,0
380,6,2014-12-13,16488,1600,1,0,0,0
380,7,2014-12-14,0,0,0,0,0,0
380,1,2014-12-15,22652,1797,1,1,0,0
380,2,2014-12-16,23673,1871,1,1,0,0
380,3,2014-12-17,18257,1571,1,1,0,0
380,4,2014-12-18,17966,1625,1,1,0,0
380,5,2014-12-19,19210,1614,1,1,0,0
380,6,2014-12-20,17822,1580,1,0,0,0
380,7,2014-12-21,0,0,0,0,0,0
380,1,2014-12-22,21864,1942,1,0,0,1
380,2,2014-12-23,24799,2186,1,0,0,1
380,3,2014-12-24,11019,985,1,0,0,1
380,4,2014-12-25,0,0,0,0,c,1
380,5,2014-12-26,0,0,0,0,c,1
380,6,2014-12-27,12840,1229,1,0,0,0
380,7,2014-12-28,0,0,0,0,0,0
380,1,2014-12-29,16260,1554,1,0,0,1
380,2,2014-12-30,17677,1627,1,0,0,1
380,3,2014-12-31,6979,700,1,0,0,1
380,4,2015-01-01,0,0,0,0,a,1
380,5,2015-01-02,13856,1303,1,0,0,1
380,6,2015-01-03,12187,1145,1,0,0,0
380,7,2015-01-04,0,0,0,0,0,0
380,1,2015-01-05,18887,1624,1,1,0,1
380,2,2015-01-06,16548,1474,1,1,0,1
380,3,2015-01-07,15946,1505,1,1,0,0
380,4,2015-01-08,9945,877,1,1,0,0
380,5,2015-01-09,13171,1242,1,1,0,0
380,6,2015-01-10,11397,989,1,0,0,0
380,7,2015-01-11,0,0,0,0,0,0
380,1,2015-01-12,14811,1322,1,1,0,0
380,2,2015-01-13,14039,1234,1,1,0,0
380,3,2015-01-14,14921,1351,1,1,0,0
380,4,2015-01-15,11547,1022,1,1,0,0
380,5,2015-01-16,16455,1544,1,1,0,0
380,6,2015-01-17,13973,1400,1,0,0,0
380,7,2015-01-18,0,0,0,0,0,0
380,1,2015-01-19,9810,1094,1,0,0,0
380,2,2015-01-20,9677,1103,1,0,0,0
380,3,2015-01-21,10161,1131,1,0,0,0
380,4,2015-01-22,9272,1014,1,0,0,0
380,5,2015-01-23,11371,1127,1,0,0,0
380,6,2015-01-24,10137,910,1,0,0,0
380,7,2015-01-25,0,0,0,0,0,0
380,1,2015-01-26,16828,1398,1,1,0,0
380,2,2015-01-27,17057,1407,1,1,0,0
380,3,2015-01-28,14642,1288,1,1,0,0
380,4,2015-01-29,11604,1035,1,1,0,0
380,5,2015-01-30,16137,1385,1,1,0,0
380,6,2015-01-31,15589,1316,1,0,0,0
380,7,2015-02-01,0,0,0,0,0,0
380,1,2015-02-02,18342,1628,1,1,0,0
380,2,2015-02-03,17192,1528,1,1,0,0
380,3,2015-02-04,15938,1424,1,1,0,0
380,4,2015-02-05,13341,1234,1,1,0,0
380,5,2015-02-06,14401,1295,1,1,0,0
380,6,2015-02-07,13749,1215,1,0,0,0
380,7,2015-02-08,0,0,0,0,0,0
380,1,2015-02-09,10772,1142,1,0,0,0
380,2,2015-02-10,11174,1163,1,0,0,0
380,3,2015-02-11,11535,1243,1,0,0,0
380,4,2015-02-12,10361,1056,1,0,0,0
380,5,2015-02-13,12236,1236,1,0,0,0
380,6,2015-02-14,13513,1348,1,0,0,0
380,7,2015-02-15,0,0,0,0,0,0
380,1,2015-02-16,15678,1302,1,1,0,0
380,2,2015-02-17,15782,1375,1,1,0,0
380,3,2015-02-18,15811,1413,1,1,0,0
380,4,2015-02-19,13785,1298,1,1,0,0
380,5,2015-02-20,13627,1173,1,1,0,0
380,6,2015-02-21,13862,1181,1,0,0,0
380,7,2015-02-22,0,0,0,0,0,0
380,1,2015-02-23,11671,1160,1,0,0,0
380,2,2015-02-24,11647,1135,1,0,0,0
380,3,2015-02-25,12316,1268,1,0,0,0
380,4,2015-02-26,11624,1167,1,0,0,0
380,5,2015-02-27,14195,1366,1,0,0,0
380,6,2015-02-28,15296,1402,1,0,0,0
380,7,2015-03-01,0,0,0,0,0,0
380,1,2015-03-02,19180,1568,1,1,0,0
380,2,2015-03-03,15325,1295,1,1,0,0
380,3,2015-03-04,16792,1492,1,1,0,0
380,4,2015-03-05,14395,1369,1,1,0,0
380,5,2015-03-06,15014,1404,1,1,0,0
380,6,2015-03-07,13041,1251,1,0,0,0
380,7,2015-03-08,0,0,0,0,0,0
380,1,2015-03-09,9827,1113,1,0,0,0
380,2,2015-03-10,10508,1120,1,0,0,0
380,3,2015-03-11,11339,1201,1,0,0,0
380,4,2015-03-12,10235,1125,1,0,0,0
380,5,2015-03-13,11455,1127,1,0,0,0
380,6,2015-03-14,12995,1156,1,0,0,0
380,7,2015-03-15,0,0,0,0,0,0
380,1,2015-03-16,19944,1696,1,1,0,0
380,2,2015-03-17,16963,1457,1,1,0,0
380,3,2015-03-18,15964,1504,1,1,0,0
380,4,2015-03-19,14856,1297,1,1,0,0
380,5,2015-03-20,15679,1335,1,1,0,0
380,6,2015-03-21,12296,1083,1,0,0,0
380,7,2015-03-22,0,0,0,0,0,0
380,1,2015-03-23,10926,1184,1,0,0,0
380,2,2015-03-24,10676,1105,1,0,0,0
380,3,2015-03-25,11071,1118,1,0,0,0
380,4,2015-03-26,10224,1048,1,0,0,0
380,5,2015-03-27,11949,1119,1,0,0,0
380,6,2015-03-28,13454,1158,1,0,0,0
380,7,2015-03-29,0,0,0,0,0,0
380,1,2015-03-30,19047,1455,1,1,0,1
380,2,2015-03-31,18745,1365,1,1,0,1
380,3,2015-04-01,18941,1549,1,1,0,1
380,4,2015-04-02,18237,1610,1,1,0,1
380,5,2015-04-03,0,0,0,1,b,1
380,6,2015-04-04,16842,1557,1,0,0,0
380,7,2015-04-05,0,0,0,0,0,0
380,1,2015-04-06,0,0,0,0,b,1
380,2,2015-04-07,12840,1348,1,0,0,1
380,3,2015-04-08,12444,1288,1,0,0,1
380,4,2015-04-09,11035,1224,1,0,0,1
380,5,2015-04-10,11356,1188,1,0,0,1
380,6,2015-04-11,13311,1174,1,0,0,0
380,7,2015-04-12,0,0,0,0,0,0
380,1,2015-04-13,19349,1630,1,1,0,0
380,2,2015-04-14,17516,1522,1,1,0,0
380,3,2015-04-15,15717,1495,1,1,0,0
380,4,2015-04-16,14310,1330,1,1,0,0
380,5,2015-04-17,16121,1427,1,1,0,0
380,6,2015-04-18,14312,1254,1,0,0,0
380,7,2015-04-19,0,0,0,0,0,0
380,1,2015-04-20,10815,1207,1,0,0,0
380,2,2015-04-21,10123,1145,1,0,0,0
380,3,2015-04-22,10949,1169,1,0,0,0
380,4,2015-04-23,10761,1098,1,0,0,0
380,5,2015-04-24,11685,1137,1,0,0,0
380,6,2015-04-25,14166,1197,1,0,0,0
380,7,2015-04-26,0,0,0,0,0,0
380,1,2015-04-27,21773,1761,1,1,0,0
380,2,2015-04-28,16730,1413,1,1,0,0
380,3,2015-04-29,17448,1547,1,1,0,0
380,4,2015-04-30,19287,1591,1,1,0,0
380,5,2015-05-01,0,0,0,1,a,0
380,6,2015-05-02,16505,1591,1,0,0,0
380,7,2015-05-03,0,0,0,0,0,0
380,1,2015-05-04,18183,1577,1,1,0,0
380,2,2015-05-05,19410,1537,1,1,0,0
380,3,2015-05-06,16818,1464,1,1,0,0
380,4,2015-05-07,16440,1391,1,1,0,0
380,5,2015-05-08,15774,1400,1,1,0,0
380,6,2015-05-09,13302,1228,1,0,0,0
380,7,2015-05-10,0,0,0,0,0,0
380,1,2015-05-11,11193,1252,1,0,0,0
380,2,2015-05-12,11542,1127,1,0,0,0
380,3,2015-05-13,14406,1480,1,0,0,0
380,4,2015-05-14,0,0,0,0,a,0
380,5,2015-05-15,16035,1509,1,0,0,0
380,6,2015-05-16,13173,1134,1,0,0,0
380,7,2015-05-17,0,0,0,0,0,0
380,1,2015-05-18,17348,1497,1,1,0,0
380,2,2015-05-19,17051,1450,1,1,0,0
380,3,2015-05-20,16007,1461,1,1,0,0
380,4,2015-05-21,15699,1360,1,1,0,0
380,5,2015-05-22,16607,1414,1,1,0,0
380,6,2015-05-23,15545,1282,1,0,0,0
380,7,2015-05-24,0,0,0,0,0,0
380,1,2015-05-25,0,0,0,0,a,0
380,2,2015-05-26,14128,1282,1,0,0,1
380,3,2015-05-27,13753,1316,1,0,0,0
380,4,2015-05-28,11331,1129,1,0,0,0
380,5,2015-05-29,15649,1399,1,0,0,0
380,6,2015-05-30,16752,1367,1,0,0,0
380,7,2015-05-31,0,0,0,0,0,0
380,1,2015-06-01,20298,1701,1,1,0,0
380,2,2015-06-02,17443,1412,1,1,0,0
380,3,2015-06-03,19480,1708,1,1,0,0
380,4,2015-06-04,0,0,0,1,a,0
380,5,2015-06-05,17756,1604,1,1,0,0
380,6,2015-06-06,14253,1263,1,0,0,0
380,7,2015-06-07,0,0,0,0,0,0
380,1,2015-06-08,13864,1373,1,0,0,0
380,2,2015-06-09,11095,1155,1,0,0,0
380,3,2015-06-10,13615,1338,1,0,0,0
380,4,2015-06-11,12023,1252,1,0,0,0
380,5,2015-06-12,11011,1124,1,0,0,0
380,6,2015-06-13,13003,1156,1,0,0,0
380,7,2015-06-14,0,0,0,0,0,0
380,1,2015-06-15,21178,1701,1,1,0,0
380,2,2015-06-16,16252,1437,1,1,0,0
380,3,2015-06-17,18120,1477,1,1,0,0
380,4,2015-06-18,15713,1382,1,1,0,0
380,5,2015-06-19,15012,1278,1,1,0,0
380,6,2015-06-20,13820,1232,1,0,0,0
380,7,2015-06-21,0,0,0,0,0,0
380,1,2015-06-22,10901,1032,1,0,0,0
380,2,2015-06-23,11075,1078,1,0,0,0
380,3,2015-06-24,12877,1290,1,0,0,0
380,4,2015-06-25,12060,1130,1,0,0,0
380,5,2015-06-26,11995,1191,1,0,0,0
380,6,2015-06-27,15058,1245,1,0,0,0
380,7,2015-06-28,0,0,0,0,0,0
380,1,2015-06-29,21509,1638,1,1,0,1
380,2,2015-06-30,20962,1648,1,1,0,1
380,3,2015-07-01,17779,1511,1,1,0,1
380,4,2015-07-02,12555,1174,1,1,0,1
380,5,2015-07-03,15398,1312,1,1,0,1
380,6,2015-07-04,11001,1010,1,0,0,0
380,7,2015-07-05,0,0,0,0,0,0
380,1,2015-07-06,14563,1406,1,0,0,1
380,2,2015-07-07,11425,1150,1,0,0,1
380,3,2015-07-08,11588,1107,1,0,0,1
380,4,2015-07-09,11805,1166,1,0,0,1
380,5,2015-07-10,12902,1273,1,0,0,1
380,6,2015-07-11,13526,1225,1,0,0,0
380,7,2015-07-12,0,0,0,0,0,0
380,1,2015-07-13,16529,1333,1,1,0,1
380,2,2015-07-14,17009,1428,1,1,0,1
380,3,2015-07-15,17846,1491,1,1,0,1
380,4,2015-07-16,14537,1382,1,1,0,1
380,5,2015-07-17,13080,1258,1,1,0,1
380,6,2015-07-18,12147,1166,1,0,0,0
380,7,2015-07-19,0,0,0,0,0,0
380,1,2015-07-20,12836,1321,1,0,0,1
380,2,2015-07-21,11236,1204,1,0,0,1
380,3,2015-07-22,11762,1189,1,0,0,1
380,4,2015-07-23,11141,1169,1,0,0,1
380,5,2015-07-24,11765,1150,1,0,0,1
380,6,2015-07-25,9423,812,1,0,0,0
380,7,2015-07-26,0,0,0,0,0,0
380,1,2015-07-27,15973,1307,1,1,0,1
380,2,2015-07-28,17790,1386,1,1,0,1
380,3,2015-07-29,15244,1280,1,1,0,1
380,4,2015-07-30,14706,1354,1,1,0,1
380,5,2015-07-31,17133,1498,1,1,0,1
383,2,2013-01-01,0,0,0,0,a,1
383,3,2013-01-02,16225,2180,1,0,0,1
383,4,2013-01-03,15131,2067,1,0,0,1
383,5,2013-01-04,14744,2006,1,0,0,1
383,6,2013-01-05,16162,2115,1,0,0,1
383,7,2013-01-06,0,0,0,0,0,1
383,1,2013-01-07,20709,2527,1,1,0,1
383,2,2013-01-08,17679,2178,1,1,0,1
383,3,2013-01-09,15774,2045,1,1,0,1
383,4,2013-01-10,18650,2270,1,1,0,1
383,5,2013-01-11,18166,2295,1,1,0,1
383,6,2013-01-12,16178,2167,1,0,0,0
383,7,2013-01-13,0,0,0,0,0,0
383,1,2013-01-14,15378,2056,1,0,0,0
383,2,2013-01-15,13736,1900,1,0,0,0
383,3,2013-01-16,13859,1903,1,0,0,0
383,4,2013-01-17,14341,1960,1,0,0,0
383,5,2013-01-18,14292,1988,1,0,0,0
383,6,2013-01-19,16519,2084,1,0,0,0
383,7,2013-01-20,0,0,0,0,0,0
383,1,2013-01-21,16311,2068,1,1,0,0
383,2,2013-01-22,16821,2103,1,1,0,0
383,3,2013-01-23,17000,2093,1,1,0,0
383,4,2013-01-24,17867,2265,1,1,0,0
383,5,2013-01-25,17586,2182,1,1,0,0
383,6,2013-01-26,16755,2037,1,0,0,0
383,7,2013-01-27,0,0,0,0,0,0
383,1,2013-01-28,15524,2126,1,0,0,0
383,2,2013-01-29,13553,1937,1,0,0,0
383,3,2013-01-30,14517,1979,1,0,0,0
383,4,2013-01-31,17434,2342,1,0,0,0
383,5,2013-02-01,16075,2148,1,0,0,0
383,6,2013-02-02,19214,2474,1,0,0,0
383,7,2013-02-03,0,0,0,0,0,0
383,1,2013-02-04,21905,2539,1,1,0,0
383,2,2013-02-05,19713,2373,1,1,0,0
383,3,2013-02-06,18279,2269,1,1,0,0
383,4,2013-02-07,19180,2394,1,1,0,0
383,5,2013-02-08,17895,2223,1,1,0,0
383,6,2013-02-09,17444,2267,1,0,0,0
383,7,2013-02-10,0,0,0,0,0,0
383,1,2013-02-11,14371,2025,1,0,0,0
383,2,2013-02-12,13220,1868,1,0,0,0
383,3,2013-02-13,14536,2025,1,0,0,0
383,4,2013-02-14,17323,2440,1,0,0,0
383,5,2013-02-15,15475,2052,1,0,0,0
383,6,2013-02-16,16840,2165,1,0,0,0
383,7,2013-02-17,0,0,0,0,0,0
383,1,2013-02-18,21928,2604,1,1,0,0
383,2,2013-02-19,17368,2079,1,1,0,0
383,3,2013-02-20,18489,2261,1,1,0,0
383,4,2013-02-21,17879,2269,1,1,0,0
383,5,2013-02-22,18346,2172,1,1,0,0
383,6,2013-02-23,14224,1914,1,0,0,0
383,7,2013-02-24,0,0,0,0,0,0
383,1,2013-02-25,14132,2007,1,0,0,0
383,2,2013-02-26,13109,1931,1,0,0,0
383,3,2013-02-27,13700,1982,1,0,0,0
383,4,2013-02-28,17144,2260,1,0,0,0
383,5,2013-03-01,16337,2180,1,0,0,0
383,6,2013-03-02,19246,2481,1,0,0,0
383,7,2013-03-03,0,0,0,0,0,0
383,1,2013-03-04,22410,2821,1,1,0,0
383,2,2013-03-05,19873,2501,1,1,0,0
383,3,2013-03-06,17533,2335,1,1,0,0
383,4,2013-03-07,18318,2513,1,1,0,0
383,5,2013-03-08,17668,2379,1,1,0,0
383,6,2013-03-09,17242,2335,1,0,0,0
383,7,2013-03-10,0,0,0,0,0,0
383,1,2013-03-11,14869,2031,1,0,0,0
383,2,2013-03-12,10811,1452,1,0,0,0
383,3,2013-03-13,13467,1827,1,0,0,0
383,4,2013-03-14,15421,2073,1,0,0,0
383,5,2013-03-15,16151,2095,1,0,0,0
383,6,2013-03-16,19156,2363,1,0,0,0
383,7,2013-03-17,0,0,0,0,0,0
383,1,2013-03-18,21829,2600,1,1,0,0
383,2,2013-03-19,18722,2409,1,1,0,0
383,3,2013-03-20,17252,2191,1,1,0,0
383,4,2013-03-21,18034,2347,1,1,0,0
383,5,2013-03-22,18538,2365,1,1,0,0
383,6,2013-03-23,17406,2225,1,0,0,0
383,7,2013-03-24,0,0,0,0,0,0
383,1,2013-03-25,19804,2436,1,1,0,1
383,2,2013-03-26,20401,2455,1,1,0,1
383,3,2013-03-27,20179,2469,1,1,0,1
383,4,2013-03-28,25152,2966,1,1,0,1
383,5,2013-03-29,0,0,0,1,b,1
383,6,2013-03-30,22857,2881,1,0,0,0
383,7,2013-03-31,0,0,0,0,0,0
383,1,2013-04-01,0,0,0,0,b,1
383,2,2013-04-02,18603,2451,1,0,0,1
383,3,2013-04-03,15056,2109,1,0,0,1
383,4,2013-04-04,16657,2271,1,0,0,1
383,5,2013-04-05,14815,2022,1,0,0,1
383,6,2013-04-06,17339,2181,1,0,0,0
383,7,2013-04-07,0,0,0,0,0,0
383,1,2013-04-08,20636,2569,1,1,0,0
383,2,2013-04-09,17671,2292,1,1,0,0
383,3,2013-04-10,16636,2131,1,1,0,0
383,4,2013-04-11,17975,2397,1,1,0,0
383,5,2013-04-12,18392,2367,1,1,0,0
383,6,2013-04-13,17622,2416,1,0,0,0
383,7,2013-04-14,0,0,0,0,0,0
383,1,2013-04-15,15351,2281,1,0,0,0
383,2,2013-04-16,13547,2042,1,0,0,0
383,3,2013-04-17,13673,2064,1,0,0,0
383,4,2013-04-18,14691,2126,1,0,0,0
383,5,2013-04-19,15150,2056,1,0,0,0
383,6,2013-04-20,15897,2142,1,0,0,0
383,7,2013-04-21,0,0,0,0,0,0
383,1,2013-04-22,20559,2524,1,1,0,0
383,2,2013-04-23,17551,2281,1,1,0,0
383,3,2013-04-24,16497,2281,1,1,0,0
383,4,2013-04-25,17560,2485,1,1,0,0
383,5,2013-04-26,16703,2269,1,1,0,0
383,6,2013-04-27,15463,2053,1,0,0,0
383,7,2013-04-28,0,0,0,0,0,0
383,1,2013-04-29,20664,2528,1,1,0,0
383,2,2013-04-30,22986,2739,1,1,0,0
383,3,2013-05-01,0,0,0,1,a,0
383,4,2013-05-02,23723,2930,1,1,0,0
383,5,2013-05-03,20098,2491,1,1,0,0
383,6,2013-05-04,16941,2297,1,0,0,0
383,7,2013-05-05,0,0,0,0,0,0
383,1,2013-05-06,16345,2283,1,0,0,0
383,2,2013-05-07,14938,2018,1,0,0,0
383,3,2013-05-08,17484,2360,1,0,0,0
383,4,2013-05-09,0,0,0,0,a,0
383,5,2013-05-10,19744,2617,1,0,0,0
383,6,2013-05-11,18728,2391,1,0,0,0
383,7,2013-05-12,0,0,0,0,0,0
383,1,2013-05-13,19357,2389,1,1,0,0
383,2,2013-05-14,19362,2453,1,1,0,0
383,3,2013-05-15,17108,2335,1,1,0,0
383,4,2013-05-16,18647,2412,1,1,0,0
383,5,2013-05-17,18584,2363,1,1,0,0
383,6,2013-05-18,18164,2397,1,0,0,0
383,7,2013-05-19,0,0,0,0,0,0
383,1,2013-05-20,0,0,0,0,a,0
383,2,2013-05-21,16297,2248,1,0,0,0
383,3,2013-05-22,14744,2028,1,0,0,0
383,4,2013-05-23,13976,2005,1,0,0,0
383,5,2013-05-24,15526,2071,1,0,0,0
383,6,2013-05-25,16755,2163,1,0,0,0
383,7,2013-05-26,0,0,0,0,0,0
383,1,2013-05-27,20775,2405,1,1,0,0
383,2,2013-05-28,20151,2362,1,1,0,0
383,3,2013-05-29,18784,2293,1,1,0,0
383,4,2013-05-30,0,0,0,1,a,0
383,5,2013-05-31,25676,2887,1,1,0,0
383,6,2013-06-01,16953,2255,1,0,0,0
383,7,2013-06-02,0,0,0,0,0,0
383,1,2013-06-03,22740,2737,1,1,0,0
383,2,2013-06-04,17924,2389,1,1,0,0
383,3,2013-06-05,18458,2314,1,1,0,0
383,4,2013-06-06,18047,2556,1,1,0,0
383,5,2013-06-07,17780,2454,1,1,0,0
383,6,2013-06-08,17492,2401,1,0,0,0
383,7,2013-06-09,0,0,0,0,0,0
383,1,2013-06-10,15469,2121,1,0,0,0
383,2,2013-06-11,14194,1994,1,0,0,0
383,3,2013-06-12,13900,1970,1,0,0,0
383,4,2013-06-13,15192,2196,1,0,0,0
383,5,2013-06-14,14863,2111,1,0,0,0
383,6,2013-06-15,17096,2235,1,0,0,0
383,7,2013-06-16,0,0,0,0,0,0
383,1,2013-06-17,20690,2620,1,1,0,0
383,2,2013-06-18,16922,2293,1,1,0,0
383,3,2013-06-19,15874,2220,1,1,0,0
383,4,2013-06-20,17546,2438,1,1,0,0
383,5,2013-06-21,18158,2358,1,1,0,0
383,6,2013-06-22,17260,2249,1,0,0,0
383,7,2013-06-23,0,0,0,0,0,0
383,1,2013-06-24,14988,2057,1,0,0,0
383,2,2013-06-25,13436,1905,1,0,0,0
383,3,2013-06-26,13943,1941,1,0,0,0
383,4,2013-06-27,16116,2140,1,0,0,0
383,5,2013-06-28,17605,2271,1,0,0,0
383,6,2013-06-29,18967,2283,1,0,0,0
383,7,2013-06-30,0,0,0,0,0,0
383,1,2013-07-01,23187,2740,1,1,0,0
383,2,2013-07-02,20549,2569,1,1,0,0
383,3,2013-07-03,18007,2194,1,1,0,0
383,4,2013-07-04,22222,2711,1,1,0,0
383,5,2013-07-05,19929,2417,1,1,0,0
383,6,2013-07-06,16602,2338,1,0,0,1
383,7,2013-07-07,0,0,0,0,0,1
383,1,2013-07-08,16459,2272,1,0,0,1
383,2,2013-07-09,14265,1959,1,0,0,1
383,3,2013-07-10,13316,1818,1,0,0,1
383,4,2013-07-11,14510,1933,1,0,0,1
383,5,2013-07-12,14333,1884,1,0,0,1
383,6,2013-07-13,16895,2138,1,0,0,1
383,7,2013-07-14,0,0,0,0,0,1
383,1,2013-07-15,23035,2506,1,1,0,1
383,2,2013-07-16,18690,2288,1,1,0,1
383,3,2013-07-17,18203,2183,1,1,0,1
383,4,2013-07-18,18830,2363,1,1,0,1
383,5,2013-07-19,17947,2384,1,1,0,1
383,6,2013-07-20,14294,2017,1,0,0,1
383,7,2013-07-21,0,0,0,0,0,1
383,1,2013-07-22,14499,2083,1,0,0,1
383,2,2013-07-23,13046,1823,1,0,0,1
383,3,2013-07-24,13742,1852,1,0,0,1
383,4,2013-07-25,14628,1950,1,0,0,1
383,5,2013-07-26,13560,1850,1,0,0,1
383,6,2013-07-27,14280,1869,1,0,0,1
383,7,2013-07-28,0,0,0,0,0,1
383,1,2013-07-29,18929,2247,1,1,0,1
383,2,2013-07-30,19414,2248,1,1,0,1
383,3,2013-07-31,20263,2376,1,1,0,1
383,4,2013-08-01,19155,2447,1,1,0,1
383,5,2013-08-02,17134,2197,1,1,0,1
383,6,2013-08-03,15760,2082,1,0,0,1
383,7,2013-08-04,0,0,0,0,0,1
383,1,2013-08-05,15189,2033,1,0,0,1
383,2,2013-08-06,12590,1773,1,0,0,1
383,3,2013-08-07,14235,1920,1,0,0,1
383,4,2013-08-08,14628,1983,1,0,0,1
383,5,2013-08-09,14621,1939,1,0,0,1
383,6,2013-08-10,15507,2102,1,0,0,1
383,7,2013-08-11,0,0,0,0,0,1
383,1,2013-08-12,20544,2528,1,1,0,1
383,2,2013-08-13,18299,2307,1,1,0,1
383,3,2013-08-14,18802,2190,1,1,0,1
383,4,2013-08-15,18190,2415,1,1,0,1
383,5,2013-08-16,18193,2378,1,1,0,1
383,6,2013-08-17,15894,2128,1,0,0,0
383,7,2013-08-18,0,0,0,0,0,0
383,1,2013-08-19,17072,2350,1,0,0,0
383,2,2013-08-20,14351,2048,1,0,0,0
383,3,2013-08-21,14258,2093,1,0,0,0
383,4,2013-08-22,14654,2206,1,0,0,0
383,5,2013-08-23,13485,1973,1,0,0,0
383,6,2013-08-24,14904,2031,1,0,0,0
383,7,2013-08-25,0,0,0,0,0,0
383,1,2013-08-26,18263,2385,1,1,0,0
383,2,2013-08-27,16215,2227,1,1,0,0
383,3,2013-08-28,16940,2238,1,1,0,0
383,4,2013-08-29,17522,2235,1,1,0,0
383,5,2013-08-30,19314,2430,1,1,0,0
383,6,2013-08-31,17441,2171,1,0,0,0
383,7,2013-09-01,0,0,0,0,0,0
383,1,2013-09-02,16294,2256,1,0,0,0
383,2,2013-09-03,14960,2088,1,0,0,0
383,3,2013-09-04,14580,2111,1,0,0,0
383,4,2013-09-05,14981,2122,1,0,0,0
383,5,2013-09-06,13603,2029,1,0,0,0
383,6,2013-09-07,15096,2007,1,0,0,0
383,7,2013-09-08,0,0,0,0,0,0
383,1,2013-09-09,21299,2519,1,1,0,0
383,2,2013-09-10,18752,2311,1,1,0,0
383,3,2013-09-11,16584,2099,1,1,0,0
383,4,2013-09-12,18557,2319,1,1,0,0
383,5,2013-09-13,19479,2439,1,1,0,0
383,6,2013-09-14,15257,2021,1,0,0,0
383,7,2013-09-15,0,0,0,0,0,0
383,1,2013-09-16,14402,2032,1,0,0,0
383,2,2013-09-17,13605,1911,1,0,0,0
383,3,2013-09-18,12201,1847,1,0,0,0
383,4,2013-09-19,13961,2017,1,0,0,0
383,5,2013-09-20,13650,1952,1,0,0,0
383,6,2013-09-21,15960,2083,1,0,0,0
383,7,2013-09-22,0,0,0,0,0,0
383,1,2013-09-23,19362,2352,1,1,0,0
383,2,2013-09-24,18099,2321,1,1,0,0
383,3,2013-09-25,16893,2204,1,1,0,0
383,4,2013-09-26,17959,2249,1,1,0,0
383,5,2013-09-27,17570,2298,1,1,0,0
383,6,2013-09-28,18062,2245,1,0,0,0
383,7,2013-09-29,0,0,0,0,0,0
383,1,2013-09-30,18143,2354,1,0,0,0
383,2,2013-10-01,15930,2105,1,0,0,0
383,3,2013-10-02,17565,2312,1,0,0,0
383,4,2013-10-03,0,0,0,0,a,0
383,5,2013-10-04,20431,2501,1,0,0,0
383,6,2013-10-05,16071,2078,1,0,0,0
383,7,2013-10-06,0,0,0,0,0,0
383,1,2013-10-07,23699,2702,1,1,0,0
383,2,2013-10-08,19954,2464,1,1,0,0
383,3,2013-10-09,18490,2310,1,1,0,0
383,4,2013-10-10,19296,2352,1,1,0,0
383,5,2013-10-11,19013,2302,1,1,0,0
383,6,2013-10-12,17689,2210,1,0,0,0
383,7,2013-10-13,0,0,0,0,0,0
383,1,2013-10-14,15208,2135,1,0,0,1
383,2,2013-10-15,13243,1796,1,0,0,1
383,3,2013-10-16,12800,1820,1,0,0,1
383,4,2013-10-17,13524,1875,1,0,0,1
383,5,2013-10-18,14748,1939,1,0,0,1
383,6,2013-10-19,15192,2078,1,0,0,1
383,7,2013-10-20,0,0,0,0,0,1
383,1,2013-10-21,19505,2378,1,1,0,1
383,2,2013-10-22,16484,2162,1,1,0,1
383,3,2013-10-23,14806,1937,1,1,0,1
383,4,2013-10-24,17182,2240,1,1,0,1
383,5,2013-10-25,16528,2106,1,1,0,1
383,6,2013-10-26,15227,1997,1,0,0,0
383,7,2013-10-27,0,0,0,0,0,0
383,1,2013-10-28,14720,2030,1,0,0,0
383,2,2013-10-29,14193,2088,1,0,0,0
383,3,2013-10-30,15287,2092,1,0,0,0
383,4,2013-10-31,16959,2217,1,0,0,0
383,5,2013-11-01,17674,2318,1,0,0,0
383,6,2013-11-02,16952,2289,1,0,0,0
383,7,2013-11-03,0,0,0,0,0,0
383,1,2013-11-04,19802,2500,1,1,0,0
383,2,2013-11-05,17278,2247,1,1,0,0
383,3,2013-11-06,17492,2245,1,1,0,0
383,4,2013-11-07,18282,2315,1,1,0,0
383,5,2013-11-08,18180,2302,1,1,0,0
383,6,2013-11-09,17487,2250,1,0,0,0
383,7,2013-11-10,0,0,0,0,0,0
383,1,2013-11-11,16167,2213,1,0,0,0
383,2,2013-11-12,14882,2031,1,0,0,0
383,3,2013-11-13,13314,1922,1,0,0,0
383,4,2013-11-14,14222,2030,1,0,0,0
383,5,2013-11-15,15850,2076,1,0,0,0
383,6,2013-11-16,17281,2142,1,0,0,0
383,7,2013-11-17,0,0,0,0,0,0
383,1,2013-11-18,21876,2597,1,1,0,0
383,2,2013-11-19,18573,2327,1,1,0,0
383,3,2013-11-20,17765,2259,1,1,0,0
383,4,2013-11-21,18142,2248,1,1,0,0
383,5,2013-11-22,18835,2343,1,1,0,0
383,6,2013-11-23,18175,2276,1,0,0,0
383,7,2013-11-24,0,0,0,0,0,0
383,1,2013-11-25,16513,2138,1,0,0,0
383,2,2013-11-26,15096,2042,1,0,0,0
383,3,2013-11-27,14247,1896,1,0,0,0
383,4,2013-11-28,16596,2125,1,0,0,0
383,5,2013-11-29,18206,2246,1,0,0,0
383,6,2013-11-30,21905,2688,1,0,0,0
383,7,2013-12-01,0,0,0,0,0,0
383,1,2013-12-02,25192,2761,1,1,0,0
383,2,2013-12-03,22163,2576,1,1,0,0
383,3,2013-12-04,22464,2584,1,1,0,0
383,4,2013-12-05,23651,2713,1,1,0,0
383,5,2013-12-06,21196,2470,1,1,0,0
383,6,2013-12-07,19269,2379,1,0,0,0
383,7,2013-12-08,0,0,0,0,0,0
383,1,2013-12-09,18592,2368,1,0,0,0
383,2,2013-12-10,16674,2121,1,0,0,0
383,3,2013-12-11,16477,2143,1,0,0,0
383,4,2013-12-12,17891,2239,1,0,0,0
383,5,2013-12-13,17477,2142,1,0,0,0
383,6,2013-12-14,20915,2483,1,0,0,0
383,7,2013-12-15,0,0,0,0,0,0
383,1,2013-12-16,28426,2956,1,1,0,0
383,2,2013-12-17,24923,2790,1,1,0,0
383,3,2013-12-18,23350,2694,1,1,0,0
383,4,2013-12-19,23938,2806,1,1,0,0
383,5,2013-12-20,25535,2802,1,1,0,0
383,6,2013-12-21,23200,2678,1,0,0,0
383,7,2013-12-22,0,0,0,0,0,0
383,1,2013-12-23,27193,3127,1,0,0,1
383,2,2013-12-24,10744,1220,1,0,0,1
383,3,2013-12-25,0,0,0,0,c,1
383,4,2013-12-26,0,0,0,0,c,1
383,5,2013-12-27,19697,2396,1,0,0,1
383,6,2013-12-28,18183,2253,1,0,0,1
383,7,2013-12-29,0,0,0,0,0,1
383,1,2013-12-30,24290,2785,1,0,0,1
383,2,2013-12-31,9084,1133,1,0,0,1
383,3,2014-01-01,0,0,0,0,a,1
383,4,2014-01-02,16780,2188,1,0,0,1
383,5,2014-01-03,14994,2069,1,0,0,1
383,6,2014-01-04,16666,2155,1,0,0,1
383,7,2014-01-05,0,0,0,0,0,1
383,1,2014-01-06,22450,2544,1,1,0,1
383,2,2014-01-07,19520,2278,1,1,0,1
383,3,2014-01-08,16988,2184,1,1,0,1
383,4,2014-01-09,17100,2199,1,1,0,1
383,5,2014-01-10,18175,2225,1,1,0,1
383,6,2014-01-11,16275,2062,1,0,0,0
383,7,2014-01-12,0,0,0,0,0,0
383,1,2014-01-13,14811,2016,1,0,0,0
383,2,2014-01-14,13941,1883,1,0,0,0
383,3,2014-01-15,13073,1770,1,0,0,0
383,4,2014-01-16,14044,1985,1,0,0,0
383,5,2014-01-17,13404,1902,1,0,0,0
383,6,2014-01-18,15774,2082,1,0,0,0
383,7,2014-01-19,0,0,0,0,0,0
383,1,2014-01-20,21112,2559,1,1,0,0
383,2,2014-01-21,17411,2174,1,1,0,0
383,3,2014-01-22,16810,2204,1,1,0,0
383,4,2014-01-23,16478,2210,1,1,0,0
383,5,2014-01-24,17922,2167,1,1,0,0
383,6,2014-01-25,15340,2127,1,0,0,0
383,7,2014-01-26,0,0,0,0,0,0
383,1,2014-01-27,14426,2062,1,0,0,0
383,2,2014-01-28,14212,1970,1,0,0,0
383,3,2014-01-29,13838,1863,1,0,0,0
383,4,2014-01-30,14746,2029,1,0,0,0
383,5,2014-01-31,18458,2353,1,0,0,0
383,6,2014-02-01,17525,2268,1,0,0,0
383,7,2014-02-02,0,0,0,0,0,0
383,1,2014-02-03,23192,2622,1,1,0,0
383,2,2014-02-04,19717,2400,1,1,0,0
383,3,2014-02-05,18099,2187,1,1,0,0
383,4,2014-02-06,18990,2453,1,1,0,0
383,5,2014-02-07,19117,2351,1,1,0,0
383,6,2014-02-08,16194,2138,1,0,0,0
383,7,2014-02-09,0,0,0,0,0,0
383,1,2014-02-10,14826,2046,1,0,0,0
383,2,2014-02-11,14780,2040,1,0,0,0
383,3,2014-02-12,14310,2008,1,0,0,0
383,4,2014-02-13,15056,2073,1,0,0,0
383,5,2014-02-14,16819,2265,1,0,0,0
383,6,2014-02-15,16983,2126,1,0,0,0
383,7,2014-02-16,0,0,0,0,0,0
383,1,2014-02-17,22369,2546,1,1,0,0
383,2,2014-02-18,17833,2316,1,1,0,0
383,3,2014-02-19,17861,2264,1,1,0,0
383,4,2014-02-20,17696,2369,1,1,0,0
383,5,2014-02-21,17918,2272,1,1,0,0
383,6,2014-02-22,15223,2045,1,0,0,0
383,7,2014-02-23,0,0,0,0,0,0
383,1,2014-02-24,15410,2140,1,0,0,0
383,2,2014-02-25,14100,1945,1,0,0,0
383,3,2014-02-26,13428,1839,1,0,0,0
383,4,2014-02-27,15604,2153,1,0,0,0
383,5,2014-02-28,18004,2305,1,0,0,0
383,6,2014-03-01,19163,2400,1,0,0,0
383,7,2014-03-02,0,0,0,0,0,0
383,1,2014-03-03,21992,2566,1,1,0,0
383,2,2014-03-04,19913,2498,1,1,0,0
383,3,2014-03-05,18795,2304,1,1,0,0
383,4,2014-03-06,19180,2485,1,1,0,0
383,5,2014-03-07,18346,2346,1,1,0,0
383,6,2014-03-08,16516,2234,1,0,0,0
383,7,2014-03-09,0,0,0,0,0,0
383,1,2014-03-10,16113,2242,1,0,0,0
383,2,2014-03-11,14395,2022,1,0,0,0
383,3,2014-03-12,13436,1940,1,0,0,0
383,4,2014-03-13,14618,2116,1,0,0,0
383,5,2014-03-14,14627,2037,1,0,0,0
383,6,2014-03-15,17338,2172,1,0,0,0
383,7,2014-03-16,0,0,0,0,0,0
383,1,2014-03-17,20456,2541,1,1,0,0
383,2,2014-03-18,18960,2319,1,1,0,0
383,3,2014-03-19,13741,1742,1,1,0,0
383,4,2014-03-20,18267,2450,1,1,0,0
383,5,2014-03-21,17929,2243,1,1,0,0
383,6,2014-03-22,16027,2057,1,0,0,0
383,7,2014-03-23,0,0,0,0,0,0
383,1,2014-03-24,15445,2115,1,0,0,0
383,2,2014-03-25,11012,1638,1,0,0,0
383,3,2014-03-26,11713,1680,1,0,0,0
383,4,2014-03-27,15859,2230,1,0,0,0
383,5,2014-03-28,15471,2075,1,0,0,0
383,6,2014-03-29,16910,2240,1,0,0,0
383,7,2014-03-30,0,0,0,0,0,0
383,1,2014-03-31,23313,2651,1,1,0,0
383,2,2014-04-01,19733,2484,1,1,0,0
383,3,2014-04-02,18368,2308,1,1,0,0
383,4,2014-04-03,20665,2520,1,1,0,0
383,5,2014-04-04,18604,2421,1,1,0,0
383,6,2014-04-05,17462,2346,1,0,0,0
383,7,2014-04-06,0,0,0,0,0,0
383,1,2014-04-07,15982,2217,1,0,0,0
383,2,2014-04-08,15639,2088,1,0,0,0
383,3,2014-04-09,15771,2078,1,0,0,0
383,4,2014-04-10,16924,2243,1,0,0,0
383,5,2014-04-11,15162,2036,1,0,0,0
383,6,2014-04-12,17226,2191,1,0,0,0
383,7,2014-04-13,0,0,0,0,0,0
383,1,2014-04-14,23205,2634,1,1,0,1
383,2,2014-04-15,21475,2416,1,1,0,1
383,3,2014-04-16,20739,2495,1,1,0,1
383,4,2014-04-17,21879,2764,1,1,0,1
383,5,2014-04-18,0,0,0,1,b,1
383,6,2014-04-19,20418,2639,1,0,0,1
383,7,2014-04-20,0,0,0,0,0,1
383,1,2014-04-21,0,0,0,0,b,1
383,2,2014-04-22,16439,2176,1,0,0,1
383,3,2014-04-23,13731,1954,1,0,0,1
383,4,2014-04-24,14593,2154,1,0,0,1
383,5,2014-04-25,13379,2050,1,0,0,1
383,6,2014-04-26,15893,2124,1,0,0,0
383,7,2014-04-27,0,0,0,0,0,0
383,1,2014-04-28,21548,2523,1,1,0,0
383,2,2014-04-29,18539,2354,1,1,0,0
383,3,2014-04-30,23380,2790,1,1,0,0
383,4,2014-05-01,0,0,0,1,a,0
383,5,2014-05-02,25083,2968,1,1,0,0
383,6,2014-05-03,17782,2378,1,0,0,0
383,7,2014-05-04,0,0,0,0,0,0
383,1,2014-05-05,21901,2603,1,1,0,0
383,2,2014-05-06,19080,2401,1,1,0,0
383,3,2014-05-07,17788,2229,1,1,0,0
383,4,2014-05-08,18019,2294,1,1,0,0
383,5,2014-05-09,18433,2309,1,1,0,0
383,6,2014-05-10,16601,2158,1,0,0,0
383,7,2014-05-11,0,0,0,0,0,0
383,1,2014-05-12,14958,2126,1,0,0,0
383,2,2014-05-13,14374,2079,1,0,0,0
383,3,2014-05-14,14788,1965,1,0,0,0
383,4,2014-05-15,15037,2092,1,0,0,0
383,5,2014-05-16,16959,2242,1,0,0,0
383,6,2014-05-17,16733,2180,1,0,0,0
383,7,2014-05-18,0,0,0,0,0,0
383,1,2014-05-19,20559,2583,1,1,0,0
383,2,2014-05-20,18222,2335,1,1,0,0
383,3,2014-05-21,16636,2248,1,1,0,0
383,4,2014-05-22,17661,2361,1,1,0,0
383,5,2014-05-23,18033,2260,1,1,0,0
383,6,2014-05-24,16471,2126,1,0,0,0
383,7,2014-05-25,0,0,0,0,0,0
383,1,2014-05-26,13790,1947,1,0,0,0
383,2,2014-05-27,14067,1962,1,0,0,0
383,3,2014-05-28,16837,2293,1,0,0,0
383,4,2014-05-29,0,0,0,0,a,0
383,5,2014-05-30,21485,2534,1,0,0,0
383,6,2014-05-31,18015,2448,1,0,0,0
383,7,2014-06-01,0,0,0,0,0,0
383,1,2014-06-02,22768,2672,1,1,0,0
383,2,2014-06-03,20422,2419,1,1,0,0
383,3,2014-06-04,18035,2280,1,1,0,0
383,4,2014-06-05,20542,2426,1,1,0,0
383,5,2014-06-06,18476,2452,1,1,0,0
383,6,2014-06-07,17132,2389,1,0,0,0
383,7,2014-06-08,0,0,0,0,0,0
383,1,2014-06-09,0,0,0,0,a,0
383,2,2014-06-10,15592,2259,1,0,0,0
383,3,2014-06-11,15124,2071,1,0,0,0
383,4,2014-06-12,16364,2246,1,0,0,0
383,5,2014-06-13,15027,2044,1,0,0,0
383,6,2014-06-14,17291,2225,1,0,0,0
383,7,2014-06-15,0,0,0,0,0,0
383,1,2014-06-16,19143,2326,1,1,0,0
383,2,2014-06-17,18168,2287,1,1,0,0
383,3,2014-06-18,20168,2518,1,1,0,0
383,4,2014-06-19,0,0,0,1,a,0
383,5,2014-06-20,22813,2619,1,1,0,0
383,6,2014-06-21,16851,2154,1,0,0,0
383,7,2014-06-22,0,0,0,0,0,0
383,1,2014-06-23,15393,2110,1,0,0,0
383,2,2014-06-24,14248,1939,1,0,0,0
383,3,2014-06-25,13439,1840,1,0,0,0
383,4,2014-06-26,13697,1919,1,0,0,0
383,5,2014-06-27,15414,2122,1,0,0,0
383,6,2014-06-28,16835,2131,1,0,0,0
383,7,2014-06-29,0,0,0,0,0,0
383,1,2014-06-30,23588,2609,1,1,0,0
383,2,2014-07-01,20284,2343,1,1,0,0
383,3,2014-07-02,18001,2257,1,1,0,0
383,4,2014-07-03,18011,2399,1,1,0,0
383,5,2014-07-04,16035,2110,1,1,0,0
383,6,2014-07-05,15526,2024,1,0,0,0
383,7,2014-07-06,0,0,0,0,0,0
383,1,2014-07-07,16001,2185,1,0,0,0
383,2,2014-07-08,13803,1817,1,0,0,0
383,3,2014-07-09,12560,1723,1,0,0,0
383,4,2014-07-10,15194,2078,1,0,0,0
383,5,2014-07-11,13582,1901,1,0,0,0
383,6,2014-07-12,17347,2238,1,0,0,0
383,7,2014-07-13,0,0,0,0,0,0
383,1,2014-07-14,21144,2363,1,1,0,0
383,2,2014-07-15,19582,2324,1,1,0,0
383,3,2014-07-16,18041,2246,1,1,0,0
383,4,2014-07-17,18133,2372,1,1,0,0
383,5,2014-07-18,18460,2353,1,1,0,0
383,6,2014-07-19,16617,2210,1,0,0,0
383,7,2014-07-20,0,0,0,0,0,0
383,1,2014-07-21,16353,2053,1,0,0,0
383,2,2014-07-22,15293,2062,1,0,0,0
383,3,2014-07-23,15652,2013,1,0,0,0
383,4,2014-07-24,15550,2090,1,0,0,0
383,5,2014-07-25,14601,1896,1,0,0,0
383,6,2014-07-26,15994,2083,1,0,0,0
383,7,2014-07-27,0,0,0,0,0,0
383,1,2014-07-28,20093,2201,1,1,0,1
383,2,2014-07-29,18779,2099,1,1,0,1
383,3,2014-07-30,19565,2209,1,1,0,1
383,4,2014-07-31,22681,2642,1,1,0,0
383,5,2014-08-01,19594,2424,1,1,0,1
383,6,2014-08-02,16705,2185,1,0,0,1
383,7,2014-08-03,0,0,0,0,0,1
383,1,2014-08-04,22247,2435,1,1,0,1
383,2,2014-08-05,18085,2155,1,1,0,1
383,3,2014-08-06,16912,2047,1,1,0,1
383,4,2014-08-07,17929,2228,1,1,0,1
383,5,2014-08-08,17650,2059,1,1,0,1
383,6,2014-08-09,15652,2004,1,0,0,1
383,7,2014-08-10,0,0,0,0,0,1
383,1,2014-08-11,16504,2025,1,0,0,1
383,2,2014-08-12,13762,1831,1,0,0,1
383,3,2014-08-13,12663,1653,1,0,0,1
383,4,2014-08-14,15235,1987,1,0,0,1
383,5,2014-08-15,12362,1539,1,0,0,1
383,6,2014-08-16,16349,2012,1,0,0,1
383,7,2014-08-17,0,0,0,0,0,1
383,1,2014-08-18,19314,2266,1,1,0,1
383,2,2014-08-19,16766,1989,1,1,0,1
383,3,2014-08-20,15808,1921,1,1,0,1
383,4,2014-08-21,16681,2036,1,1,0,1
383,5,2014-08-22,15912,1914,1,1,0,1
383,6,2014-08-23,14407,1844,1,0,0,1
383,7,2014-08-24,0,0,0,0,0,1
383,1,2014-08-25,14271,1853,1,0,0,1
383,2,2014-08-26,12521,1662,1,0,0,1
383,3,2014-08-27,13261,1763,1,0,0,1
383,4,2014-08-28,14000,1849,1,0,0,1
383,5,2014-08-29,16306,2059,1,0,0,1
383,6,2014-08-30,16937,2079,1,0,0,1
383,7,2014-08-31,0,0,0,0,0,1
383,1,2014-09-01,19390,2314,1,1,0,1
383,2,2014-09-02,17292,2142,1,1,0,1
383,3,2014-09-03,19339,2174,1,1,0,1
383,4,2014-09-04,18805,2253,1,1,0,1
383,5,2014-09-05,18093,2276,1,1,0,1
383,6,2014-09-06,17694,2216,1,0,0,0
383,7,2014-09-07,0,0,0,0,0,0
383,1,2014-09-08,18478,2376,1,0,0,0
383,2,2014-09-09,14612,2049,1,0,0,0
383,3,2014-09-10,14876,1977,1,0,0,0
383,4,2014-09-11,15810,2126,1,0,0,0
383,5,2014-09-12,14030,1970,1,0,0,0
383,6,2014-09-13,17826,2265,1,0,0,0
383,7,2014-09-14,0,0,0,0,0,0
383,1,2014-09-15,20850,2529,1,1,0,0
383,2,2014-09-16,18052,2353,1,1,0,0
383,3,2014-09-17,17037,2259,1,1,0,0
383,4,2014-09-18,17915,2274,1,1,0,0
383,5,2014-09-19,16693,2217,1,1,0,0
383,6,2014-09-20,16776,2140,1,0,0,0
383,7,2014-09-21,0,0,0,0,0,0
383,1,2014-09-22,15772,2109,1,0,0,0
383,2,2014-09-23,13943,1874,1,0,0,0
383,3,2014-09-24,12957,1876,1,0,0,0
383,4,2014-09-25,14316,1999,1,0,0,0
383,5,2014-09-26,14815,1931,1,0,0,0
383,6,2014-09-27,17078,2174,1,0,0,0
383,7,2014-09-28,0,0,0,0,0,0
383,1,2014-09-29,21516,2506,1,1,0,0
383,2,2014-09-30,21824,2523,1,1,0,0
383,3,2014-10-01,21136,2507,1,1,0,0
383,4,2014-10-02,21803,2737,1,1,0,0
383,5,2014-10-03,0,0,0,1,a,0
383,6,2014-10-04,20450,2496,1,0,0,0
383,7,2014-10-05,0,0,0,0,0,0
383,1,2014-10-06,21067,2536,1,1,0,0
383,2,2014-10-07,17846,2138,1,1,0,0
383,3,2014-10-08,18315,2191,1,1,0,0
383,4,2014-10-09,18261,2306,1,1,0,0
383,5,2014-10-10,19042,2307,1,1,0,0
383,6,2014-10-11,17541,2303,1,0,0,0
383,7,2014-10-12,0,0,0,0,0,0
383,1,2014-10-13,15742,2107,1,0,0,0
383,2,2014-10-14,13337,1911,1,0,0,0
383,3,2014-10-15,13358,1865,1,0,0,0
383,4,2014-10-16,15186,2098,1,0,0,0
383,5,2014-10-17,14389,1932,1,0,0,0
383,6,2014-10-18,16154,2126,1,0,0,0
383,7,2014-10-19,0,0,0,0,0,0
383,1,2014-10-20,19008,2298,1,1,0,1
383,2,2014-10-21,15623,2024,1,1,0,1
383,3,2014-10-22,15811,1901,1,1,0,1
383,4,2014-10-23,16696,2147,1,1,0,1
383,5,2014-10-24,17187,2239,1,1,0,1
383,6,2014-10-25,16135,2081,1,0,0,1
383,7,2014-10-26,0,0,0,0,0,1
383,1,2014-10-27,15870,2036,1,0,0,1
383,2,2014-10-28,14065,1827,1,0,0,1
383,3,2014-10-29,13744,1836,1,0,0,1
383,4,2014-10-30,16955,2099,1,0,0,1
383,5,2014-10-31,17041,2242,1,0,0,1
383,6,2014-11-01,17789,2348,1,0,0,0
383,7,2014-11-02,0,0,0,0,0,0
383,1,2014-11-03,20005,2405,1,1,0,0
383,2,2014-11-04,18484,2372,1,1,0,0
383,3,2014-11-05,18123,2179,1,1,0,0
383,4,2014-11-06,17404,2161,1,1,0,0
383,5,2014-11-07,16892,2120,1,1,0,0
383,6,2014-11-08,16333,2134,1,0,0,0
383,7,2014-11-09,0,0,0,0,0,0
383,1,2014-11-10,19473,2385,1,1,0,0
383,2,2014-11-11,17020,2161,1,1,0,0
383,3,2014-11-12,16774,2159,1,1,0,0
383,4,2014-11-13,17987,2335,1,1,0,0
383,5,2014-11-14,18101,2317,1,1,0,0
383,6,2014-11-15,16349,2203,1,0,0,0
383,7,2014-11-16,0,0,0,0,0,0
383,1,2014-11-17,16059,2167,1,0,0,0
383,2,2014-11-18,15038,2012,1,0,0,0
383,3,2014-11-19,14799,1939,1,0,0,0
383,4,2014-11-20,15172,2094,1,0,0,0
383,5,2014-11-21,14412,2000,1,0,0,0
383,6,2014-11-22,16699,2165,1,0,0,0
383,7,2014-11-23,0,0,0,0,0,0
383,1,2014-11-24,20976,2322,1,1,0,0
383,2,2014-11-25,19518,2216,1,1,0,0
383,3,2014-11-26,17358,2200,1,1,0,0
383,4,2014-11-27,18776,2331,1,1,0,0
383,5,2014-11-28,22893,2477,1,1,0,0
383,6,2014-11-29,19151,2380,1,0,0,0
383,7,2014-11-30,0,0,0,0,0,0
383,1,2014-12-01,22688,2566,1,1,0,0
383,2,2014-12-02,20464,2394,1,1,0,0
383,3,2014-12-03,21193,2368,1,1,0,0
383,4,2014-12-04,21200,2528,1,1,0,0
383,5,2014-12-05,21417,2540,1,1,0,0
383,6,2014-12-06,19992,2470,1,0,0,0
383,7,2014-12-07,0,0,0,0,0,0
383,1,2014-12-08,18379,2319,1,0,0,0
383,2,2014-12-09,16117,2044,1,0,0,0
383,3,2014-12-10,13862,1850,1,0,0,0
383,4,2014-12-11,15627,2035,1,0,0,0
383,5,2014-12-12,16901,2125,1,0,0,0
383,6,2014-12-13,19835,2411,1,0,0,0
383,7,2014-12-14,0,0,0,0,0,0
383,1,2014-12-15,24827,2692,1,1,0,0
383,2,2014-12-16,22329,2460,1,1,0,0
383,3,2014-12-17,20613,2345,1,1,0,0
383,4,2014-12-18,22825,2706,1,1,0,0
383,5,2014-12-19,22041,2491,1,1,0,0
383,6,2014-12-20,21372,2584,1,0,0,0
383,7,2014-12-21,0,0,0,0,0,0
383,1,2014-12-22,22936,2729,1,0,0,1
383,2,2014-12-23,22682,2641,1,0,0,1
383,3,2014-12-24,9924,1165,1,0,0,1
383,4,2014-12-25,0,0,0,0,c,1
383,5,2014-12-26,0,0,0,0,c,1
383,6,2014-12-27,15442,1894,1,0,0,1
383,7,2014-12-28,0,0,0,0,0,1
383,1,2014-12-29,18432,2254,1,0,0,1
383,2,2014-12-30,19776,2303,1,0,0,1
383,3,2014-12-31,8786,1093,1,0,0,1
383,4,2015-01-01,0,0,0,0,a,1
383,5,2015-01-02,15961,1924,1,0,0,1
383,6,2015-01-03,14497,1844,1,0,0,1
383,7,2015-01-04,0,0,0,0,0,1
383,1,2015-01-05,20341,2436,1,1,0,1
383,2,2015-01-06,15943,1986,1,1,0,1
383,3,2015-01-07,14823,1865,1,1,0,1
383,4,2015-01-08,14925,1900,1,1,0,1
383,5,2015-01-09,15180,2030,1,1,0,1
383,6,2015-01-10,13961,1974,1,0,0,0
383,7,2015-01-11,0,0,0,0,0,0
383,1,2015-01-12,18772,2207,1,1,0,0
383,2,2015-01-13,16262,2092,1,1,0,0
383,3,2015-01-14,16371,2000,1,1,0,0
383,4,2015-01-15,18701,2277,1,1,0,0
383,5,2015-01-16,16847,2099,1,1,0,0
383,6,2015-01-17,17189,2164,1,0,0,0
383,7,2015-01-18,0,0,0,0,0,0
383,1,2015-01-19,14431,1979,1,0,0,0
383,2,2015-01-20,13237,1876,1,0,0,0
383,3,2015-01-21,12436,1760,1,0,0,0
383,4,2015-01-22,13265,1922,1,0,0,0
383,5,2015-01-23,13351,1855,1,0,0,0
383,6,2015-01-24,14076,1860,1,0,0,0
383,7,2015-01-25,0,0,0,0,0,0
383,1,2015-01-26,15975,1969,1,1,0,0
383,2,2015-01-27,17747,2189,1,1,0,0
383,3,2015-01-28,16583,2053,1,1,0,0
383,4,2015-01-29,17495,2208,1,1,0,0
383,5,2015-01-30,21804,2428,1,1,0,0
383,6,2015-01-31,18449,2239,1,0,0,0
383,7,2015-02-01,0,0,0,0,0,0
383,1,2015-02-02,20956,2430,1,1,0,0
383,2,2015-02-03,17920,2217,1,1,0,0
383,3,2015-02-04,19433,2265,1,1,0,0
383,4,2015-02-05,19437,2307,1,1,0,0
383,5,2015-02-06,17723,2147,1,1,0,0
383,6,2015-02-07,16689,2151,1,0,0,0
383,7,2015-02-08,0,0,0,0,0,0
383,1,2015-02-09,15766,2029,1,0,0,0
383,2,2015-02-10,13896,1938,1,0,0,0
383,3,2015-02-11,14020,1889,1,0,0,0
383,4,2015-02-12,15039,2033,1,0,0,0
383,5,2015-02-13,15765,2094,1,0,0,0
383,6,2015-02-14,18373,2263,1,0,0,0
383,7,2015-02-15,0,0,0,0,0,0
383,1,2015-02-16,19375,2271,1,1,0,0
383,2,2015-02-17,17745,2126,1,1,0,0
383,3,2015-02-18,17278,2102,1,1,0,0
383,4,2015-02-19,16238,2106,1,1,0,0
383,5,2015-02-20,18163,2263,1,1,0,0
383,6,2015-02-21,15317,2021,1,0,0,0
383,7,2015-02-22,0,0,0,0,0,0
383,1,2015-02-23,13726,1817,1,0,0,0
383,2,2015-02-24,14024,1925,1,0,0,0
383,3,2015-02-25,13373,1900,1,0,0,0
383,4,2015-02-26,14647,1982,1,0,0,0
383,5,2015-02-27,16115,1981,1,0,0,0
383,6,2015-02-28,19925,2383,1,0,0,0
383,7,2015-03-01,0,0,0,0,0,0
383,1,2015-03-02,21828,2581,1,1,0,0
383,2,2015-03-03,19064,2365,1,1,0,0
383,3,2015-03-04,18171,2260,1,1,0,0
383,4,2015-03-05,19685,2377,1,1,0,0
383,5,2015-03-06,18967,2313,1,1,0,0
383,6,2015-03-07,17581,2244,1,0,0,0
383,7,2015-03-08,0,0,0,0,0,0
383,1,2015-03-09,15538,2142,1,0,0,0
383,2,2015-03-10,13823,1942,1,0,0,0
383,3,2015-03-11,13882,1939,1,0,0,0
383,4,2015-03-12,15079,2014,1,0,0,0
383,5,2015-03-13,16572,2083,1,0,0,0
383,6,2015-03-14,16836,2099,1,0,0,0
383,7,2015-03-15,0,0,0,0,0,0
383,1,2015-03-16,20733,2436,1,1,0,0
383,2,2015-03-17,17505,2324,1,1,0,0
383,3,2015-03-18,0,0,0,1,0,0
383,4,2015-03-19,19636,2527,1,1,0,0
383,5,2015-03-20,19339,2389,1,1,0,0
383,6,2015-03-21,16507,2094,1,0,0,0
383,7,2015-03-22,0,0,0,0,0,0
383,1,2015-03-23,16035,2163,1,0,0,0
383,2,2015-03-24,13542,1903,1,0,0,0
383,3,2015-03-25,13600,1914,1,0,0,0
383,4,2015-03-26,14792,2009,1,0,0,0
383,5,2015-03-27,15808,2062,1,0,0,0
383,6,2015-03-28,17556,2171,1,0,0,0
383,7,2015-03-29,0,0,0,0,0,0
383,1,2015-03-30,22557,2448,1,1,0,1
383,2,2015-03-31,21575,2356,1,1,0,1
383,3,2015-04-01,21762,2475,1,1,0,1
383,4,2015-04-02,25138,2750,1,1,0,1
383,5,2015-04-03,0,0,0,1,b,1
383,6,2015-04-04,20537,2489,1,0,0,1
383,7,2015-04-05,0,0,0,0,0,1
383,1,2015-04-06,0,0,0,0,b,1
383,2,2015-04-07,16799,2191,1,0,0,1
383,3,2015-04-08,14845,2062,1,0,0,1
383,4,2015-04-09,15432,2203,1,0,0,1
383,5,2015-04-10,15965,2063,1,0,0,1
383,6,2015-04-11,16142,2007,1,0,0,0
383,7,2015-04-12,0,0,0,0,0,0
383,1,2015-04-13,20520,2430,1,1,0,0
383,2,2015-04-14,17375,2219,1,1,0,0
383,3,2015-04-15,16994,2230,1,1,0,0
383,4,2015-04-16,18661,2417,1,1,0,0
383,5,2015-04-17,18920,2292,1,1,0,0
383,6,2015-04-18,17251,2124,1,0,0,0
383,7,2015-04-19,0,0,0,0,0,0
383,1,2015-04-20,15308,2125,1,0,0,0
383,2,2015-04-21,13142,1918,1,0,0,0
383,3,2015-04-22,13100,1848,1,0,0,0
383,4,2015-04-23,16266,2133,1,0,0,0
383,5,2015-04-24,13428,1911,1,0,0,0
383,6,2015-04-25,17038,2091,1,0,0,0
383,7,2015-04-26,0,0,0,0,0,0
383,1,2015-04-27,19523,2308,1,1,0,0
383,2,2015-04-28,18825,2265,1,1,0,0
383,3,2015-04-29,18767,2300,1,1,0,0
383,4,2015-04-30,26527,2916,1,1,0,0
383,5,2015-05-01,0,0,0,1,a,0
383,6,2015-05-02,22661,2675,1,0,0,0
383,7,2015-05-03,0,0,0,0,0,0
383,1,2015-05-04,21262,2507,1,1,0,0
383,2,2015-05-05,18211,2237,1,1,0,0
383,3,2015-05-06,17456,2158,1,1,0,0
383,4,2015-05-07,18076,2290,1,1,0,0
383,5,2015-05-08,18331,2249,1,1,0,0
383,6,2015-05-09,17691,2218,1,0,0,0
383,7,2015-05-10,0,0,0,0,0,0
383,1,2015-05-11,14805,2089,1,0,0,0
383,2,2015-05-12,13929,1949,1,0,0,0
383,3,2015-05-13,16414,2138,1,0,0,0
383,4,2015-05-14,0,0,0,0,a,0
383,5,2015-05-15,18438,2363,1,0,0,0
383,6,2015-05-16,16807,2169,1,0,0,0
383,7,2015-05-17,0,0,0,0,0,0
383,1,2015-05-18,20735,2461,1,1,0,0
383,2,2015-05-19,17824,2227,1,1,0,0
383,3,2015-05-20,15797,1996,1,1,0,0
383,4,2015-05-21,17606,2221,1,1,0,0
383,5,2015-05-22,17471,2200,1,1,0,0
383,6,2015-05-23,16752,2118,1,0,0,0
383,7,2015-05-24,0,0,0,0,0,0
383,1,2015-05-25,0,0,0,0,a,0
383,2,2015-05-26,16575,2140,1,0,0,0
383,3,2015-05-27,14281,1903,1,0,0,0
383,4,2015-05-28,16827,2117,1,0,0,0
383,5,2015-05-29,17777,2203,1,0,0,0
383,6,2015-05-30,19433,2282,1,0,0,0
383,7,2015-05-31,0,0,0,0,0,0
383,1,2015-06-01,21093,2395,1,1,0,0
383,2,2015-06-02,20210,2276,1,1,0,0
383,3,2015-06-03,22080,2580,1,1,0,0
383,4,2015-06-04,0,0,0,1,a,0
383,5,2015-06-05,22708,2759,1,1,0,0
383,6,2015-06-06,17077,2298,1,0,0,0
383,7,2015-06-07,0,0,0,0,0,0
383,1,2015-06-08,15392,2047,1,0,0,0
383,2,2015-06-09,15595,1933,1,0,0,0
383,3,2015-06-10,14002,1857,1,0,0,0
383,4,2015-06-11,14186,1992,1,0,0,0
383,5,2015-06-12,14319,1976,1,0,0,0
383,6,2015-06-13,16220,2095,1,0,0,0
383,7,2015-06-14,0,0,0,0,0,0
383,1,2015-06-15,21095,2488,1,1,0,0
383,2,2015-06-16,18129,2130,1,1,0,0
383,3,2015-06-17,16450,2153,1,1,0,0
383,4,2015-06-18,17419,2056,1,1,0,0
383,5,2015-06-19,17637,2030,1,1,0,0
383,6,2015-06-20,16252,1940,1,0,0,0
383,7,2015-06-21,0,0,0,0,0,0
383,1,2015-06-22,13242,1786,1,0,0,0
383,2,2015-06-23,13374,1768,1,0,0,0
383,3,2015-06-24,12784,1742,1,0,0,0
383,4,2015-06-25,13835,1883,1,0,0,0
383,5,2015-06-26,13806,1825,1,0,0,0
383,6,2015-06-27,15789,1947,1,0,0,0
383,7,2015-06-28,0,0,0,0,0,0
383,1,2015-06-29,21002,2373,1,1,0,0
383,2,2015-06-30,21744,2374,1,1,0,0
383,3,2015-07-01,18463,2210,1,1,0,0
383,4,2015-07-02,18943,2461,1,1,0,0
383,5,2015-07-03,18280,2260,1,1,0,0
383,6,2015-07-04,14801,1954,1,0,0,0
383,7,2015-07-05,0,0,0,0,0,0
383,1,2015-07-06,16767,2123,1,0,0,0
383,2,2015-07-07,14753,1978,1,0,0,0
383,3,2015-07-08,15085,1935,1,0,0,0
383,4,2015-07-09,16304,2066,1,0,0,0
383,5,2015-07-10,15193,2016,1,0,0,0
383,6,2015-07-11,15774,2076,1,0,0,0
383,7,2015-07-12,0,0,0,0,0,0
383,1,2015-07-13,20669,2357,1,1,0,0
383,2,2015-07-14,19209,2168,1,1,0,0
383,3,2015-07-15,19052,2244,1,1,0,0
383,4,2015-07-16,19289,2497,1,1,0,0
383,5,2015-07-17,16838,2241,1,1,0,0
383,6,2015-07-18,17171,2302,1,0,0,0
383,7,2015-07-19,0,0,0,0,0,0
383,1,2015-07-20,16062,2169,1,0,0,0
383,2,2015-07-21,16500,2201,1,0,0,0
383,3,2015-07-22,16561,2116,1,0,0,0
383,4,2015-07-23,16635,2201,1,0,0,0
383,5,2015-07-24,14767,2003,1,0,0,0
383,6,2015-07-25,14585,1885,1,0,0,0
383,7,2015-07-26,0,0,0,0,0,0
383,1,2015-07-27,20541,2201,1,1,0,1
383,2,2015-07-28,17738,1991,1,1,0,1
383,3,2015-07-29,16739,1924,1,1,0,1
383,4,2015-07-30,19194,2170,1,1,0,1
383,5,2015-07-31,22129,2297,1,1,0,1
423,2,2013-01-01,9643,1751,1,0,a,1
423,3,2013-01-02,9570,1750,1,0,0,1
423,4,2013-01-03,8254,1482,1,0,0,1
423,5,2013-01-04,9285,1654,1,0,0,1
423,6,2013-01-05,7095,1248,1,0,0,0
423,7,2013-01-06,10770,1677,1,0,0,0
423,1,2013-01-07,10379,1448,1,1,0,0
423,2,2013-01-08,9826,1410,1,1,0,0
423,3,2013-01-09,9259,1348,1,1,0,0
423,4,2013-01-10,8831,1388,1,1,0,0
423,5,2013-01-11,10202,1752,1,1,0,0
423,6,2013-01-12,6168,1068,1,0,0,0
423,7,2013-01-13,10452,1672,1,0,0,0
423,1,2013-01-14,8178,1391,1,0,0,0
423,2,2013-01-15,7879,1315,1,0,0,0
423,3,2013-01-16,8118,1477,1,0,0,0
423,4,2013-01-17,8408,1547,1,0,0,0
423,5,2013-01-18,10154,1923,1,0,0,0
423,6,2013-01-19,7314,1402,1,0,0,0
423,7,2013-01-20,11567,1898,1,0,0,0
423,1,2013-01-21,11108,1690,1,1,0,0
423,2,2013-01-22,9472,1506,1,1,0,0
423,3,2013-01-23,10330,1659,1,1,0,0
423,4,2013-01-24,9895,1687,1,1,0,0
423,5,2013-01-25,11414,2085,1,1,0,0
423,6,2013-01-26,7254,1290,1,0,0,0
423,7,2013-01-27,9584,1694,1,0,0,0
423,1,2013-01-28,8553,1522,1,0,0,0
423,2,2013-01-29,7826,1397,1,0,0,0
423,3,2013-01-30,8063,1458,1,0,0,0
423,4,2013-01-31,9134,1632,1,0,0,0
423,5,2013-02-01,11356,2073,1,0,0,0
423,6,2013-02-02,8119,1471,1,0,0,0
423,7,2013-02-03,13587,2094,1,0,0,0
423,1,2013-02-04,11840,1793,1,1,0,1
423,2,2013-02-05,10598,1617,1,1,0,1
423,3,2013-02-06,10572,1683,1,1,0,1
423,4,2013-02-07,9990,1644,1,1,0,1
423,5,2013-02-08,11228,2018,1,1,0,1
423,6,2013-02-09,7609,1306,1,0,0,0
423,7,2013-02-10,12889,1954,1,0,0,0
423,1,2013-02-11,8542,1600,1,0,0,0
423,2,2013-02-12,8562,1526,1,0,0,0
423,3,2013-02-13,8880,1566,1,0,0,0
423,4,2013-02-14,9085,1702,1,0,0,0
423,5,2013-02-15,9446,1888,1,0,0,0
423,6,2013-02-16,7917,1388,1,0,0,0
423,7,2013-02-17,13163,2180,1,0,0,0
423,1,2013-02-18,11459,1804,1,1,0,0
423,2,2013-02-19,9640,1623,1,1,0,0
423,3,2013-02-20,10415,1747,1,1,0,0
423,4,2013-02-21,11338,1751,1,1,0,0
423,5,2013-02-22,11364,2099,1,1,0,0
423,6,2013-02-23,7504,1361,1,0,0,0
423,7,2013-02-24,12888,2157,1,0,0,0
423,1,2013-02-25,9301,1699,1,0,0,0
423,2,2013-02-26,8693,1561,1,0,0,0
423,3,2013-02-27,8554,1568,1,0,0,0
423,4,2013-02-28,8223,1635,1,0,0,0
423,5,2013-03-01,11681,2158,1,0,0,0
423,6,2013-03-02,8106,1401,1,0,0,0
423,7,2013-03-03,13308,2217,1,0,0,0
423,1,2013-03-04,12739,1860,1,1,0,0
423,2,2013-03-05,11543,1761,1,1,0,0
423,3,2013-03-06,10820,1746,1,1,0,0
423,4,2013-03-07,11477,1925,1,1,0,0
423,5,2013-03-08,12554,2272,1,1,0,0
423,6,2013-03-09,7951,1447,1,0,0,0
423,7,2013-03-10,15707,2379,1,0,0,0
423,1,2013-03-11,9114,1677,1,0,0,0
423,2,2013-03-12,8700,1639,1,0,0,0
423,3,2013-03-13,9600,1766,1,0,0,0
423,4,2013-03-14,9374,1778,1,0,0,0
423,5,2013-03-15,11219,2248,1,0,0,0
423,6,2013-03-16,8545,1621,1,0,0,0
423,7,2013-03-17,14793,2486,1,0,0,0
423,1,2013-03-18,12236,1898,1,1,0,0
423,2,2013-03-19,11335,1835,1,1,0,0
423,3,2013-03-20,10966,1852,1,1,0,0
423,4,2013-03-21,11472,1965,1,1,0,0
423,5,2013-03-22,13897,2291,1,1,0,0
423,6,2013-03-23,9662,1667,1,0,0,0
423,7,2013-03-24,13693,2274,1,0,0,0
423,1,2013-03-25,12234,1917,1,1,0,1
423,2,2013-03-26,12002,1849,1,1,0,1
423,3,2013-03-27,11681,2012,1,1,0,1
423,4,2013-03-28,14838,2474,1,1,0,1
423,5,2013-03-29,18243,2582,1,1,b,1
423,6,2013-03-30,10091,1753,1,0,0,0
423,7,2013-03-31,10965,1683,1,0,0,0
423,1,2013-04-01,15556,2416,1,0,b,1
423,2,2013-04-02,10265,1748,1,0,0,1
423,3,2013-04-03,7892,1400,1,0,0,1
423,4,2013-04-04,8795,1586,1,0,0,1
423,5,2013-04-05,9904,1894,1,0,0,1
423,6,2013-04-06,8675,1565,1,0,0,0
423,7,2013-04-07,12305,2097,1,0,0,0
423,1,2013-04-08,11445,1819,1,1,0,0
423,2,2013-04-09,10572,1757,1,1,0,0
423,3,2013-04-10,9885,1785,1,1,0,0
423,4,2013-04-11,10249,1811,1,1,0,0
423,5,2013-04-12,11864,2318,1,1,0,0
423,6,2013-04-13,7526,1386,1,0,0,0
423,7,2013-04-14,12783,2019,1,0,0,0
423,1,2013-04-15,9083,1697,1,0,0,0
423,2,2013-04-16,8361,1665,1,0,0,0
423,3,2013-04-17,8212,1637,1,0,0,0
423,4,2013-04-18,9502,1927,1,0,0,0
423,5,2013-04-19,10898,2204,1,0,0,0
423,6,2013-04-20,8501,1638,1,0,0,0
423,7,2013-04-21,12943,2209,1,0,0,0
423,1,2013-04-22,12562,1982,1,1,0,0
423,2,2013-04-23,10538,1788,1,1,0,0
423,3,2013-04-24,10340,1799,1,1,0,0
423,4,2013-04-25,9904,1878,1,1,0,0
423,5,2013-04-26,12127,2395,1,1,0,0
423,6,2013-04-27,9740,1842,1,0,0,0
423,7,2013-04-28,13119,2072,1,0,0,0
423,1,2013-04-29,11483,1745,1,1,0,0
423,2,2013-04-30,10884,1810,1,1,0,0
423,3,2013-05-01,12577,1779,1,1,a,0
423,4,2013-05-02,11577,1740,1,1,0,0
423,5,2013-05-03,11943,2151,1,1,0,0
423,6,2013-05-04,8455,1587,1,0,0,0
423,7,2013-05-05,10852,1967,1,0,0,0
423,1,2013-05-06,8898,1739,1,0,0,0
423,2,2013-05-07,9345,1647,1,0,0,0
423,3,2013-05-08,11872,2284,1,0,0,0
423,4,2013-05-09,14600,2212,1,0,a,0
423,5,2013-05-10,10967,1890,1,0,0,1
423,6,2013-05-11,8219,1504,1,0,0,0
423,7,2013-05-12,14475,2388,1,0,0,0
423,1,2013-05-13,10372,1688,1,1,0,0
423,2,2013-05-14,8981,1458,1,1,0,0
423,3,2013-05-15,9301,1777,1,1,0,0
423,4,2013-05-16,11156,2010,1,1,0,0
423,5,2013-05-17,13185,2564,1,1,0,0
423,6,2013-05-18,9412,1795,1,0,0,0
423,7,2013-05-19,12117,2083,1,0,0,0
423,1,2013-05-20,16909,2618,1,0,a,0
423,2,2013-05-21,9483,1747,1,0,0,1
423,3,2013-05-22,10046,1827,1,0,0,0
423,4,2013-05-23,8624,1639,1,0,0,0
423,5,2013-05-24,10839,2166,1,0,0,0
423,6,2013-05-25,9177,1724,1,0,0,0
423,7,2013-05-26,14524,2424,1,0,0,0
423,1,2013-05-27,12040,1921,1,1,0,0
423,2,2013-05-28,10680,1826,1,1,0,0
423,3,2013-05-29,11163,1945,1,1,0,0
423,4,2013-05-30,11020,1943,1,1,0,0
423,5,2013-05-31,12620,2328,1,1,0,0
423,6,2013-06-01,8623,1606,1,0,0,0
423,7,2013-06-02,15502,2625,1,0,0,0
423,1,2013-06-03,10103,1745,1,1,0,0
423,2,2013-06-04,10203,1678,1,1,0,0
423,3,2013-06-05,10145,1804,1,1,0,0
423,4,2013-06-06,10160,1978,1,1,0,0
423,5,2013-06-07,12352,2503,1,1,0,0
423,6,2013-06-08,7881,1633,1,0,0,0
423,7,2013-06-09,14760,2598,1,0,0,0
423,1,2013-06-10,10552,1926,1,0,0,0
423,2,2013-06-11,8804,1788,1,0,0,0
423,3,2013-06-12,9296,1789,1,0,0,0
423,4,2013-06-13,9717,2042,1,0,0,0
423,5,2013-06-14,11912,2444,1,0,0,0
423,6,2013-06-15,7996,1567,1,0,0,0
423,7,2013-06-16,13570,2361,1,0,0,0
423,1,2013-06-17,12655,2089,1,1,0,0
423,2,2013-06-18,11337,2007,1,1,0,0
423,3,2013-06-19,11033,2206,1,1,0,1
423,4,2013-06-20,10737,2181,1,1,0,1
423,5,2013-06-21,12721,2287,1,1,0,1
423,6,2013-06-22,8892,1757,1,0,0,0
423,7,2013-06-23,14317,2456,1,0,0,0
423,1,2013-06-24,9995,1872,1,0,0,1
423,2,2013-06-25,10514,2034,1,0,0,1
423,3,2013-06-26,9296,1810,1,0,0,1
423,4,2013-06-27,10402,1985,1,0,0,1
423,5,2013-06-28,11702,2253,1,0,0,1
423,6,2013-06-29,8270,1583,1,0,0,0
423,7,2013-06-30,16202,2539,1,0,0,0
423,1,2013-07-01,13743,2177,1,1,0,1
423,2,2013-07-02,11546,1936,1,1,0,1
423,3,2013-07-03,11601,2114,1,1,0,1
423,4,2013-07-04,10262,1996,1,1,0,1
423,5,2013-07-05,12321,2444,1,1,0,1
423,6,2013-07-06,9509,1926,1,0,0,0
423,7,2013-07-07,14437,2488,1,0,0,0
423,1,2013-07-08,10371,2016,1,0,0,1
423,2,2013-07-09,10135,1966,1,0,0,1
423,3,2013-07-10,9114,1715,1,0,0,1
423,4,2013-07-11,9443,1829,1,0,0,1
423,5,2013-07-12,10592,2136,1,0,0,1
423,6,2013-07-13,8879,1724,1,0,0,0
423,7,2013-07-14,14549,2420,1,0,0,0
423,1,2013-07-15,12317,2065,1,1,0,1
423,2,2013-07-16,10908,1911,1,1,0,1
423,3,2013-07-17,10012,1903,1,1,0,1
423,4,2013-07-18,11219,2142,1,1,0,1
423,5,2013-07-19,12623,2380,1,1,0,1
423,6,2013-07-20,9035,1818,1,0,0,0
423,7,2013-07-21,13479,2568,1,0,0,0
423,1,2013-07-22,10594,2100,1,0,0,1
423,2,2013-07-23,9423,1933,1,0,0,1
423,3,2013-07-24,9472,1970,1,0,0,1
423,4,2013-07-25,9614,2024,1,0,0,1
423,5,2013-07-26,11179,2360,1,0,0,1
423,6,2013-07-27,9517,2035,1,0,0,0
423,7,2013-07-28,13931,2654,1,0,0,0
423,1,2013-07-29,12868,2174,1,1,0,1
423,2,2013-07-30,11831,1905,1,1,0,1
423,3,2013-07-31,11541,1965,1,1,0,1
423,4,2013-08-01,11709,2056,1,1,0,1
423,5,2013-08-02,13635,2643,1,1,0,1
423,6,2013-08-03,9636,2157,1,0,0,0
423,7,2013-08-04,15061,2671,1,0,0,0
423,1,2013-08-05,9874,1988,1,0,0,0
423,2,2013-08-06,9595,1965,1,0,0,0
423,3,2013-08-07,9137,1861,1,0,0,0
423,4,2013-08-08,9799,1907,1,0,0,0
423,5,2013-08-09,10830,2190,1,0,0,0
423,6,2013-08-10,9189,1944,1,0,0,0
423,7,2013-08-11,14377,2537,1,0,0,0
423,1,2013-08-12,12930,2137,1,1,0,0
423,2,2013-08-13,11795,1981,1,1,0,0
423,3,2013-08-14,10783,1892,1,1,0,0
423,4,2013-08-15,10687,2042,1,1,0,0
423,5,2013-08-16,12594,2544,1,1,0,0
423,6,2013-08-17,9209,1920,1,0,0,0
423,7,2013-08-18,15294,2775,1,0,0,0
423,1,2013-08-19,10148,1960,1,0,0,0
423,2,2013-08-20,8456,1656,1,0,0,0
423,3,2013-08-21,8932,1834,1,0,0,0
423,4,2013-08-22,8395,1794,1,0,0,0
423,5,2013-08-23,10006,2219,1,0,0,0
423,6,2013-08-24,8814,1773,1,0,0,0
423,7,2013-08-25,13408,2448,1,0,0,0
423,1,2013-08-26,12085,2089,1,1,0,0
423,2,2013-08-27,11015,1882,1,1,0,0
423,3,2013-08-28,10237,1876,1,1,0,0
423,4,2013-08-29,10255,1909,1,1,0,0
423,5,2013-08-30,12660,2453,1,1,0,0
423,6,2013-08-31,8973,1734,1,0,0,0
423,7,2013-09-01,14772,2298,1,0,0,0
423,1,2013-09-02,10051,1887,1,0,0,0
423,2,2013-09-03,8581,1662,1,0,0,0
423,3,2013-09-04,9295,1697,1,0,0,0
423,4,2013-09-05,9269,1725,1,0,0,0
423,5,2013-09-06,11103,2296,1,0,0,0
423,6,2013-09-07,8383,1720,1,0,0,0
423,7,2013-09-08,11060,2061,1,0,0,0
423,1,2013-09-09,12010,2041,1,1,0,0
423,2,2013-09-10,10561,1761,1,1,0,0
423,3,2013-09-11,11203,1849,1,1,0,0
423,4,2013-09-12,10584,1874,1,1,0,0
423,5,2013-09-13,11926,2287,1,1,0,0
423,6,2013-09-14,7414,1512,1,0,0,0
423,7,2013-09-15,14440,2318,1,0,0,0
423,1,2013-09-16,8880,1756,1,0,0,0
423,2,2013-09-17,8654,1751,1,0,0,0
423,3,2013-09-18,9548,1824,1,0,0,0
423,4,2013-09-19,8808,1834,1,0,0,0
423,5,2013-09-20,10699,2281,1,0,0,0
423,6,2013-09-21,7496,1578,1,0,0,0
423,7,2013-09-22,10458,1904,1,0,0,0
423,1,2013-09-23,10915,1939,1,1,0,0
423,2,2013-09-24,11477,1986,1,1,0,0
423,3,2013-09-25,10663,1927,1,1,0,0
423,4,2013-09-26,10772,2235,1,1,0,0
423,5,2013-09-27,11618,2229,1,1,0,0
423,6,2013-09-28,9120,1753,1,0,0,0
423,7,2013-09-29,13570,2246,1,0,0,0
423,1,2013-09-30,10364,1809,1,0,0,1
423,2,2013-10-01,8895,1605,1,0,0,1
423,3,2013-10-02,10503,2020,1,0,0,1
423,4,2013-10-03,17306,2593,1,0,a,1
423,5,2013-10-04,11267,2016,1,0,0,1
423,6,2013-10-05,8458,1647,1,0,0,0
423,7,2013-10-06,11912,2187,1,0,0,0
423,1,2013-10-07,12581,2004,1,1,0,1
423,2,2013-10-08,10305,1777,1,1,0,1
423,3,2013-10-09,10655,1845,1,1,0,1
423,4,2013-10-10,11353,2007,1,1,0,1
423,5,2013-10-11,12755,2362,1,1,0,1
423,6,2013-10-12,9117,1718,1,0,0,0
423,7,2013-10-13,14284,2281,1,0,0,0
423,1,2013-10-14,8903,1802,1,0,0,0
423,2,2013-10-15,10434,1894,1,0,0,0
423,3,2013-10-16,9401,1849,1,0,0,0
423,4,2013-10-17,9525,1924,1,0,0,0
423,5,2013-10-18,11542,2386,1,0,0,0
423,6,2013-10-19,8940,1807,1,0,0,0
423,7,2013-10-20,10411,2039,1,0,0,0
423,1,2013-10-21,11700,1941,1,1,0,0
423,2,2013-10-22,10776,1876,1,1,0,0
423,3,2013-10-23,10488,1917,1,1,0,0
423,4,2013-10-24,10772,1961,1,1,0,0
423,5,2013-10-25,11993,2382,1,1,0,0
423,6,2013-10-26,9044,1713,1,0,0,0
423,7,2013-10-27,14060,2453,1,0,0,0
423,1,2013-10-28,9638,1810,1,0,0,0
423,2,2013-10-29,8966,1748,1,0,0,0
423,3,2013-10-30,9587,1863,1,0,0,0
423,4,2013-10-31,10236,1974,1,0,0,0
423,5,2013-11-01,11049,2131,1,0,0,0
423,6,2013-11-02,8442,1674,1,0,0,0
423,7,2013-11-03,11230,2036,1,0,0,0
423,1,2013-11-04,12134,1876,1,1,0,0
423,2,2013-11-05,11098,1772,1,1,0,0
423,3,2013-11-06,10919,1740,1,1,0,0
423,4,2013-11-07,10874,1830,1,1,0,0
423,5,2013-11-08,12689,2322,1,1,0,0
423,6,2013-11-09,8582,1584,1,0,0,0
423,7,2013-11-10,14880,2308,1,0,0,0
423,1,2013-11-11,8992,1632,1,0,0,0
423,2,2013-11-12,9172,1536,1,0,0,0
423,3,2013-11-13,7863,1584,1,0,0,0
423,4,2013-11-14,9020,1685,1,0,0,0
423,5,2013-11-15,11424,2191,1,0,0,0
423,6,2013-11-16,8839,1573,1,0,0,0
423,7,2013-11-17,14462,2389,1,0,0,0
423,1,2013-11-18,11693,1829,1,1,0,0
423,2,2013-11-19,10246,1634,1,1,0,0
423,3,2013-11-20,10061,1704,1,1,0,0
423,4,2013-11-21,10388,1775,1,1,0,0
423,5,2013-11-22,12468,2329,1,1,0,0
423,6,2013-11-23,7998,1510,1,0,0,0
423,7,2013-11-24,15126,2325,1,0,0,0
423,1,2013-11-25,9557,1709,1,0,0,0
423,2,2013-11-26,9861,1691,1,0,0,0
423,3,2013-11-27,10189,1732,1,0,0,0
423,4,2013-11-28,11144,2003,1,0,0,0
423,5,2013-11-29,13888,2504,1,0,0,0
423,6,2013-11-30,11295,1933,1,0,0,0
423,7,2013-12-01,15663,2582,1,0,0,0
423,1,2013-12-02,14620,2106,1,1,0,0
423,2,2013-12-03,12987,1928,1,1,0,0
423,3,2013-12-04,13112,1956,1,1,0,0
423,4,2013-12-05,14212,2153,1,1,0,0
423,5,2013-12-06,13278,2397,1,1,0,0
423,6,2013-12-07,9350,1796,1,0,0,0
423,7,2013-12-08,10842,2044,1,0,0,0
423,1,2013-12-09,10296,1766,1,0,0,0
423,2,2013-12-10,9295,1629,1,0,0,0
423,3,2013-12-11,8940,1636,1,0,0,0
423,4,2013-12-12,9509,1671,1,0,0,0
423,5,2013-12-13,11453,2056,1,0,0,0
423,6,2013-12-14,9584,1635,1,0,0,0
423,7,2013-12-15,14991,2307,1,0,0,0
423,1,2013-12-16,13878,1927,1,1,0,0
423,2,2013-12-17,12507,1735,1,1,0,0
423,3,2013-12-18,11848,1715,1,1,0,0
423,4,2013-12-19,11684,1860,1,1,0,0
423,5,2013-12-20,14254,2158,1,1,0,0
423,6,2013-12-21,9957,1746,1,0,0,0
423,7,2013-12-22,11395,1954,1,0,0,0
423,1,2013-12-23,12522,2100,1,0,0,1
423,2,2013-12-24,7242,1108,1,0,0,1
423,3,2013-12-25,8689,1229,1,0,c,1
423,4,2013-12-26,12074,1568,1,0,c,1
423,5,2013-12-27,9970,1609,1,0,0,1
423,6,2013-12-28,9274,1602,1,0,0,0
423,7,2013-12-29,15829,2269,1,0,0,0
423,1,2013-12-30,11447,1866,1,0,0,1
423,2,2013-12-31,10602,1657,1,0,0,1
423,3,2014-01-01,8484,1417,1,0,a,1
423,4,2014-01-02,9115,1639,1,0,0,1
423,5,2014-01-03,9035,1577,1,0,0,1
423,6,2014-01-04,7375,1288,1,0,0,0
423,7,2014-01-05,10200,1638,1,0,0,0
423,1,2014-01-06,10933,1508,1,1,0,0
423,2,2014-01-07,9610,1409,1,1,0,0
423,3,2014-01-08,8666,1370,1,1,0,0
423,4,2014-01-09,8822,1409,1,1,0,0
423,5,2014-01-10,10410,1718,1,1,0,0
423,6,2014-01-11,5886,1081,1,0,0,0
423,7,2014-01-12,11546,1673,1,0,0,0
423,1,2014-01-13,8172,1407,1,0,0,0
423,2,2014-01-14,7438,1363,1,0,0,0
423,3,2014-01-15,7641,1418,1,0,0,0
423,4,2014-01-16,7849,1472,1,0,0,0
423,5,2014-01-17,9195,1775,1,0,0,0
423,6,2014-01-18,6886,1299,1,0,0,0
423,7,2014-01-19,11713,1882,1,0,0,0
423,1,2014-01-20,10303,1542,1,1,0,0
423,2,2014-01-21,9773,1561,1,1,0,0
423,3,2014-01-22,9613,1531,1,1,0,0
423,4,2014-01-23,10390,1634,1,1,0,0
423,5,2014-01-24,11286,1978,1,1,0,0
423,6,2014-01-25,6984,1241,1,0,0,0
423,7,2014-01-26,9199,1643,1,0,0,0
423,1,2014-01-27,7895,1428,1,0,0,0
423,2,2014-01-28,7880,1411,1,0,0,0
423,3,2014-01-29,8656,1513,1,0,0,0
423,4,2014-01-30,8563,1585,1,0,0,0
423,5,2014-01-31,11047,1998,1,0,0,0
423,6,2014-02-01,8429,1450,1,0,0,0
423,7,2014-02-02,13417,2184,1,0,0,0
423,1,2014-02-03,12066,1725,1,1,0,1
423,2,2014-02-04,10174,1522,1,1,0,1
423,3,2014-02-05,10295,1600,1,1,0,1
423,4,2014-02-06,9494,1635,1,1,0,1
423,5,2014-02-07,11427,2033,1,1,0,1
423,6,2014-02-08,7850,1423,1,0,0,0
423,7,2014-02-09,13048,2092,1,0,0,0
423,1,2014-02-10,8527,1615,1,0,0,0
423,2,2014-02-11,8430,1534,1,0,0,0
423,3,2014-02-12,7723,1566,1,0,0,0
423,4,2014-02-13,9065,1690,1,0,0,0
423,5,2014-02-14,10185,2019,1,0,0,0
423,6,2014-02-15,6856,1366,1,0,0,0
423,7,2014-02-16,12616,2145,1,0,0,0
423,1,2014-02-17,11063,1667,1,1,0,0
423,2,2014-02-18,9835,1665,1,1,0,0
423,3,2014-02-19,9416,1651,1,1,0,0
423,4,2014-02-20,9896,1699,1,1,0,0
423,5,2014-02-21,11087,2145,1,1,0,0
423,6,2014-02-22,6671,1370,1,0,0,0
423,7,2014-02-23,12004,2103,1,0,0,0
423,1,2014-02-24,8484,1560,1,0,0,0
423,2,2014-02-25,7499,1434,1,0,0,0
423,3,2014-02-26,7988,1525,1,0,0,0
423,4,2014-02-27,8572,1553,1,0,0,0
423,5,2014-02-28,10650,2077,1,0,0,0
423,6,2014-03-01,8374,1494,1,0,0,0
423,7,2014-03-02,14019,2204,1,0,0,0
423,1,2014-03-03,12092,1831,1,1,0,0
423,2,2014-03-04,11182,1738,1,1,0,0
423,3,2014-03-05,9875,1660,1,1,0,0
423,4,2014-03-06,9552,1647,1,1,0,0
423,5,2014-03-07,12191,2136,1,1,0,0
423,6,2014-03-08,8009,1460,1,0,0,0
423,7,2014-03-09,10315,1917,1,0,0,0
423,1,2014-03-10,8578,1590,1,0,0,0
423,2,2014-03-11,7607,1402,1,0,0,0
423,3,2014-03-12,8260,1572,1,0,0,0
423,4,2014-03-13,9150,1815,1,0,0,0
423,5,2014-03-14,10342,2137,1,0,0,0
423,6,2014-03-15,7390,1434,1,0,0,0
423,7,2014-03-16,13712,2365,1,0,0,0
423,1,2014-03-17,10876,1740,1,1,0,0
423,2,2014-03-18,9709,1626,1,1,0,0
423,3,2014-03-19,10182,1751,1,1,0,0
423,4,2014-03-20,9587,1772,1,1,0,0
423,5,2014-03-21,11068,2163,1,1,0,0
423,6,2014-03-22,8160,1503,1,0,0,0
423,7,2014-03-23,12821,2177,1,0,0,0
423,1,2014-03-24,9508,1686,1,0,0,0
423,2,2014-03-25,8682,1660,1,0,0,0
423,3,2014-03-26,8789,1685,1,0,0,0
423,4,2014-03-27,8978,1740,1,0,0,0
423,5,2014-03-28,11166,2248,1,0,0,0
423,6,2014-03-29,7551,1466,1,0,0,0
423,7,2014-03-30,11641,2158,1,0,0,0
423,1,2014-03-31,11529,1872,1,1,0,0
423,2,2014-04-01,11624,1752,1,1,0,0
423,3,2014-04-02,10847,1803,1,1,0,0
423,4,2014-04-03,10480,1850,1,1,0,0
423,5,2014-04-04,12805,2335,1,1,0,0
423,6,2014-04-05,8807,1696,1,0,0,0
423,7,2014-04-06,14240,2298,1,0,0,0
423,1,2014-04-07,9754,1808,1,0,0,0
423,2,2014-04-08,9468,1893,1,0,0,0
423,3,2014-04-09,9756,1916,1,0,0,0
423,4,2014-04-10,10663,1993,1,0,0,0
423,5,2014-04-11,11696,2402,1,0,0,0
423,6,2014-04-12,9543,1869,1,0,0,0
423,7,2014-04-13,13666,2305,1,0,0,0
423,1,2014-04-14,14227,2221,1,1,0,1
423,2,2014-04-15,13207,2228,1,1,0,1
423,3,2014-04-16,13224,2237,1,1,0,1
423,4,2014-04-17,13837,2397,1,1,0,1
423,5,2014-04-18,17267,2626,1,1,b,1
423,6,2014-04-19,10667,1884,1,0,0,0
423,7,2014-04-20,10013,1665,1,0,0,0
423,1,2014-04-21,14884,2469,1,0,b,1
423,2,2014-04-22,10466,1885,1,0,0,1
423,3,2014-04-23,9169,1662,1,0,0,1
423,4,2014-04-24,8650,1658,1,0,0,1
423,5,2014-04-25,9893,2000,1,0,0,1
423,6,2014-04-26,8329,1531,1,0,0,0
423,7,2014-04-27,11860,2012,1,0,0,0
423,1,2014-04-28,11954,1824,1,1,0,0
423,2,2014-04-29,10006,1729,1,1,0,0
423,3,2014-04-30,12613,2182,1,1,0,0
423,4,2014-05-01,15078,2169,1,1,a,0
423,5,2014-05-02,12969,2136,1,1,0,1
423,6,2014-05-03,8959,1654,1,0,0,0
423,7,2014-05-04,11447,2083,1,0,0,0
423,1,2014-05-05,12033,1905,1,1,0,0
423,2,2014-05-06,10762,1920,1,1,0,0
423,3,2014-05-07,11390,1962,1,1,0,0
423,4,2014-05-08,11829,2021,1,1,0,0
423,5,2014-05-09,12905,2385,1,1,0,0
423,6,2014-05-10,8975,2052,1,0,0,0
423,7,2014-05-11,15948,2551,1,0,0,0
423,1,2014-05-12,9528,1726,1,0,0,0
423,2,2014-05-13,8498,1731,1,0,0,0
423,3,2014-05-14,9526,1718,1,0,0,0
423,4,2014-05-15,9255,1792,1,0,0,0
423,5,2014-05-16,11183,2175,1,0,0,0
423,6,2014-05-17,7465,1445,1,0,0,0
423,7,2014-05-18,15063,2513,1,0,0,0
423,1,2014-05-19,12450,1903,1,1,0,0
423,2,2014-05-20,10373,1885,1,1,0,0
423,3,2014-05-21,9920,2019,1,1,0,0
423,4,2014-05-22,10721,2129,1,1,0,0
423,5,2014-05-23,13151,2447,1,1,0,0
423,6,2014-05-24,7971,1555,1,0,0,0
423,7,2014-05-25,13276,2260,1,0,0,0
423,1,2014-05-26,10300,1856,1,0,0,0
423,2,2014-05-27,9531,1760,1,0,0,0
423,3,2014-05-28,12633,2273,1,0,0,0
423,4,2014-05-29,17157,2334,1,0,a,0
423,5,2014-05-30,10855,1993,1,0,0,1
423,6,2014-05-31,8579,1659,1,0,0,0
423,7,2014-06-01,13363,2294,1,0,0,0
423,1,2014-06-02,12916,1961,1,1,0,0
423,2,2014-06-03,11038,1922,1,1,0,0
423,3,2014-06-04,11469,2039,1,1,0,0
423,4,2014-06-05,12568,2214,1,1,0,0
423,5,2014-06-06,14950,2676,1,1,0,0
423,6,2014-06-07,11595,2351,1,0,0,0
423,7,2014-06-08,17143,3021,1,0,0,0
423,1,2014-06-09,17317,2684,1,0,a,0
423,2,2014-06-10,10263,2028,1,0,0,0
423,3,2014-06-11,9353,1778,1,0,0,0
423,4,2014-06-12,9216,1785,1,0,0,0
423,5,2014-06-13,11143,2105,1,0,0,0
423,6,2014-06-14,8083,1635,1,0,0,0
423,7,2014-06-15,12840,2226,1,0,0,0
423,1,2014-06-16,12273,2036,1,1,0,0
423,2,2014-06-17,11820,1999,1,1,0,0
423,3,2014-06-18,11496,2024,1,1,0,0
423,4,2014-06-19,12120,2021,1,1,0,0
423,5,2014-06-20,11709,2303,1,1,0,0
423,6,2014-06-21,9520,1826,1,0,0,0
423,7,2014-06-22,16008,2571,1,0,0,0
423,1,2014-06-23,9690,1881,1,0,0,0
423,2,2014-06-24,8827,1768,1,0,0,0
423,3,2014-06-25,10577,2143,1,0,0,0
423,4,2014-06-26,9673,2003,1,0,0,0
423,5,2014-06-27,12553,2458,1,0,0,0
423,6,2014-06-28,8297,1611,1,0,0,0
423,7,2014-06-29,14437,2435,1,0,0,0
423,1,2014-06-30,13021,2210,1,1,0,0
423,2,2014-07-01,11467,1917,1,1,0,0
423,3,2014-07-02,11046,1911,1,1,0,0
423,4,2014-07-03,11574,2103,1,1,0,0
423,5,2014-07-04,12617,2746,1,1,0,0
423,6,2014-07-05,9201,1728,1,0,0,0
423,7,2014-07-06,15300,2555,1,0,0,0
423,1,2014-07-07,11043,1991,1,0,0,0
423,2,2014-07-08,10350,2012,1,0,0,0
423,3,2014-07-09,10314,1959,1,0,0,1
423,4,2014-07-10,10685,2093,1,0,0,1
423,5,2014-07-11,11881,2383,1,0,0,1
423,6,2014-07-12,9105,1636,1,0,0,0
423,7,2014-07-13,15360,2859,1,0,0,0
423,1,2014-07-14,10935,1972,1,1,0,1
423,2,2014-07-15,10338,2495,1,1,0,1
423,3,2014-07-16,10550,1963,1,1,0,1
423,4,2014-07-17,10180,2030,1,1,0,1
423,5,2014-07-18,11603,2310,1,1,0,1
423,6,2014-07-19,9200,1928,1,0,0,0
423,7,2014-07-20,13505,2446,1,0,0,0
423,1,2014-07-21,9616,1981,1,0,0,1
423,2,2014-07-22,8840,1712,1,0,0,1
423,3,2014-07-23,8894,1852,1,0,0,1
423,4,2014-07-24,8004,1665,1,0,0,1
423,5,2014-07-25,10459,2040,1,0,0,1
423,6,2014-07-26,8961,1801,1,0,0,0
423,7,2014-07-27,14418,2521,1,0,0,0
423,1,2014-07-28,11225,1983,1,1,0,1
423,2,2014-07-29,10445,1831,1,1,0,1
423,3,2014-07-30,10012,1781,1,1,0,1
423,4,2014-07-31,10462,1858,1,1,0,1
423,5,2014-08-01,11401,2206,1,1,0,1
423,6,2014-08-02,9331,1764,1,0,0,0
423,7,2014-08-03,14633,2520,1,0,0,0
423,1,2014-08-04,11439,1917,1,1,0,1
423,2,2014-08-05,10889,1922,1,1,0,1
423,3,2014-08-06,10014,1842,1,1,0,1
423,4,2014-08-07,10292,1911,1,1,0,1
423,5,2014-08-08,11433,2257,1,1,0,1
423,6,2014-08-09,9561,2044,1,0,0,0
423,7,2014-08-10,15086,2657,1,0,0,0
423,1,2014-08-11,9509,1858,1,0,0,1
423,2,2014-08-12,9519,1819,1,0,0,1
423,3,2014-08-13,9258,1895,1,0,0,1
423,4,2014-08-14,9501,1828,1,0,0,1
423,5,2014-08-15,10816,2110,1,0,0,1
423,6,2014-08-16,8984,1765,1,0,0,0
423,7,2014-08-17,14138,2536,1,0,0,0
423,1,2014-08-18,10934,1902,1,1,0,1
423,2,2014-08-19,10658,1848,1,1,0,1
423,3,2014-08-20,10278,1817,1,1,0,1
423,4,2014-08-21,10575,1988,1,1,0,1
423,5,2014-08-22,11391,2150,1,1,0,1
423,6,2014-08-23,8873,1679,1,0,0,0
423,7,2014-08-24,15657,2568,1,0,0,0
423,1,2014-08-25,9434,1785,1,0,0,0
423,2,2014-08-26,8684,1665,1,0,0,0
423,3,2014-08-27,9168,1724,1,0,0,0
423,4,2014-08-28,8801,1847,1,0,0,0
423,5,2014-08-29,11252,2167,1,0,0,0
423,6,2014-08-30,9137,1748,1,0,0,0
423,7,2014-08-31,16730,2774,1,0,0,0
423,1,2014-09-01,11679,1919,1,1,0,0
423,2,2014-09-02,10786,1756,1,1,0,0
423,3,2014-09-03,10947,1873,1,1,0,0
423,4,2014-09-04,9835,1815,1,1,0,0
423,5,2014-09-05,11344,2115,1,1,0,0
423,6,2014-09-06,7627,1451,1,0,0,0
423,7,2014-09-07,10346,1908,1,0,0,0
423,1,2014-09-08,9460,1795,1,0,0,0
423,2,2014-09-09,8770,1638,1,0,0,0
423,3,2014-09-10,8915,1708,1,0,0,0
423,4,2014-09-11,9119,1723,1,0,0,0
423,5,2014-09-12,10445,2077,1,0,0,0
423,6,2014-09-13,8137,1509,1,0,0,0
423,7,2014-09-14,14419,2303,1,0,0,0
423,1,2014-09-15,11911,1976,1,1,0,0
423,2,2014-09-16,10142,1832,1,1,0,0
423,3,2014-09-17,10356,1938,1,1,0,0
423,4,2014-09-18,10477,1989,1,1,0,0
423,5,2014-09-19,11785,2184,1,1,0,0
423,6,2014-09-20,8272,1626,1,0,0,0
423,7,2014-09-21,13668,2292,1,0,0,0
423,1,2014-09-22,9254,1795,1,0,0,0
423,2,2014-09-23,8590,1669,1,0,0,0
423,3,2014-09-24,8338,1647,1,0,0,0
423,4,2014-09-25,10923,2099,1,0,0,0
423,5,2014-09-26,11076,2121,1,0,0,0
423,6,2014-09-27,8609,1616,1,0,0,0
423,7,2014-09-28,11873,2060,1,0,0,0
423,1,2014-09-29,11194,1849,1,1,0,0
423,2,2014-09-30,10309,1765,1,1,0,0
423,3,2014-10-01,9958,1751,1,1,0,0
423,4,2014-10-02,11869,2035,1,1,0,0
423,5,2014-10-03,16283,2534,1,1,a,0
423,6,2014-10-04,8828,1620,1,0,0,0
423,7,2014-10-05,11037,2019,1,0,0,0
423,1,2014-10-06,10953,1826,1,1,0,0
423,2,2014-10-07,10568,1820,1,1,0,0
423,3,2014-10-08,9714,1696,1,1,0,0
423,4,2014-10-09,10344,1882,1,1,0,0
423,5,2014-10-10,11878,2142,1,1,0,0
423,6,2014-10-11,9067,1712,1,0,0,0
423,7,2014-10-12,14905,2268,1,0,0,0
423,1,2014-10-13,9594,1762,1,0,0,0
423,2,2014-10-14,8903,1603,1,0,0,0
423,3,2014-10-15,6246,1099,1,0,0,0
423,4,2014-10-16,10657,1763,1,0,0,0
423,5,2014-10-17,10616,2064,1,0,0,0
423,6,2014-10-18,5994,940,1,0,0,0
423,7,2014-10-19,9740,1411,1,0,0,0
423,1,2014-10-20,11570,1917,1,1,0,1
423,2,2014-10-21,10469,1744,1,1,0,1
423,3,2014-10-22,10234,1825,1,1,0,1
423,4,2014-10-23,9863,1775,1,1,0,1
423,5,2014-10-24,11811,2147,1,1,0,1
423,6,2014-10-25,8935,1490,1,0,0,0
423,7,2014-10-26,13184,2115,1,0,0,0
423,1,2014-10-27,9814,1689,1,0,0,1
423,2,2014-10-28,8894,1658,1,0,0,1
423,3,2014-10-29,9307,1651,1,0,0,1
423,4,2014-10-30,9287,1766,1,0,0,1
423,5,2014-10-31,10384,2011,1,0,0,1
423,6,2014-11-01,7754,1435,1,0,0,0
423,7,2014-11-02,13549,2099,1,0,0,0
423,1,2014-11-03,11229,1741,1,1,0,0
423,2,2014-11-04,10278,1627,1,1,0,0
423,3,2014-11-05,9939,1674,1,1,0,0
423,4,2014-11-06,5908,909,1,1,0,0
423,5,2014-11-07,6309,1015,1,1,0,0
423,6,2014-11-08,6532,936,1,0,0,0
423,7,2014-11-09,8874,1519,1,0,0,0
423,1,2014-11-10,10292,1568,1,1,0,0
423,2,2014-11-11,9097,1495,1,1,0,0
423,3,2014-11-12,9204,1516,1,1,0,0
423,4,2014-11-13,9273,1571,1,1,0,0
423,5,2014-11-14,11426,2013,1,1,0,0
423,6,2014-11-15,9768,1734,1,0,0,0
423,7,2014-11-16,14658,2343,1,0,0,0
423,1,2014-11-17,9566,1634,1,0,0,0
423,2,2014-11-18,8678,1490,1,0,0,0
423,3,2014-11-19,8784,1518,1,0,0,0
423,4,2014-11-20,8340,1544,1,0,0,0
423,5,2014-11-21,11410,2046,1,0,0,0
423,6,2014-11-22,7805,1423,1,0,0,0
423,7,2014-11-23,12705,2013,1,0,0,0
423,1,2014-11-24,11775,1807,1,1,0,0
423,2,2014-11-25,11383,1692,1,1,0,0
423,3,2014-11-26,11119,1698,1,1,0,0
423,4,2014-11-27,12167,1807,1,1,0,0
423,5,2014-11-28,13330,2230,1,1,0,0
423,6,2014-11-29,10108,1645,1,0,0,0
423,7,2014-11-30,16308,2370,1,0,0,0
423,1,2014-12-01,13799,1943,1,1,0,0
423,2,2014-12-02,11338,1750,1,1,0,0
423,3,2014-12-03,12213,1764,1,1,0,0
423,4,2014-12-04,12904,1862,1,1,0,0
423,5,2014-12-05,15704,2425,1,1,0,0
423,6,2014-12-06,8648,1562,1,0,0,0
423,7,2014-12-07,10416,1765,1,0,0,0
423,1,2014-12-08,10083,1611,1,0,0,0
423,2,2014-12-09,9366,1526,1,0,0,0
423,3,2014-12-10,9237,1571,1,0,0,0
423,4,2014-12-11,10260,1670,1,0,0,0
423,5,2014-12-12,11506,2072,1,0,0,0
423,6,2014-12-13,9808,1662,1,0,0,0
423,7,2014-12-14,14338,2222,1,0,0,0
423,1,2014-12-15,13058,1827,1,1,0,0
423,2,2014-12-16,12193,1683,1,1,0,0
423,3,2014-12-17,11270,1715,1,1,0,0
423,4,2014-12-18,11950,1749,1,1,0,0
423,5,2014-12-19,12426,1937,1,1,0,0
423,6,2014-12-20,10229,1674,1,0,0,0
423,7,2014-12-21,11127,1792,1,0,0,0
423,1,2014-12-22,12227,1883,1,0,0,1
423,2,2014-12-23,12871,2070,1,0,0,1
423,3,2014-12-24,9268,1362,1,0,0,1
423,4,2014-12-25,10060,1251,1,0,c,1
423,5,2014-12-26,12637,1687,1,0,c,1
423,6,2014-12-27,10419,1642,1,0,0,0
423,7,2014-12-28,15933,2126,1,0,0,0
423,1,2014-12-29,11177,1729,1,0,0,1
423,2,2014-12-30,12227,1935,1,0,0,1
423,3,2014-12-31,10265,1602,1,0,0,1
423,4,2015-01-01,9997,1477,1,0,a,1
423,5,2015-01-02,10717,1703,1,0,0,1
423,6,2015-01-03,8036,1309,1,0,0,0
423,7,2015-01-04,11101,1758,1,0,0,0
423,1,2015-01-05,10250,1542,1,1,0,0
423,2,2015-01-06,9602,1417,1,1,0,0
423,3,2015-01-07,8923,1339,1,1,0,0
423,4,2015-01-08,8210,1339,1,1,0,0
423,5,2015-01-09,9579,1603,1,1,0,0
423,6,2015-01-10,6416,1104,1,0,0,0
423,7,2015-01-11,11048,1740,1,0,0,0
423,1,2015-01-12,10386,1602,1,1,0,0
423,2,2015-01-13,9522,1450,1,1,0,0
423,3,2015-01-14,9534,1568,1,1,0,0
423,4,2015-01-15,9869,1548,1,1,0,0
423,5,2015-01-16,10503,1846,1,1,0,0
423,6,2015-01-17,7599,1406,1,0,0,0
423,7,2015-01-18,12758,1900,1,0,0,0
423,1,2015-01-19,9039,1568,1,0,0,0
423,2,2015-01-20,7859,1464,1,0,0,0
423,3,2015-01-21,8445,1547,1,0,0,0
423,4,2015-01-22,8075,1512,1,0,0,0
423,5,2015-01-23,9902,1865,1,0,0,0
423,6,2015-01-24,7415,1263,1,0,0,0
423,7,2015-01-25,9857,1626,1,0,0,0
423,1,2015-01-26,10099,1612,1,1,0,0
423,2,2015-01-27,10186,1611,1,1,0,0
423,3,2015-01-28,10279,1628,1,1,0,0
423,4,2015-01-29,9993,1686,1,1,0,0
423,5,2015-01-30,11375,2019,1,1,0,0
423,6,2015-01-31,9076,1472,1,0,0,0
423,7,2015-02-01,14117,2122,1,0,0,0
423,1,2015-02-02,11675,1817,1,1,0,1
423,2,2015-02-03,10867,1664,1,1,0,1
423,3,2015-02-04,10156,1642,1,1,0,1
423,4,2015-02-05,10079,1677,1,1,0,1
423,5,2015-02-06,12495,2081,1,1,0,1
423,6,2015-02-07,7798,1309,1,0,0,0
423,7,2015-02-08,13697,2107,1,0,0,0
423,1,2015-02-09,9371,1672,1,0,0,0
423,2,2015-02-10,8575,1562,1,0,0,0
423,3,2015-02-11,9087,1630,1,0,0,0
423,4,2015-02-12,9477,1652,1,0,0,0
423,5,2015-02-13,10953,2023,1,0,0,0
423,6,2015-02-14,8228,1419,1,0,0,0
423,7,2015-02-15,13645,2090,1,0,0,0
423,1,2015-02-16,11629,1860,1,1,0,0
423,2,2015-02-17,9777,1666,1,1,0,0
423,3,2015-02-18,10243,1670,1,1,0,0
423,4,2015-02-19,10458,1701,1,1,0,0
423,5,2015-02-20,12085,2061,1,1,0,0
423,6,2015-02-21,7313,1342,1,0,0,0
423,7,2015-02-22,13611,2048,1,0,0,0
423,1,2015-02-23,9506,1574,1,0,0,0
423,2,2015-02-24,8699,1520,1,0,0,0
423,3,2015-02-25,9456,1582,1,0,0,0
423,4,2015-02-26,9851,1693,1,0,0,0
423,5,2015-02-27,10776,2018,1,0,0,0
423,6,2015-02-28,9013,1463,1,0,0,0
423,7,2015-03-01,15299,2329,1,0,0,0
423,1,2015-03-02,13252,1906,1,1,0,0
423,2,2015-03-03,12372,1814,1,1,0,0
423,3,2015-03-04,10734,1758,1,1,0,0
423,4,2015-03-05,10982,1761,1,1,0,0
423,5,2015-03-06,11852,2123,1,1,0,0
423,6,2015-03-07,8473,1600,1,0,0,0
423,7,2015-03-08,11421,2026,1,0,0,0
423,1,2015-03-09,8283,1582,1,0,0,0
423,2,2015-03-10,9094,1633,1,0,0,0
423,3,2015-03-11,9668,1702,1,0,0,0
423,4,2015-03-12,9581,1702,1,0,0,0
423,5,2015-03-13,10972,2052,1,0,0,0
423,6,2015-03-14,8660,1519,1,0,0,0
423,7,2015-03-15,14516,2275,1,0,0,0
423,1,2015-03-16,12381,1889,1,1,0,0
423,2,2015-03-17,10575,1713,1,1,0,0
423,3,2015-03-18,10889,1839,1,1,0,0
423,4,2015-03-19,11265,1879,1,1,0,0
423,5,2015-03-20,12623,2246,1,1,0,0
423,6,2015-03-21,8305,1430,1,0,0,0
423,7,2015-03-22,14970,2190,1,0,0,0
423,1,2015-03-23,10211,1789,1,0,0,0
423,2,2015-03-24,10299,1818,1,0,0,0
423,3,2015-03-25,9664,1783,1,0,0,0
423,4,2015-03-26,10119,1887,1,0,0,0
423,5,2015-03-27,12122,2142,1,0,0,0
423,6,2015-03-28,9365,1654,1,0,0,0
423,7,2015-03-29,13735,2171,1,0,0,0
423,1,2015-03-30,12918,2036,1,1,0,1
423,2,2015-03-31,14067,2047,1,1,0,1
423,3,2015-04-01,13541,2013,1,1,0,1
423,4,2015-04-02,16724,2615,1,1,0,1
423,5,2015-04-03,18574,2501,1,1,b,1
423,6,2015-04-04,11233,1802,1,0,0,0
423,7,2015-04-05,13511,1907,1,0,0,0
423,1,2015-04-06,16759,2440,1,0,b,1
423,2,2015-04-07,9920,1843,1,0,0,1
423,3,2015-04-08,9151,1692,1,0,0,1
423,4,2015-04-09,9037,1623,1,0,0,1
423,5,2015-04-10,9702,1861,1,0,0,1
423,6,2015-04-11,8438,1538,1,0,0,0
423,7,2015-04-12,14006,2102,1,0,0,0
423,1,2015-04-13,11782,1858,1,1,0,0
423,2,2015-04-14,11199,1804,1,1,0,0
423,3,2015-04-15,11480,1868,1,1,0,0
423,4,2015-04-16,10735,1820,1,1,0,0
423,5,2015-04-17,13114,2238,1,1,0,0
423,6,2015-04-18,8779,1587,1,0,0,0
423,7,2015-04-19,14971,2284,1,0,0,0
423,1,2015-04-20,10021,1845,1,0,0,0
423,2,2015-04-21,9532,1691,1,0,0,0
423,3,2015-04-22,5622,1029,1,0,0,0
423,4,2015-04-23,5909,1103,1,0,0,0
423,5,2015-04-24,11146,2202,1,0,0,0
423,6,2015-04-25,9625,1772,1,0,0,0
423,7,2015-04-26,14943,2318,1,0,0,0
423,1,2015-04-27,13897,2030,1,1,0,0
423,2,2015-04-28,11992,1911,1,1,0,0
423,3,2015-04-29,12147,1978,1,1,0,0
423,4,2015-04-30,14697,2458,1,1,0,0
423,5,2015-05-01,16425,2396,1,1,a,0
423,6,2015-05-02,10593,1834,1,0,0,0
423,7,2015-05-03,11442,2111,1,0,0,0
423,1,2015-05-04,13445,2094,1,1,0,0
423,2,2015-05-05,8308,1352,1,1,0,0
423,3,2015-05-06,8150,1262,1,1,0,0
423,4,2015-05-07,8727,1386,1,1,0,0
423,5,2015-05-08,9304,1503,1,1,0,0
423,6,2015-05-09,6202,1184,1,0,0,0
423,7,2015-05-10,14019,2004,1,0,0,0
423,1,2015-05-11,10760,1848,1,0,0,0
423,2,2015-05-12,9740,1768,1,0,0,0
423,3,2015-05-13,12941,2353,1,0,0,0
423,4,2015-05-14,17640,2515,1,0,a,0
423,5,2015-05-15,11392,1992,1,0,0,1
423,6,2015-05-16,9449,1692,1,0,0,0
423,7,2015-05-17,16383,2626,1,0,0,0
423,1,2015-05-18,12982,1949,1,1,0,0
423,2,2015-05-19,11639,1887,1,1,0,0
423,3,2015-05-20,8822,1282,1,1,0,0
423,4,2015-05-21,8031,1322,1,1,0,0
423,5,2015-05-22,12275,2046,1,1,0,0
423,6,2015-05-23,10604,1710,1,0,0,0
423,7,2015-05-24,13196,2047,1,0,0,0
423,1,2015-05-25,16819,2610,1,0,a,0
423,2,2015-05-26,10802,1809,1,0,0,1
423,3,2015-05-27,10465,1784,1,0,0,0
423,4,2015-05-28,10194,1850,1,0,0,0
423,5,2015-05-29,11053,2045,1,0,0,0
423,6,2015-05-30,8889,1590,1,0,0,0
423,7,2015-05-31,14507,2249,1,0,0,0
423,1,2015-06-01,14740,2115,1,1,0,0
423,2,2015-06-02,11053,1712,1,1,0,0
423,3,2015-06-03,12713,1904,1,1,0,0
423,4,2015-06-04,12117,2049,1,1,0,0
423,5,2015-06-05,13733,2437,1,1,0,0
423,6,2015-06-06,8221,1719,1,0,0,0
423,7,2015-06-07,15375,2432,1,0,0,0
423,1,2015-06-08,10646,1929,1,0,0,0
423,2,2015-06-09,9038,1746,1,0,0,0
423,3,2015-06-10,9853,1750,1,0,0,0
423,4,2015-06-11,9933,1867,1,0,0,0
423,5,2015-06-12,12303,2415,1,0,0,0
423,6,2015-06-13,9946,1874,1,0,0,0
423,7,2015-06-14,16164,2309,1,0,0,0
423,1,2015-06-15,13403,2002,1,1,0,0
423,2,2015-06-16,11373,1845,1,1,0,0
423,3,2015-06-17,11474,1868,1,1,0,0
423,4,2015-06-18,11796,1954,1,1,0,0
423,5,2015-06-19,12894,2342,1,1,0,0
423,6,2015-06-20,9190,1640,1,0,0,0
423,7,2015-06-21,14615,2317,1,0,0,0
423,1,2015-06-22,10784,1904,1,0,0,0
423,2,2015-06-23,10195,1951,1,0,0,0
423,3,2015-06-24,10319,1936,1,0,0,0
423,4,2015-06-25,10769,1942,1,0,0,0
423,5,2015-06-26,12132,2410,1,0,0,0
423,6,2015-06-27,9368,1705,1,0,0,0
423,7,2015-06-28,15458,2475,1,0,0,0
423,1,2015-06-29,13827,2114,1,1,0,0
423,2,2015-06-30,13135,2141,1,1,0,0
423,3,2015-07-01,12850,2126,1,1,0,0
423,4,2015-07-02,12828,2273,1,1,0,0
423,5,2015-07-03,14447,2854,1,1,0,0
423,6,2015-07-04,10689,2225,1,0,0,0
423,7,2015-07-05,17458,2770,1,0,0,0
423,1,2015-07-06,11016,2142,1,0,0,0
423,2,2015-07-07,10866,2060,1,0,0,0
423,3,2015-07-08,10096,1931,1,0,0,0
423,4,2015-07-09,10993,1977,1,0,0,0
423,5,2015-07-10,11836,2218,1,0,0,0
423,6,2015-07-11,8831,1686,1,0,0,0
423,7,2015-07-12,15075,2403,1,0,0,0
423,1,2015-07-13,13896,2170,1,1,0,0
423,2,2015-07-14,12383,2093,1,1,0,0
423,3,2015-07-15,11884,1928,1,1,0,0
423,4,2015-07-16,12482,2065,1,1,0,1
423,5,2015-07-17,13242,2553,1,1,0,1
423,6,2015-07-18,10330,1901,1,0,0,0
423,7,2015-07-19,18497,2847,1,0,0,0
423,1,2015-07-20,10279,1934,1,0,0,1
423,2,2015-07-21,10082,1826,1,0,0,1
423,3,2015-07-22,9807,1852,1,0,0,1
423,4,2015-07-23,10044,1804,1,0,0,1
423,5,2015-07-24,11137,2198,1,0,0,1
423,6,2015-07-25,9328,1763,1,0,0,0
423,7,2015-07-26,16014,2426,1,0,0,0
423,1,2015-07-27,12469,2062,1,1,0,1
423,2,2015-07-28,10633,1764,1,1,0,1
423,3,2015-07-29,11418,1916,1,1,0,1
423,4,2015-07-30,11101,1895,1,1,0,1
423,5,2015-07-31,13331,2213,1,1,0,1
467,2,2013-01-01,0,0,0,0,a,1
467,3,2013-01-02,13644,1782,1,0,0,1
467,4,2013-01-03,12053,1655,1,0,0,1
467,5,2013-01-04,11761,1569,1,0,0,1
467,6,2013-01-05,12997,1749,1,0,0,0
467,7,2013-01-06,0,0,0,0,0,0
467,1,2013-01-07,17383,1850,1,1,0,0
467,2,2013-01-08,14441,1635,1,1,0,0
467,3,2013-01-09,10225,1184,1,1,0,0
467,4,2013-01-10,13476,1651,1,1,0,0
467,5,2013-01-11,13074,1585,1,1,0,0
467,6,2013-01-12,14251,1866,1,0,0,0
467,7,2013-01-13,0,0,0,0,0,0
467,1,2013-01-14,9552,1316,1,0,0,0
467,2,2013-01-15,8881,1198,1,0,0,0
467,3,2013-01-16,8368,1150,1,0,0,0
467,4,2013-01-17,11198,1398,1,0,0,0
467,5,2013-01-18,10405,1407,1,0,0,0
467,6,2013-01-19,12957,1615,1,0,0,0
467,7,2013-01-20,0,0,0,0,0,0
467,1,2013-01-21,10755,1180,1,1,0,0
467,2,2013-01-22,14275,1596,1,1,0,0
467,3,2013-01-23,13250,1456,1,1,0,0
467,4,2013-01-24,13421,1622,1,1,0,0
467,5,2013-01-25,12387,1473,1,1,0,0
467,6,2013-01-26,13574,1624,1,0,0,0
467,7,2013-01-27,0,0,0,0,0,0
467,1,2013-01-28,10734,1413,1,0,0,0
467,2,2013-01-29,10176,1399,1,0,0,0
467,3,2013-01-30,9431,1241,1,0,0,0
467,4,2013-01-31,11358,1405,1,0,0,0
467,5,2013-02-01,12763,1624,1,0,0,0
467,6,2013-02-02,16098,1946,1,0,0,0
467,7,2013-02-03,0,0,0,0,0,0
467,1,2013-02-04,17792,1946,1,1,0,0
467,2,2013-02-05,15319,1724,1,1,0,0
467,3,2013-02-06,14792,1735,1,1,0,0
467,4,2013-02-07,12611,1556,1,1,0,0
467,5,2013-02-08,12171,1468,1,1,0,0
467,6,2013-02-09,14509,1822,1,0,0,0
467,7,2013-02-10,0,0,0,0,0,0
467,1,2013-02-11,3918,522,1,0,0,0
467,2,2013-02-12,12862,1664,1,0,0,0
467,3,2013-02-13,11192,1431,1,0,0,0
467,4,2013-02-14,11829,1548,1,0,0,0
467,5,2013-02-15,9941,1312,1,0,0,0
467,6,2013-02-16,13008,1666,1,0,0,0
467,7,2013-02-17,0,0,0,0,0,0
467,1,2013-02-18,16819,1871,1,1,0,0
467,2,2013-02-19,13475,1501,1,1,0,0
467,3,2013-02-20,12173,1488,1,1,0,0
467,4,2013-02-21,13360,1545,1,1,0,0
467,5,2013-02-22,11879,1408,1,1,0,0
467,6,2013-02-23,13858,1654,1,0,0,0
467,7,2013-02-24,0,0,0,0,0,0
467,1,2013-02-25,9639,1280,1,0,0,0
467,2,2013-02-26,10173,1448,1,0,0,0
467,3,2013-02-27,10348,1302,1,0,0,0
467,4,2013-02-28,13529,1645,1,0,0,0
467,5,2013-03-01,12280,1583,1,0,0,0
467,6,2013-03-02,14396,1839,1,0,0,0
467,7,2013-03-03,0,0,0,0,0,0
467,1,2013-03-04,18471,2014,1,1,0,0
467,2,2013-03-05,16541,1884,1,1,0,0
467,3,2013-03-06,13535,1627,1,1,0,0
467,4,2013-03-07,14022,1689,1,1,0,0
467,5,2013-03-08,12886,1606,1,1,0,0
467,6,2013-03-09,12548,1502,1,0,0,0
467,7,2013-03-10,0,0,0,0,0,0
467,1,2013-03-11,10925,1380,1,0,0,0
467,2,2013-03-12,11060,1434,1,0,0,0
467,3,2013-03-13,10599,1416,1,0,0,0
467,4,2013-03-14,12276,1530,1,0,0,0
467,5,2013-03-15,12290,1566,1,0,0,0
467,6,2013-03-16,15084,1801,1,0,0,0
467,7,2013-03-17,0,0,0,0,0,0
467,1,2013-03-18,18758,1993,1,1,0,0
467,2,2013-03-19,16278,1748,1,1,0,0
467,3,2013-03-20,14421,1773,1,1,0,0
467,4,2013-03-21,14221,1665,1,1,0,0
467,5,2013-03-22,12822,1547,1,1,0,0
467,6,2013-03-23,12340,1479,1,0,0,0
467,7,2013-03-24,0,0,0,0,0,0
467,1,2013-03-25,16030,1817,1,1,0,1
467,2,2013-03-26,16577,1890,1,1,0,1
467,3,2013-03-27,15678,1771,1,1,0,1
467,4,2013-03-28,19524,2104,1,1,0,1
467,5,2013-03-29,0,0,0,1,b,1
467,6,2013-03-30,18416,2184,1,0,0,0
467,7,2013-03-31,0,0,0,0,0,0
467,1,2013-04-01,0,0,0,0,b,1
467,2,2013-04-02,14929,1970,1,0,0,1
467,3,2013-04-03,12417,1670,1,0,0,1
467,4,2013-04-04,12441,1668,1,0,0,1
467,5,2013-04-05,11817,1502,1,0,0,1
467,6,2013-04-06,12904,1584,1,0,0,0
467,7,2013-04-07,0,0,0,0,0,0
467,1,2013-04-08,17251,1933,1,1,0,0
467,2,2013-04-09,14962,1726,1,1,0,0
467,3,2013-04-10,11096,1320,1,1,0,0
467,4,2013-04-11,11470,1409,1,1,0,0
467,5,2013-04-12,13196,1623,1,1,0,0
467,6,2013-04-13,12466,1619,1,0,0,0
467,7,2013-04-14,0,0,0,0,0,0
467,1,2013-04-15,10296,1467,1,0,0,0
467,2,2013-04-16,11057,1500,1,0,0,0
467,3,2013-04-17,9650,1322,1,0,0,0
467,4,2013-04-18,10844,1542,1,0,0,0
467,5,2013-04-19,10734,1410,1,0,0,0
467,6,2013-04-20,13279,1723,1,0,0,0
467,7,2013-04-21,0,0,0,0,0,0
467,1,2013-04-22,15605,1812,1,1,0,0
467,2,2013-04-23,13769,1618,1,1,0,0
467,3,2013-04-24,11683,1438,1,1,0,0
467,4,2013-04-25,12573,1616,1,1,0,0
467,5,2013-04-26,9741,1151,1,1,0,0
467,6,2013-04-27,13660,1724,1,0,0,0
467,7,2013-04-28,0,0,0,0,0,0
467,1,2013-04-29,16677,1783,1,1,0,0
467,2,2013-04-30,18090,2098,1,1,0,0
467,3,2013-05-01,0,0,0,1,a,0
467,4,2013-05-02,16900,1947,1,1,0,0
467,5,2013-05-03,15080,1773,1,1,0,0
467,6,2013-05-04,14209,1789,1,0,0,0
467,7,2013-05-05,0,0,0,0,0,0
467,1,2013-05-06,12339,1624,1,0,0,0
467,2,2013-05-07,12780,1649,1,0,0,0
467,3,2013-05-08,15486,1989,1,0,0,0
467,4,2013-05-09,0,0,0,0,a,0
467,5,2013-05-10,16999,2138,1,0,0,0
467,6,2013-05-11,13506,1780,1,0,0,0
467,7,2013-05-12,0,0,0,0,0,0
467,1,2013-05-13,14286,1606,1,1,0,0
467,2,2013-05-14,14919,1726,1,1,0,0
467,3,2013-05-15,14729,1792,1,1,0,0
467,4,2013-05-16,13569,1627,1,1,0,0
467,5,2013-05-17,12607,1530,1,1,0,0
467,6,2013-05-18,12777,1614,1,0,0,0
467,7,2013-05-19,0,0,0,0,0,0
467,1,2013-05-20,0,0,0,0,a,0
467,2,2013-05-21,13438,1814,1,0,0,1
467,3,2013-05-22,9657,1244,1,0,0,0
467,4,2013-05-23,12078,1543,1,0,0,0
467,5,2013-05-24,10622,1420,1,0,0,0
467,6,2013-05-25,11786,1533,1,0,0,0
467,7,2013-05-26,0,0,0,0,0,0
467,1,2013-05-27,15977,1803,1,1,0,0
467,2,2013-05-28,14219,1720,1,1,0,0
467,3,2013-05-29,15038,1697,1,1,0,0
467,4,2013-05-30,0,0,0,1,a,0
467,5,2013-05-31,19742,2199,1,1,0,0
467,6,2013-06-01,14037,1683,1,0,0,0
467,7,2013-06-02,0,0,0,0,0,0
467,1,2013-06-03,18486,1946,1,1,0,0
467,2,2013-06-04,16241,1892,1,1,0,0
467,3,2013-06-05,14503,1651,1,1,0,0
467,4,2013-06-06,13317,1673,1,1,0,0
467,5,2013-06-07,13545,1664,1,1,0,0
467,6,2013-06-08,13249,1797,1,0,0,0
467,7,2013-06-09,0,0,0,0,0,0
467,1,2013-06-10,11820,1542,1,0,0,0
467,2,2013-06-11,11942,1603,1,0,0,0
467,3,2013-06-12,10798,1525,1,0,0,0
467,4,2013-06-13,10262,1400,1,0,0,0
467,5,2013-06-14,11272,1482,1,0,0,0
467,6,2013-06-15,12642,1641,1,0,0,0
467,7,2013-06-16,0,0,0,0,0,0
467,1,2013-06-17,16888,1883,1,1,0,0
467,2,2013-06-18,13506,1691,1,1,0,0
467,3,2013-06-19,10020,1313,1,1,0,0
467,4,2013-06-20,11276,1350,1,1,0,0
467,5,2013-06-21,11983,1426,1,1,0,0
467,6,2013-06-22,13961,1717,1,0,0,0
467,7,2013-06-23,0,0,0,0,0,0
467,1,2013-06-24,11586,1467,1,0,0,0
467,2,2013-06-25,10705,1499,1,0,0,0
467,3,2013-06-26,11236,1508,1,0,0,0
467,4,2013-06-27,11682,1487,1,0,0,0
467,5,2013-06-28,11982,1531,1,0,0,0
467,6,2013-06-29,14464,1783,1,0,0,0
467,7,2013-06-30,0,0,0,0,0,0
467,1,2013-07-01,18641,2130,1,1,0,0
467,2,2013-07-02,18218,2001,1,1,0,0
467,3,2013-07-03,13550,1599,1,1,0,0
467,4,2013-07-04,14731,1810,1,1,0,0
467,5,2013-07-05,12657,1615,1,1,0,0
467,6,2013-07-06,12039,1587,1,0,0,0
467,7,2013-07-07,0,0,0,0,0,0
467,1,2013-07-08,11342,1611,1,0,0,0
467,2,2013-07-09,12211,1623,1,0,0,0
467,3,2013-07-10,11548,1490,1,0,0,0
467,4,2013-07-11,12609,1600,1,0,0,0
467,5,2013-07-12,11128,1449,1,0,0,0
467,6,2013-07-13,12853,1686,1,0,0,0
467,7,2013-07-14,0,0,0,0,0,0
467,1,2013-07-15,20501,2064,1,1,0,0
467,2,2013-07-16,17162,1881,1,1,0,0
467,3,2013-07-17,14780,1726,1,1,0,0
467,4,2013-07-18,14557,1769,1,1,0,0
467,5,2013-07-19,14331,1669,1,1,0,0
467,6,2013-07-20,13985,1680,1,0,0,0
467,7,2013-07-21,0,0,0,0,0,0
467,1,2013-07-22,11336,1545,1,0,0,1
467,2,2013-07-23,11132,1448,1,0,0,1
467,3,2013-07-24,10865,1397,1,0,0,1
467,4,2013-07-25,11948,1552,1,0,0,1
467,5,2013-07-26,10980,1452,1,0,0,1
467,6,2013-07-27,10767,1444,1,0,0,0
467,7,2013-07-28,0,0,0,0,0,0
467,1,2013-07-29,19384,2035,1,1,0,1
467,2,2013-07-30,17480,1955,1,1,0,1
467,3,2013-07-31,17930,1874,1,1,0,1
467,4,2013-08-01,15894,1847,1,1,0,1
467,5,2013-08-02,10988,1317,1,1,0,1
467,6,2013-08-03,12919,1626,1,0,0,0
467,7,2013-08-04,0,0,0,0,0,0
467,1,2013-08-05,12477,1637,1,0,0,1
467,2,2013-08-06,14298,1853,1,0,0,1
467,3,2013-08-07,11255,1445,1,0,0,1
467,4,2013-08-08,12180,1649,1,0,0,1
467,5,2013-08-09,11500,1431,1,0,0,1
467,6,2013-08-10,11970,1465,1,0,0,0
467,7,2013-08-11,0,0,0,0,0,0
467,1,2013-08-12,18943,1997,1,1,0,1
467,2,2013-08-13,15760,1822,1,1,0,1
467,3,2013-08-14,16571,2013,1,1,0,1
467,4,2013-08-15,14532,1711,1,1,0,1
467,5,2013-08-16,12525,1565,1,1,0,1
467,6,2013-08-17,11217,1431,1,0,0,0
467,7,2013-08-18,0,0,0,0,0,0
467,1,2013-08-19,8721,1179,1,0,0,1
467,2,2013-08-20,11678,1514,1,0,0,1
467,3,2013-08-21,9701,1358,1,0,0,1
467,4,2013-08-22,10752,1448,1,0,0,1
467,5,2013-08-23,9225,1299,1,0,0,1
467,6,2013-08-24,11435,1466,1,0,0,0
467,7,2013-08-25,0,0,0,0,0,0
467,1,2013-08-26,16916,1911,1,1,0,1
467,2,2013-08-27,15063,1721,1,1,0,1
467,3,2013-08-28,12833,1539,1,1,0,1
467,4,2013-08-29,12998,1593,1,1,0,1
467,5,2013-08-30,15523,1781,1,1,0,1
467,6,2013-08-31,12533,1832,1,0,0,0
467,7,2013-09-01,0,0,0,0,0,0
467,1,2013-09-02,14424,1828,1,0,0,1
467,2,2013-09-03,13964,1813,1,0,0,1
467,3,2013-09-04,11191,1542,1,0,0,0
467,4,2013-09-05,10617,1460,1,0,0,0
467,5,2013-09-06,10018,1365,1,0,0,0
467,6,2013-09-07,12142,1545,1,0,0,0
467,7,2013-09-08,0,0,0,0,0,0
467,1,2013-09-09,18636,1967,1,1,0,0
467,2,2013-09-10,11128,1305,1,1,0,0
467,3,2013-09-11,14191,1574,1,1,0,0
467,4,2013-09-12,13470,1709,1,1,0,0
467,5,2013-09-13,12770,1554,1,1,0,0
467,6,2013-09-14,10010,1327,1,0,0,0
467,7,2013-09-15,0,0,0,0,0,0
467,1,2013-09-16,10042,1392,1,0,0,0
467,2,2013-09-17,10726,1456,1,0,0,0
467,3,2013-09-18,10584,1407,1,0,0,0
467,4,2013-09-19,10291,1466,1,0,0,0
467,5,2013-09-20,9849,1344,1,0,0,0
467,6,2013-09-21,11918,1589,1,0,0,0
467,7,2013-09-22,0,0,0,0,0,0
467,1,2013-09-23,14654,1723,1,1,0,0
467,2,2013-09-24,13486,1664,1,1,0,0
467,3,2013-09-25,12123,1492,1,1,0,0
467,4,2013-09-26,12150,1512,1,1,0,0
467,5,2013-09-27,11772,1464,1,1,0,0
467,6,2013-09-28,12214,1622,1,0,0,0
467,7,2013-09-29,0,0,0,0,0,0
467,1,2013-09-30,12951,1631,1,0,0,0
467,2,2013-10-01,13745,1757,1,0,0,0
467,3,2013-10-02,14488,2007,1,0,0,0
467,4,2013-10-03,0,0,0,0,a,0
467,5,2013-10-04,16003,2052,1,0,0,0
467,6,2013-10-05,13613,1733,1,0,0,0
467,7,2013-10-06,0,0,0,0,0,0
467,1,2013-10-07,17955,2005,1,1,0,0
467,2,2013-10-08,14598,1716,1,1,0,0
467,3,2013-10-09,12482,1492,1,1,0,0
467,4,2013-10-10,13583,1679,1,1,0,0
467,5,2013-10-11,9545,1107,1,1,0,0
467,6,2013-10-12,12941,1629,1,0,0,0
467,7,2013-10-13,0,0,0,0,0,0
467,1,2013-10-14,12435,1587,1,0,0,0
467,2,2013-10-15,11526,1471,1,0,0,0
467,3,2013-10-16,10556,1402,1,0,0,0
467,4,2013-10-17,10976,1494,1,0,0,0
467,5,2013-10-18,9784,1332,1,0,0,0
467,6,2013-10-19,11581,1663,1,0,0,0
467,7,2013-10-20,0,0,0,0,0,0
467,1,2013-10-21,13688,1648,1,1,0,1
467,2,2013-10-22,13470,1705,1,1,0,1
467,3,2013-10-23,12048,1477,1,1,0,1
467,4,2013-10-24,12782,1574,1,1,0,1
467,5,2013-10-25,11170,1343,1,1,0,1
467,6,2013-10-26,10379,1434,1,0,0,0
467,7,2013-10-27,0,0,0,0,0,0
467,1,2013-10-28,8778,1225,1,0,0,1
467,2,2013-10-29,10970,1466,1,0,0,1
467,3,2013-10-30,11414,1536,1,0,0,1
467,4,2013-10-31,14242,1731,1,0,0,1
467,5,2013-11-01,0,0,0,0,a,1
467,6,2013-11-02,14867,1863,1,0,0,0
467,7,2013-11-03,0,0,0,0,0,0
467,1,2013-11-04,15060,1572,1,1,0,0
467,2,2013-11-05,16154,1809,1,1,0,0
467,3,2013-11-06,14662,1696,1,1,0,0
467,4,2013-11-07,13390,1585,1,1,0,0
467,5,2013-11-08,13379,1601,1,1,0,0
467,6,2013-11-09,14354,1820,1,0,0,0
467,7,2013-11-10,0,0,0,0,0,0
467,1,2013-11-11,10535,1408,1,0,0,0
467,2,2013-11-12,10094,1270,1,0,0,0
467,3,2013-11-13,10740,1439,1,0,0,0
467,4,2013-11-14,10319,1373,1,0,0,0
467,5,2013-11-15,10969,1450,1,0,0,0
467,6,2013-11-16,15651,2021,1,0,0,0
467,7,2013-11-17,0,0,0,0,0,0
467,1,2013-11-18,16802,1835,1,1,0,0
467,2,2013-11-19,15482,1695,1,1,0,0
467,3,2013-11-20,13667,1566,1,1,0,0
467,4,2013-11-21,13607,1576,1,1,0,0
467,5,2013-11-22,13430,1605,1,1,0,0
467,6,2013-11-23,13950,1707,1,0,0,0
467,7,2013-11-24,0,0,0,0,0,0
467,1,2013-11-25,13123,1561,1,0,0,0
467,2,2013-11-26,12586,1577,1,0,0,0
467,3,2013-11-27,11366,1384,1,0,0,0
467,4,2013-11-28,12939,1600,1,0,0,0
467,5,2013-11-29,14095,1558,1,0,0,0
467,6,2013-11-30,17767,1981,1,0,0,0
467,7,2013-12-01,0,0,0,0,0,0
467,1,2013-12-02,23782,2269,1,1,0,0
467,2,2013-12-03,20366,2121,1,1,0,0
467,3,2013-12-04,17446,1786,1,1,0,0
467,4,2013-12-05,13508,1442,1,1,0,0
467,5,2013-12-06,14153,1657,1,1,0,0
467,6,2013-12-07,16474,1943,1,0,0,0
467,7,2013-12-08,0,0,0,0,0,0
467,1,2013-12-09,13909,1718,1,0,0,0
467,2,2013-12-10,14491,1843,1,0,0,0
467,3,2013-12-11,13776,1671,1,0,0,0
467,4,2013-12-12,15040,1816,1,0,0,0
467,5,2013-12-13,15062,1806,1,0,0,0
467,6,2013-12-14,19132,2244,1,0,0,0
467,7,2013-12-15,0,0,0,0,0,0
467,1,2013-12-16,27077,2589,1,1,0,0
467,2,2013-12-17,28108,3092,1,1,0,0
467,3,2013-12-18,21049,2266,1,1,0,0
467,4,2013-12-19,21660,2394,1,1,0,0
467,5,2013-12-20,21270,2382,1,1,0,0
467,6,2013-12-21,23581,2656,1,0,0,0
467,7,2013-12-22,0,0,0,0,0,0
467,1,2013-12-23,28085,3351,1,0,0,1
467,2,2013-12-24,7645,880,1,0,0,1
467,3,2013-12-25,0,0,0,0,c,1
467,4,2013-12-26,0,0,0,0,c,1
467,5,2013-12-27,15426,2016,1,0,0,1
467,6,2013-12-28,13627,1748,1,0,0,0
467,7,2013-12-29,0,0,0,0,0,0
467,1,2013-12-30,17173,2105,1,0,0,1
467,2,2013-12-31,6187,776,1,0,0,1
467,3,2014-01-01,0,0,0,0,a,1
467,4,2014-01-02,13117,1682,1,0,0,1
467,5,2014-01-03,11654,1587,1,0,0,1
467,6,2014-01-04,13522,1708,1,0,0,0
467,7,2014-01-05,0,0,0,0,0,0
467,1,2014-01-06,19858,2070,1,1,0,1
467,2,2014-01-07,17247,1938,1,1,0,1
467,3,2014-01-08,12693,1494,1,1,0,0
467,4,2014-01-09,12709,1437,1,1,0,0
467,5,2014-01-10,12746,1519,1,1,0,0
467,6,2014-01-11,13236,1558,1,0,0,0
467,7,2014-01-12,0,0,0,0,0,0
467,1,2014-01-13,10687,1383,1,0,0,0
467,2,2014-01-14,11013,1493,1,0,0,0
467,3,2014-01-15,10428,1354,1,0,0,0
467,4,2014-01-16,9761,1365,1,0,0,0
467,5,2014-01-17,10915,1420,1,0,0,0
467,6,2014-01-18,14504,1843,1,0,0,0
467,7,2014-01-19,0,0,0,0,0,0
467,1,2014-01-20,17459,1820,1,1,0,0
467,2,2014-01-21,15158,1688,1,1,0,0
467,3,2014-01-22,12242,1391,1,1,0,0
467,4,2014-01-23,12908,1558,1,1,0,0
467,5,2014-01-24,11651,1414,1,1,0,0
467,6,2014-01-25,13200,1617,1,0,0,0
467,7,2014-01-26,0,0,0,0,0,0
467,1,2014-01-27,9504,1280,1,0,0,0
467,2,2014-01-28,10757,1443,1,0,0,0
467,3,2014-01-29,9343,1292,1,0,0,0
467,4,2014-01-30,10793,1408,1,0,0,0
467,5,2014-01-31,13702,1637,1,0,0,0
467,6,2014-02-01,14012,1670,1,0,0,0
467,7,2014-02-02,0,0,0,0,0,0
467,1,2014-02-03,19863,2081,1,1,0,0
467,2,2014-02-04,17209,1869,1,1,0,0
467,3,2014-02-05,13733,1594,1,1,0,0
467,4,2014-02-06,15007,1801,1,1,0,0
467,5,2014-02-07,11208,1275,1,1,0,0
467,6,2014-02-08,13163,1611,1,0,0,0
467,7,2014-02-09,0,0,0,0,0,0
467,1,2014-02-10,11645,1549,1,0,0,0
467,2,2014-02-11,11501,1527,1,0,0,0
467,3,2014-02-12,11040,1483,1,0,0,0
467,4,2014-02-13,11148,1448,1,0,0,0
467,5,2014-02-14,12293,1575,1,0,0,0
467,6,2014-02-15,12796,1634,1,0,0,0
467,7,2014-02-16,0,0,0,0,0,0
467,1,2014-02-17,16482,1752,1,1,0,0
467,2,2014-02-18,15603,1796,1,1,0,0
467,3,2014-02-19,13150,1579,1,1,0,0
467,4,2014-02-20,13853,1627,1,1,0,0
467,5,2014-02-21,11195,1375,1,1,0,0
467,6,2014-02-22,12528,1602,1,0,0,0
467,7,2014-02-23,0,0,0,0,0,0
467,1,2014-02-24,11591,1547,1,0,0,0
467,2,2014-02-25,10633,1459,1,0,0,0
467,3,2014-02-26,10119,1359,1,0,0,0
467,4,2014-02-27,10887,1352,1,0,0,0
467,5,2014-02-28,13140,1638,1,0,0,0
467,6,2014-03-01,14389,1801,1,0,0,0
467,7,2014-03-02,0,0,0,0,0,0
467,1,2014-03-03,6780,692,1,1,0,0
467,2,2014-03-04,18868,2097,1,1,0,0
467,3,2014-03-05,15441,1666,1,1,0,0
467,4,2014-03-06,15171,1713,1,1,0,0
467,5,2014-03-07,13539,1622,1,1,0,0
467,6,2014-03-08,13877,1749,1,0,0,0
467,7,2014-03-09,0,0,0,0,0,0
467,1,2014-03-10,11353,1467,1,0,0,0
467,2,2014-03-11,11230,1457,1,0,0,0
467,3,2014-03-12,10752,1410,1,0,0,0
467,4,2014-03-13,11145,1463,1,0,0,0
467,5,2014-03-14,11321,1414,1,0,0,0
467,6,2014-03-15,13694,1659,1,0,0,0
467,7,2014-03-16,0,0,0,0,0,0
467,1,2014-03-17,16023,1734,1,1,0,0
467,2,2014-03-18,14405,1686,1,1,0,0
467,3,2014-03-19,13252,1590,1,1,0,0
467,4,2014-03-20,13640,1671,1,1,0,0
467,5,2014-03-21,11023,1309,1,1,0,0
467,6,2014-03-22,13071,1636,1,0,0,0
467,7,2014-03-23,0,0,0,0,0,0
467,1,2014-03-24,11713,1452,1,0,0,0
467,2,2014-03-25,10742,1411,1,0,0,0
467,3,2014-03-26,10736,1357,1,0,0,0
467,4,2014-03-27,11114,1503,1,0,0,0
467,5,2014-03-28,11104,1387,1,0,0,0
467,6,2014-03-29,12332,1597,1,0,0,0
467,7,2014-03-30,0,0,0,0,0,0
467,1,2014-03-31,17756,1810,1,1,0,0
467,2,2014-04-01,16525,1845,1,1,0,0
467,3,2014-04-02,13777,1625,1,1,0,0
467,4,2014-04-03,13916,1756,1,1,0,0
467,5,2014-04-04,13670,1564,1,1,0,0
467,6,2014-04-05,13159,1618,1,0,0,0
467,7,2014-04-06,0,0,0,0,0,0
467,1,2014-04-07,10724,1471,1,0,0,0
467,2,2014-04-08,11398,1383,1,0,0,0
467,3,2014-04-09,12754,1606,1,0,0,0
467,4,2014-04-10,12151,1551,1,0,0,0
467,5,2014-04-11,10651,1392,1,0,0,0
467,6,2014-04-12,13007,1643,1,0,0,0
467,7,2014-04-13,0,0,0,0,0,0
467,1,2014-04-14,18312,1842,1,1,0,1
467,2,2014-04-15,18785,1998,1,1,0,1
467,3,2014-04-16,16293,1821,1,1,0,1
467,4,2014-04-17,16523,1974,1,1,0,1
467,5,2014-04-18,0,0,0,1,b,1
467,6,2014-04-19,17638,2142,1,0,0,0
467,7,2014-04-20,0,0,0,0,0,0
467,1,2014-04-21,0,0,0,0,b,1
467,2,2014-04-22,13133,1752,1,0,0,1
467,3,2014-04-23,11093,1452,1,0,0,1
467,4,2014-04-24,10946,1506,1,0,0,1
467,5,2014-04-25,10564,1397,1,0,0,1
467,6,2014-04-26,12107,1509,1,0,0,0
467,7,2014-04-27,0,0,0,0,0,0
467,1,2014-04-28,16006,1723,1,1,0,0
467,2,2014-04-29,16260,1796,1,1,0,0
467,3,2014-04-30,17139,1894,1,1,0,0
467,4,2014-05-01,0,0,0,1,a,0
467,5,2014-05-02,19162,2088,1,1,0,0
467,6,2014-05-03,13777,1670,1,0,0,0
467,7,2014-05-04,0,0,0,0,0,0
467,1,2014-05-05,16897,1927,1,1,0,0
467,2,2014-05-06,15041,1706,1,1,0,0
467,3,2014-05-07,12652,1519,1,1,0,0
467,4,2014-05-08,13629,1595,1,1,0,0
467,5,2014-05-09,11857,1493,1,1,0,0
467,6,2014-05-10,13568,1709,1,0,0,0
467,7,2014-05-11,0,0,0,0,0,0
467,1,2014-05-12,10089,1347,1,0,0,0
467,2,2014-05-13,11270,1478,1,0,0,0
467,3,2014-05-14,10416,1308,1,0,0,0
467,4,2014-05-15,11662,1472,1,0,0,0
467,5,2014-05-16,11460,1448,1,0,0,0
467,6,2014-05-17,12429,1611,1,0,0,0
467,7,2014-05-18,0,0,0,0,0,0
467,1,2014-05-19,17875,1953,1,1,0,0
467,2,2014-05-20,15227,1784,1,1,0,0
467,3,2014-05-21,13046,1515,1,1,0,0
467,4,2014-05-22,13630,1627,1,1,0,0
467,5,2014-05-23,11134,1354,1,1,0,0
467,6,2014-05-24,13429,1627,1,0,0,0
467,7,2014-05-25,0,0,0,0,0,0
467,1,2014-05-26,10320,1400,1,0,0,0
467,2,2014-05-27,10340,1358,1,0,0,0
467,3,2014-05-28,12295,1544,1,0,0,0
467,4,2014-05-29,0,0,0,0,a,0
467,5,2014-05-30,18829,2141,1,0,0,0
467,6,2014-05-31,14628,1740,1,0,0,0
467,7,2014-06-01,0,0,0,0,0,0
467,1,2014-06-02,20158,2046,1,1,0,0
467,2,2014-06-03,17901,2003,1,1,0,0
467,3,2014-06-04,15506,1799,1,1,0,0
467,4,2014-06-05,15179,1700,1,1,0,0
467,5,2014-06-06,13736,1595,1,1,0,0
467,6,2014-06-07,13249,1703,1,0,0,0
467,7,2014-06-08,0,0,0,0,0,0
467,1,2014-06-09,0,0,0,0,a,0
467,2,2014-06-10,13009,1692,1,0,0,1
467,3,2014-06-11,11703,1474,1,0,0,0
467,4,2014-06-12,12893,1665,1,0,0,0
467,5,2014-06-13,11694,1481,1,0,0,0
467,6,2014-06-14,14426,1779,1,0,0,0
467,7,2014-06-15,0,0,0,0,0,0
467,1,2014-06-16,16768,1731,1,1,0,0
467,2,2014-06-17,15804,1769,1,1,0,0
467,3,2014-06-18,16482,1909,1,1,0,0
467,4,2014-06-19,0,0,0,1,a,0
467,5,2014-06-20,16802,1931,1,1,0,0
467,6,2014-06-21,11979,1500,1,0,0,0
467,7,2014-06-22,0,0,0,0,0,0
467,1,2014-06-23,11825,1504,1,0,0,0
467,2,2014-06-24,11120,1496,1,0,0,0
467,3,2014-06-25,10493,1342,1,0,0,0
467,4,2014-06-26,10659,1464,1,0,0,0
467,5,2014-06-27,11455,1352,1,0,0,0
467,6,2014-06-28,14087,1659,1,0,0,0
467,7,2014-06-29,0,0,0,0,0,0
467,1,2014-06-30,20290,2031,1,1,0,0
467,2,2014-07-01,19430,2012,1,1,0,0
467,3,2014-07-02,16414,1846,1,1,0,0
467,4,2014-07-03,16805,2016,1,1,0,0
467,5,2014-07-04,12512,1487,1,1,0,0
467,6,2014-07-05,13448,1552,1,0,0,0
467,7,2014-07-06,0,0,0,0,0,0
467,1,2014-07-07,13824,1689,1,0,0,1
467,2,2014-07-08,10426,1244,1,0,0,1
467,3,2014-07-09,9472,1150,1,0,0,1
467,4,2014-07-10,12956,1633,1,0,0,1
467,5,2014-07-11,12251,1438,1,0,0,1
467,6,2014-07-12,13215,1571,1,0,0,0
467,7,2014-07-13,0,0,0,0,0,0
467,1,2014-07-14,16795,1729,1,1,0,1
467,2,2014-07-15,16853,1778,1,1,0,1
467,3,2014-07-16,15919,1711,1,1,0,1
467,4,2014-07-17,14860,1723,1,1,0,1
467,5,2014-07-18,10614,1286,1,1,0,1
467,6,2014-07-19,9834,1209,1,0,0,0
467,7,2014-07-20,0,0,0,0,0,0
467,1,2014-07-21,10571,1295,1,0,0,1
467,2,2014-07-22,13115,1701,1,0,0,1
467,3,2014-07-23,10848,1456,1,0,0,1
467,4,2014-07-24,11679,1548,1,0,0,1
467,5,2014-07-25,8407,1037,1,0,0,1
467,6,2014-07-26,11944,1471,1,0,0,0
467,7,2014-07-27,0,0,0,0,0,0
467,1,2014-07-28,16717,1810,1,1,0,1
467,2,2014-07-29,15922,1846,1,1,0,1
467,3,2014-07-30,15265,1688,1,1,0,1
467,4,2014-07-31,18146,1962,1,1,0,1
467,5,2014-08-01,14580,1679,1,1,0,1
467,6,2014-08-02,12450,1554,1,0,0,0
467,7,2014-08-03,0,0,0,0,0,0
467,1,2014-08-04,18942,2014,1,1,0,1
467,2,2014-08-05,16292,1820,1,1,0,1
467,3,2014-08-06,13669,1608,1,1,0,1
467,4,2014-08-07,14491,1748,1,1,0,1
467,5,2014-08-08,11902,1440,1,1,0,1
467,6,2014-08-09,11849,1445,1,0,0,0
467,7,2014-08-10,0,0,0,0,0,0
467,1,2014-08-11,13335,1681,1,0,0,1
467,2,2014-08-12,12138,1500,1,0,0,1
467,3,2014-08-13,12911,1736,1,0,0,1
467,4,2014-08-14,11686,1481,1,0,0,1
467,5,2014-08-15,11380,1444,1,0,0,1
467,6,2014-08-16,12172,1767,1,0,0,0
467,7,2014-08-17,0,0,0,0,0,0
467,1,2014-08-18,16999,1869,1,1,0,1
467,2,2014-08-19,16915,1926,1,1,0,1
467,3,2014-08-20,13674,1633,1,1,0,0
467,4,2014-08-21,13252,1610,1,1,0,0
467,5,2014-08-22,12574,1495,1,1,0,0
467,6,2014-08-23,12944,1659,1,0,0,0
467,7,2014-08-24,0,0,0,0,0,0
467,1,2014-08-25,10808,1466,1,0,0,0
467,2,2014-08-26,11085,1433,1,0,0,0
467,3,2014-08-27,10015,1348,1,0,0,0
467,4,2014-08-28,11490,1485,1,0,0,0
467,5,2014-08-29,12757,1570,1,0,0,0
467,6,2014-08-30,12395,1453,1,0,0,0
467,7,2014-08-31,0,0,0,0,0,0
467,1,2014-09-01,19859,1977,1,1,0,0
467,2,2014-09-02,16930,1867,1,1,0,0
467,3,2014-09-03,14549,1677,1,1,0,0
467,4,2014-09-04,15187,1777,1,1,0,0
467,5,2014-09-05,13139,1590,1,1,0,0
467,6,2014-09-06,13111,1665,1,0,0,0
467,7,2014-09-07,0,0,0,0,0,0
467,1,2014-09-08,11721,1516,1,0,0,0
467,2,2014-09-09,11644,1486,1,0,0,0
467,3,2014-09-10,9834,1231,1,0,0,0
467,4,2014-09-11,12472,1544,1,0,0,0
467,5,2014-09-12,11497,1428,1,0,0,0
467,6,2014-09-13,13228,1697,1,0,0,0
467,7,2014-09-14,0,0,0,0,0,0
467,1,2014-09-15,16558,1799,1,1,0,0
467,2,2014-09-16,14965,1774,1,1,0,0
467,3,2014-09-17,13062,1558,1,1,0,0
467,4,2014-09-18,12561,1642,1,1,0,0
467,5,2014-09-19,12030,1448,1,1,0,0
467,6,2014-09-20,12327,1593,1,0,0,0
467,7,2014-09-21,0,0,0,0,0,0
467,1,2014-09-22,10648,1347,1,0,0,0
467,2,2014-09-23,10957,1492,1,0,0,0
467,3,2014-09-24,9483,1247,1,0,0,0
467,4,2014-09-25,11068,1397,1,0,0,0
467,5,2014-09-26,10826,1410,1,0,0,0
467,6,2014-09-27,11856,1502,1,0,0,0
467,7,2014-09-28,0,0,0,0,0,0
467,1,2014-09-29,17841,1794,1,1,0,0
467,2,2014-09-30,17623,1916,1,1,0,0
467,3,2014-10-01,16479,1754,1,1,0,0
467,4,2014-10-02,18507,2168,1,1,0,0
467,5,2014-10-03,0,0,0,1,a,0
467,6,2014-10-04,17017,2027,1,0,0,0
467,7,2014-10-05,0,0,0,0,0,0
467,1,2014-10-06,18192,1921,1,1,0,1
467,2,2014-10-07,14612,1654,1,1,0,1
467,3,2014-10-08,12970,1526,1,1,0,1
467,4,2014-10-09,13947,1713,1,1,0,1
467,5,2014-10-10,12362,1487,1,1,0,1
467,6,2014-10-11,12479,1525,1,0,0,0
467,7,2014-10-12,0,0,0,0,0,0
467,1,2014-10-13,11351,1481,1,0,0,1
467,2,2014-10-14,10979,1466,1,0,0,1
467,3,2014-10-15,10523,1326,1,0,0,1
467,4,2014-10-16,10766,1427,1,0,0,1
467,5,2014-10-17,9872,1331,1,0,0,1
467,6,2014-10-18,11241,1461,1,0,0,0
467,7,2014-10-19,0,0,0,0,0,0
467,1,2014-10-20,13105,1495,1,1,0,0
467,2,2014-10-21,11455,1261,1,1,0,0
467,3,2014-10-22,11055,1330,1,1,0,0
467,4,2014-10-23,12648,1559,1,1,0,0
467,5,2014-10-24,11983,1419,1,1,0,0
467,6,2014-10-25,11730,1496,1,0,0,0
467,7,2014-10-26,0,0,0,0,0,0
467,1,2014-10-27,11270,1473,1,0,0,0
467,2,2014-10-28,11745,1480,1,0,0,0
467,3,2014-10-29,9269,1186,1,0,0,0
467,4,2014-10-30,13115,1617,1,0,0,0
467,5,2014-10-31,14799,1809,1,0,0,0
467,6,2014-11-01,0,0,0,0,a,0
467,7,2014-11-02,0,0,0,0,0,0
467,1,2014-11-03,20239,2061,1,1,0,0
467,2,2014-11-04,15939,1863,1,1,0,0
467,3,2014-11-05,16523,1928,1,1,0,0
467,4,2014-11-06,13429,1627,1,1,0,0
467,5,2014-11-07,12762,1490,1,1,0,0
467,6,2014-11-08,15187,1806,1,0,0,0
467,7,2014-11-09,0,0,0,0,0,0
467,1,2014-11-10,14629,1648,1,1,0,0
467,2,2014-11-11,13340,1595,1,1,0,0
467,3,2014-11-12,11738,1450,1,1,0,0
467,4,2014-11-13,12440,1527,1,1,0,0
467,5,2014-11-14,11713,1451,1,1,0,0
467,6,2014-11-15,12961,1563,1,0,0,0
467,7,2014-11-16,0,0,0,0,0,0
467,1,2014-11-17,10751,1442,1,0,0,0
467,2,2014-11-18,10234,1316,1,0,0,0
467,3,2014-11-19,10676,1327,1,0,0,0
467,4,2014-11-20,10193,1382,1,0,0,0
467,5,2014-11-21,11853,1556,1,0,0,0
467,6,2014-11-22,12407,1640,1,0,0,0
467,7,2014-11-23,0,0,0,0,0,0
467,1,2014-11-24,16099,1799,1,1,0,0
467,2,2014-11-25,14985,1638,1,1,0,0
467,3,2014-11-26,12263,1433,1,1,0,0
467,4,2014-11-27,14349,1630,1,1,0,0
467,5,2014-11-28,15833,1716,1,1,0,0
467,6,2014-11-29,16570,1869,1,0,0,0
467,7,2014-11-30,0,0,0,0,0,0
467,1,2014-12-01,19753,1938,1,1,0,0
467,2,2014-12-02,17979,1927,1,1,0,0
467,3,2014-12-03,15938,1663,1,1,0,0
467,4,2014-12-04,17399,1873,1,1,0,0
467,5,2014-12-05,17018,1953,1,1,0,0
467,6,2014-12-06,15682,1879,1,0,0,0
467,7,2014-12-07,0,0,0,0,0,0
467,1,2014-12-08,12856,1595,1,0,0,0
467,2,2014-12-09,14001,1700,1,0,0,0
467,3,2014-12-10,11908,1452,1,0,0,0
467,4,2014-12-11,12886,1531,1,0,0,0
467,5,2014-12-12,10130,1222,1,0,0,0
467,6,2014-12-13,19865,2284,1,0,0,0
467,7,2014-12-14,0,0,0,0,0,0
467,1,2014-12-15,20037,1965,1,1,0,0
467,2,2014-12-16,25514,2756,1,1,0,0
467,3,2014-12-17,16938,1775,1,1,0,0
467,4,2014-12-18,19375,2181,1,1,0,0
467,5,2014-12-19,16865,1901,1,1,0,0
467,6,2014-12-20,19652,2240,1,0,0,0
467,7,2014-12-21,0,0,0,0,0,0
467,1,2014-12-22,25367,2886,1,0,0,1
467,2,2014-12-23,22516,2793,1,0,0,1
467,3,2014-12-24,7556,863,1,0,0,1
467,4,2014-12-25,0,0,0,0,c,1
467,5,2014-12-26,0,0,0,0,c,1
467,6,2014-12-27,14484,1845,1,0,0,0
467,7,2014-12-28,0,0,0,0,0,0
467,1,2014-12-29,15372,1913,1,0,0,1
467,2,2014-12-30,16469,2014,1,0,0,1
467,3,2014-12-31,5571,694,1,0,0,1
467,4,2015-01-01,0,0,0,0,a,1
467,5,2015-01-02,13336,1653,1,0,0,1
467,6,2015-01-03,11949,1544,1,0,0,0
467,7,2015-01-04,0,0,0,0,0,0
467,1,2015-01-05,18160,2021,1,1,0,1
467,2,2015-01-06,15445,1766,1,1,0,1
467,3,2015-01-07,12757,1458,1,1,0,0
467,4,2015-01-08,10032,1163,1,1,0,0
467,5,2015-01-09,11079,1283,1,1,0,0
467,6,2015-01-10,10136,1226,1,0,0,0
467,7,2015-01-11,0,0,0,0,0,0
467,1,2015-01-12,13146,1461,1,1,0,0
467,2,2015-01-13,11933,1415,1,1,0,0
467,3,2015-01-14,12347,1404,1,1,0,0
467,4,2015-01-15,10222,1206,1,1,0,0
467,5,2015-01-16,13940,1670,1,1,0,0
467,6,2015-01-17,15394,1845,1,0,0,0
467,7,2015-01-18,0,0,0,0,0,0
467,1,2015-01-19,9985,1334,1,0,0,0
467,2,2015-01-20,11096,1418,1,0,0,0
467,3,2015-01-21,9773,1259,1,0,0,0
467,4,2015-01-22,10186,1341,1,0,0,0
467,5,2015-01-23,10064,1299,1,0,0,0
467,6,2015-01-24,9810,1231,1,0,0,0
467,7,2015-01-25,0,0,0,0,0,0
467,1,2015-01-26,12452,1444,1,1,0,0
467,2,2015-01-27,14177,1697,1,1,0,0
467,3,2015-01-28,10871,1262,1,1,0,0
467,4,2015-01-29,11073,1239,1,1,0,0
467,5,2015-01-30,14604,1576,1,1,0,0
467,6,2015-01-31,16298,1895,1,0,0,0
467,7,2015-02-01,0,0,0,0,0,0
467,1,2015-02-02,16585,1871,1,1,0,0
467,2,2015-02-03,14874,1670,1,1,0,0
467,3,2015-02-04,12874,1515,1,1,0,0
467,4,2015-02-05,12377,1471,1,1,0,0
467,5,2015-02-06,13154,1538,1,1,0,0
467,6,2015-02-07,13142,1569,1,0,0,0
467,7,2015-02-08,0,0,0,0,0,0
467,1,2015-02-09,10593,1418,1,0,0,0
467,2,2015-02-10,11023,1452,1,0,0,0
467,3,2015-02-11,11485,1465,1,0,0,0
467,4,2015-02-12,10067,1341,1,0,0,0
467,5,2015-02-13,11925,1533,1,0,0,0
467,6,2015-02-14,14510,1820,1,0,0,0
467,7,2015-02-15,0,0,0,0,0,0
467,1,2015-02-16,5682,603,1,1,0,0
467,2,2015-02-17,15817,1708,1,1,0,0
467,3,2015-02-18,12941,1511,1,1,0,0
467,4,2015-02-19,13763,1580,1,1,0,0
467,5,2015-02-20,11657,1359,1,1,0,0
467,6,2015-02-21,12519,1513,1,0,0,0
467,7,2015-02-22,0,0,0,0,0,0
467,1,2015-02-23,10386,1341,1,0,0,0
467,2,2015-02-24,10040,1340,1,0,0,0
467,3,2015-02-25,9807,1259,1,0,0,0
467,4,2015-02-26,11001,1464,1,0,0,0
467,5,2015-02-27,13159,1516,1,0,0,0
467,6,2015-02-28,15886,1841,1,0,0,0
467,7,2015-03-01,0,0,0,0,0,0
467,1,2015-03-02,15981,1634,1,1,0,0
467,2,2015-03-03,14660,1533,1,1,0,0
467,3,2015-03-04,13450,1534,1,1,0,0
467,4,2015-03-05,13446,1578,1,1,0,0
467,5,2015-03-06,13153,1552,1,1,0,0
467,6,2015-03-07,14204,1710,1,0,0,0
467,7,2015-03-08,0,0,0,0,0,0
467,1,2015-03-09,11284,1372,1,0,0,0
467,2,2015-03-10,11848,1487,1,0,0,0
467,3,2015-03-11,10990,1387,1,0,0,0
467,4,2015-03-12,11258,1472,1,0,0,0
467,5,2015-03-13,11591,1411,1,0,0,0
467,6,2015-03-14,13485,1515,1,0,0,0
467,7,2015-03-15,0,0,0,0,0,0
467,1,2015-03-16,17169,1777,1,1,0,0
467,2,2015-03-17,14701,1690,1,1,0,0
467,3,2015-03-18,12860,1525,1,1,0,0
467,4,2015-03-19,13045,1526,1,1,0,0
467,5,2015-03-20,12151,1386,1,1,0,0
467,6,2015-03-21,12582,1450,1,0,0,0
467,7,2015-03-22,0,0,0,0,0,0
467,1,2015-03-23,11116,1392,1,0,0,0
467,2,2015-03-24,11525,1414,1,0,0,0
467,3,2015-03-25,11917,1520,1,0,0,0
467,4,2015-03-26,10791,1379,1,0,0,0
467,5,2015-03-27,10005,1177,1,0,0,0
467,6,2015-03-28,12975,1525,1,0,0,0
467,7,2015-03-29,0,0,0,0,0,0
467,1,2015-03-30,16274,1614,1,1,0,1
467,2,2015-03-31,15584,1459,1,1,0,1
467,3,2015-04-01,17925,1799,1,1,0,1
467,4,2015-04-02,19210,1994,1,1,0,1
467,5,2015-04-03,0,0,0,1,b,1
467,6,2015-04-04,18512,2131,1,0,0,0
467,7,2015-04-05,0,0,0,0,0,0
467,1,2015-04-06,0,0,0,0,b,1
467,2,2015-04-07,14623,1791,1,0,0,1
467,3,2015-04-08,11135,1461,1,0,0,1
467,4,2015-04-09,12755,1641,1,0,0,1
467,5,2015-04-10,11594,1448,1,0,0,1
467,6,2015-04-11,11566,1388,1,0,0,0
467,7,2015-04-12,0,0,0,0,0,0
467,1,2015-04-13,17568,1761,1,1,0,0
467,2,2015-04-14,16449,1693,1,1,0,0
467,3,2015-04-15,13525,1527,1,1,0,0
467,4,2015-04-16,13599,1521,1,1,0,0
467,5,2015-04-17,12378,1439,1,1,0,0
467,6,2015-04-18,12289,1512,1,0,0,0
467,7,2015-04-19,0,0,0,0,0,0
467,1,2015-04-20,10812,1469,1,0,0,0
467,2,2015-04-21,10630,1424,1,0,0,0
467,3,2015-04-22,9263,1234,1,0,0,0
467,4,2015-04-23,10742,1416,1,0,0,0
467,5,2015-04-24,10029,1299,1,0,0,0
467,6,2015-04-25,11073,1344,1,0,0,0
467,7,2015-04-26,0,0,0,0,0,0
467,1,2015-04-27,17033,1740,1,1,0,0
467,2,2015-04-28,14573,1589,1,1,0,0
467,3,2015-04-29,14109,1589,1,1,0,0
467,4,2015-04-30,18236,1901,1,1,0,0
467,5,2015-05-01,0,0,0,1,a,0
467,6,2015-05-02,17640,1970,1,0,0,0
467,7,2015-05-03,0,0,0,0,0,0
467,1,2015-05-04,17883,1869,1,1,0,0
467,2,2015-05-05,15019,1640,1,1,0,0
467,3,2015-05-06,14733,1634,1,1,0,0
467,4,2015-05-07,14925,1662,1,1,0,0
467,5,2015-05-08,13758,1636,1,1,0,0
467,6,2015-05-09,14002,1723,1,0,0,0
467,7,2015-05-10,0,0,0,0,0,0
467,1,2015-05-11,11423,1519,1,0,0,0
467,2,2015-05-12,12936,1584,1,0,0,0
467,3,2015-05-13,13600,1638,1,0,0,0
467,4,2015-05-14,0,0,0,0,a,0
467,5,2015-05-15,16536,1987,1,0,0,0
467,6,2015-05-16,11979,1386,1,0,0,0
467,7,2015-05-17,0,0,0,0,0,0
467,1,2015-05-18,16743,1733,1,1,0,0
467,2,2015-05-19,14545,1617,1,1,0,0
467,3,2015-05-20,14459,1594,1,1,0,0
467,4,2015-05-21,14096,1573,1,1,0,0
467,5,2015-05-22,11793,1436,1,1,0,0
467,6,2015-05-23,12564,1524,1,0,0,0
467,7,2015-05-24,0,0,0,0,0,0
467,1,2015-05-25,0,0,0,0,a,0
467,2,2015-05-26,14132,1697,1,0,0,1
467,3,2015-05-27,10663,1354,1,0,0,0
467,4,2015-05-28,10937,1381,1,0,0,0
467,5,2015-05-29,15730,1771,1,0,0,0
467,6,2015-05-30,14075,1575,1,0,0,0
467,7,2015-05-31,0,0,0,0,0,0
467,1,2015-06-01,19988,1949,1,1,0,0
467,2,2015-06-02,17048,1730,1,1,0,0
467,3,2015-06-03,16516,1731,1,1,0,0
467,4,2015-06-04,0,0,0,1,a,0
467,5,2015-06-05,16069,1871,1,1,0,0
467,6,2015-06-06,12770,1578,1,0,0,0
467,7,2015-06-07,0,0,0,0,0,0
467,1,2015-06-08,13201,1595,1,0,0,0
467,2,2015-06-09,12931,1568,1,0,0,0
467,3,2015-06-10,11476,1391,1,0,0,0
467,4,2015-06-11,11854,1570,1,0,0,0
467,5,2015-06-12,10881,1373,1,0,0,0
467,6,2015-06-13,13124,1579,1,0,0,0
467,7,2015-06-14,0,0,0,0,0,0
467,1,2015-06-15,19059,1928,1,1,0,0
467,2,2015-06-16,15874,1708,1,1,0,0
467,3,2015-06-17,15484,1813,1,1,0,0
467,4,2015-06-18,14971,1587,1,1,0,0
467,5,2015-06-19,11878,1385,1,1,0,0
467,6,2015-06-20,13507,1548,1,0,0,0
467,7,2015-06-21,0,0,0,0,0,0
467,1,2015-06-22,10638,1309,1,0,0,0
467,2,2015-06-23,12396,1545,1,0,0,0
467,3,2015-06-24,11353,1424,1,0,0,0
467,4,2015-06-25,10918,1433,1,0,0,0
467,5,2015-06-26,11921,1425,1,0,0,0
467,6,2015-06-27,13118,1509,1,0,0,0
467,7,2015-06-28,0,0,0,0,0,0
467,1,2015-06-29,20656,1993,1,1,0,1
467,2,2015-06-30,19586,1997,1,1,0,1
467,3,2015-07-01,15109,1639,1,1,0,1
467,4,2015-07-02,14256,1564,1,1,0,1
467,5,2015-07-03,13349,1449,1,1,0,1
467,6,2015-07-04,9661,1189,1,0,0,0
467,7,2015-07-05,0,0,0,0,0,0
467,1,2015-07-06,15549,1774,1,0,0,1
467,2,2015-07-07,13176,1566,1,0,0,1
467,3,2015-07-08,12366,1365,1,0,0,1
467,4,2015-07-09,13085,1552,1,0,0,1
467,5,2015-07-10,11764,1434,1,0,0,1
467,6,2015-07-11,11956,1484,1,0,0,0
467,7,2015-07-12,0,0,0,0,0,0
467,1,2015-07-13,17072,1636,1,1,0,1
467,2,2015-07-14,16358,1704,1,1,0,1
467,3,2015-07-15,15191,1638,1,1,0,1
467,4,2015-07-16,14967,1676,1,1,0,1
467,5,2015-07-17,11392,1294,1,1,0,1
467,6,2015-07-18,12584,1529,1,0,0,0
467,7,2015-07-19,0,0,0,0,0,0
467,1,2015-07-20,13267,1568,1,0,0,1
467,2,2015-07-21,11674,1439,1,0,0,1
467,3,2015-07-22,10922,1384,1,0,0,1
467,4,2015-07-23,11825,1507,1,0,0,1
467,5,2015-07-24,10294,1310,1,0,0,1
467,6,2015-07-25,9472,1083,1,0,0,0
467,7,2015-07-26,0,0,0,0,0,0
467,1,2015-07-27,14472,1463,1,1,0,1
467,2,2015-07-28,14300,1536,1,1,0,1
467,3,2015-07-29,12568,1365,1,1,0,1
467,4,2015-07-30,14503,1586,1,1,0,1
467,5,2015-07-31,17208,1761,1,1,0,1
470,2,2013-01-01,0,0,0,0,a,1
470,3,2013-01-02,14997,2049,1,0,0,1
470,4,2013-01-03,11124,1724,1,0,0,1
470,5,2013-01-04,10938,1768,1,0,0,1
470,6,2013-01-05,12817,1913,1,0,0,0
470,7,2013-01-06,0,0,0,0,0,0
470,1,2013-01-07,18081,2141,1,1,0,0
470,2,2013-01-08,15986,1997,1,1,0,0
470,3,2013-01-09,13274,1723,1,1,0,0
470,4,2013-01-10,14445,1846,1,1,0,0
470,5,2013-01-11,12909,1770,1,1,0,0
470,6,2013-01-12,13439,1999,1,0,0,0
470,7,2013-01-13,0,0,0,0,0,0
470,1,2013-01-14,9861,1444,1,0,0,0
470,2,2013-01-15,8621,1305,1,0,0,0
470,3,2013-01-16,8716,1263,1,0,0,0
470,4,2013-01-17,9304,1421,1,0,0,0
470,5,2013-01-18,10021,1496,1,0,0,0
470,6,2013-01-19,12238,1852,1,0,0,0
470,7,2013-01-20,0,0,0,0,0,0
470,1,2013-01-21,15296,1838,1,1,0,0
470,2,2013-01-22,14991,1815,1,1,0,0
470,3,2013-01-23,14116,1815,1,1,0,0
470,4,2013-01-24,12989,1761,1,1,0,0
470,5,2013-01-25,12843,1781,1,1,0,0
470,6,2013-01-26,13860,1838,1,0,0,0
470,7,2013-01-27,0,0,0,0,0,0
470,1,2013-01-28,10694,1653,1,0,0,0
470,2,2013-01-29,8810,1301,1,0,0,0
470,3,2013-01-30,10073,1482,1,0,0,0
470,4,2013-01-31,11937,1664,1,0,0,0
470,5,2013-02-01,12194,1679,1,0,0,0
470,6,2013-02-02,14356,2047,1,0,0,0
470,7,2013-02-03,0,0,0,0,0,0
470,1,2013-02-04,19665,2337,1,1,0,0
470,2,2013-02-05,17499,2115,1,1,0,0
470,3,2013-02-06,16334,2232,1,1,0,0
470,4,2013-02-07,4423,560,1,1,0,0
470,5,2013-02-08,15046,2007,1,1,0,0
470,6,2013-02-09,12495,1771,1,0,0,0
470,7,2013-02-10,0,0,0,0,0,0
470,1,2013-02-11,0,0,0,0,0,0
470,2,2013-02-12,11395,1699,1,0,0,0
470,3,2013-02-13,11394,1681,1,0,0,0
470,4,2013-02-14,10394,1529,1,0,0,0
470,5,2013-02-15,9140,1394,1,0,0,0
470,6,2013-02-16,13681,2028,1,0,0,0
470,7,2013-02-17,0,0,0,0,0,0
470,1,2013-02-18,16932,2113,1,1,0,0
470,2,2013-02-19,14113,1724,1,1,0,0
470,3,2013-02-20,14362,1794,1,1,0,0
470,4,2013-02-21,12930,1699,1,1,0,0
470,5,2013-02-22,13563,1772,1,1,0,0
470,6,2013-02-23,12596,1790,1,0,0,0
470,7,2013-02-24,0,0,0,0,0,0
470,1,2013-02-25,8643,1341,1,0,0,0
470,2,2013-02-26,9634,1519,1,0,0,0
470,3,2013-02-27,10280,1477,1,0,0,0
470,4,2013-02-28,11962,1688,1,0,0,0
470,5,2013-03-01,12243,1707,1,0,0,0
470,6,2013-03-02,16088,2269,1,0,0,0
470,7,2013-03-03,0,0,0,0,0,0
470,1,2013-03-04,19112,2277,1,1,0,0
470,2,2013-03-05,17110,2201,1,1,0,0
470,3,2013-03-06,15091,2017,1,1,0,0
470,4,2013-03-07,14071,1827,1,1,0,0
470,5,2013-03-08,14046,1965,1,1,0,0
470,6,2013-03-09,13695,2054,1,0,0,0
470,7,2013-03-10,0,0,0,0,0,0
470,1,2013-03-11,10298,1541,1,0,0,0
470,2,2013-03-12,7500,1105,1,0,0,0
470,3,2013-03-13,10212,1502,1,0,0,0
470,4,2013-03-14,9524,1415,1,0,0,0
470,5,2013-03-15,12442,1774,1,0,0,0
470,6,2013-03-16,15138,2132,1,0,0,0
470,7,2013-03-17,0,0,0,0,0,0
470,1,2013-03-18,19346,2253,1,1,0,0
470,2,2013-03-19,16641,1998,1,1,0,0
470,3,2013-03-20,12504,1590,1,1,0,0
470,4,2013-03-21,14139,1847,1,1,0,0
470,5,2013-03-22,15476,2072,1,1,0,0
470,6,2013-03-23,13833,1930,1,0,0,0
470,7,2013-03-24,0,0,0,0,0,0
470,1,2013-03-25,19302,2293,1,1,0,1
470,2,2013-03-26,18255,2337,1,1,0,1
470,3,2013-03-27,17959,2292,1,1,0,1
470,4,2013-03-28,21518,2527,1,1,0,1
470,5,2013-03-29,0,0,0,1,b,1
470,6,2013-03-30,20446,2659,1,0,0,0
470,7,2013-03-31,0,0,0,0,0,0
470,1,2013-04-01,0,0,0,0,b,1
470,2,2013-04-02,14723,2178,1,0,0,1
470,3,2013-04-03,11502,1750,1,0,0,1
470,4,2013-04-04,11923,1772,1,0,0,1
470,5,2013-04-05,11044,1667,1,0,0,1
470,6,2013-04-06,13447,1944,1,0,0,0
470,7,2013-04-07,0,0,0,0,0,0
470,1,2013-04-08,17457,2182,1,1,0,0
470,2,2013-04-09,14539,1949,1,1,0,0
470,3,2013-04-10,13342,1794,1,1,0,0
470,4,2013-04-11,14012,1949,1,1,0,0
470,5,2013-04-12,14215,1951,1,1,0,0
470,6,2013-04-13,13696,2183,1,0,0,0
470,7,2013-04-14,0,0,0,0,0,0
470,1,2013-04-15,10346,1643,1,0,0,0
470,2,2013-04-16,10098,1688,1,0,0,0
470,3,2013-04-17,9837,1593,1,0,0,0
470,4,2013-04-18,9760,1549,1,0,0,0
470,5,2013-04-19,11059,1648,1,0,0,0
470,6,2013-04-20,13618,2047,1,0,0,0
470,7,2013-04-21,0,0,0,0,0,0
470,1,2013-04-22,16572,2048,1,1,0,0
470,2,2013-04-23,15473,1997,1,1,0,0
470,3,2013-04-24,13456,1861,1,1,0,0
470,4,2013-04-25,12754,1810,1,1,0,0
470,5,2013-04-26,12817,1714,1,1,0,0
470,6,2013-04-27,14545,2078,1,0,0,0
470,7,2013-04-28,0,0,0,0,0,0
470,1,2013-04-29,16733,2091,1,1,0,0
470,2,2013-04-30,18596,2253,1,1,0,0
470,3,2013-05-01,0,0,0,1,a,0
470,4,2013-05-02,18643,2371,1,1,0,0
470,5,2013-05-03,15742,2124,1,1,0,0
470,6,2013-05-04,14530,2178,1,0,0,0
470,7,2013-05-05,0,0,0,0,0,0
470,1,2013-05-06,12062,1849,1,0,0,0
470,2,2013-05-07,10613,1607,1,0,0,0
470,3,2013-05-08,12577,1890,1,0,0,0
470,4,2013-05-09,0,0,0,0,a,0
470,5,2013-05-10,16283,2405,1,0,0,0
470,6,2013-05-11,14216,2180,1,0,0,0
470,7,2013-05-12,0,0,0,0,0,0
470,1,2013-05-13,15964,2015,1,1,0,0
470,2,2013-05-14,14874,1951,1,1,0,0
470,3,2013-05-15,14769,1897,1,1,0,0
470,4,2013-05-16,12372,1680,1,1,0,0
470,5,2013-05-17,13355,1774,1,1,0,0
470,6,2013-05-18,14420,2098,1,0,0,0
470,7,2013-05-19,0,0,0,0,0,0
470,1,2013-05-20,0,0,0,0,a,0
470,2,2013-05-21,12291,1888,1,0,0,1
470,3,2013-05-22,9924,1452,1,0,0,0
470,4,2013-05-23,9615,1445,1,0,0,0
470,5,2013-05-24,10560,1599,1,0,0,0
470,6,2013-05-25,12405,1903,1,0,0,0
470,7,2013-05-26,0,0,0,0,0,0
470,1,2013-05-27,17522,2185,1,1,0,0
470,2,2013-05-28,16536,2126,1,1,0,0
470,3,2013-05-29,13225,1672,1,1,0,0
470,4,2013-05-30,0,0,0,1,a,0
470,5,2013-05-31,21372,2568,1,1,0,0
470,6,2013-06-01,15094,2145,1,0,0,0
470,7,2013-06-02,0,0,0,0,0,0
470,1,2013-06-03,16642,2121,1,1,0,0
470,2,2013-06-04,16441,2084,1,1,0,0
470,3,2013-06-05,14422,1890,1,1,0,0
470,4,2013-06-06,14005,1948,1,1,0,0
470,5,2013-06-07,14505,1938,1,1,0,0
470,6,2013-06-08,13012,2041,1,0,0,0
470,7,2013-06-09,0,0,0,0,0,0
470,1,2013-06-10,10788,1601,1,0,0,0
470,2,2013-06-11,10797,1668,1,0,0,0
470,3,2013-06-12,10769,1598,1,0,0,0
470,4,2013-06-13,9675,1471,1,0,0,0
470,5,2013-06-14,11804,1814,1,0,0,0
470,6,2013-06-15,13720,2042,1,0,0,0
470,7,2013-06-16,0,0,0,0,0,0
470,1,2013-06-17,16110,2110,1,1,0,0
470,2,2013-06-18,13180,1838,1,1,0,0
470,3,2013-06-19,12097,1682,1,1,0,0
470,4,2013-06-20,9291,1376,1,1,0,0
470,5,2013-06-21,14424,1962,1,1,0,0
470,6,2013-06-22,14342,2052,1,0,0,0
470,7,2013-06-23,0,0,0,0,0,0
470,1,2013-06-24,10757,1606,1,0,0,0
470,2,2013-06-25,9649,1531,1,0,0,0
470,3,2013-06-26,9821,1561,1,0,0,0
470,4,2013-06-27,9938,1509,1,0,0,0
470,5,2013-06-28,11664,1671,1,0,0,0
470,6,2013-06-29,15199,2069,1,0,0,0
470,7,2013-06-30,0,0,0,0,0,0
470,1,2013-07-01,15851,2056,1,1,0,0
470,2,2013-07-02,16137,2184,1,1,0,0
470,3,2013-07-03,13604,1760,1,1,0,0
470,4,2013-07-04,15025,2094,1,1,0,0
470,5,2013-07-05,14886,2057,1,1,0,0
470,6,2013-07-06,12699,2056,1,0,0,0
470,7,2013-07-07,0,0,0,0,0,0
470,1,2013-07-08,11091,1711,1,0,0,0
470,2,2013-07-09,10258,1656,1,0,0,0
470,3,2013-07-10,10109,1583,1,0,0,0
470,4,2013-07-11,10327,1578,1,0,0,0
470,5,2013-07-12,11242,1662,1,0,0,0
470,6,2013-07-13,12801,1915,1,0,0,0
470,7,2013-07-14,0,0,0,0,0,0
470,1,2013-07-15,18335,2171,1,1,0,0
470,2,2013-07-16,17282,2107,1,1,0,0
470,3,2013-07-17,14900,1938,1,1,0,0
470,4,2013-07-18,14210,1977,1,1,0,0
470,5,2013-07-19,13897,1942,1,1,0,0
470,6,2013-07-20,13314,1917,1,0,0,0
470,7,2013-07-21,0,0,0,0,0,0
470,1,2013-07-22,11032,1737,1,0,0,1
470,2,2013-07-23,9911,1589,1,0,0,1
470,3,2013-07-24,10212,1589,1,0,0,1
470,4,2013-07-25,10080,1544,1,0,0,1
470,5,2013-07-26,10550,1681,1,0,0,1
470,6,2013-07-27,10424,1689,1,0,0,0
470,7,2013-07-28,0,0,0,0,0,0
470,1,2013-07-29,17803,2187,1,1,0,1
470,2,2013-07-30,17252,2084,1,1,0,1
470,3,2013-07-31,17640,2160,1,1,0,1
470,4,2013-08-01,14316,1964,1,1,0,1
470,5,2013-08-02,11335,1670,1,1,0,1
470,6,2013-08-03,12767,1898,1,0,0,0
470,7,2013-08-04,0,0,0,0,0,0
470,1,2013-08-05,11583,1687,1,0,0,1
470,2,2013-08-06,10786,1623,1,0,0,1
470,3,2013-08-07,10018,1523,1,0,0,1
470,4,2013-08-08,10698,1567,1,0,0,1
470,5,2013-08-09,9890,1524,1,0,0,1
470,6,2013-08-10,12163,1770,1,0,0,0
470,7,2013-08-11,0,0,0,0,0,0
470,1,2013-08-12,17213,2112,1,1,0,1
470,2,2013-08-13,15931,2011,1,1,0,1
470,3,2013-08-14,14144,1900,1,1,0,1
470,4,2013-08-15,13132,1831,1,1,0,1
470,5,2013-08-16,13043,1832,1,1,0,1
470,6,2013-08-17,10687,1656,1,0,0,0
470,7,2013-08-18,0,0,0,0,0,0
470,1,2013-08-19,10478,1570,1,0,0,1
470,2,2013-08-20,9572,1499,1,0,0,1
470,3,2013-08-21,10031,1575,1,0,0,1
470,4,2013-08-22,9460,1563,1,0,0,1
470,5,2013-08-23,9562,1524,1,0,0,1
470,6,2013-08-24,11537,1670,1,0,0,0
470,7,2013-08-25,0,0,0,0,0,0
470,1,2013-08-26,15695,1954,1,1,0,1
470,2,2013-08-27,14846,2014,1,1,0,1
470,3,2013-08-28,13337,1791,1,1,0,1
470,4,2013-08-29,12961,1827,1,1,0,1
470,5,2013-08-30,14661,1951,1,1,0,1
470,6,2013-08-31,13995,1960,1,0,0,0
470,7,2013-09-01,0,0,0,0,0,0
470,1,2013-09-02,12784,1930,1,0,0,1
470,2,2013-09-03,11007,1783,1,0,0,1
470,3,2013-09-04,10739,1702,1,0,0,0
470,4,2013-09-05,9223,1510,1,0,0,0
470,5,2013-09-06,9132,1540,1,0,0,0
470,6,2013-09-07,12159,1820,1,0,0,0
470,7,2013-09-08,0,0,0,0,0,0
470,1,2013-09-09,16657,2012,1,1,0,0
470,2,2013-09-10,14480,1785,1,1,0,0
470,3,2013-09-11,13092,1722,1,1,0,0
470,4,2013-09-12,12759,1745,1,1,0,0
470,5,2013-09-13,14560,1884,1,1,0,0
470,6,2013-09-14,12304,1867,1,0,0,0
470,7,2013-09-15,0,0,0,0,0,0
470,1,2013-09-16,10040,1590,1,0,0,0
470,2,2013-09-17,8970,1411,1,0,0,0
470,3,2013-09-18,8209,1371,1,0,0,0
470,4,2013-09-19,9822,1491,1,0,0,0
470,5,2013-09-20,10106,1519,1,0,0,0
470,6,2013-09-21,11965,1831,1,0,0,0
470,7,2013-09-22,0,0,0,0,0,0
470,1,2013-09-23,15463,1880,1,1,0,0
470,2,2013-09-24,14309,1799,1,1,0,0
470,3,2013-09-25,13611,1783,1,1,0,0
470,4,2013-09-26,12294,1702,1,1,0,0
470,5,2013-09-27,13734,1858,1,1,0,0
470,6,2013-09-28,12716,1907,1,0,0,0
470,7,2013-09-29,0,0,0,0,0,0
470,1,2013-09-30,12155,1740,1,0,0,0
470,2,2013-10-01,10886,1623,1,0,0,0
470,3,2013-10-02,11793,1729,1,0,0,0
470,4,2013-10-03,0,0,0,0,a,0
470,5,2013-10-04,13465,1916,1,0,0,0
470,6,2013-10-05,13447,1959,1,0,0,0
470,7,2013-10-06,0,0,0,0,0,0
470,1,2013-10-07,18773,2179,1,1,0,0
470,2,2013-10-08,15943,1967,1,1,0,0
470,3,2013-10-09,13416,1754,1,1,0,0
470,4,2013-10-10,13317,1726,1,1,0,0
470,5,2013-10-11,12685,1772,1,1,0,0
470,6,2013-10-12,13691,1991,1,0,0,0
470,7,2013-10-13,0,0,0,0,0,0
470,1,2013-10-14,10507,1617,1,0,0,0
470,2,2013-10-15,10293,1526,1,0,0,0
470,3,2013-10-16,10589,1536,1,0,0,0
470,4,2013-10-17,10375,1539,1,0,0,0
470,5,2013-10-18,10289,1643,1,0,0,0
470,6,2013-10-19,11927,1917,1,0,0,0
470,7,2013-10-20,0,0,0,0,0,0
470,1,2013-10-21,15425,2048,1,1,0,1
470,2,2013-10-22,14387,1960,1,1,0,1
470,3,2013-10-23,13141,1761,1,1,0,1
470,4,2013-10-24,12865,1767,1,1,0,1
470,5,2013-10-25,12062,1606,1,1,0,1
470,6,2013-10-26,12107,1864,1,0,0,0
470,7,2013-10-27,0,0,0,0,0,0
470,1,2013-10-28,9648,1507,1,0,0,1
470,2,2013-10-29,10142,1595,1,0,0,1
470,3,2013-10-30,11762,1761,1,0,0,1
470,4,2013-10-31,14212,1972,1,0,0,1
470,5,2013-11-01,0,0,0,0,a,1
470,6,2013-11-02,16961,2270,1,0,0,0
470,7,2013-11-03,0,0,0,0,0,0
470,1,2013-11-04,15602,1846,1,1,0,0
470,2,2013-11-05,14653,1871,1,1,0,0
470,3,2013-11-06,13327,1778,1,1,0,0
470,4,2013-11-07,12424,1713,1,1,0,0
470,5,2013-11-08,14002,1879,1,1,0,0
470,6,2013-11-09,14068,2017,1,0,0,0
470,7,2013-11-10,0,0,0,0,0,0
470,1,2013-11-11,10337,1547,1,0,0,0
470,2,2013-11-12,8831,1395,1,0,0,0
470,3,2013-11-13,9934,1517,1,0,0,0
470,4,2013-11-14,9515,1450,1,0,0,0
470,5,2013-11-15,11115,1623,1,0,0,0
470,6,2013-11-16,14500,2111,1,0,0,0
470,7,2013-11-17,0,0,0,0,0,0
470,1,2013-11-18,17616,2116,1,1,0,0
470,2,2013-11-19,16613,2008,1,1,0,0
470,3,2013-11-20,16122,2043,1,1,0,0
470,4,2013-11-21,14686,1879,1,1,0,0
470,5,2013-11-22,13633,1838,1,1,0,0
470,6,2013-11-23,13890,2119,1,0,0,0
470,7,2013-11-24,0,0,0,0,0,0
470,1,2013-11-25,12406,1666,1,0,0,0
470,2,2013-11-26,12333,1728,1,0,0,0
470,3,2013-11-27,13435,1796,1,0,0,0
470,4,2013-11-28,11884,1697,1,0,0,0
470,5,2013-11-29,16968,2165,1,0,0,0
470,6,2013-11-30,17377,2312,1,0,0,0
470,7,2013-12-01,0,0,0,0,0,0
470,1,2013-12-02,20251,2258,1,1,0,0
470,2,2013-12-03,18623,2142,1,1,0,0
470,3,2013-12-04,18012,2083,1,1,0,0
470,4,2013-12-05,18544,2228,1,1,0,0
470,5,2013-12-06,15014,1942,1,1,0,0
470,6,2013-12-07,14821,2051,1,0,0,0
470,7,2013-12-08,0,0,0,0,0,0
470,1,2013-12-09,14033,1949,1,0,0,0
470,2,2013-12-10,13025,1810,1,0,0,0
470,3,2013-12-11,13430,1761,1,0,0,0
470,4,2013-12-12,12016,1718,1,0,0,0
470,5,2013-12-13,13922,1871,1,0,0,0
470,6,2013-12-14,16853,2339,1,0,0,0
470,7,2013-12-15,0,0,0,0,0,0
470,1,2013-12-16,24331,2710,1,1,0,0
470,2,2013-12-17,23757,2682,1,1,0,0
470,3,2013-12-18,21616,2561,1,1,0,0
470,4,2013-12-19,20366,2676,1,1,0,0
470,5,2013-12-20,21204,2652,1,1,0,0
470,6,2013-12-21,21457,2898,1,0,0,0
470,7,2013-12-22,0,0,0,0,0,0
470,1,2013-12-23,24593,3178,1,0,0,1
470,2,2013-12-24,6564,864,1,0,0,1
470,3,2013-12-25,0,0,0,0,c,1
470,4,2013-12-26,0,0,0,0,c,1
470,5,2013-12-27,13515,1968,1,0,0,1
470,6,2013-12-28,10838,1649,1,0,0,0
470,7,2013-12-29,0,0,0,0,0,0
470,1,2013-12-30,15665,2146,1,0,0,1
470,2,2013-12-31,5119,721,1,0,0,1
470,3,2014-01-01,0,0,0,0,a,1
470,4,2014-01-02,11443,1680,1,0,0,1
470,5,2014-01-03,10615,1670,1,0,0,1
470,6,2014-01-04,11215,1663,1,0,0,0
470,7,2014-01-05,0,0,0,0,0,0
470,1,2014-01-06,16676,1976,1,1,0,1
470,2,2014-01-07,16575,2064,1,1,0,1
470,3,2014-01-08,12971,1678,1,1,0,0
470,4,2014-01-09,12166,1531,1,1,0,0
470,5,2014-01-10,12264,1686,1,1,0,0
470,6,2014-01-11,11392,1711,1,0,0,0
470,7,2014-01-12,0,0,0,0,0,0
470,1,2014-01-13,8781,1349,1,0,0,0
470,2,2014-01-14,8688,1258,1,0,0,0
470,3,2014-01-15,7689,1159,1,0,0,0
470,4,2014-01-16,8245,1263,1,0,0,0
470,5,2014-01-17,8855,1413,1,0,0,0
470,6,2014-01-18,11857,1734,1,0,0,0
470,7,2014-01-19,0,0,0,0,0,0
470,1,2014-01-20,15069,1776,1,1,0,0
470,2,2014-01-21,13750,1601,1,1,0,0
470,3,2014-01-22,12833,1641,1,1,0,0
470,4,2014-01-23,11765,1499,1,1,0,0
470,5,2014-01-24,12933,1654,1,1,0,0
470,6,2014-01-25,11827,1794,1,0,0,0
470,7,2014-01-26,0,0,0,0,0,0
470,1,2014-01-27,8623,1306,1,0,0,0
470,2,2014-01-28,7916,1233,1,0,0,0
470,3,2014-01-29,8768,1250,1,0,0,0
470,4,2014-01-30,8886,1333,1,0,0,0
470,5,2014-01-31,11907,1623,1,0,0,0
470,6,2014-02-01,12306,1716,1,0,0,0
470,7,2014-02-02,0,0,0,0,0,0
470,1,2014-02-03,17521,1967,1,1,0,0
470,2,2014-02-04,15334,1837,1,1,0,0
470,3,2014-02-05,13275,1668,1,1,0,0
470,4,2014-02-06,14032,1727,1,1,0,0
470,5,2014-02-07,12720,1648,1,1,0,0
470,6,2014-02-08,12752,1782,1,0,0,0
470,7,2014-02-09,0,0,0,0,0,0
470,1,2014-02-10,9493,1422,1,0,0,0
470,2,2014-02-11,8897,1384,1,0,0,0
470,3,2014-02-12,9561,1431,1,0,0,0
470,4,2014-02-13,8233,1284,1,0,0,0
470,5,2014-02-14,10243,1507,1,0,0,0
470,6,2014-02-15,12619,1884,1,0,0,0
470,7,2014-02-16,0,0,0,0,0,0
470,1,2014-02-17,15947,1867,1,1,0,0
470,2,2014-02-18,12995,1678,1,1,0,0
470,3,2014-02-19,12368,1628,1,1,0,0
470,4,2014-02-20,12554,1640,1,1,0,0
470,5,2014-02-21,12796,1677,1,1,0,0
470,6,2014-02-22,11795,1766,1,0,0,0
470,7,2014-02-23,0,0,0,0,0,0
470,1,2014-02-24,10375,1613,1,0,0,0
470,2,2014-02-25,9684,1477,1,0,0,0
470,3,2014-02-26,11143,1746,1,0,0,0
470,4,2014-02-27,3028,427,1,0,0,0
470,5,2014-02-28,13223,1777,1,0,0,0
470,6,2014-03-01,12332,1745,1,0,0,0
470,7,2014-03-02,0,0,0,0,0,0
470,1,2014-03-03,0,0,0,1,0,0
470,2,2014-03-04,18484,2084,1,1,0,0
470,3,2014-03-05,16957,1994,1,1,0,0
470,4,2014-03-06,15320,1806,1,1,0,0
470,5,2014-03-07,14167,1919,1,1,0,0
470,6,2014-03-08,13697,2040,1,0,0,0
470,7,2014-03-09,0,0,0,0,0,0
470,1,2014-03-10,9397,1491,1,0,0,0
470,2,2014-03-11,9294,1303,1,0,0,0
470,3,2014-03-12,9663,1410,1,0,0,0
470,4,2014-03-13,9472,1420,1,0,0,0
470,5,2014-03-14,9990,1537,1,0,0,0
470,6,2014-03-15,11419,1642,1,0,0,0
470,7,2014-03-16,0,0,0,0,0,0
470,1,2014-03-17,14968,1853,1,1,0,0
470,2,2014-03-18,9961,1327,1,1,0,0
470,3,2014-03-19,13971,1732,1,1,0,0
470,4,2014-03-20,12605,1722,1,1,0,0
470,5,2014-03-21,12047,1652,1,1,0,0
470,6,2014-03-22,12328,1741,1,0,0,0
470,7,2014-03-23,0,0,0,0,0,0
470,1,2014-03-24,9541,1372,1,0,0,0
470,2,2014-03-25,9468,1405,1,0,0,0
470,3,2014-03-26,7427,1056,1,0,0,0
470,4,2014-03-27,7743,1177,1,0,0,0
470,5,2014-03-28,11309,1552,1,0,0,0
470,6,2014-03-29,12516,1895,1,0,0,0
470,7,2014-03-30,0,0,0,0,0,0
470,1,2014-03-31,17883,2063,1,1,0,0
470,2,2014-04-01,16521,1904,1,1,0,0
470,3,2014-04-02,15074,1862,1,1,0,0
470,4,2014-04-03,13613,1832,1,1,0,0
470,5,2014-04-04,13383,1797,1,1,0,0
470,6,2014-04-05,13563,1932,1,0,0,0
470,7,2014-04-06,0,0,0,0,0,0
470,1,2014-04-07,10712,1626,1,0,0,0
470,2,2014-04-08,9497,1409,1,0,0,0
470,3,2014-04-09,10228,1512,1,0,0,0
470,4,2014-04-10,10391,1531,1,0,0,0
470,5,2014-04-11,10388,1574,1,0,0,0
470,6,2014-04-12,12404,1831,1,0,0,0
470,7,2014-04-13,0,0,0,0,0,0
470,1,2014-04-14,18785,2146,1,1,0,1
470,2,2014-04-15,18560,2110,1,1,0,1
470,3,2014-04-16,17328,2124,1,1,0,1
470,4,2014-04-17,16660,2181,1,1,0,1
470,5,2014-04-18,0,0,0,1,b,1
470,6,2014-04-19,16553,2189,1,0,0,0
470,7,2014-04-20,0,0,0,0,0,0
470,1,2014-04-21,0,0,0,0,b,1
470,2,2014-04-22,10755,1687,1,0,0,1
470,3,2014-04-23,9813,1585,1,0,0,1
470,4,2014-04-24,8945,1504,1,0,0,1
470,5,2014-04-25,9989,1579,1,0,0,1
470,6,2014-04-26,12145,1744,1,0,0,0
470,7,2014-04-27,0,0,0,0,0,0
470,1,2014-04-28,16082,1928,1,1,0,0
470,2,2014-04-29,13873,1732,1,1,0,0
470,3,2014-04-30,16646,1992,1,1,0,0
470,4,2014-05-01,0,0,0,1,a,0
470,5,2014-05-02,17742,2210,1,1,0,0
470,6,2014-05-03,12215,1854,1,0,0,0
470,7,2014-05-04,0,0,0,0,0,0
470,1,2014-05-05,15361,1849,1,1,0,0
470,2,2014-05-06,15097,1878,1,1,0,0
470,3,2014-05-07,14410,1757,1,1,0,0
470,4,2014-05-08,12231,1647,1,1,0,0
470,5,2014-05-09,13898,1807,1,1,0,0
470,6,2014-05-10,12292,1815,1,0,0,0
470,7,2014-05-11,0,0,0,0,0,0
470,1,2014-05-12,9298,1398,1,0,0,0
470,2,2014-05-13,9127,1406,1,0,0,0
470,3,2014-05-14,10084,1459,1,0,0,0
470,4,2014-05-15,8489,1302,1,0,0,0
470,5,2014-05-16,10208,1480,1,0,0,0
470,6,2014-05-17,10164,1573,1,0,0,0
470,7,2014-05-18,0,0,0,0,0,0
470,1,2014-05-19,15627,1912,1,1,0,0
470,2,2014-05-20,13809,1794,1,1,0,0
470,3,2014-05-21,12662,1669,1,1,0,0
470,4,2014-05-22,11104,1531,1,1,0,0
470,5,2014-05-23,12414,1609,1,1,0,0
470,6,2014-05-24,11720,1701,1,0,0,0
470,7,2014-05-25,0,0,0,0,0,0
470,1,2014-05-26,8619,1375,1,0,0,0
470,2,2014-05-27,8644,1298,1,0,0,0
470,3,2014-05-28,10638,1615,1,0,0,0
470,4,2014-05-29,0,0,0,0,a,0
470,5,2014-05-30,16388,2138,1,0,0,0
470,6,2014-05-31,13536,1920,1,0,0,0
470,7,2014-06-01,0,0,0,0,0,0
470,1,2014-06-02,17707,2062,1,1,0,0
470,2,2014-06-03,14769,1839,1,1,0,0
470,3,2014-06-04,13345,1702,1,1,0,0
470,4,2014-06-05,13358,1699,1,1,0,0
470,5,2014-06-06,13657,1859,1,1,0,0
470,6,2014-06-07,12613,1920,1,0,0,0
470,7,2014-06-08,0,0,0,0,0,0
470,1,2014-06-09,0,0,0,0,a,0
470,2,2014-06-10,10938,1640,1,0,0,1
470,3,2014-06-11,10220,1484,1,0,0,0
470,4,2014-06-12,10125,1428,1,0,0,0
470,5,2014-06-13,10239,1456,1,0,0,0
470,6,2014-06-14,12661,1820,1,0,0,0
470,7,2014-06-15,0,0,0,0,0,0
470,1,2014-06-16,14295,1710,1,1,0,0
470,2,2014-06-17,16286,1960,1,1,0,0
470,3,2014-06-18,14479,1898,1,1,0,0
470,4,2014-06-19,0,0,0,1,a,0
470,5,2014-06-20,17874,2223,1,1,0,0
470,6,2014-06-21,11627,1758,1,0,0,0
470,7,2014-06-22,0,0,0,0,0,0
470,1,2014-06-23,10329,1543,1,0,0,0
470,2,2014-06-24,9305,1366,1,0,0,0
470,3,2014-06-25,9626,1438,1,0,0,0
470,4,2014-06-26,8617,1246,1,0,0,0
470,5,2014-06-27,10432,1559,1,0,0,0
470,6,2014-06-28,11338,1670,1,0,0,0
470,7,2014-06-29,0,0,0,0,0,0
470,1,2014-06-30,17834,2095,1,1,0,0
470,2,2014-07-01,16459,1979,1,1,0,0
470,3,2014-07-02,15468,1905,1,1,0,0
470,4,2014-07-03,13372,1861,1,1,0,0
470,5,2014-07-04,11441,1598,1,1,0,0
470,6,2014-07-05,13087,1876,1,0,0,0
470,7,2014-07-06,0,0,0,0,0,0
470,1,2014-07-07,11187,1654,1,0,0,1
470,2,2014-07-08,7215,1115,1,0,0,1
470,3,2014-07-09,7779,1181,1,0,0,1
470,4,2014-07-10,10860,1622,1,0,0,1
470,5,2014-07-11,10592,1537,1,0,0,1
470,6,2014-07-12,11523,1654,1,0,0,0
470,7,2014-07-13,0,0,0,0,0,0
470,1,2014-07-14,15938,1833,1,1,0,1
470,2,2014-07-15,15253,1864,1,1,0,1
470,3,2014-07-16,13737,1863,1,1,0,1
470,4,2014-07-17,12531,1669,1,1,0,1
470,5,2014-07-18,11905,1611,1,1,0,1
470,6,2014-07-19,9386,1411,1,0,0,0
470,7,2014-07-20,0,0,0,0,0,0
470,1,2014-07-21,8451,1262,1,0,0,1
470,2,2014-07-22,8984,1492,1,0,0,1
470,3,2014-07-23,8583,1330,1,0,0,1
470,4,2014-07-24,8362,1327,1,0,0,1
470,5,2014-07-25,11140,1614,1,0,0,1
470,6,2014-07-26,18590,2452,1,0,0,0
470,7,2014-07-27,0,0,0,0,0,0
470,1,2014-07-28,18975,2423,1,1,0,1
470,2,2014-07-29,17917,2310,1,1,0,1
470,3,2014-07-30,13897,1775,1,1,0,1
470,4,2014-07-31,14961,1895,1,1,0,1
470,5,2014-08-01,13764,1834,1,1,0,1
470,6,2014-08-02,12000,1854,1,0,0,0
470,7,2014-08-03,0,0,0,0,0,0
470,1,2014-08-04,15345,1916,1,1,0,1
470,2,2014-08-05,15189,1915,1,1,0,1
470,3,2014-08-06,12916,1758,1,1,0,1
470,4,2014-08-07,12830,1739,1,1,0,1
470,5,2014-08-08,12396,1686,1,1,0,1
470,6,2014-08-09,11936,1770,1,0,0,0
470,7,2014-08-10,0,0,0,0,0,0
470,1,2014-08-11,10650,1598,1,0,0,1
470,2,2014-08-12,10050,1533,1,0,0,1
470,3,2014-08-13,9470,1359,1,0,0,1
470,4,2014-08-14,10045,1518,1,0,0,1
470,5,2014-08-15,10007,1476,1,0,0,1
470,6,2014-08-16,12704,1927,1,0,0,0
470,7,2014-08-17,0,0,0,0,0,0
470,1,2014-08-18,19159,2270,1,1,0,1
470,2,2014-08-19,17252,2215,1,1,0,1
470,3,2014-08-20,16200,2193,1,1,0,0
470,4,2014-08-21,14722,2039,1,1,0,0
470,5,2014-08-22,17050,2351,1,1,0,0
470,6,2014-08-23,19760,2680,1,0,0,0
470,7,2014-08-24,0,0,0,0,0,0
470,1,2014-08-25,14569,2031,1,0,0,0
470,2,2014-08-26,12405,1705,1,0,0,0
470,3,2014-08-27,15908,2222,1,0,0,0
470,4,2014-08-28,14400,2011,1,0,0,0
470,5,2014-08-29,16715,2214,1,0,0,0
470,6,2014-08-30,20700,2683,1,0,0,0
470,7,2014-08-31,0,0,0,0,0,0
470,1,2014-09-01,22706,2614,1,1,0,0
470,2,2014-09-02,20129,2436,1,1,0,0
470,3,2014-09-03,18243,2292,1,1,0,0
470,4,2014-09-04,16954,2206,1,1,0,0
470,5,2014-09-05,17427,2298,1,1,0,0
470,6,2014-09-06,18541,2638,1,0,0,0
470,7,2014-09-07,0,0,0,0,0,0
470,1,2014-09-08,15405,2147,1,0,0,0
470,2,2014-09-09,13740,1988,1,0,0,0
470,3,2014-09-10,13499,1826,1,0,0,0
470,4,2014-09-11,13168,1871,1,0,0,0
470,5,2014-09-12,13882,1999,1,0,0,0
470,6,2014-09-13,17223,2292,1,0,0,0
470,7,2014-09-14,0,0,0,0,0,0
470,1,2014-09-15,18208,2271,1,1,0,0
470,2,2014-09-16,17596,2196,1,1,0,0
470,3,2014-09-17,16303,2234,1,1,0,0
470,4,2014-09-18,15656,2098,1,1,0,0
470,5,2014-09-19,16324,2201,1,1,0,0
470,6,2014-09-20,17245,2362,1,0,0,0
470,7,2014-09-21,0,0,0,0,0,0
470,1,2014-09-22,12825,1853,1,0,0,0
470,2,2014-09-23,13207,1851,1,0,0,0
470,3,2014-09-24,12203,1816,1,0,0,0
470,4,2014-09-25,12968,1861,1,0,0,0
470,5,2014-09-26,13464,1962,1,0,0,0
470,6,2014-09-27,17790,2558,1,0,0,0
470,7,2014-09-28,0,0,0,0,0,0
470,1,2014-09-29,17660,2211,1,1,0,0
470,2,2014-09-30,20022,2385,1,1,0,0
470,3,2014-10-01,19103,2420,1,1,0,0
470,4,2014-10-02,19434,2504,1,1,0,0
470,5,2014-10-03,0,0,0,1,a,0
470,6,2014-10-04,20197,2789,1,0,0,0
470,7,2014-10-05,0,0,0,0,0,0
470,1,2014-10-06,20705,2570,1,1,0,1
470,2,2014-10-07,17090,2195,1,1,0,1
470,3,2014-10-08,16442,2106,1,1,0,1
470,4,2014-10-09,15521,2051,1,1,0,1
470,5,2014-10-10,17361,2315,1,1,0,1
470,6,2014-10-11,16996,2351,1,0,0,0
470,7,2014-10-12,0,0,0,0,0,0
470,1,2014-10-13,13865,2004,1,0,0,1
470,2,2014-10-14,13450,1984,1,0,0,1
470,3,2014-10-15,13411,1908,1,0,0,1
470,4,2014-10-16,12432,1913,1,0,0,1
470,5,2014-10-17,13204,1917,1,0,0,1
470,6,2014-10-18,15650,2244,1,0,0,0
470,7,2014-10-19,0,0,0,0,0,0
470,1,2014-10-20,18000,2231,1,1,0,0
470,2,2014-10-21,14404,1872,1,1,0,0
470,3,2014-10-22,14248,1918,1,1,0,0
470,4,2014-10-23,15500,2094,1,1,0,0
470,5,2014-10-24,15582,2184,1,1,0,0
470,6,2014-10-25,16770,2386,1,0,0,0
470,7,2014-10-26,0,0,0,0,0,0
470,1,2014-10-27,13272,1962,1,0,0,0
470,2,2014-10-28,13090,1917,1,0,0,0
470,3,2014-10-29,12671,1937,1,0,0,0
470,4,2014-10-30,9746,1481,1,0,0,0
470,5,2014-10-31,12685,1866,1,0,0,0
470,6,2014-11-01,0,0,0,0,a,0
470,7,2014-11-02,0,0,0,0,0,0
470,1,2014-11-03,16704,1996,1,1,0,0
470,2,2014-11-04,13603,1698,1,1,0,0
470,3,2014-11-05,15181,1877,1,1,0,0
470,4,2014-11-06,14734,1823,1,1,0,0
470,5,2014-11-07,12772,1638,1,1,0,0
470,6,2014-11-08,14432,2041,1,0,0,0
470,7,2014-11-09,0,0,0,0,0,0
470,1,2014-11-10,13816,1783,1,1,0,0
470,2,2014-11-11,12328,1604,1,1,0,0
470,3,2014-11-12,11745,1513,1,1,0,0
470,4,2014-11-13,12432,1617,1,1,0,0
470,5,2014-11-14,13294,1683,1,1,0,0
470,6,2014-11-15,12613,1744,1,0,0,0
470,7,2014-11-16,0,0,0,0,0,0
470,1,2014-11-17,9884,1472,1,0,0,0
470,2,2014-11-18,9192,1367,1,0,0,0
470,3,2014-11-19,9798,1442,1,0,0,0
470,4,2014-11-20,9141,1361,1,0,0,0
470,5,2014-11-21,11033,1512,1,0,0,0
470,6,2014-11-22,12229,1890,1,0,0,0
470,7,2014-11-23,0,0,0,0,0,0
470,1,2014-11-24,15267,1894,1,1,0,0
470,2,2014-11-25,14743,1817,1,1,0,0
470,3,2014-11-26,13804,1714,1,1,0,0
470,4,2014-11-27,13982,1777,1,1,0,0
470,5,2014-11-28,16912,2035,1,1,0,0
470,6,2014-11-29,16265,2185,1,0,0,0
470,7,2014-11-30,0,0,0,0,0,0
470,1,2014-12-01,17743,2013,1,1,0,0
470,2,2014-12-02,16714,1940,1,1,0,0
470,3,2014-12-03,15592,1813,1,1,0,0
470,4,2014-12-04,15768,1928,1,1,0,0
470,5,2014-12-05,18157,2220,1,1,0,0
470,6,2014-12-06,15536,2099,1,0,0,0
470,7,2014-12-07,0,0,0,0,0,0
470,1,2014-12-08,12342,1744,1,0,0,0
470,2,2014-12-09,11777,1649,1,0,0,0
470,3,2014-12-10,10427,1536,1,0,0,0
470,4,2014-12-11,11077,1508,1,0,0,0
470,5,2014-12-12,12449,1776,1,0,0,0
470,6,2014-12-13,14511,1939,1,0,0,0
470,7,2014-12-14,0,0,0,0,0,0
470,1,2014-12-15,20392,2272,1,1,0,0
470,2,2014-12-16,19526,2258,1,1,0,0
470,3,2014-12-17,18455,2190,1,1,0,0
470,4,2014-12-18,20264,2432,1,1,0,0
470,5,2014-12-19,18426,2259,1,1,0,0
470,6,2014-12-20,19740,2490,1,0,0,0
470,7,2014-12-21,0,0,0,0,0,0
470,1,2014-12-22,22578,2751,1,0,0,1
470,2,2014-12-23,21085,2737,1,0,0,1
470,3,2014-12-24,6004,774,1,0,0,1
470,4,2014-12-25,0,0,0,0,c,1
470,5,2014-12-26,0,0,0,0,c,1
470,6,2014-12-27,11721,1718,1,0,0,0
470,7,2014-12-28,0,0,0,0,0,0
470,1,2014-12-29,14042,1864,1,0,0,1
470,2,2014-12-30,14570,1973,1,0,0,1
470,3,2014-12-31,5941,743,1,0,0,1
470,4,2015-01-01,0,0,0,0,a,1
470,5,2015-01-02,12423,1676,1,0,0,1
470,6,2015-01-03,11074,1514,1,0,0,0
470,7,2015-01-04,0,0,0,0,0,0
470,1,2015-01-05,17430,2098,1,1,0,1
470,2,2015-01-06,13562,1720,1,1,0,1
470,3,2015-01-07,12697,1660,1,1,0,0
470,4,2015-01-08,9937,1311,1,1,0,0
470,5,2015-01-09,10929,1476,1,1,0,0
470,6,2015-01-10,10659,1627,1,0,0,0
470,7,2015-01-11,0,0,0,0,0,0
470,1,2015-01-12,14098,1692,1,1,0,0
470,2,2015-01-13,12427,1582,1,1,0,0
470,3,2015-01-14,11165,1482,1,1,0,0
470,4,2015-01-15,11665,1526,1,1,0,0
470,5,2015-01-16,11898,1583,1,1,0,0
470,6,2015-01-17,12075,1735,1,0,0,0
470,7,2015-01-18,0,0,0,0,0,0
470,1,2015-01-19,8802,1340,1,0,0,0
470,2,2015-01-20,8325,1220,1,0,0,0
470,3,2015-01-21,8460,1200,1,0,0,0
470,4,2015-01-22,8194,1205,1,0,0,0
470,5,2015-01-23,8822,1306,1,0,0,0
470,6,2015-01-24,8373,1231,1,0,0,0
470,7,2015-01-25,0,0,0,0,0,0
470,1,2015-01-26,12996,1504,1,1,0,0
470,2,2015-01-27,12735,1563,1,1,0,0
470,3,2015-01-28,12491,1583,1,1,0,0
470,4,2015-01-29,12018,1453,1,1,0,0
470,5,2015-01-30,13989,1735,1,1,0,0
470,6,2015-01-31,13475,1868,1,0,0,0
470,7,2015-02-01,0,0,0,0,0,0
470,1,2015-02-02,14843,1755,1,1,0,0
470,2,2015-02-03,13640,1635,1,1,0,0
470,3,2015-02-04,14225,1723,1,1,0,0
470,4,2015-02-05,11919,1518,1,1,0,0
470,5,2015-02-06,12943,1698,1,1,0,0
470,6,2015-02-07,12360,1777,1,0,0,0
470,7,2015-02-08,0,0,0,0,0,0
470,1,2015-02-09,9651,1407,1,0,0,0
470,2,2015-02-10,9297,1390,1,0,0,0
470,3,2015-02-11,11051,1622,1,0,0,0
470,4,2015-02-12,2610,398,1,0,0,0
470,5,2015-02-13,11406,1608,1,0,0,0
470,6,2015-02-14,11851,1638,1,0,0,0
470,7,2015-02-15,0,0,0,0,0,0
470,1,2015-02-16,0,0,0,1,0,0
470,2,2015-02-17,15124,1787,1,1,0,0
470,3,2015-02-18,13421,1592,1,1,0,0
470,4,2015-02-19,12262,1563,1,1,0,0
470,5,2015-02-20,11621,1531,1,1,0,0
470,6,2015-02-21,12229,1698,1,0,0,0
470,7,2015-02-22,0,0,0,0,0,0
470,1,2015-02-23,8725,1220,1,0,0,0
470,2,2015-02-24,8049,1252,1,0,0,0
470,3,2015-02-25,9161,1329,1,0,0,0
470,4,2015-02-26,8722,1309,1,0,0,0
470,5,2015-02-27,11070,1436,1,0,0,0
470,6,2015-02-28,14427,1966,1,0,0,0
470,7,2015-03-01,0,0,0,0,0,0
470,1,2015-03-02,16021,1834,1,1,0,0
470,2,2015-03-03,13233,1621,1,1,0,0
470,3,2015-03-04,13596,1603,1,1,0,0
470,4,2015-03-05,12924,1633,1,1,0,0
470,5,2015-03-06,13223,1690,1,1,0,0
470,6,2015-03-07,11970,1800,1,0,0,0
470,7,2015-03-08,0,0,0,0,0,0
470,1,2015-03-09,10687,1486,1,0,0,0
470,2,2015-03-10,7844,1138,1,0,0,0
470,3,2015-03-11,9411,1391,1,0,0,0
470,4,2015-03-12,9822,1404,1,0,0,0
470,5,2015-03-13,8862,1337,1,0,0,0
470,6,2015-03-14,12169,1700,1,0,0,0
470,7,2015-03-15,0,0,0,0,0,0
470,1,2015-03-16,17572,1928,1,1,0,0
470,2,2015-03-17,13949,1713,1,1,0,0
470,3,2015-03-18,13413,1633,1,1,0,0
470,4,2015-03-19,11677,1468,1,1,0,0
470,5,2015-03-20,12662,1625,1,1,0,0
470,6,2015-03-21,11033,1544,1,0,0,0
470,7,2015-03-22,0,0,0,0,0,0
470,1,2015-03-23,10326,1481,1,0,0,0
470,2,2015-03-24,8255,1252,1,0,0,0
470,3,2015-03-25,8892,1250,1,0,0,0
470,4,2015-03-26,9360,1355,1,0,0,0
470,5,2015-03-27,9739,1402,1,0,0,0
470,6,2015-03-28,12809,1772,1,0,0,0
470,7,2015-03-29,0,0,0,0,0,0
470,1,2015-03-30,18211,2029,1,1,0,1
470,2,2015-03-31,15735,1724,1,1,0,1
470,3,2015-04-01,17163,1947,1,1,0,1
470,4,2015-04-02,18023,2094,1,1,0,1
470,5,2015-04-03,0,0,0,1,b,1
470,6,2015-04-04,17668,2216,1,0,0,0
470,7,2015-04-05,0,0,0,0,0,0
470,1,2015-04-06,0,0,0,0,b,1
470,2,2015-04-07,12982,1768,1,0,0,1
470,3,2015-04-08,11581,1595,1,0,0,1
470,4,2015-04-09,11010,1622,1,0,0,1
470,5,2015-04-10,10772,1621,1,0,0,1
470,6,2015-04-11,11778,1692,1,0,0,0
470,7,2015-04-12,0,0,0,0,0,0
470,1,2015-04-13,16600,1890,1,1,0,0
470,2,2015-04-14,13823,1732,1,1,0,0
470,3,2015-04-15,13018,1677,1,1,0,0
470,4,2015-04-16,12511,1638,1,1,0,0
470,5,2015-04-17,13481,1664,1,1,0,0
470,6,2015-04-18,12750,1813,1,0,0,0
470,7,2015-04-19,0,0,0,0,0,0
470,1,2015-04-20,9734,1477,1,0,0,0
470,2,2015-04-21,9011,1387,1,0,0,0
470,3,2015-04-22,8990,1308,1,0,0,0
470,4,2015-04-23,9120,1325,1,0,0,0
470,5,2015-04-24,9682,1448,1,0,0,0
470,6,2015-04-25,10868,1606,1,0,0,0
470,7,2015-04-26,0,0,0,0,0,0
470,1,2015-04-27,14059,1663,1,1,0,0
470,2,2015-04-28,15973,1792,1,1,0,0
470,3,2015-04-29,14079,1660,1,1,0,0
470,4,2015-04-30,14177,1758,1,1,0,0
470,5,2015-05-01,0,0,0,1,a,0
470,6,2015-05-02,15469,2250,1,0,0,0
470,7,2015-05-03,0,0,0,0,0,0
470,1,2015-05-04,16717,1964,1,1,0,0
470,2,2015-05-05,13861,1687,1,1,0,0
470,3,2015-05-06,13894,1747,1,1,0,0
470,4,2015-05-07,12865,1619,1,1,0,0
470,5,2015-05-08,13762,1747,1,1,0,0
470,6,2015-05-09,13710,1949,1,0,0,0
470,7,2015-05-10,0,0,0,0,0,0
470,1,2015-05-11,10507,1476,1,0,0,0
470,2,2015-05-12,9369,1397,1,0,0,0
470,3,2015-05-13,11396,1614,1,0,0,0
470,4,2015-05-14,0,0,0,0,a,0
470,5,2015-05-15,13655,1911,1,0,0,0
470,6,2015-05-16,11868,1718,1,0,0,0
470,7,2015-05-17,0,0,0,0,0,0
470,1,2015-05-18,15177,1878,1,1,0,0
470,2,2015-05-19,14223,1735,1,1,0,0
470,3,2015-05-20,12016,1608,1,1,0,0
470,4,2015-05-21,12985,1607,1,1,0,0
470,5,2015-05-22,12598,1615,1,1,0,0
470,6,2015-05-23,12427,1726,1,0,0,0
470,7,2015-05-24,0,0,0,0,0,0
470,1,2015-05-25,0,0,0,0,a,0
470,2,2015-05-26,11228,1558,1,0,0,1
470,3,2015-05-27,10177,1370,1,0,0,0
470,4,2015-05-28,10166,1422,1,0,0,0
470,5,2015-05-29,11671,1601,1,0,0,0
470,6,2015-05-30,13546,1840,1,0,0,0
470,7,2015-05-31,0,0,0,0,0,0
470,1,2015-06-01,17786,2016,1,1,0,0
470,2,2015-06-02,16196,1919,1,1,0,0
470,3,2015-06-03,16600,1985,1,1,0,0
470,4,2015-06-04,0,0,0,1,a,0
470,5,2015-06-05,16369,2067,1,1,0,0
470,6,2015-06-06,13231,1799,1,0,0,0
470,7,2015-06-07,0,0,0,0,0,0
470,1,2015-06-08,10835,1531,1,0,0,0
470,2,2015-06-09,10442,1440,1,0,0,0
470,3,2015-06-10,9889,1397,1,0,0,0
470,4,2015-06-11,9617,1416,1,0,0,0
470,5,2015-06-12,9054,1305,1,0,0,0
470,6,2015-06-13,12462,1831,1,0,0,0
470,7,2015-06-14,0,0,0,0,0,0
470,1,2015-06-15,16143,1895,1,1,0,0
470,2,2015-06-16,15387,1838,1,1,0,0
470,3,2015-06-17,13908,1703,1,1,0,0
470,4,2015-06-18,12116,1516,1,1,0,0
470,5,2015-06-19,11836,1505,1,1,0,0
470,6,2015-06-20,11378,1627,1,0,0,0
470,7,2015-06-21,0,0,0,0,0,0
470,1,2015-06-22,9423,1235,1,0,0,0
470,2,2015-06-23,9398,1295,1,0,0,0
470,3,2015-06-24,10520,1447,1,0,0,0
470,4,2015-06-25,10385,1504,1,0,0,0
470,5,2015-06-26,10234,1449,1,0,0,0
470,6,2015-06-27,12837,1713,1,0,0,0
470,7,2015-06-28,0,0,0,0,0,0
470,1,2015-06-29,18235,2029,1,1,0,1
470,2,2015-06-30,17241,1954,1,1,0,1
470,3,2015-07-01,13887,1672,1,1,0,1
470,4,2015-07-02,11463,1499,1,1,0,1
470,5,2015-07-03,12297,1535,1,1,0,1
470,6,2015-07-04,9605,1371,1,0,0,0
470,7,2015-07-05,0,0,0,0,0,0
470,1,2015-07-06,11177,1567,1,0,0,1
470,2,2015-07-07,8970,1228,1,0,0,1
470,3,2015-07-08,10546,1415,1,0,0,1
470,4,2015-07-09,9782,1411,1,0,0,1
470,5,2015-07-10,10253,1474,1,0,0,1
470,6,2015-07-11,11363,1611,1,0,0,0
470,7,2015-07-12,0,0,0,0,0,0
470,1,2015-07-13,15531,1790,1,1,0,1
470,2,2015-07-14,15098,1822,1,1,0,1
470,3,2015-07-15,13332,1608,1,1,0,1
470,4,2015-07-16,13143,1639,1,1,0,1
470,5,2015-07-17,10862,1488,1,1,0,1
470,6,2015-07-18,11225,1563,1,0,0,0
470,7,2015-07-19,0,0,0,0,0,0
470,1,2015-07-20,11156,1485,1,0,0,1
470,2,2015-07-21,9318,1406,1,0,0,1
470,3,2015-07-22,9279,1411,1,0,0,1
470,4,2015-07-23,9511,1348,1,0,0,1
470,5,2015-07-24,9080,1327,1,0,0,1
470,6,2015-07-25,9086,1285,1,0,0,0
470,7,2015-07-26,0,0,0,0,0,0
470,1,2015-07-27,14938,1742,1,1,0,1
470,2,2015-07-28,13988,1657,1,1,0,1
470,3,2015-07-29,13220,1644,1,1,0,1
470,4,2015-07-30,12576,1607,1,1,0,1
470,5,2015-07-31,15098,1835,1,1,0,1
513,2,2013-01-01,0,0,0,0,a,1
513,3,2013-01-02,20445,2424,1,0,0,1
513,4,2013-01-03,18469,2280,1,0,0,1
513,5,2013-01-04,16519,2008,1,0,0,1
513,6,2013-01-05,20050,2482,1,0,0,0
513,7,2013-01-06,0,0,0,0,0,0
513,1,2013-01-07,24520,2655,1,1,0,0
513,2,2013-01-08,21969,2368,1,1,0,0
513,3,2013-01-09,17909,2021,1,1,0,0
513,4,2013-01-10,17548,2035,1,1,0,0
513,5,2013-01-11,20714,2279,1,1,0,0
513,6,2013-01-12,19367,2308,1,0,0,0
513,7,2013-01-13,0,0,0,0,0,0
513,1,2013-01-14,15500,1941,1,0,0,0
513,2,2013-01-15,16138,2008,1,0,0,0
513,3,2013-01-16,14300,1799,1,0,0,0
513,4,2013-01-17,16157,1939,1,0,0,0
513,5,2013-01-18,16030,1957,1,0,0,0
513,6,2013-01-19,18466,2076,1,0,0,0
513,7,2013-01-20,0,0,0,0,0,0
513,1,2013-01-21,20471,2215,1,1,0,0
513,2,2013-01-22,19261,2136,1,1,0,0
513,3,2013-01-23,17149,1919,1,1,0,0
513,4,2013-01-24,17583,1997,1,1,0,0
513,5,2013-01-25,19698,2205,1,1,0,0
513,6,2013-01-26,18313,2085,1,0,0,0
513,7,2013-01-27,0,0,0,0,0,0
513,1,2013-01-28,16286,2015,1,0,0,0
513,2,2013-01-29,16095,1909,1,0,0,0
513,3,2013-01-30,15318,1861,1,0,0,0
513,4,2013-01-31,20026,2282,1,0,0,0
513,5,2013-02-01,19634,2385,1,0,0,0
513,6,2013-02-02,19222,2209,1,0,0,0
513,7,2013-02-03,0,0,0,0,0,0
513,1,2013-02-04,23945,2492,1,1,0,1
513,2,2013-02-05,22189,2502,1,1,0,1
513,3,2013-02-06,21198,2376,1,1,0,1
513,4,2013-02-07,19245,2174,1,1,0,1
513,5,2013-02-08,18648,2110,1,1,0,1
513,6,2013-02-09,18705,2163,1,0,0,0
513,7,2013-02-10,0,0,0,0,0,0
513,1,2013-02-11,17326,2099,1,0,0,0
513,2,2013-02-12,16481,2013,1,0,0,0
513,3,2013-02-13,15269,1877,1,0,0,0
513,4,2013-02-14,15595,1922,1,0,0,0
513,5,2013-02-15,16479,2015,1,0,0,0
513,6,2013-02-16,20064,2290,1,0,0,0
513,7,2013-02-17,0,0,0,0,0,0
513,1,2013-02-18,24339,2451,1,1,0,0
513,2,2013-02-19,19633,2092,1,1,0,0
513,3,2013-02-20,17666,1970,1,1,0,0
513,4,2013-02-21,19250,2175,1,1,0,0
513,5,2013-02-22,19603,2203,1,1,0,0
513,6,2013-02-23,17328,1970,1,0,0,0
513,7,2013-02-24,0,0,0,0,0,0
513,1,2013-02-25,16722,2044,1,0,0,0
513,2,2013-02-26,15657,1970,1,0,0,0
513,3,2013-02-27,16323,1946,1,0,0,0
513,4,2013-02-28,19760,2281,1,0,0,0
513,5,2013-03-01,19429,2249,1,0,0,0
513,6,2013-03-02,22111,2599,1,0,0,0
513,7,2013-03-03,0,0,0,0,0,0
513,1,2013-03-04,28108,2868,1,1,0,0
513,2,2013-03-05,24280,2667,1,1,0,0
513,3,2013-03-06,20248,2335,1,1,0,0
513,4,2013-03-07,20735,2391,1,1,0,0
513,5,2013-03-08,19583,2151,1,1,0,0
513,6,2013-03-09,18830,2186,1,0,0,0
513,7,2013-03-10,0,0,0,0,0,0
513,1,2013-03-11,16106,1968,1,0,0,0
513,2,2013-03-12,15924,1993,1,0,0,0
513,3,2013-03-13,17272,2084,1,0,0,0
513,4,2013-03-14,16002,1981,1,0,0,0
513,5,2013-03-15,16779,2100,1,0,0,0
513,6,2013-03-16,19750,2325,1,0,0,0
513,7,2013-03-17,0,0,0,0,0,0
513,1,2013-03-18,22353,2386,1,1,0,0
513,2,2013-03-19,18388,2029,1,1,0,0
513,3,2013-03-20,19439,2166,1,1,0,0
513,4,2013-03-21,19085,2158,1,1,0,0
513,5,2013-03-22,20815,2315,1,1,0,0
513,6,2013-03-23,20178,2270,1,0,0,0
513,7,2013-03-24,0,0,0,0,0,0
513,1,2013-03-25,26641,2702,1,1,0,1
513,2,2013-03-26,23655,2624,1,1,0,1
513,3,2013-03-27,23298,2564,1,1,0,1
513,4,2013-03-28,26997,2919,1,1,0,1
513,5,2013-03-29,0,0,0,1,b,1
513,6,2013-03-30,26825,3155,1,0,0,0
513,7,2013-03-31,0,0,0,0,0,0
513,1,2013-04-01,0,0,0,0,b,1
513,2,2013-04-02,20874,2509,1,0,0,1
513,3,2013-04-03,17843,2152,1,0,0,1
513,4,2013-04-04,18326,2249,1,0,0,1
513,5,2013-04-05,17251,2125,1,0,0,1
513,6,2013-04-06,18547,2302,1,0,0,0
513,7,2013-04-07,0,0,0,0,0,0
513,1,2013-04-08,23419,2668,1,1,0,0
513,2,2013-04-09,21342,2407,1,1,0,0
513,3,2013-04-10,18949,2194,1,1,0,0
513,4,2013-04-11,18761,2255,1,1,0,0
513,5,2013-04-12,18859,2213,1,1,0,0
513,6,2013-04-13,19572,2369,1,0,0,0
513,7,2013-04-14,0,0,0,0,0,0
513,1,2013-04-15,17432,2187,1,0,0,0
513,2,2013-04-16,15900,2042,1,0,0,0
513,3,2013-04-17,15072,1953,1,0,0,0
513,4,2013-04-18,15624,2028,1,0,0,0
513,5,2013-04-19,16643,2071,1,0,0,0
513,6,2013-04-20,19225,2403,1,0,0,0
513,7,2013-04-21,0,0,0,0,0,0
513,1,2013-04-22,22521,2513,1,1,0,0
513,2,2013-04-23,21061,2427,1,1,0,0
513,3,2013-04-24,19250,2224,1,1,0,0
513,4,2013-04-25,18472,2290,1,1,0,0
513,5,2013-04-26,19054,2178,1,1,0,0
513,6,2013-04-27,19734,2302,1,0,0,0
513,7,2013-04-28,0,0,0,0,0,0
513,1,2013-04-29,26374,2751,1,1,0,0
513,2,2013-04-30,26239,2808,1,1,0,0
513,3,2013-05-01,0,0,0,1,a,0
513,4,2013-05-02,26583,2753,1,1,0,0
513,5,2013-05-03,23101,2622,1,1,0,0
513,6,2013-05-04,20672,2410,1,0,0,0
513,7,2013-05-05,0,0,0,0,0,0
513,1,2013-05-06,19518,2361,1,0,0,0
513,2,2013-05-07,18395,2286,1,0,0,0
513,3,2013-05-08,19025,2333,1,0,0,0
513,4,2013-05-09,0,0,0,0,a,0
513,5,2013-05-10,21377,2621,1,0,0,1
513,6,2013-05-11,18306,2206,1,0,0,0
513,7,2013-05-12,0,0,0,0,0,0
513,1,2013-05-13,25119,2710,1,1,0,0
513,2,2013-05-14,22474,2478,1,1,0,0
513,3,2013-05-15,17946,2166,1,1,0,0
513,4,2013-05-16,20051,2362,1,1,0,0
513,5,2013-05-17,20230,2319,1,1,0,0
513,6,2013-05-18,17878,2158,1,0,0,0
513,7,2013-05-19,0,0,0,0,0,0
513,1,2013-05-20,0,0,0,0,a,0
513,2,2013-05-21,20562,2581,1,0,0,1
513,3,2013-05-22,13852,1803,1,0,0,0
513,4,2013-05-23,17801,2183,1,0,0,0
513,5,2013-05-24,17241,2101,1,0,0,0
513,6,2013-05-25,15527,1817,1,0,0,0
513,7,2013-05-26,0,0,0,0,0,0
513,1,2013-05-27,25920,2726,1,1,0,0
513,2,2013-05-28,21561,2279,1,1,0,0
513,3,2013-05-29,18346,2077,1,1,0,0
513,4,2013-05-30,20675,2293,1,1,0,0
513,5,2013-05-31,21960,2421,1,1,0,0
513,6,2013-06-01,21958,2505,1,0,0,0
513,7,2013-06-02,0,0,0,0,0,0
513,1,2013-06-03,26342,2791,1,1,0,0
513,2,2013-06-04,21541,2501,1,1,0,0
513,3,2013-06-05,19702,2267,1,1,0,0
513,4,2013-06-06,19269,2324,1,1,0,0
513,5,2013-06-07,19471,2302,1,1,0,0
513,6,2013-06-08,17986,2201,1,0,0,0
513,7,2013-06-09,0,0,0,0,0,0
513,1,2013-06-10,17744,2205,1,0,0,0
513,2,2013-06-11,17684,2171,1,0,0,0
513,3,2013-06-12,16090,1999,1,0,0,0
513,4,2013-06-13,16967,2128,1,0,0,0
513,5,2013-06-14,17856,2119,1,0,0,0
513,6,2013-06-15,18783,2233,1,0,0,0
513,7,2013-06-16,0,0,0,0,0,0
513,1,2013-06-17,27823,2822,1,1,0,0
513,2,2013-06-18,20650,2299,1,1,0,0
513,3,2013-06-19,17990,2051,1,1,0,1
513,4,2013-06-20,18798,2126,1,1,0,1
513,5,2013-06-21,22654,2466,1,1,0,1
513,6,2013-06-22,18734,2223,1,0,0,0
513,7,2013-06-23,0,0,0,0,0,0
513,1,2013-06-24,19498,2302,1,0,0,1
513,2,2013-06-25,11364,1424,1,0,0,1
513,3,2013-06-26,17503,2026,1,0,0,1
513,4,2013-06-27,16750,2008,1,0,0,1
513,5,2013-06-28,18264,2112,1,0,0,1
513,6,2013-06-29,21192,2319,1,0,0,0
513,7,2013-06-30,0,0,0,0,0,0
513,1,2013-07-01,26041,2729,1,1,0,1
513,2,2013-07-02,23904,2628,1,1,0,1
513,3,2013-07-03,19367,2185,1,1,0,1
513,4,2013-07-04,19604,2288,1,1,0,1
513,5,2013-07-05,19547,2276,1,1,0,1
513,6,2013-07-06,17714,2064,1,0,0,0
513,7,2013-07-07,0,0,0,0,0,0
513,1,2013-07-08,16508,2115,1,0,0,1
513,2,2013-07-09,16474,2038,1,0,0,1
513,3,2013-07-10,15049,1847,1,0,0,1
513,4,2013-07-11,16886,2008,1,0,0,1
513,5,2013-07-12,15595,1869,1,0,0,1
513,6,2013-07-13,18321,2104,1,0,0,0
513,7,2013-07-14,0,0,0,0,0,0
513,1,2013-07-15,26632,2824,1,1,0,1
513,2,2013-07-16,21864,2387,1,1,0,1
513,3,2013-07-17,18358,2092,1,1,0,1
513,4,2013-07-18,18564,2160,1,1,0,1
513,5,2013-07-19,19422,2193,1,1,0,1
513,6,2013-07-20,16172,1988,1,0,0,0
513,7,2013-07-21,0,0,0,0,0,0
513,1,2013-07-22,16209,1977,1,0,0,1
513,2,2013-07-23,14773,1927,1,0,0,1
513,3,2013-07-24,14514,1813,1,0,0,1
513,4,2013-07-25,14328,1878,1,0,0,1
513,5,2013-07-26,12729,1653,1,0,0,1
513,6,2013-07-27,13652,1729,1,0,0,0
513,7,2013-07-28,0,0,0,0,0,0
513,1,2013-07-29,23840,2508,1,1,0,1
513,2,2013-07-30,23607,2621,1,1,0,1
513,3,2013-07-31,24187,2599,1,1,0,1
513,4,2013-08-01,22514,2613,1,1,0,1
513,5,2013-08-02,19330,2190,1,1,0,1
513,6,2013-08-03,16633,2008,1,0,0,0
513,7,2013-08-04,0,0,0,0,0,0
513,1,2013-08-05,19871,2430,1,0,0,0
513,2,2013-08-06,15874,2015,1,0,0,0
513,3,2013-08-07,16474,2079,1,0,0,0
513,4,2013-08-08,16193,2065,1,0,0,0
513,5,2013-08-09,16860,2064,1,0,0,0
513,6,2013-08-10,17675,2166,1,0,0,0
513,7,2013-08-11,0,0,0,0,0,0
513,1,2013-08-12,25885,2771,1,1,0,0
513,2,2013-08-13,22404,2557,1,1,0,0
513,3,2013-08-14,21137,2432,1,1,0,0
513,4,2013-08-15,20966,2432,1,1,0,0
513,5,2013-08-16,19251,2325,1,1,0,0
513,6,2013-08-17,17319,2140,1,0,0,0
513,7,2013-08-18,0,0,0,0,0,0
513,1,2013-08-19,17321,2151,1,0,0,0
513,2,2013-08-20,16030,2091,1,0,0,0
513,3,2013-08-21,15821,1944,1,0,0,0
513,4,2013-08-22,15047,1925,1,0,0,0
513,5,2013-08-23,15815,2009,1,0,0,0
513,6,2013-08-24,17537,2101,1,0,0,0
513,7,2013-08-25,0,0,0,0,0,0
513,1,2013-08-26,22294,2470,1,1,0,0
513,2,2013-08-27,19173,2202,1,1,0,0
513,3,2013-08-28,16529,1962,1,1,0,0
513,4,2013-08-29,19060,2183,1,1,0,0
513,5,2013-08-30,20123,2310,1,1,0,0
513,6,2013-08-31,18132,2117,1,0,0,0
513,7,2013-09-01,0,0,0,0,0,0
513,1,2013-09-02,15967,1895,1,0,0,0
513,2,2013-09-03,15751,1993,1,0,0,0
513,3,2013-09-04,14854,1869,1,0,0,0
513,4,2013-09-05,14713,1933,1,0,0,0
513,5,2013-09-06,14122,1803,1,0,0,0
513,6,2013-09-07,14426,1912,1,0,0,0
513,7,2013-09-08,0,0,0,0,0,0
513,1,2013-09-09,19520,2127,1,1,0,0
513,2,2013-09-10,20300,2217,1,1,0,0
513,3,2013-09-11,18076,2076,1,1,0,0
513,4,2013-09-12,19317,2271,1,1,0,0
513,5,2013-09-13,18292,2163,1,1,0,0
513,6,2013-09-14,16793,2132,1,0,0,0
513,7,2013-09-15,0,0,0,0,0,0
513,1,2013-09-16,15158,1928,1,0,0,0
513,2,2013-09-17,15179,1949,1,0,0,0
513,3,2013-09-18,11287,1496,1,0,0,0
513,4,2013-09-19,15040,1926,1,0,0,0
513,5,2013-09-20,11952,1665,1,0,0,0
513,6,2013-09-21,16779,2046,1,0,0,0
513,7,2013-09-22,0,0,0,0,0,0
513,1,2013-09-23,19453,2158,1,1,0,0
513,2,2013-09-24,16904,1985,1,1,0,0
513,3,2013-09-25,18134,2061,1,1,0,0
513,4,2013-09-26,17260,2041,1,1,0,0
513,5,2013-09-27,18714,2189,1,1,0,0
513,6,2013-09-28,17696,2131,1,0,0,0
513,7,2013-09-29,0,0,0,0,0,0
513,1,2013-09-30,18555,2241,1,0,0,1
513,2,2013-10-01,17981,2241,1,0,0,1
513,3,2013-10-02,17783,2172,1,0,0,1
513,4,2013-10-03,0,0,0,0,a,1
513,5,2013-10-04,21622,2606,1,0,0,1
513,6,2013-10-05,18168,2262,1,0,0,0
513,7,2013-10-06,0,0,0,0,0,0
513,1,2013-10-07,26862,2879,1,1,0,1
513,2,2013-10-08,22784,2570,1,1,0,1
513,3,2013-10-09,20987,2354,1,1,0,1
513,4,2013-10-10,18153,2117,1,1,0,1
513,5,2013-10-11,21615,2471,1,1,0,1
513,6,2013-10-12,18379,2274,1,0,0,0
513,7,2013-10-13,0,0,0,0,0,0
513,1,2013-10-14,17963,2265,1,0,0,0
513,2,2013-10-15,15778,1955,1,0,0,0
513,3,2013-10-16,16324,2029,1,0,0,0
513,4,2013-10-17,15867,2018,1,0,0,0
513,5,2013-10-18,16206,2104,1,0,0,0
513,6,2013-10-19,19231,2308,1,0,0,0
513,7,2013-10-20,0,0,0,0,0,0
513,1,2013-10-21,24407,2620,1,1,0,0
513,2,2013-10-22,21843,2537,1,1,0,0
513,3,2013-10-23,19083,2171,1,1,0,0
513,4,2013-10-24,19491,2308,1,1,0,0
513,5,2013-10-25,20445,2388,1,1,0,0
513,6,2013-10-26,18106,2309,1,0,0,0
513,7,2013-10-27,0,0,0,0,0,0
513,1,2013-10-28,16355,2035,1,0,0,0
513,2,2013-10-29,17629,2174,1,0,0,0
513,3,2013-10-30,17036,2038,1,0,0,0
513,4,2013-10-31,18719,2293,1,0,0,0
513,5,2013-11-01,19705,2314,1,0,0,0
513,6,2013-11-02,19543,2340,1,0,0,0
513,7,2013-11-03,0,0,0,0,0,0
513,1,2013-11-04,24477,2546,1,1,0,0
513,2,2013-11-05,25441,2686,1,1,0,0
513,3,2013-11-06,19977,2232,1,1,0,0
513,4,2013-11-07,20086,2300,1,1,0,0
513,5,2013-11-08,21774,2450,1,1,0,0
513,6,2013-11-09,18825,2233,1,0,0,0
513,7,2013-11-10,0,0,0,0,0,0
513,1,2013-11-11,15837,1925,1,0,0,0
513,2,2013-11-12,15724,1932,1,0,0,0
513,3,2013-11-13,13768,1735,1,0,0,0
513,4,2013-11-14,15798,1929,1,0,0,0
513,5,2013-11-15,14734,1772,1,0,0,0
513,6,2013-11-16,16776,2085,1,0,0,0
513,7,2013-11-17,0,0,0,0,0,0
513,1,2013-11-18,21966,2378,1,1,0,0
513,2,2013-11-19,19632,2208,1,1,0,0
513,3,2013-11-20,14578,1697,1,1,0,0
513,4,2013-11-21,18894,2115,1,1,0,0
513,5,2013-11-22,17918,2006,1,1,0,0
513,6,2013-11-23,18419,2140,1,0,0,0
513,7,2013-11-24,0,0,0,0,0,0
513,1,2013-11-25,17408,2033,1,0,0,0
513,2,2013-11-26,16525,2013,1,0,0,0
513,3,2013-11-27,15959,1851,1,0,0,0
513,4,2013-11-28,17802,2118,1,0,0,0
513,5,2013-11-29,19269,2087,1,0,0,0
513,6,2013-11-30,22551,2528,1,0,0,0
513,7,2013-12-01,0,0,0,0,0,0
513,1,2013-12-02,28025,2816,1,1,0,0
513,2,2013-12-03,24309,2566,1,1,0,0
513,3,2013-12-04,22578,2292,1,1,0,0
513,4,2013-12-05,22827,2328,1,1,0,0
513,5,2013-12-06,15431,1661,1,1,0,0
513,6,2013-12-07,19187,2224,1,0,0,0
513,7,2013-12-08,0,0,0,0,0,0
513,1,2013-12-09,17569,2078,1,0,0,0
513,2,2013-12-10,17355,2104,1,0,0,0
513,3,2013-12-11,17622,2098,1,0,0,0
513,4,2013-12-12,17453,2079,1,0,0,0
513,5,2013-12-13,18642,2088,1,0,0,0
513,6,2013-12-14,20744,2406,1,0,0,0
513,7,2013-12-15,0,0,0,0,0,0
513,1,2013-12-16,31094,3035,1,1,0,0
513,2,2013-12-17,28138,2847,1,1,0,0
513,3,2013-12-18,25800,2746,1,1,0,0
513,4,2013-12-19,24680,2655,1,1,0,0
513,5,2013-12-20,26553,2890,1,1,0,0
513,6,2013-12-21,24907,2926,1,0,0,0
513,7,2013-12-22,0,0,0,0,0,0
513,1,2013-12-23,26391,3302,1,0,0,1
513,2,2013-12-24,8267,1100,1,0,0,1
513,3,2013-12-25,0,0,0,0,c,1
513,4,2013-12-26,0,0,0,0,c,1
513,5,2013-12-27,19195,2435,1,0,0,1
513,6,2013-12-28,17710,2270,1,0,0,0
513,7,2013-12-29,0,0,0,0,0,0
513,1,2013-12-30,24063,2791,1,0,0,1
513,2,2013-12-31,8715,1118,1,0,0,1
513,3,2014-01-01,0,0,0,0,a,1
513,4,2014-01-02,18225,2237,1,0,0,1
513,5,2014-01-03,17339,2113,1,0,0,1
513,6,2014-01-04,18123,2156,1,0,0,0
513,7,2014-01-05,0,0,0,0,0,0
513,1,2014-01-06,21911,2340,1,1,0,0
513,2,2014-01-07,21515,2301,1,1,0,0
513,3,2014-01-08,18744,2029,1,1,0,0
513,4,2014-01-09,17681,2052,1,1,0,0
513,5,2014-01-10,17845,2121,1,1,0,0
513,6,2014-01-11,16827,2046,1,0,0,0
513,7,2014-01-12,0,0,0,0,0,0
513,1,2014-01-13,15032,1868,1,0,0,0
513,2,2014-01-14,14947,1911,1,0,0,0
513,3,2014-01-15,13348,1717,1,0,0,0
513,4,2014-01-16,12348,1533,1,0,0,0
513,5,2014-01-17,14456,1815,1,0,0,0
513,6,2014-01-18,15870,2040,1,0,0,0
513,7,2014-01-19,0,0,0,0,0,0
513,1,2014-01-20,15810,1691,1,1,0,0
513,2,2014-01-21,17781,1895,1,1,0,0
513,3,2014-01-22,16898,1794,1,1,0,0
513,4,2014-01-23,17845,1948,1,1,0,0
513,5,2014-01-24,16283,1805,1,1,0,0
513,6,2014-01-25,15029,1676,1,0,0,0
513,7,2014-01-26,0,0,0,0,0,0
513,1,2014-01-27,12681,1508,1,0,0,0
513,2,2014-01-28,15205,1874,1,0,0,0
513,3,2014-01-29,13793,1585,1,0,0,0
513,4,2014-01-30,15711,1798,1,0,0,0
513,5,2014-01-31,17628,2074,1,0,0,0
513,6,2014-02-01,19885,2314,1,0,0,0
513,7,2014-02-02,0,0,0,0,0,0
513,1,2014-02-03,23087,2399,1,1,0,1
513,2,2014-02-04,22841,2394,1,1,0,1
513,3,2014-02-05,19580,2181,1,1,0,1
513,4,2014-02-06,19710,2155,1,1,0,1
513,5,2014-02-07,17103,1990,1,1,0,1
513,6,2014-02-08,16205,1946,1,0,0,0
513,7,2014-02-09,0,0,0,0,0,0
513,1,2014-02-10,16349,2016,1,0,0,0
513,2,2014-02-11,14656,1788,1,0,0,0
513,3,2014-02-12,14876,1834,1,0,0,0
513,4,2014-02-13,15372,1958,1,0,0,0
513,5,2014-02-14,15563,1923,1,0,0,0
513,6,2014-02-15,17028,2039,1,0,0,0
513,7,2014-02-16,0,0,0,0,0,0
513,1,2014-02-17,22399,2434,1,1,0,0
513,2,2014-02-18,19300,2158,1,1,0,0
513,3,2014-02-19,17565,1997,1,1,0,0
513,4,2014-02-20,18053,2136,1,1,0,0
513,5,2014-02-21,16465,1925,1,1,0,0
513,6,2014-02-22,16259,2015,1,0,0,0
513,7,2014-02-23,0,0,0,0,0,0
513,1,2014-02-24,15105,1922,1,0,0,0
513,2,2014-02-25,15000,1900,1,0,0,0
513,3,2014-02-26,13243,1677,1,0,0,0
513,4,2014-02-27,14682,1814,1,0,0,0
513,5,2014-02-28,17271,2022,1,0,0,0
513,6,2014-03-01,19461,2274,1,0,0,0
513,7,2014-03-02,0,0,0,0,0,0
513,1,2014-03-03,23882,2584,1,1,0,0
513,2,2014-03-04,20481,2230,1,1,0,0
513,3,2014-03-05,19129,2027,1,1,0,0
513,4,2014-03-06,18937,2140,1,1,0,0
513,5,2014-03-07,19025,2167,1,1,0,0
513,6,2014-03-08,15635,1958,1,0,0,0
513,7,2014-03-09,0,0,0,0,0,0
513,1,2014-03-10,15264,1890,1,0,0,0
513,2,2014-03-11,14713,1862,1,0,0,0
513,3,2014-03-12,13673,1734,1,0,0,0
513,4,2014-03-13,14098,1835,1,0,0,0
513,5,2014-03-14,15312,1923,1,0,0,0
513,6,2014-03-15,16218,1958,1,0,0,0
513,7,2014-03-16,0,0,0,0,0,0
513,1,2014-03-17,22146,2311,1,1,0,0
513,2,2014-03-18,19516,2217,1,1,0,0
513,3,2014-03-19,16172,1864,1,1,0,0
513,4,2014-03-20,16588,2042,1,1,0,0
513,5,2014-03-21,16671,1987,1,1,0,0
513,6,2014-03-22,15854,1976,1,0,0,0
513,7,2014-03-23,0,0,0,0,0,0
513,1,2014-03-24,15171,1880,1,0,0,0
513,2,2014-03-25,12875,1657,1,0,0,0
513,3,2014-03-26,14148,1785,1,0,0,0
513,4,2014-03-27,15156,1900,1,0,0,0
513,5,2014-03-28,14232,1742,1,0,0,0
513,6,2014-03-29,15844,1965,1,0,0,0
513,7,2014-03-30,0,0,0,0,0,0
513,1,2014-03-31,24476,2540,1,1,0,0
513,2,2014-04-01,22622,2474,1,1,0,0
513,3,2014-04-02,20404,2149,1,1,0,0
513,4,2014-04-03,18810,2181,1,1,0,0
513,5,2014-04-04,18987,2135,1,1,0,0
513,6,2014-04-05,17376,2093,1,0,0,0
513,7,2014-04-06,0,0,0,0,0,0
513,1,2014-04-07,16301,2001,1,0,0,0
513,2,2014-04-08,14346,1825,1,0,0,0
513,3,2014-04-09,14425,1773,1,0,0,0
513,4,2014-04-10,15203,1935,1,0,0,0
513,5,2014-04-11,16082,1933,1,0,0,0
513,6,2014-04-12,17075,2103,1,0,0,0
513,7,2014-04-13,0,0,0,0,0,0
513,1,2014-04-14,21752,2265,1,1,0,1
513,2,2014-04-15,22949,2450,1,1,0,1
513,3,2014-04-16,21033,2394,1,1,0,1
513,4,2014-04-17,23383,2657,1,1,0,1
513,5,2014-04-18,0,0,0,1,b,1
513,6,2014-04-19,20583,2443,1,0,0,0
513,7,2014-04-20,0,0,0,0,0,0
513,1,2014-04-21,0,0,0,0,b,1
513,2,2014-04-22,17162,2131,1,0,0,1
513,3,2014-04-23,14943,1925,1,0,0,1
513,4,2014-04-24,15219,1878,1,0,0,1
513,5,2014-04-25,14694,1828,1,0,0,1
513,6,2014-04-26,15525,1902,1,0,0,0
513,7,2014-04-27,0,0,0,0,0,0
513,1,2014-04-28,23359,2513,1,1,0,0
513,2,2014-04-29,21218,2359,1,1,0,0
513,3,2014-04-30,24352,2595,1,1,0,0
513,4,2014-05-01,0,0,0,1,a,0
513,5,2014-05-02,22386,2348,1,1,0,1
513,6,2014-05-03,18085,2219,1,0,0,0
513,7,2014-05-04,0,0,0,0,0,0
513,1,2014-05-05,23457,2472,1,1,0,0
513,2,2014-05-06,21074,2258,1,1,0,0
513,3,2014-05-07,19578,2104,1,1,0,0
513,4,2014-05-08,18870,2116,1,1,0,0
513,5,2014-05-09,19004,2106,1,1,0,0
513,6,2014-05-10,18269,2173,1,0,0,0
513,7,2014-05-11,0,0,0,0,0,0
513,1,2014-05-12,15573,1927,1,0,0,0
513,2,2014-05-13,15257,1914,1,0,0,0
513,3,2014-05-14,13832,1685,1,0,0,0
513,4,2014-05-15,15108,1901,1,0,0,0
513,5,2014-05-16,13980,1791,1,0,0,0
513,6,2014-05-17,16337,1967,1,0,0,0
513,7,2014-05-18,0,0,0,0,0,0
513,1,2014-05-19,22642,2437,1,1,0,0
513,2,2014-05-20,19352,2169,1,1,0,0
513,3,2014-05-21,16872,1895,1,1,0,0
513,4,2014-05-22,17432,1987,1,1,0,0
513,5,2014-05-23,16547,1938,1,1,0,0
513,6,2014-05-24,17105,2089,1,0,0,0
513,7,2014-05-25,0,0,0,0,0,0
513,1,2014-05-26,16094,1975,1,0,0,0
513,2,2014-05-27,13785,1744,1,0,0,0
513,3,2014-05-28,13793,1593,1,0,0,0
513,4,2014-05-29,0,0,0,0,a,0
513,5,2014-05-30,23824,2694,1,0,0,1
513,6,2014-05-31,19434,2236,1,0,0,0
513,7,2014-06-01,0,0,0,0,0,0
513,1,2014-06-02,26013,2626,1,1,0,0
513,2,2014-06-03,22465,2359,1,1,0,0
513,3,2014-06-04,19227,2106,1,1,0,0
513,4,2014-06-05,19319,2193,1,1,0,0
513,5,2014-06-06,19575,2228,1,1,0,0
513,6,2014-06-07,17256,2113,1,0,0,0
513,7,2014-06-08,0,0,0,0,0,0
513,1,2014-06-09,0,0,0,0,a,0
513,2,2014-06-10,17254,2100,1,0,0,0
513,3,2014-06-11,14486,1670,1,0,0,0
513,4,2014-06-12,17752,2151,1,0,0,0
513,5,2014-06-13,15259,1871,1,0,0,0
513,6,2014-06-14,17185,1985,1,0,0,0
513,7,2014-06-15,0,0,0,0,0,0
513,1,2014-06-16,21215,2317,1,1,0,0
513,2,2014-06-17,20762,2240,1,1,0,0
513,3,2014-06-18,19692,2119,1,1,0,0
513,4,2014-06-19,17981,2070,1,1,0,0
513,5,2014-06-20,17208,2065,1,1,0,0
513,6,2014-06-21,16308,1989,1,0,0,0
513,7,2014-06-22,0,0,0,0,0,0
513,1,2014-06-23,16648,2026,1,0,0,0
513,2,2014-06-24,14766,1859,1,0,0,0
513,3,2014-06-25,10997,1334,1,0,0,0
513,4,2014-06-26,14035,1719,1,0,0,0
513,5,2014-06-27,15364,1869,1,0,0,0
513,6,2014-06-28,17931,2075,1,0,0,0
513,7,2014-06-29,0,0,0,0,0,0
513,1,2014-06-30,25713,2561,1,1,0,0
513,2,2014-07-01,23184,2510,1,1,0,0
513,3,2014-07-02,21103,2330,1,1,0,0
513,4,2014-07-03,20107,2254,1,1,0,0
513,5,2014-07-04,16005,1832,1,1,0,0
513,6,2014-07-05,16934,1977,1,0,0,0
513,7,2014-07-06,0,0,0,0,0,0
513,1,2014-07-07,16398,1957,1,0,0,0
513,2,2014-07-08,14006,1708,1,0,0,0
513,3,2014-07-09,14126,1676,1,0,0,1
513,4,2014-07-10,17343,2054,1,0,0,1
513,5,2014-07-11,16417,2018,1,0,0,1
513,6,2014-07-12,18030,2046,1,0,0,0
513,7,2014-07-13,0,0,0,0,0,0
513,1,2014-07-14,21493,2291,1,1,0,1
513,2,2014-07-15,18840,2120,1,1,0,1
513,3,2014-07-16,19484,2117,1,1,0,1
513,4,2014-07-17,17747,2061,1,1,0,1
513,5,2014-07-18,15692,1877,1,1,0,1
513,6,2014-07-19,14281,1662,1,0,0,0
513,7,2014-07-20,0,0,0,0,0,0
513,1,2014-07-21,16098,1899,1,0,0,1
513,2,2014-07-22,14715,1846,1,0,0,1
513,3,2014-07-23,13132,1650,1,0,0,1
513,4,2014-07-24,13980,1759,1,0,0,1
513,5,2014-07-25,12109,1529,1,0,0,1
513,6,2014-07-26,14488,1825,1,0,0,0
513,7,2014-07-27,0,0,0,0,0,0
513,1,2014-07-28,20999,2297,1,1,0,1
513,2,2014-07-29,17646,1908,1,1,0,1
513,3,2014-07-30,18543,2058,1,1,0,1
513,4,2014-07-31,22335,2438,1,1,0,1
513,5,2014-08-01,19295,2139,1,1,0,1
513,6,2014-08-02,15877,1945,1,0,0,0
513,7,2014-08-03,0,0,0,0,0,0
513,1,2014-08-04,22373,2369,1,1,0,1
513,2,2014-08-05,19368,2180,1,1,0,1
513,3,2014-08-06,17541,2012,1,1,0,1
513,4,2014-08-07,17403,2088,1,1,0,1
513,5,2014-08-08,17442,2023,1,1,0,1
513,6,2014-08-09,14006,1736,1,0,0,0
513,7,2014-08-10,0,0,0,0,0,0
513,1,2014-08-11,16155,2003,1,0,0,1
513,2,2014-08-12,14310,1910,1,0,0,1
513,3,2014-08-13,13182,1730,1,0,0,1
513,4,2014-08-14,13859,1835,1,0,0,1
513,5,2014-08-15,13067,1694,1,0,0,1
513,6,2014-08-16,15014,1812,1,0,0,0
513,7,2014-08-17,0,0,0,0,0,0
513,1,2014-08-18,21950,2392,1,1,0,1
513,2,2014-08-19,19868,2184,1,1,0,1
513,3,2014-08-20,17804,2059,1,1,0,1
513,4,2014-08-21,16343,1996,1,1,0,1
513,5,2014-08-22,16332,1987,1,1,0,1
513,6,2014-08-23,16365,1925,1,0,0,0
513,7,2014-08-24,0,0,0,0,0,0
513,1,2014-08-25,15845,1954,1,0,0,0
513,2,2014-08-26,15673,1934,1,0,0,0
513,3,2014-08-27,13941,1769,1,0,0,0
513,4,2014-08-28,13776,1842,1,0,0,0
513,5,2014-08-29,16335,1964,1,0,0,0
513,6,2014-08-30,16675,1987,1,0,0,0
513,7,2014-08-31,0,0,0,0,0,0
513,1,2014-09-01,23442,2483,1,1,0,0
513,2,2014-09-02,21195,2336,1,1,0,0
513,3,2014-09-03,18655,2088,1,1,0,0
513,4,2014-09-04,18740,2142,1,1,0,0
513,5,2014-09-05,16508,1997,1,1,0,0
513,6,2014-09-06,15097,1800,1,0,0,0
513,7,2014-09-07,0,0,0,0,0,0
513,1,2014-09-08,16038,1923,1,0,0,0
513,2,2014-09-09,14102,1771,1,0,0,0
513,3,2014-09-10,13718,1718,1,0,0,0
513,4,2014-09-11,14011,1777,1,0,0,0
513,5,2014-09-12,13164,1707,1,0,0,0
513,6,2014-09-13,16464,1984,1,0,0,0
513,7,2014-09-14,0,0,0,0,0,0
513,1,2014-09-15,21181,2267,1,1,0,0
513,2,2014-09-16,18162,2080,1,1,0,0
513,3,2014-09-17,15276,1842,1,1,0,0
513,4,2014-09-18,16661,1981,1,1,0,0
513,5,2014-09-19,16838,1973,1,1,0,0
513,6,2014-09-20,15656,1869,1,0,0,0
513,7,2014-09-21,0,0,0,0,0,0
513,1,2014-09-22,15690,1868,1,0,0,0
513,2,2014-09-23,14770,1905,1,0,0,0
513,3,2014-09-24,13715,1672,1,0,0,0
513,4,2014-09-25,12716,1642,1,0,0,0
513,5,2014-09-26,12631,1612,1,0,0,0
513,6,2014-09-27,15954,1930,1,0,0,0
513,7,2014-09-28,0,0,0,0,0,0
513,1,2014-09-29,21829,2309,1,1,0,0
513,2,2014-09-30,20860,2248,1,1,0,0
513,3,2014-10-01,20092,2210,1,1,0,0
513,4,2014-10-02,21750,2399,1,1,0,0
513,5,2014-10-03,0,0,0,1,a,0
513,6,2014-10-04,20536,2298,1,0,0,0
513,7,2014-10-05,0,0,0,0,0,0
513,1,2014-10-06,20373,2256,1,1,0,0
513,2,2014-10-07,18549,2084,1,1,0,0
513,3,2014-10-08,16529,1852,1,1,0,0
513,4,2014-10-09,17131,2026,1,1,0,0
513,5,2014-10-10,17680,2063,1,1,0,0
513,6,2014-10-11,14480,1801,1,0,0,0
513,7,2014-10-12,0,0,0,0,0,0
513,1,2014-10-13,16376,2016,1,0,0,0
513,2,2014-10-14,14883,1918,1,0,0,0
513,3,2014-10-15,14214,1718,1,0,0,0
513,4,2014-10-16,13612,1700,1,0,0,0
513,5,2014-10-17,14188,1839,1,0,0,0
513,6,2014-10-18,15510,1999,1,0,0,0
513,7,2014-10-19,0,0,0,0,0,0
513,1,2014-10-20,20475,2269,1,1,0,1
513,2,2014-10-21,18402,2102,1,1,0,1
513,3,2014-10-22,13919,1618,1,1,0,1
513,4,2014-10-23,17218,2008,1,1,0,1
513,5,2014-10-24,16298,2002,1,1,0,1
513,6,2014-10-25,15551,1887,1,0,0,0
513,7,2014-10-26,0,0,0,0,0,0
513,1,2014-10-27,15799,1879,1,0,0,1
513,2,2014-10-28,14180,1811,1,0,0,1
513,3,2014-10-29,14564,1761,1,0,0,1
513,4,2014-10-30,15572,1837,1,0,0,1
513,5,2014-10-31,16686,2025,1,0,0,1
513,6,2014-11-01,17842,2045,1,0,0,0
513,7,2014-11-02,0,0,0,0,0,0
513,1,2014-11-03,22188,2326,1,1,0,0
513,2,2014-11-04,20488,2265,1,1,0,0
513,3,2014-11-05,18853,2041,1,1,0,0
513,4,2014-11-06,17791,2014,1,1,0,0
513,5,2014-11-07,18792,2078,1,1,0,0
513,6,2014-11-08,16609,2026,1,0,0,0
513,7,2014-11-09,0,0,0,0,0,0
513,1,2014-11-10,18956,2060,1,1,0,0
513,2,2014-11-11,18079,2071,1,1,0,0
513,3,2014-11-12,17071,1882,1,1,0,0
513,4,2014-11-13,16577,1924,1,1,0,0
513,5,2014-11-14,16843,1965,1,1,0,0
513,6,2014-11-15,17976,2030,1,0,0,0
513,7,2014-11-16,0,0,0,0,0,0
513,1,2014-11-17,16429,1925,1,0,0,0
513,2,2014-11-18,14857,1740,1,0,0,0
513,3,2014-11-19,14039,1603,1,0,0,0
513,4,2014-11-20,16101,1852,1,0,0,0
513,5,2014-11-21,14619,1814,1,0,0,0
513,6,2014-11-22,17505,2060,1,0,0,0
513,7,2014-11-23,0,0,0,0,0,0
513,1,2014-11-24,20317,2118,1,1,0,0
513,2,2014-11-25,19462,2129,1,1,0,0
513,3,2014-11-26,19263,1973,1,1,0,0
513,4,2014-11-27,19367,2152,1,1,0,0
513,5,2014-11-28,20860,2145,1,1,0,0
513,6,2014-11-29,20227,2221,1,0,0,0
513,7,2014-11-30,0,0,0,0,0,0
513,1,2014-12-01,24016,2383,1,1,0,0
513,2,2014-12-02,22486,2329,1,1,0,0
513,3,2014-12-03,21538,2195,1,1,0,0
513,4,2014-12-04,22471,2334,1,1,0,0
513,5,2014-12-05,22516,2320,1,1,0,0
513,6,2014-12-06,19323,2230,1,0,0,0
513,7,2014-12-07,0,0,0,0,0,0
513,1,2014-12-08,18402,2125,1,0,0,0
513,2,2014-12-09,17155,1997,1,0,0,0
513,3,2014-12-10,14775,1681,1,0,0,0
513,4,2014-12-11,17613,1932,1,0,0,0
513,5,2014-12-12,16641,1945,1,0,0,0
513,6,2014-12-13,19389,2324,1,0,0,0
513,7,2014-12-14,0,0,0,0,0,0
513,1,2014-12-15,29019,2755,1,1,0,0
513,2,2014-12-16,25392,2632,1,1,0,0
513,3,2014-12-17,22996,2360,1,1,0,0
513,4,2014-12-18,23825,2533,1,1,0,0
513,5,2014-12-19,22184,2418,1,1,0,0
513,6,2014-12-20,21494,2400,1,0,0,0
513,7,2014-12-21,0,0,0,0,0,0
513,1,2014-12-22,25611,2898,1,0,0,1
513,2,2014-12-23,25296,2877,1,0,0,1
513,3,2014-12-24,8987,1082,1,0,0,1
513,4,2014-12-25,0,0,0,0,c,1
513,5,2014-12-26,0,0,0,0,c,1
513,6,2014-12-27,19211,2190,1,0,0,0
513,7,2014-12-28,0,0,0,0,0,0
513,1,2014-12-29,19072,2290,1,0,0,1
513,2,2014-12-30,20256,2208,1,0,0,1
513,3,2014-12-31,9422,1091,1,0,0,1
513,4,2015-01-01,0,0,0,0,a,1
513,5,2015-01-02,18290,2156,1,0,0,1
513,6,2015-01-03,17743,2052,1,0,0,0
513,7,2015-01-04,0,0,0,0,0,0
513,1,2015-01-05,20880,2207,1,1,0,0
513,2,2015-01-06,20858,2212,1,1,0,0
513,3,2015-01-07,16918,1836,1,1,0,0
513,4,2015-01-08,15946,1789,1,1,0,0
513,5,2015-01-09,13268,1489,1,1,0,0
513,6,2015-01-10,15572,1783,1,0,0,0
513,7,2015-01-11,0,0,0,0,0,0
513,1,2015-01-12,19537,2007,1,1,0,0
513,2,2015-01-13,20259,2164,1,1,0,0
513,3,2015-01-14,17550,1977,1,1,0,0
513,4,2015-01-15,16650,1869,1,1,0,0
513,5,2015-01-16,18619,2081,1,1,0,0
513,6,2015-01-17,16671,1976,1,0,0,0
513,7,2015-01-18,0,0,0,0,0,0
513,1,2015-01-19,14035,1776,1,0,0,0
513,2,2015-01-20,12759,1606,1,0,0,0
513,3,2015-01-21,13472,1630,1,0,0,0
513,4,2015-01-22,13845,1684,1,0,0,0
513,5,2015-01-23,13863,1707,1,0,0,0
513,6,2015-01-24,15655,1861,1,0,0,0
513,7,2015-01-25,0,0,0,0,0,0
513,1,2015-01-26,20125,2097,1,1,0,0
513,2,2015-01-27,19001,2048,1,1,0,0
513,3,2015-01-28,17995,1957,1,1,0,0
513,4,2015-01-29,16784,1895,1,1,0,0
513,5,2015-01-30,18938,2035,1,1,0,0
513,6,2015-01-31,18094,1998,1,0,0,0
513,7,2015-02-01,0,0,0,0,0,0
513,1,2015-02-02,22946,2324,1,1,0,1
513,2,2015-02-03,19382,2101,1,1,0,1
513,3,2015-02-04,17595,1920,1,1,0,1
513,4,2015-02-05,18314,2062,1,1,0,1
513,5,2015-02-06,16802,1897,1,1,0,1
513,6,2015-02-07,15456,1842,1,0,0,0
513,7,2015-02-08,0,0,0,0,0,0
513,1,2015-02-09,15426,1835,1,0,0,0
513,2,2015-02-10,15303,1799,1,0,0,0
513,3,2015-02-11,14549,1662,1,0,0,0
513,4,2015-02-12,14745,1825,1,0,0,0
513,5,2015-02-13,15704,1852,1,0,0,0
513,6,2015-02-14,16802,2056,1,0,0,0
513,7,2015-02-15,0,0,0,0,0,0
513,1,2015-02-16,20438,2126,1,1,0,0
513,2,2015-02-17,18642,2095,1,1,0,0
513,3,2015-02-18,17503,1985,1,1,0,0
513,4,2015-02-19,18683,2080,1,1,0,0
513,5,2015-02-20,18185,2034,1,1,0,0
513,6,2015-02-21,15396,1903,1,0,0,0
513,7,2015-02-22,0,0,0,0,0,0
513,1,2015-02-23,12997,1637,1,0,0,0
513,2,2015-02-24,14598,1842,1,0,0,0
513,3,2015-02-25,14338,1704,1,0,0,0
513,4,2015-02-26,14665,1783,1,0,0,0
513,5,2015-02-27,16955,1961,1,0,0,0
513,6,2015-02-28,18581,2120,1,0,0,0
513,7,2015-03-01,0,0,0,0,0,0
513,1,2015-03-02,22649,2348,1,1,0,0
513,2,2015-03-03,21708,2221,1,1,0,0
513,3,2015-03-04,17748,1872,1,1,0,0
513,4,2015-03-05,18666,2104,1,1,0,0
513,5,2015-03-06,17466,1982,1,1,0,0
513,6,2015-03-07,16573,1987,1,0,0,0
513,7,2015-03-08,0,0,0,0,0,0
513,1,2015-03-09,15711,1952,1,0,0,0
513,2,2015-03-10,14821,1744,1,0,0,0
513,3,2015-03-11,13175,1566,1,0,0,0
513,4,2015-03-12,14820,1690,1,0,0,0
513,5,2015-03-13,16210,1861,1,0,0,0
513,6,2015-03-14,16140,1865,1,0,0,0
513,7,2015-03-15,0,0,0,0,0,0
513,1,2015-03-16,22220,2305,1,1,0,0
513,2,2015-03-17,20117,2166,1,1,0,0
513,3,2015-03-18,18310,2012,1,1,0,0
513,4,2015-03-19,19293,2087,1,1,0,0
513,5,2015-03-20,17630,1998,1,1,0,0
513,6,2015-03-21,15730,1817,1,0,0,0
513,7,2015-03-22,0,0,0,0,0,0
513,1,2015-03-23,18158,2042,1,0,0,0
513,2,2015-03-24,15298,1821,1,0,0,0
513,3,2015-03-25,15250,1797,1,0,0,0
513,4,2015-03-26,13726,1684,1,0,0,0
513,5,2015-03-27,15618,1859,1,0,0,0
513,6,2015-03-28,17723,2008,1,0,0,0
513,7,2015-03-29,0,0,0,0,0,0
513,1,2015-03-30,23047,2286,1,1,0,1
513,2,2015-03-31,22475,2167,1,1,0,1
513,3,2015-04-01,24588,2354,1,1,0,1
513,4,2015-04-02,25671,2650,1,1,0,1
513,5,2015-04-03,0,0,0,1,b,1
513,6,2015-04-04,23000,2642,1,0,0,0
513,7,2015-04-05,0,0,0,0,0,0
513,1,2015-04-06,0,0,0,0,b,1
513,2,2015-04-07,20057,2331,1,0,0,1
513,3,2015-04-08,16345,1897,1,0,0,1
513,4,2015-04-09,15892,1928,1,0,0,1
513,5,2015-04-10,14656,1833,1,0,0,1
513,6,2015-04-11,16013,1855,1,0,0,0
513,7,2015-04-12,0,0,0,0,0,0
513,1,2015-04-13,23202,2311,1,1,0,0
513,2,2015-04-14,20997,2262,1,1,0,0
513,3,2015-04-15,18578,1994,1,1,0,0
513,4,2015-04-16,19104,2131,1,1,0,0
513,5,2015-04-17,17843,2019,1,1,0,0
513,6,2015-04-18,17391,2013,1,0,0,0
513,7,2015-04-19,0,0,0,0,0,0
513,1,2015-04-20,15760,1924,1,0,0,0
513,2,2015-04-21,14192,1785,1,0,0,0
513,3,2015-04-22,13344,1646,1,0,0,0
513,4,2015-04-23,14988,1859,1,0,0,0
513,5,2015-04-24,14697,1757,1,0,0,0
513,6,2015-04-25,15917,1908,1,0,0,0
513,7,2015-04-26,0,0,0,0,0,0
513,1,2015-04-27,20887,2216,1,1,0,0
513,2,2015-04-28,19534,2119,1,1,0,0
513,3,2015-04-29,20447,2170,1,1,0,0
513,4,2015-04-30,21995,2449,1,1,0,0
513,5,2015-05-01,0,0,0,1,a,0
513,6,2015-05-02,22637,2500,1,0,0,0
513,7,2015-05-03,0,0,0,0,0,0
513,1,2015-05-04,24707,2521,1,1,0,0
513,2,2015-05-05,19012,2131,1,1,0,0
513,3,2015-05-06,19072,2097,1,1,0,0
513,4,2015-05-07,17994,2045,1,1,0,0
513,5,2015-05-08,19039,2060,1,1,0,0
513,6,2015-05-09,17044,2029,1,0,0,0
513,7,2015-05-10,0,0,0,0,0,0
513,1,2015-05-11,16775,1990,1,0,0,0
513,2,2015-05-12,15016,1819,1,0,0,0
513,3,2015-05-13,17053,2042,1,0,0,0
513,4,2015-05-14,0,0,0,0,a,0
513,5,2015-05-15,20320,2377,1,0,0,1
513,6,2015-05-16,16520,1861,1,0,0,0
513,7,2015-05-17,0,0,0,0,0,0
513,1,2015-05-18,22578,2390,1,1,0,0
513,2,2015-05-19,19904,2209,1,1,0,0
513,3,2015-05-20,18544,2041,1,1,0,0
513,4,2015-05-21,17950,2087,1,1,0,0
513,5,2015-05-22,17463,1996,1,1,0,0
513,6,2015-05-23,16196,1933,1,0,0,0
513,7,2015-05-24,0,0,0,0,0,0
513,1,2015-05-25,0,0,0,0,a,0
513,2,2015-05-26,19230,2185,1,0,0,1
513,3,2015-05-27,15141,1799,1,0,0,0
513,4,2015-05-28,15142,1909,1,0,0,0
513,5,2015-05-29,17438,2025,1,0,0,0
513,6,2015-05-30,18900,2121,1,0,0,0
513,7,2015-05-31,0,0,0,0,0,0
513,1,2015-06-01,22723,2308,1,1,0,0
513,2,2015-06-02,22136,2340,1,1,0,0
513,3,2015-06-03,19825,2117,1,1,0,0
513,4,2015-06-04,19352,2110,1,1,0,0
513,5,2015-06-05,17611,1985,1,1,0,0
513,6,2015-06-06,14880,1809,1,0,0,0
513,7,2015-06-07,0,0,0,0,0,0
513,1,2015-06-08,18138,2109,1,0,0,0
513,2,2015-06-09,16407,1914,1,0,0,0
513,3,2015-06-10,15658,1728,1,0,0,0
513,4,2015-06-11,15828,1846,1,0,0,0
513,5,2015-06-12,13555,1658,1,0,0,0
513,6,2015-06-13,14940,1713,1,0,0,0
513,7,2015-06-14,0,0,0,0,0,0
513,1,2015-06-15,25008,2496,1,1,0,0
513,2,2015-06-16,20236,2229,1,1,0,0
513,3,2015-06-17,17461,1937,1,1,0,0
513,4,2015-06-18,18815,2031,1,1,0,0
513,5,2015-06-19,16088,1907,1,1,0,0
513,6,2015-06-20,15659,1907,1,0,0,0
513,7,2015-06-21,0,0,0,0,0,0
513,1,2015-06-22,15391,1813,1,0,0,0
513,2,2015-06-23,12127,1527,1,0,0,0
513,3,2015-06-24,13936,1715,1,0,0,0
513,4,2015-06-25,13775,1743,1,0,0,0
513,5,2015-06-26,14107,1713,1,0,0,0
513,6,2015-06-27,16507,1935,1,0,0,0
513,7,2015-06-28,0,0,0,0,0,0
513,1,2015-06-29,23582,2378,1,1,0,0
513,2,2015-06-30,23386,2420,1,1,0,0
513,3,2015-07-01,20918,2238,1,1,0,0
513,4,2015-07-02,19823,2142,1,1,0,0
513,5,2015-07-03,18203,2024,1,1,0,0
513,6,2015-07-04,13612,1596,1,0,0,0
513,7,2015-07-05,0,0,0,0,0,0
513,1,2015-07-06,17516,2019,1,0,0,0
513,2,2015-07-07,14509,1810,1,0,0,0
513,3,2015-07-08,14240,1770,1,0,0,0
513,4,2015-07-09,16403,1908,1,0,0,0
513,5,2015-07-10,15329,1760,1,0,0,0
513,6,2015-07-11,17611,1928,1,0,0,0
513,7,2015-07-12,0,0,0,0,0,0
513,1,2015-07-13,21509,2324,1,1,0,0
513,2,2015-07-14,20038,2040,1,1,0,0
513,3,2015-07-15,20999,2188,1,1,0,0
513,4,2015-07-16,19770,2127,1,1,0,1
513,5,2015-07-17,17561,1862,1,1,0,1
513,6,2015-07-18,15504,1836,1,0,0,0
513,7,2015-07-19,0,0,0,0,0,0
513,1,2015-07-20,17406,1966,1,0,0,1
513,2,2015-07-21,14289,1770,1,0,0,1
513,3,2015-07-22,12363,1568,1,0,0,1
513,4,2015-07-23,14959,1719,1,0,0,1
513,5,2015-07-24,14283,1693,1,0,0,1
513,6,2015-07-25,15231,1767,1,0,0,0
513,7,2015-07-26,0,0,0,0,0,0
513,1,2015-07-27,19739,2079,1,1,0,1
513,2,2015-07-28,17894,1950,1,1,0,1
513,3,2015-07-29,18350,1896,1,1,0,1
513,4,2015-07-30,17623,1896,1,1,0,1
513,5,2015-07-31,19959,2177,1,1,0,1
523,2,2013-01-01,0,0,0,0,a,1
523,3,2013-01-02,20493,2424,1,0,0,1
523,4,2013-01-03,17778,2121,1,0,0,1
523,5,2013-01-04,18212,2166,1,0,0,1
523,6,2013-01-05,22521,2449,1,0,0,0
523,7,2013-01-06,0,0,0,0,0,0
523,1,2013-01-07,21854,2464,1,1,0,0
523,2,2013-01-08,17794,2127,1,1,0,0
523,3,2013-01-09,17487,2019,1,1,0,0
523,4,2013-01-10,17507,2012,1,1,0,0
523,5,2013-01-11,18838,2153,1,1,0,0
523,6,2013-01-12,23208,2480,1,0,0,0
523,7,2013-01-13,0,0,0,0,0,0
523,1,2013-01-14,16958,2099,1,0,0,0
523,2,2013-01-15,14521,1839,1,0,0,0
523,3,2013-01-16,15246,1869,1,0,0,0
523,4,2013-01-17,15380,1862,1,0,0,0
523,5,2013-01-18,15520,1865,1,0,0,0
523,6,2013-01-19,22561,2478,1,0,0,0
523,7,2013-01-20,0,0,0,0,0,0
523,1,2013-01-21,21954,2359,1,1,0,0
523,2,2013-01-22,18601,2151,1,1,0,0
523,3,2013-01-23,18434,1981,1,1,0,0
523,4,2013-01-24,16852,1975,1,1,0,0
523,5,2013-01-25,17901,2061,1,1,0,0
523,6,2013-01-26,21566,2335,1,0,0,0
523,7,2013-01-27,0,0,0,0,0,0
523,1,2013-01-28,16619,2038,1,0,0,0
523,2,2013-01-29,15993,1908,1,0,0,0
523,3,2013-01-30,15754,1912,1,0,0,0
523,4,2013-01-31,16519,1965,1,0,0,0
523,5,2013-02-01,18304,2183,1,0,0,0
523,6,2013-02-02,23573,2537,1,0,0,0
523,7,2013-02-03,0,0,0,0,0,0
523,1,2013-02-04,22848,2460,1,1,0,1
523,2,2013-02-05,18845,2111,1,1,0,1
523,3,2013-02-06,18925,2121,1,1,0,1
523,4,2013-02-07,17238,1995,1,1,0,1
523,5,2013-02-08,17103,1984,1,1,0,1
523,6,2013-02-09,21375,2379,1,0,0,0
523,7,2013-02-10,0,0,0,0,0,0
523,1,2013-02-11,17349,2121,1,0,0,0
523,2,2013-02-12,16253,1981,1,0,0,0
523,3,2013-02-13,16189,1989,1,0,0,0
523,4,2013-02-14,14670,1890,1,0,0,0
523,5,2013-02-15,15818,1926,1,0,0,0
523,6,2013-02-16,21383,2389,1,0,0,0
523,7,2013-02-17,0,0,0,0,0,0
523,1,2013-02-18,21628,2350,1,1,0,0
523,2,2013-02-19,17723,2061,1,1,0,0
523,3,2013-02-20,17722,1983,1,1,0,0
523,4,2013-02-21,17579,1993,1,1,0,0
523,5,2013-02-22,18511,2140,1,1,0,0
523,6,2013-02-23,21829,2432,1,0,0,0
523,7,2013-02-24,0,0,0,0,0,0
523,1,2013-02-25,16896,2006,1,0,0,0
523,2,2013-02-26,15022,1890,1,0,0,0
523,3,2013-02-27,15866,1862,1,0,0,0
523,4,2013-02-28,17266,2040,1,0,0,0
523,5,2013-03-01,17478,2085,1,0,0,0
523,6,2013-03-02,23038,2460,1,0,0,0
523,7,2013-03-03,0,0,0,0,0,0
523,1,2013-03-04,22769,2357,1,1,0,0
523,2,2013-03-05,17939,2051,1,1,0,0
523,3,2013-03-06,16873,1973,1,1,0,0
523,4,2013-03-07,17277,2009,1,1,0,0
523,5,2013-03-08,19458,2194,1,1,0,0
523,6,2013-03-09,22639,2485,1,0,0,0
523,7,2013-03-10,0,0,0,0,0,0
523,1,2013-03-11,18599,2113,1,0,0,0
523,2,2013-03-12,17117,1991,1,0,0,0
523,3,2013-03-13,16717,2003,1,0,0,0
523,4,2013-03-14,15655,1917,1,0,0,0
523,5,2013-03-15,18775,2114,1,0,0,0
523,6,2013-03-16,23618,2587,1,0,0,0
523,7,2013-03-17,0,0,0,0,0,0
523,1,2013-03-18,23164,2457,1,1,0,0
523,2,2013-03-19,20118,2165,1,1,0,0
523,3,2013-03-20,19312,2075,1,1,0,0
523,4,2013-03-21,17474,2028,1,1,0,0
523,5,2013-03-22,19224,2157,1,1,0,0
523,6,2013-03-23,22650,2477,1,0,0,0
523,7,2013-03-24,0,0,0,0,0,0
523,1,2013-03-25,24535,2587,1,1,0,1
523,2,2013-03-26,22535,2427,1,1,0,1
523,3,2013-03-27,23991,2480,1,1,0,1
523,4,2013-03-28,27188,2870,1,1,0,1
523,5,2013-03-29,0,0,0,1,b,1
523,6,2013-03-30,27849,2901,1,0,0,0
523,7,2013-03-31,0,0,0,0,0,0
523,1,2013-04-01,0,0,0,0,b,1
523,2,2013-04-02,20804,2416,1,0,0,1
523,3,2013-04-03,17452,2116,1,0,0,1
523,4,2013-04-04,16785,2082,1,0,0,1
523,5,2013-04-05,17274,2056,1,0,0,1
523,6,2013-04-06,23160,2521,1,0,0,0
523,7,2013-04-07,0,0,0,0,0,0
523,1,2013-04-08,22096,2366,1,1,0,0
523,2,2013-04-09,18916,2147,1,1,0,0
523,3,2013-04-10,16430,1973,1,1,0,0
523,4,2013-04-11,17593,1970,1,1,0,0
523,5,2013-04-12,17936,2029,1,1,0,0
523,6,2013-04-13,21943,2390,1,0,0,0
523,7,2013-04-14,0,0,0,0,0,0
523,1,2013-04-15,15046,1858,1,0,0,0
523,2,2013-04-16,14671,1842,1,0,0,0
523,3,2013-04-17,15040,1772,1,0,0,0
523,4,2013-04-18,13673,1690,1,0,0,0
523,5,2013-04-19,17198,1975,1,0,0,0
523,6,2013-04-20,21366,2334,1,0,0,0
523,7,2013-04-21,0,0,0,0,0,0
523,1,2013-04-22,20796,2212,1,1,0,0
523,2,2013-04-23,18326,2028,1,1,0,0
523,3,2013-04-24,16047,1845,1,1,0,0
523,4,2013-04-25,16845,1854,1,1,0,0
523,5,2013-04-26,15706,1854,1,1,0,0
523,6,2013-04-27,23225,2439,1,0,0,0
523,7,2013-04-28,0,0,0,0,0,0
523,1,2013-04-29,21379,2339,1,1,0,0
523,2,2013-04-30,21911,2316,1,1,0,0
523,3,2013-05-01,0,0,0,1,a,0
523,4,2013-05-02,21943,2411,1,1,0,0
523,5,2013-05-03,20568,2252,1,1,0,0
523,6,2013-05-04,20642,2219,1,0,0,0
523,7,2013-05-05,0,0,0,0,0,0
523,1,2013-05-06,18726,2126,1,0,0,0
523,2,2013-05-07,17205,2040,1,0,0,0
523,3,2013-05-08,18771,2254,1,0,0,0
523,4,2013-05-09,0,0,0,0,a,0
523,5,2013-05-10,21747,2433,1,0,0,1
523,6,2013-05-11,19468,2226,1,0,0,0
523,7,2013-05-12,0,0,0,0,0,0
523,1,2013-05-13,21726,2335,1,1,0,0
523,2,2013-05-14,19469,2128,1,1,0,0
523,3,2013-05-15,17471,1954,1,1,0,0
523,4,2013-05-16,16852,1980,1,1,0,0
523,5,2013-05-17,17982,2060,1,1,0,0
523,6,2013-05-18,22175,2428,1,0,0,0
523,7,2013-05-19,0,0,0,0,0,0
523,1,2013-05-20,0,0,0,0,a,0
523,2,2013-05-21,19597,2276,1,0,0,1
523,3,2013-05-22,17951,2007,1,0,0,0
523,4,2013-05-23,16860,1962,1,0,0,0
523,5,2013-05-24,16438,1899,1,0,0,0
523,6,2013-05-25,22440,2365,1,0,0,0
523,7,2013-05-26,0,0,0,0,0,0
523,1,2013-05-27,22300,2353,1,1,0,0
523,2,2013-05-28,18255,2063,1,1,0,0
523,3,2013-05-29,18148,1993,1,1,0,0
523,4,2013-05-30,17868,2008,1,1,0,0
523,5,2013-05-31,21250,2306,1,1,0,0
523,6,2013-06-01,23312,2562,1,0,0,0
523,7,2013-06-02,0,0,0,0,0,0
523,1,2013-06-03,22007,2356,1,1,0,0
523,2,2013-06-04,18522,2001,1,1,0,0
523,3,2013-06-05,16600,1897,1,1,0,0
523,4,2013-06-06,17551,2007,1,1,0,0
523,5,2013-06-07,18983,2060,1,1,0,0
523,6,2013-06-08,21717,2240,1,0,0,0
523,7,2013-06-09,0,0,0,0,0,0
523,1,2013-06-10,17973,2137,1,0,0,0
523,2,2013-06-11,15578,1879,1,0,0,0
523,3,2013-06-12,15201,1844,1,0,0,0
523,4,2013-06-13,15433,1861,1,0,0,0
523,5,2013-06-14,17207,1967,1,0,0,0
523,6,2013-06-15,20320,2189,1,0,0,0
523,7,2013-06-16,0,0,0,0,0,0
523,1,2013-06-17,22586,2465,1,1,0,0
523,2,2013-06-18,18718,2132,1,1,0,0
523,3,2013-06-19,18489,2056,1,1,0,1
523,4,2013-06-20,18131,2000,1,1,0,1
523,5,2013-06-21,19386,2149,1,1,0,1
523,6,2013-06-22,20074,2139,1,0,0,0
523,7,2013-06-23,0,0,0,0,0,0
523,1,2013-06-24,19318,2145,1,0,0,1
523,2,2013-06-25,15953,1947,1,0,0,1
523,3,2013-06-26,17677,1999,1,0,0,1
523,4,2013-06-27,15948,1854,1,0,0,1
523,5,2013-06-28,19088,2025,1,0,0,1
523,6,2013-06-29,21070,2240,1,0,0,0
523,7,2013-06-30,0,0,0,0,0,0
523,1,2013-07-01,22402,2305,1,1,0,1
523,2,2013-07-02,19760,2121,1,1,0,1
523,3,2013-07-03,17844,1945,1,1,0,1
523,4,2013-07-04,17911,1987,1,1,0,1
523,5,2013-07-05,17683,2006,1,1,0,1
523,6,2013-07-06,19130,2021,1,0,0,0
523,7,2013-07-07,0,0,0,0,0,0
523,1,2013-07-08,18157,2122,1,0,0,1
523,2,2013-07-09,15420,1851,1,0,0,1
523,3,2013-07-10,15907,1811,1,0,0,1
523,4,2013-07-11,16118,1931,1,0,0,1
523,5,2013-07-12,16455,1880,1,0,0,1
523,6,2013-07-13,17656,1976,1,0,0,0
523,7,2013-07-14,0,0,0,0,0,0
523,1,2013-07-15,21140,2212,1,1,0,1
523,2,2013-07-16,17845,1979,1,1,0,1
523,3,2013-07-17,16209,1886,1,1,0,1
523,4,2013-07-18,16968,1890,1,1,0,1
523,5,2013-07-19,18290,2028,1,1,0,1
523,6,2013-07-20,17250,1963,1,0,0,0
523,7,2013-07-21,0,0,0,0,0,0
523,1,2013-07-22,16177,1965,1,0,0,1
523,2,2013-07-23,15482,1874,1,0,0,1
523,3,2013-07-24,14619,1797,1,0,0,1
523,4,2013-07-25,14710,1794,1,0,0,1
523,5,2013-07-26,15462,1848,1,0,0,1
523,6,2013-07-27,16471,1926,1,0,0,0
523,7,2013-07-28,0,0,0,0,0,0
523,1,2013-07-29,22785,2351,1,1,0,1
523,2,2013-07-30,20548,2268,1,1,0,1
523,3,2013-07-31,21042,2289,1,1,0,1
523,4,2013-08-01,17468,2040,1,1,0,1
523,5,2013-08-02,17238,2093,1,1,0,1
523,6,2013-08-03,18495,2136,1,0,0,0
523,7,2013-08-04,0,0,0,0,0,0
523,1,2013-08-05,20111,2325,1,0,0,0
523,2,2013-08-06,15777,1965,1,0,0,0
523,3,2013-08-07,16766,2008,1,0,0,0
523,4,2013-08-08,15661,1960,1,0,0,0
523,5,2013-08-09,17071,2028,1,0,0,0
523,6,2013-08-10,18405,2169,1,0,0,0
523,7,2013-08-11,0,0,0,0,0,0
523,1,2013-08-12,23487,2418,1,1,0,0
523,2,2013-08-13,19541,2177,1,1,0,0
523,3,2013-08-14,18687,2142,1,1,0,0
523,4,2013-08-15,18392,2051,1,1,0,0
523,5,2013-08-16,17033,1987,1,1,0,0
523,6,2013-08-17,18367,1995,1,0,0,0
523,7,2013-08-18,0,0,0,0,0,0
523,1,2013-08-19,17746,2153,1,0,0,0
523,2,2013-08-20,15963,1938,1,0,0,0
523,3,2013-08-21,14834,1858,1,0,0,0
523,4,2013-08-22,13924,1737,1,0,0,0
523,5,2013-08-23,15513,1863,1,0,0,0
523,6,2013-08-24,18161,2022,1,0,0,0
523,7,2013-08-25,0,0,0,0,0,0
523,1,2013-08-26,21129,2222,1,1,0,0
523,2,2013-08-27,18045,2108,1,1,0,0
523,3,2013-08-28,16985,1949,1,1,0,0
523,4,2013-08-29,16556,1978,1,1,0,0
523,5,2013-08-30,20114,2280,1,1,0,0
523,6,2013-08-31,21258,2347,1,0,0,0
523,7,2013-09-01,0,0,0,0,0,0
523,1,2013-09-02,19058,2276,1,0,0,0
523,2,2013-09-03,16288,1982,1,0,0,0
523,3,2013-09-04,15765,1936,1,0,0,0
523,4,2013-09-05,15304,1860,1,0,0,0
523,5,2013-09-06,14128,1772,1,0,0,0
523,6,2013-09-07,18416,2025,1,0,0,0
523,7,2013-09-08,0,0,0,0,0,0
523,1,2013-09-09,21535,2330,1,1,0,0
523,2,2013-09-10,18419,2057,1,1,0,0
523,3,2013-09-11,18796,2136,1,1,0,0
523,4,2013-09-12,17103,1985,1,1,0,0
523,5,2013-09-13,17303,1968,1,1,0,0
523,6,2013-09-14,18647,2176,1,0,0,0
523,7,2013-09-15,0,0,0,0,0,0
523,1,2013-09-16,18514,2172,1,0,0,0
523,2,2013-09-17,14849,1881,1,0,0,0
523,3,2013-09-18,14956,1912,1,0,0,0
523,4,2013-09-19,15279,1836,1,0,0,0
523,5,2013-09-20,15823,1907,1,0,0,0
523,6,2013-09-21,19471,2267,1,0,0,0
523,7,2013-09-22,0,0,0,0,0,0
523,1,2013-09-23,18617,2126,1,1,0,0
523,2,2013-09-24,17431,2019,1,1,0,0
523,3,2013-09-25,17380,2013,1,1,0,0
523,4,2013-09-26,18340,2036,1,1,0,0
523,5,2013-09-27,17620,2000,1,1,0,0
523,6,2013-09-28,20980,2299,1,0,0,0
523,7,2013-09-29,0,0,0,0,0,0
523,1,2013-09-30,20722,2287,1,0,0,1
523,2,2013-10-01,18053,2139,1,0,0,1
523,3,2013-10-02,18124,2252,1,0,0,1
523,4,2013-10-03,0,0,0,0,a,1
523,5,2013-10-04,21423,2316,1,0,0,1
523,6,2013-10-05,20483,2279,1,0,0,0
523,7,2013-10-06,0,0,0,0,0,0
523,1,2013-10-07,21302,2345,1,1,0,1
523,2,2013-10-08,18842,2079,1,1,0,1
523,3,2013-10-09,17745,2013,1,1,0,1
523,4,2013-10-10,16930,1992,1,1,0,1
523,5,2013-10-11,17383,2058,1,1,0,1
523,6,2013-10-12,20771,2338,1,0,0,0
523,7,2013-10-13,0,0,0,0,0,0
523,1,2013-10-14,15337,1827,1,0,0,0
523,2,2013-10-15,13865,1696,1,0,0,0
523,3,2013-10-16,12990,1644,1,0,0,0
523,4,2013-10-17,12858,1602,1,0,0,0
523,5,2013-10-18,14361,1726,1,0,0,0
523,6,2013-10-19,16817,1929,1,0,0,0
523,7,2013-10-20,0,0,0,0,0,0
523,1,2013-10-21,17155,1928,1,1,0,0
523,2,2013-10-22,14281,1659,1,1,0,0
523,3,2013-10-23,14658,1715,1,1,0,0
523,4,2013-10-24,14373,1668,1,1,0,0
523,5,2013-10-25,14961,1827,1,1,0,0
523,6,2013-10-26,17816,2050,1,0,0,0
523,7,2013-10-27,0,0,0,0,0,0
523,1,2013-10-28,15282,1865,1,0,0,0
523,2,2013-10-29,13094,1681,1,0,0,0
523,3,2013-10-30,14860,1822,1,0,0,0
523,4,2013-10-31,14841,1842,1,0,0,0
523,5,2013-11-01,16575,1911,1,0,0,0
523,6,2013-11-02,19432,2184,1,0,0,0
523,7,2013-11-03,0,0,0,0,0,0
523,1,2013-11-04,18443,2014,1,1,0,0
523,2,2013-11-05,16279,1913,1,1,0,0
523,3,2013-11-06,15511,1865,1,1,0,0
523,4,2013-11-07,14978,1776,1,1,0,0
523,5,2013-11-08,16626,1973,1,1,0,0
523,6,2013-11-09,18696,2149,1,0,0,0
523,7,2013-11-10,0,0,0,0,0,0
523,1,2013-11-11,13498,1678,1,0,0,0
523,2,2013-11-12,11939,1550,1,0,0,0
523,3,2013-11-13,11159,1416,1,0,0,0
523,4,2013-11-14,12068,1477,1,0,0,0
523,5,2013-11-15,12470,1568,1,0,0,0
523,6,2013-11-16,16964,1976,1,0,0,0
523,7,2013-11-17,0,0,0,0,0,0
523,1,2013-11-18,17512,1878,1,1,0,0
523,2,2013-11-19,14942,1726,1,1,0,0
523,3,2013-11-20,15032,1675,1,1,0,0
523,4,2013-11-21,14094,1643,1,1,0,0
523,5,2013-11-22,14465,1721,1,1,0,0
523,6,2013-11-23,17956,1993,1,0,0,0
523,7,2013-11-24,0,0,0,0,0,0
523,1,2013-11-25,14437,1743,1,0,0,0
523,2,2013-11-26,14317,1718,1,0,0,0
523,3,2013-11-27,13393,1632,1,0,0,0
523,4,2013-11-28,15337,1782,1,0,0,0
523,5,2013-11-29,16924,1955,1,0,0,0
523,6,2013-11-30,22223,2361,1,0,0,0
523,7,2013-12-01,0,0,0,0,0,0
523,1,2013-12-02,21302,2261,1,1,0,0
523,2,2013-12-03,19025,1985,1,1,0,0
523,3,2013-12-04,18189,1971,1,1,0,0
523,4,2013-12-05,20045,2153,1,1,0,0
523,5,2013-12-06,15747,1800,1,1,0,0
523,6,2013-12-07,17437,2008,1,0,0,0
523,7,2013-12-08,0,0,0,0,0,0
523,1,2013-12-09,14572,1762,1,0,0,0
523,2,2013-12-10,14679,1716,1,0,0,0
523,3,2013-12-11,14468,1681,1,0,0,0
523,4,2013-12-12,13786,1639,1,0,0,0
523,5,2013-12-13,15025,1749,1,0,0,0
523,6,2013-12-14,20228,2159,1,0,0,0
523,7,2013-12-15,0,0,0,0,0,0
523,1,2013-12-16,25077,2546,1,1,0,0
523,2,2013-12-17,21877,2250,1,1,0,0
523,3,2013-12-18,21945,2281,1,1,0,0
523,4,2013-12-19,22367,2364,1,1,0,0
523,5,2013-12-20,24005,2485,1,1,0,0
523,6,2013-12-21,23366,2510,1,0,0,0
523,7,2013-12-22,0,0,0,0,0,0
523,1,2013-12-23,24221,2774,1,0,0,1
523,2,2013-12-24,7134,834,1,0,0,1
523,3,2013-12-25,0,0,0,0,c,1
523,4,2013-12-26,0,0,0,0,c,1
523,5,2013-12-27,14550,1748,1,0,0,1
523,6,2013-12-28,14743,1744,1,0,0,0
523,7,2013-12-29,0,0,0,0,0,0
523,1,2013-12-30,20851,2321,1,0,0,1
523,2,2013-12-31,10910,1304,1,0,0,1
523,3,2014-01-01,0,0,0,0,a,1
523,4,2014-01-02,13814,1689,1,0,0,1
523,5,2014-01-03,13169,1633,1,0,0,1
523,6,2014-01-04,14725,1786,1,0,0,0
523,7,2014-01-05,0,0,0,0,0,0
523,1,2014-01-06,17588,1974,1,1,0,0
523,2,2014-01-07,14282,1687,1,1,0,0
523,3,2014-01-08,13250,1558,1,1,0,0
523,4,2014-01-09,12317,1501,1,1,0,0
523,5,2014-01-10,13105,1592,1,1,0,0
523,6,2014-01-11,15187,1778,1,0,0,0
523,7,2014-01-12,0,0,0,0,0,0
523,1,2014-01-13,11990,1510,1,0,0,0
523,2,2014-01-14,10948,1391,1,0,0,0
523,3,2014-01-15,10125,1307,1,0,0,0
523,4,2014-01-16,10823,1348,1,0,0,0
523,5,2014-01-17,12673,1510,1,0,0,0
523,6,2014-01-18,14555,1724,1,0,0,0
523,7,2014-01-19,0,0,0,0,0,0
523,1,2014-01-20,14743,1568,1,1,0,0
523,2,2014-01-21,14263,1588,1,1,0,0
523,3,2014-01-22,14011,1639,1,1,0,0
523,4,2014-01-23,13744,1596,1,1,0,0
523,5,2014-01-24,14172,1605,1,1,0,0
523,6,2014-01-25,15049,1774,1,0,0,0
523,7,2014-01-26,0,0,0,0,0,0
523,1,2014-01-27,11565,1447,1,0,0,0
523,2,2014-01-28,12448,1532,1,0,0,0
523,3,2014-01-29,11901,1487,1,0,0,0
523,4,2014-01-30,11745,1456,1,0,0,0
523,5,2014-01-31,13695,1642,1,0,0,0
523,6,2014-02-01,17048,1850,1,0,0,0
523,7,2014-02-02,0,0,0,0,0,0
523,1,2014-02-03,18283,1932,1,1,0,1
523,2,2014-02-04,14216,1650,1,1,0,1
523,3,2014-02-05,13932,1632,1,1,0,1
523,4,2014-02-06,12551,1437,1,1,0,1
523,5,2014-02-07,13162,1578,1,1,0,1
523,6,2014-02-08,14154,1659,1,0,0,0
523,7,2014-02-09,0,0,0,0,0,0
523,1,2014-02-10,12034,1601,1,0,0,0
523,2,2014-02-11,10724,1372,1,0,0,0
523,3,2014-02-12,10705,1438,1,0,0,0
523,4,2014-02-13,11366,1431,1,0,0,0
523,5,2014-02-14,12543,1495,1,0,0,0
523,6,2014-02-15,15693,1752,1,0,0,0
523,7,2014-02-16,0,0,0,0,0,0
523,1,2014-02-17,17093,1788,1,1,0,0
523,2,2014-02-18,13510,1601,1,1,0,0
523,3,2014-02-19,12730,1504,1,1,0,0
523,4,2014-02-20,12612,1525,1,1,0,0
523,5,2014-02-21,12821,1515,1,1,0,0
523,6,2014-02-22,13848,1664,1,0,0,0
523,7,2014-02-23,0,0,0,0,0,0
523,1,2014-02-24,13004,1574,1,0,0,0
523,2,2014-02-25,10864,1425,1,0,0,0
523,3,2014-02-26,10425,1391,1,0,0,0
523,4,2014-02-27,11310,1454,1,0,0,0
523,5,2014-02-28,14070,1677,1,0,0,0
523,6,2014-03-01,16476,1858,1,0,0,0
523,7,2014-03-02,0,0,0,0,0,0
523,1,2014-03-03,17683,1979,1,1,0,0
523,2,2014-03-04,15031,1734,1,1,0,0
523,3,2014-03-05,13220,1591,1,1,0,0
523,4,2014-03-06,13488,1619,1,1,0,0
523,5,2014-03-07,14151,1604,1,1,0,0
523,6,2014-03-08,12927,1620,1,0,0,0
523,7,2014-03-09,0,0,0,0,0,0
523,1,2014-03-10,11115,1452,1,0,0,0
523,2,2014-03-11,10701,1435,1,0,0,0
523,3,2014-03-12,10824,1406,1,0,0,0
523,4,2014-03-13,10533,1326,1,0,0,0
523,5,2014-03-14,10994,1415,1,0,0,0
523,6,2014-03-15,14766,1767,1,0,0,0
523,7,2014-03-16,0,0,0,0,0,0
523,1,2014-03-17,16406,1819,1,1,0,0
523,2,2014-03-18,14195,1637,1,1,0,0
523,3,2014-03-19,13320,1594,1,1,0,0
523,4,2014-03-20,11983,1413,1,1,0,0
523,5,2014-03-21,12906,1537,1,1,0,0
523,6,2014-03-22,16109,1845,1,0,0,0
523,7,2014-03-23,0,0,0,0,0,0
523,1,2014-03-24,12507,1595,1,0,0,0
523,2,2014-03-25,11224,1430,1,0,0,0
523,3,2014-03-26,11253,1411,1,0,0,0
523,4,2014-03-27,9787,1311,1,0,0,0
523,5,2014-03-28,11745,1424,1,0,0,0
523,6,2014-03-29,14639,1718,1,0,0,0
523,7,2014-03-30,0,0,0,0,0,0
523,1,2014-03-31,17261,1909,1,1,0,0
523,2,2014-04-01,14851,1665,1,1,0,0
523,3,2014-04-02,13536,1539,1,1,0,0
523,4,2014-04-03,12332,1446,1,1,0,0
523,5,2014-04-04,14050,1667,1,1,0,0
523,6,2014-04-05,15129,1702,1,0,0,0
523,7,2014-04-06,0,0,0,0,0,0
523,1,2014-04-07,12321,1483,1,0,0,0
523,2,2014-04-08,11892,1456,1,0,0,0
523,3,2014-04-09,11972,1520,1,0,0,0
523,4,2014-04-10,12269,1486,1,0,0,0
523,5,2014-04-11,12722,1513,1,0,0,0
523,6,2014-04-12,14850,1697,1,0,0,0
523,7,2014-04-13,0,0,0,0,0,0
523,1,2014-04-14,19858,2051,1,1,0,1
523,2,2014-04-15,17554,1890,1,1,0,1
523,3,2014-04-16,17304,1907,1,1,0,1
523,4,2014-04-17,18752,2075,1,1,0,1
523,5,2014-04-18,0,0,0,1,b,1
523,6,2014-04-19,15450,1828,1,0,0,0
523,7,2014-04-20,0,0,0,0,0,0
523,1,2014-04-21,0,0,0,0,b,1
523,2,2014-04-22,13672,1682,1,0,0,1
523,3,2014-04-23,11317,1434,1,0,0,1
523,4,2014-04-24,10406,1354,1,0,0,1
523,5,2014-04-25,9845,1314,1,0,0,1
523,6,2014-04-26,13858,1570,1,0,0,0
523,7,2014-04-27,0,0,0,0,0,0
523,1,2014-04-28,16305,1849,1,1,0,0
523,2,2014-04-29,14477,1677,1,1,0,0
523,3,2014-04-30,16647,1852,1,1,0,0
523,4,2014-05-01,0,0,0,1,a,0
523,5,2014-05-02,19377,2126,1,1,0,1
523,6,2014-05-03,14913,1655,1,0,0,0
523,7,2014-05-04,0,0,0,0,0,0
523,1,2014-05-05,15798,1732,1,1,0,0
523,2,2014-05-06,12792,1511,1,1,0,0
523,3,2014-05-07,12735,1495,1,1,0,0
523,4,2014-05-08,12677,1537,1,1,0,0
523,5,2014-05-09,13248,1603,1,1,0,0
523,6,2014-05-10,15229,1721,1,0,0,0
523,7,2014-05-11,0,0,0,0,0,0
523,1,2014-05-12,12994,1608,1,0,0,0
523,2,2014-05-13,10924,1402,1,0,0,0
523,3,2014-05-14,10958,1415,1,0,0,0
523,4,2014-05-15,10385,1378,1,0,0,0
523,5,2014-05-16,10546,1282,1,0,0,0
523,6,2014-05-17,13516,1548,1,0,0,0
523,7,2014-05-18,0,0,0,0,0,0
523,1,2014-05-19,16165,1777,1,1,0,0
523,2,2014-05-20,13065,1535,1,1,0,0
523,3,2014-05-21,12779,1536,1,1,0,0
523,4,2014-05-22,12072,1487,1,1,0,0
523,5,2014-05-23,12817,1543,1,1,0,0
523,6,2014-05-24,15002,1708,1,0,0,0
523,7,2014-05-25,0,0,0,0,0,0
523,1,2014-05-26,13352,1638,1,0,0,0
523,2,2014-05-27,12317,1529,1,0,0,0
523,3,2014-05-28,14079,1718,1,0,0,0
523,4,2014-05-29,0,0,0,0,a,0
523,5,2014-05-30,17475,1915,1,0,0,1
523,6,2014-05-31,14839,1696,1,0,0,0
523,7,2014-06-01,0,0,0,0,0,0
523,1,2014-06-02,18534,1957,1,1,0,0
523,2,2014-06-03,14954,1645,1,1,0,0
523,3,2014-06-04,14315,1638,1,1,0,0
523,4,2014-06-05,14305,1625,1,1,0,0
523,5,2014-06-06,15409,1776,1,1,0,0
523,6,2014-06-07,14887,1682,1,0,0,0
523,7,2014-06-08,0,0,0,0,0,0
523,1,2014-06-09,0,0,0,0,a,0
523,2,2014-06-10,14290,1697,1,0,0,0
523,3,2014-06-11,12909,1590,1,0,0,0
523,4,2014-06-12,12741,1530,1,0,0,0
523,5,2014-06-13,12802,1558,1,0,0,0
523,6,2014-06-14,16434,1855,1,0,0,0
523,7,2014-06-15,0,0,0,0,0,0
523,1,2014-06-16,15502,1685,1,1,0,0
523,2,2014-06-17,14477,1606,1,1,0,0
523,3,2014-06-18,13472,1602,1,1,0,0
523,4,2014-06-19,13873,1606,1,1,0,0
523,5,2014-06-20,12729,1595,1,1,0,0
523,6,2014-06-21,13738,1617,1,0,0,0
523,7,2014-06-22,0,0,0,0,0,0
523,1,2014-06-23,13071,1605,1,0,0,0
523,2,2014-06-24,11413,1446,1,0,0,0
523,3,2014-06-25,11893,1516,1,0,0,0
523,4,2014-06-26,10052,1299,1,0,0,0
523,5,2014-06-27,11655,1408,1,0,0,0
523,6,2014-06-28,14316,1646,1,0,0,0
523,7,2014-06-29,0,0,0,0,0,0
523,1,2014-06-30,18815,1970,1,1,0,0
523,2,2014-07-01,15918,1761,1,1,0,0
523,3,2014-07-02,16360,1805,1,1,0,0
523,4,2014-07-03,13468,1568,1,1,0,0
523,5,2014-07-04,11586,1373,1,1,0,0
523,6,2014-07-05,14311,1661,1,0,0,0
523,7,2014-07-06,0,0,0,0,0,0
523,1,2014-07-07,13865,1696,1,0,0,0
523,2,2014-07-08,12552,1518,1,0,0,0
523,3,2014-07-09,12181,1454,1,0,0,1
523,4,2014-07-10,13316,1563,1,0,0,1
523,5,2014-07-11,13253,1488,1,0,0,1
523,6,2014-07-12,15892,1758,1,0,0,0
523,7,2014-07-13,0,0,0,0,0,0
523,1,2014-07-14,14825,1662,1,1,0,1
523,2,2014-07-15,13706,1541,1,1,0,1
523,3,2014-07-16,14035,1546,1,1,0,1
523,4,2014-07-17,13356,1536,1,1,0,1
523,5,2014-07-18,14329,1577,1,1,0,1
523,6,2014-07-19,12681,1435,1,0,0,0
523,7,2014-07-20,0,0,0,0,0,0
523,1,2014-07-21,13118,1611,1,0,0,1
523,2,2014-07-22,11187,1454,1,0,0,1
523,3,2014-07-23,11248,1375,1,0,0,1
523,4,2014-07-24,10677,1374,1,0,0,1
523,5,2014-07-25,11104,1398,1,0,0,1
523,6,2014-07-26,12334,1413,1,0,0,0
523,7,2014-07-27,0,0,0,0,0,0
523,1,2014-07-28,16856,1817,1,1,0,1
523,2,2014-07-29,13963,1535,1,1,0,1
523,3,2014-07-30,15437,1668,1,1,0,1
523,4,2014-07-31,14559,1660,1,1,0,1
523,5,2014-08-01,14230,1624,1,1,0,1
523,6,2014-08-02,12793,1504,1,0,0,0
523,7,2014-08-03,0,0,0,0,0,0
523,1,2014-08-04,16165,1776,1,1,0,1
523,2,2014-08-05,13571,1627,1,1,0,1
523,3,2014-08-06,12693,1520,1,1,0,1
523,4,2014-08-07,12817,1472,1,1,0,1
523,5,2014-08-08,13042,1537,1,1,0,1
523,6,2014-08-09,12181,1467,1,0,0,0
523,7,2014-08-10,0,0,0,0,0,0
523,1,2014-08-11,12662,1607,1,0,0,1
523,2,2014-08-12,11476,1488,1,0,0,1
523,3,2014-08-13,11625,1417,1,0,0,1
523,4,2014-08-14,10988,1450,1,0,0,1
523,5,2014-08-15,11395,1408,1,0,0,1
523,6,2014-08-16,13095,1569,1,0,0,0
523,7,2014-08-17,0,0,0,0,0,0
523,1,2014-08-18,17321,1881,1,1,0,1
523,2,2014-08-19,14389,1648,1,1,0,1
523,3,2014-08-20,13452,1601,1,1,0,1
523,4,2014-08-21,13186,1507,1,1,0,1
523,5,2014-08-22,14401,1605,1,1,0,1
523,6,2014-08-23,14171,1596,1,0,0,0
523,7,2014-08-24,0,0,0,0,0,0
523,1,2014-08-25,13501,1669,1,0,0,0
523,2,2014-08-26,11039,1466,1,0,0,0
523,3,2014-08-27,11863,1463,1,0,0,0
523,4,2014-08-28,10886,1375,1,0,0,0
523,5,2014-08-29,13406,1658,1,0,0,0
523,6,2014-08-30,14277,1649,1,0,0,0
523,7,2014-08-31,0,0,0,0,0,0
523,1,2014-09-01,18189,1943,1,1,0,0
523,2,2014-09-02,14939,1702,1,1,0,0
523,3,2014-09-03,13696,1624,1,1,0,0
523,4,2014-09-04,13055,1504,1,1,0,0
523,5,2014-09-05,12117,1480,1,1,0,0
523,6,2014-09-06,13094,1542,1,0,0,0
523,7,2014-09-07,0,0,0,0,0,0
523,1,2014-09-08,12057,1518,1,0,0,0
523,2,2014-09-09,10896,1423,1,0,0,0
523,3,2014-09-10,11382,1447,1,0,0,0
523,4,2014-09-11,10858,1410,1,0,0,0
523,5,2014-09-12,10962,1387,1,0,0,0
523,6,2014-09-13,15072,1725,1,0,0,0
523,7,2014-09-14,0,0,0,0,0,0
523,1,2014-09-15,15136,1670,1,1,0,0
523,2,2014-09-16,12284,1458,1,1,0,0
523,3,2014-09-17,12265,1469,1,1,0,0
523,4,2014-09-18,11291,1373,1,1,0,0
523,5,2014-09-19,13081,1589,1,1,0,0
523,6,2014-09-20,13576,1627,1,0,0,0
523,7,2014-09-21,0,0,0,0,0,0
523,1,2014-09-22,13141,1640,1,0,0,0
523,2,2014-09-23,10963,1437,1,0,0,0
523,3,2014-09-24,11274,1411,1,0,0,0
523,4,2014-09-25,10388,1311,1,0,0,0
523,5,2014-09-26,11745,1472,1,0,0,0
523,6,2014-09-27,14453,1676,1,0,0,0
523,7,2014-09-28,0,0,0,0,0,0
523,1,2014-09-29,15493,1703,1,1,0,0
523,2,2014-09-30,15701,1740,1,1,0,0
523,3,2014-10-01,14694,1641,1,1,0,0
523,4,2014-10-02,15921,1799,1,1,0,0
523,5,2014-10-03,0,0,0,1,a,0
523,6,2014-10-04,16770,1852,1,0,0,0
523,7,2014-10-05,0,0,0,0,0,0
523,1,2014-10-06,14965,1669,1,1,0,0
523,2,2014-10-07,13059,1547,1,1,0,0
523,3,2014-10-08,14009,1573,1,1,0,0
523,4,2014-10-09,12971,1518,1,1,0,0
523,5,2014-10-10,13613,1590,1,1,0,0
523,6,2014-10-11,15949,1815,1,0,0,0
523,7,2014-10-12,0,0,0,0,0,0
523,1,2014-10-13,13460,1570,1,0,0,0
523,2,2014-10-14,11679,1477,1,0,0,0
523,3,2014-10-15,11154,1300,1,0,0,0
523,4,2014-10-16,11187,1413,1,0,0,0
523,5,2014-10-17,12156,1470,1,0,0,0
523,6,2014-10-18,14895,1713,1,0,0,0
523,7,2014-10-19,0,0,0,0,0,0
523,1,2014-10-20,15326,1686,1,1,0,1
523,2,2014-10-21,11759,1432,1,1,0,1
523,3,2014-10-22,12424,1436,1,1,0,1
523,4,2014-10-23,12040,1456,1,1,0,1
523,5,2014-10-24,11979,1466,1,1,0,1
523,6,2014-10-25,13703,1646,1,0,0,0
523,7,2014-10-26,0,0,0,0,0,0
523,1,2014-10-27,11643,1435,1,0,0,1
523,2,2014-10-28,11039,1378,1,0,0,1
523,3,2014-10-29,10901,1388,1,0,0,1
523,4,2014-10-30,11049,1450,1,0,0,1
523,5,2014-10-31,12929,1657,1,0,0,1
523,6,2014-11-01,14559,1671,1,0,0,0
523,7,2014-11-02,0,0,0,0,0,0
523,1,2014-11-03,15586,1716,1,1,0,0
523,2,2014-11-04,13670,1604,1,1,0,0
523,3,2014-11-05,12851,1524,1,1,0,0
523,4,2014-11-06,10755,1242,1,1,0,0
523,5,2014-11-07,12215,1375,1,1,0,0
523,6,2014-11-08,14977,1650,1,0,0,0
523,7,2014-11-09,0,0,0,0,0,0
523,1,2014-11-10,14890,1661,1,1,0,0
523,2,2014-11-11,12521,1488,1,1,0,0
523,3,2014-11-12,12783,1456,1,1,0,0
523,4,2014-11-13,12293,1497,1,1,0,0
523,5,2014-11-14,14307,1622,1,1,0,0
523,6,2014-11-15,15892,1793,1,0,0,0
523,7,2014-11-16,0,0,0,0,0,0
523,1,2014-11-17,13346,1563,1,0,0,0
523,2,2014-11-18,11523,1464,1,0,0,0
523,3,2014-11-19,12043,1493,1,0,0,0
523,4,2014-11-20,11602,1434,1,0,0,0
523,5,2014-11-21,12804,1578,1,0,0,0
523,6,2014-11-22,15794,1794,1,0,0,0
523,7,2014-11-23,0,0,0,0,0,0
523,1,2014-11-24,17143,1858,1,1,0,0
523,2,2014-11-25,16045,1755,1,1,0,0
523,3,2014-11-26,16107,1788,1,1,0,0
523,4,2014-11-27,16580,1734,1,1,0,0
523,5,2014-11-28,17645,1943,1,1,0,0
523,6,2014-11-29,22249,2297,1,0,0,0
523,7,2014-11-30,0,0,0,0,0,0
523,1,2014-12-01,21576,2231,1,1,0,0
523,2,2014-12-02,19577,2008,1,1,0,0
523,3,2014-12-03,19176,1916,1,1,0,0
523,4,2014-12-04,18063,1873,1,1,0,0
523,5,2014-12-05,21337,2183,1,1,0,0
523,6,2014-12-06,17272,1911,1,0,0,0
523,7,2014-12-07,0,0,0,0,0,0
523,1,2014-12-08,14928,1735,1,0,0,0
523,2,2014-12-09,13842,1692,1,0,0,0
523,3,2014-12-10,13047,1555,1,0,0,0
523,4,2014-12-11,12923,1570,1,0,0,0
523,5,2014-12-12,15172,1750,1,0,0,0
523,6,2014-12-13,17656,1971,1,0,0,0
523,7,2014-12-14,0,0,0,0,0,0
523,1,2014-12-15,23808,2324,1,1,0,0
523,2,2014-12-16,21191,2094,1,1,0,0
523,3,2014-12-17,21607,2155,1,1,0,0
523,4,2014-12-18,19569,2115,1,1,0,0
523,5,2014-12-19,20791,2219,1,1,0,0
523,6,2014-12-20,22503,2364,1,0,0,0
523,7,2014-12-21,0,0,0,0,0,0
523,1,2014-12-22,25662,2765,1,0,0,1
523,2,2014-12-23,22569,2610,1,0,0,1
523,3,2014-12-24,7877,914,1,0,0,1
523,4,2014-12-25,0,0,0,0,c,1
523,5,2014-12-26,0,0,0,0,c,1
523,6,2014-12-27,16297,1828,1,0,0,0
523,7,2014-12-28,0,0,0,0,0,0
523,1,2014-12-29,17752,1973,1,0,0,1
523,2,2014-12-30,18225,1984,1,0,0,1
523,3,2014-12-31,11017,1225,1,0,0,1
523,4,2015-01-01,0,0,0,0,a,1
523,5,2015-01-02,15474,1764,1,0,0,1
523,6,2015-01-03,16077,1875,1,0,0,0
523,7,2015-01-04,0,0,0,0,0,0
523,1,2015-01-05,16834,1864,1,1,0,0
523,2,2015-01-06,14432,1641,1,1,0,0
523,3,2015-01-07,12818,1572,1,1,0,0
523,4,2015-01-08,13038,1505,1,1,0,0
523,5,2015-01-09,12957,1464,1,1,0,0
523,6,2015-01-10,15081,1802,1,0,0,0
523,7,2015-01-11,0,0,0,0,0,0
523,1,2015-01-12,15468,1708,1,1,0,0
523,2,2015-01-13,14206,1545,1,1,0,0
523,3,2015-01-14,13117,1534,1,1,0,0
523,4,2015-01-15,12719,1457,1,1,0,0
523,5,2015-01-16,14420,1600,1,1,0,0
523,6,2015-01-17,15641,1788,1,0,0,0
523,7,2015-01-18,0,0,0,0,0,0
523,1,2015-01-19,12063,1533,1,0,0,0
523,2,2015-01-20,10777,1325,1,0,0,0
523,3,2015-01-21,11669,1440,1,0,0,0
523,4,2015-01-22,11283,1422,1,0,0,0
523,5,2015-01-23,11447,1400,1,0,0,0
523,6,2015-01-24,15618,1731,1,0,0,0
523,7,2015-01-25,0,0,0,0,0,0
523,1,2015-01-26,15037,1693,1,1,0,0
523,2,2015-01-27,13544,1528,1,1,0,0
523,3,2015-01-28,13897,1583,1,1,0,0
523,4,2015-01-29,13432,1542,1,1,0,0
523,5,2015-01-30,16813,1769,1,1,0,0
523,6,2015-01-31,16811,1882,1,0,0,0
523,7,2015-02-01,0,0,0,0,0,0
523,1,2015-02-02,16883,1886,1,1,0,1
523,2,2015-02-03,14325,1596,1,1,0,1
523,3,2015-02-04,13754,1592,1,1,0,1
523,4,2015-02-05,11820,1461,1,1,0,1
523,5,2015-02-06,13769,1618,1,1,0,1
523,6,2015-02-07,15396,1761,1,0,0,0
523,7,2015-02-08,0,0,0,0,0,0
523,1,2015-02-09,12144,1565,1,0,0,0
523,2,2015-02-10,10894,1395,1,0,0,0
523,3,2015-02-11,11796,1470,1,0,0,0
523,4,2015-02-12,11173,1407,1,0,0,0
523,5,2015-02-13,12476,1557,1,0,0,0
523,6,2015-02-14,15776,1823,1,0,0,0
523,7,2015-02-15,0,0,0,0,0,0
523,1,2015-02-16,16442,1779,1,1,0,0
523,2,2015-02-17,14313,1559,1,1,0,0
523,3,2015-02-18,12216,1514,1,1,0,0
523,4,2015-02-19,13062,1483,1,1,0,0
523,5,2015-02-20,13815,1594,1,1,0,0
523,6,2015-02-21,15020,1723,1,0,0,0
523,7,2015-02-22,0,0,0,0,0,0
523,1,2015-02-23,11531,1494,1,0,0,0
523,2,2015-02-24,11465,1440,1,0,0,0
523,3,2015-02-25,10698,1332,1,0,0,0
523,4,2015-02-26,10569,1319,1,0,0,0
523,5,2015-02-27,13447,1553,1,0,0,0
523,6,2015-02-28,17261,1868,1,0,0,0
523,7,2015-03-01,0,0,0,0,0,0
523,1,2015-03-02,17435,1922,1,1,0,0
523,2,2015-03-03,14736,1640,1,1,0,0
523,3,2015-03-04,14639,1676,1,1,0,0
523,4,2015-03-05,13130,1515,1,1,0,0
523,5,2015-03-06,14655,1686,1,1,0,0
523,6,2015-03-07,14203,1628,1,0,0,0
523,7,2015-03-08,0,0,0,0,0,0
523,1,2015-03-09,11609,1477,1,0,0,0
523,2,2015-03-10,10986,1357,1,0,0,0
523,3,2015-03-11,11793,1407,1,0,0,0
523,4,2015-03-12,11750,1402,1,0,0,0
523,5,2015-03-13,12603,1449,1,0,0,0
523,6,2015-03-14,15462,1772,1,0,0,0
523,7,2015-03-15,0,0,0,0,0,0
523,1,2015-03-16,16740,1751,1,1,0,0
523,2,2015-03-17,14137,1492,1,1,0,0
523,3,2015-03-18,14105,1559,1,1,0,0
523,4,2015-03-19,13237,1472,1,1,0,0
523,5,2015-03-20,13982,1548,1,1,0,0
523,6,2015-03-21,16217,1806,1,0,0,0
523,7,2015-03-22,0,0,0,0,0,0
523,1,2015-03-23,12908,1589,1,0,0,0
523,2,2015-03-24,12139,1416,1,0,0,0
523,3,2015-03-25,11521,1390,1,0,0,0
523,4,2015-03-26,11380,1372,1,0,0,0
523,5,2015-03-27,13883,1582,1,0,0,0
523,6,2015-03-28,17012,1857,1,0,0,0
523,7,2015-03-29,0,0,0,0,0,0
523,1,2015-03-30,21182,2043,1,1,0,1
523,2,2015-03-31,19517,1965,1,1,0,1
523,3,2015-04-01,20780,2114,1,1,0,1
523,4,2015-04-02,21989,2289,1,1,0,1
523,5,2015-04-03,0,0,0,1,b,1
523,6,2015-04-04,19760,2092,1,0,0,0
523,7,2015-04-05,0,0,0,0,0,0
523,1,2015-04-06,0,0,0,0,b,1
523,2,2015-04-07,14656,1761,1,0,0,1
523,3,2015-04-08,13414,1580,1,0,0,1
523,4,2015-04-09,11436,1401,1,0,0,1
523,5,2015-04-10,10891,1338,1,0,0,1
523,6,2015-04-11,12504,1541,1,0,0,0
523,7,2015-04-12,0,0,0,0,0,0
523,1,2015-04-13,18056,1870,1,1,0,0
523,2,2015-04-14,15587,1607,1,1,0,0
523,3,2015-04-15,12256,1358,1,1,0,0
523,4,2015-04-16,13867,1512,1,1,0,0
523,5,2015-04-17,14227,1599,1,1,0,0
523,6,2015-04-18,15610,1758,1,0,0,0
523,7,2015-04-19,0,0,0,0,0,0
523,1,2015-04-20,12279,1525,1,0,0,0
523,2,2015-04-21,10910,1368,1,0,0,0
523,3,2015-04-22,9757,1170,1,0,0,0
523,4,2015-04-23,8978,1108,1,0,0,0
523,5,2015-04-24,11020,1370,1,0,0,0
523,6,2015-04-25,13799,1587,1,0,0,0
523,7,2015-04-26,0,0,0,0,0,0
523,1,2015-04-27,16594,1790,1,1,0,0
523,2,2015-04-28,16140,1725,1,1,0,0
523,3,2015-04-29,15270,1649,1,1,0,0
523,4,2015-04-30,17921,1945,1,1,0,0
523,5,2015-05-01,0,0,0,1,a,0
523,6,2015-05-02,18805,1882,1,0,0,0
523,7,2015-05-03,0,0,0,0,0,0
523,1,2015-05-04,15630,1712,1,1,0,0
523,2,2015-05-05,12198,1368,1,1,0,0
523,3,2015-05-06,12767,1382,1,1,0,0
523,4,2015-05-07,11700,1328,1,1,0,0
523,5,2015-05-08,12642,1420,1,1,0,0
523,6,2015-05-09,15508,1662,1,0,0,0
523,7,2015-05-10,0,0,0,0,0,0
523,1,2015-05-11,12993,1547,1,0,0,0
523,2,2015-05-12,12334,1477,1,0,0,0
523,3,2015-05-13,14745,1714,1,0,0,0
523,4,2015-05-14,0,0,0,0,a,0
523,5,2015-05-15,15820,1763,1,0,0,1
523,6,2015-05-16,14587,1579,1,0,0,0
523,7,2015-05-17,0,0,0,0,0,0
523,1,2015-05-18,16430,1751,1,1,0,0
523,2,2015-05-19,14232,1587,1,1,0,0
523,3,2015-05-20,10658,1281,1,1,0,0
523,4,2015-05-21,11681,1306,1,1,0,0
523,5,2015-05-22,13924,1517,1,1,0,0
523,6,2015-05-23,14626,1633,1,0,0,0
523,7,2015-05-24,0,0,0,0,0,0
523,1,2015-05-25,0,0,0,0,a,0
523,2,2015-05-26,14964,1750,1,0,0,1
523,3,2015-05-27,12754,1500,1,0,0,0
523,4,2015-05-28,11710,1447,1,0,0,0
523,5,2015-05-29,14082,1595,1,0,0,0
523,6,2015-05-30,16984,1842,1,0,0,0
523,7,2015-05-31,0,0,0,0,0,0
523,1,2015-06-01,18496,1877,1,1,0,0
523,2,2015-06-02,15389,1670,1,1,0,0
523,3,2015-06-03,14969,1622,1,1,0,0
523,4,2015-06-04,14119,1579,1,1,0,0
523,5,2015-06-05,14591,1612,1,1,0,0
523,6,2015-06-06,14055,1525,1,0,0,0
523,7,2015-06-07,0,0,0,0,0,0
523,1,2015-06-08,13567,1607,1,0,0,0
523,2,2015-06-09,12037,1427,1,0,0,0
523,3,2015-06-10,11821,1410,1,0,0,0
523,4,2015-06-11,11233,1359,1,0,0,0
523,5,2015-06-12,11638,1389,1,0,0,0
523,6,2015-06-13,14246,1568,1,0,0,0
523,7,2015-06-14,0,0,0,0,0,0
523,1,2015-06-15,17103,1783,1,1,0,0
523,2,2015-06-16,15455,1584,1,1,0,0
523,3,2015-06-17,12774,1407,1,1,0,0
523,4,2015-06-18,12720,1465,1,1,0,0
523,5,2015-06-19,14633,1623,1,1,0,0
523,6,2015-06-20,14643,1689,1,0,0,0
523,7,2015-06-21,0,0,0,0,0,0
523,1,2015-06-22,12185,1527,1,0,0,0
523,2,2015-06-23,12280,1493,1,0,0,0
523,3,2015-06-24,12196,1479,1,0,0,0
523,4,2015-06-25,11257,1370,1,0,0,0
523,5,2015-06-26,11094,1330,1,0,0,0
523,6,2015-06-27,15135,1591,1,0,0,0
523,7,2015-06-28,0,0,0,0,0,0
523,1,2015-06-29,16796,1690,1,1,0,0
523,2,2015-06-30,16334,1729,1,1,0,0
523,3,2015-07-01,15019,1611,1,1,0,0
523,4,2015-07-02,14260,1553,1,1,0,0
523,5,2015-07-03,14409,1632,1,1,0,0
523,6,2015-07-04,13318,1558,1,0,0,0
523,7,2015-07-05,0,0,0,0,0,0
523,1,2015-07-06,13212,1567,1,0,0,0
523,2,2015-07-07,11750,1470,1,0,0,0
523,3,2015-07-08,11535,1367,1,0,0,0
523,4,2015-07-09,11806,1425,1,0,0,0
523,5,2015-07-10,11943,1428,1,0,0,0
523,6,2015-07-11,14507,1595,1,0,0,0
523,7,2015-07-12,0,0,0,0,0,0
523,1,2015-07-13,17400,1888,1,1,0,0
523,2,2015-07-14,15670,1708,1,1,0,0
523,3,2015-07-15,15269,1735,1,1,0,0
523,4,2015-07-16,14464,1611,1,1,0,1
523,5,2015-07-17,13446,1509,1,1,0,1
523,6,2015-07-18,13991,1511,1,0,0,0
523,7,2015-07-19,0,0,0,0,0,0
523,1,2015-07-20,14208,1618,1,0,0,1
523,2,2015-07-21,10786,1381,1,0,0,1
523,3,2015-07-22,10741,1285,1,0,0,1
523,4,2015-07-23,11202,1320,1,0,0,1
523,5,2015-07-24,11213,1296,1,0,0,1
523,6,2015-07-25,12676,1475,1,0,0,0
523,7,2015-07-26,0,0,0,0,0,0
523,1,2015-07-27,15771,1663,1,1,0,1
523,2,2015-07-28,13504,1473,1,1,0,1
523,3,2015-07-29,13250,1515,1,1,0,1
523,4,2015-07-30,14171,1476,1,1,0,1
523,5,2015-07-31,15349,1625,1,1,0,1
544,2,2013-01-01,0,0,0,0,a,1
544,3,2013-01-02,11694,1868,1,0,0,1
544,4,2013-01-03,12157,1819,1,0,0,0
544,5,2013-01-04,13007,1836,1,0,0,0
544,6,2013-01-05,9358,1321,1,0,0,0
544,7,2013-01-06,0,0,0,0,0,0
544,1,2013-01-07,23840,2749,1,1,0,0
544,2,2013-01-08,20132,2475,1,1,0,0
544,3,2013-01-09,17539,2176,1,1,0,0
544,4,2013-01-10,16185,2086,1,1,0,0
544,5,2013-01-11,15092,1972,1,1,0,0
544,6,2013-01-12,9633,1351,1,0,0,0
544,7,2013-01-13,0,0,0,0,0,0
544,1,2013-01-14,12883,1941,1,0,0,0
544,2,2013-01-15,12858,1928,1,0,0,0
544,3,2013-01-16,11494,1681,1,0,0,0
544,4,2013-01-17,11632,1650,1,0,0,0
544,5,2013-01-18,11805,1631,1,0,0,0
544,6,2013-01-19,9671,1370,1,0,0,0
544,7,2013-01-20,0,0,0,0,0,0
544,1,2013-01-21,21002,2405,1,1,0,0
544,2,2013-01-22,18570,2287,1,1,0,0
544,3,2013-01-23,15400,1952,1,1,0,0
544,4,2013-01-24,14680,1948,1,1,0,0
544,5,2013-01-25,13648,1809,1,1,0,0
544,6,2013-01-26,9278,1280,1,0,0,0
544,7,2013-01-27,0,0,0,0,0,0
544,1,2013-01-28,12472,1833,1,0,0,0
544,2,2013-01-29,11524,1709,1,0,0,0
544,3,2013-01-30,11878,1717,1,0,0,0
544,4,2013-01-31,14740,1986,1,0,0,0
544,5,2013-02-01,12960,1892,1,0,0,0
544,6,2013-02-02,10027,1379,1,0,0,0
544,7,2013-02-03,0,0,0,0,0,0
544,1,2013-02-04,23413,2710,1,1,0,1
544,2,2013-02-05,20005,2469,1,1,0,1
544,3,2013-02-06,17206,2199,1,1,0,1
544,4,2013-02-07,14929,2013,1,1,0,1
544,5,2013-02-08,13801,1868,1,1,0,1
544,6,2013-02-09,9132,1343,1,0,0,0
544,7,2013-02-10,0,0,0,0,0,0
544,1,2013-02-11,12987,1911,1,0,0,1
544,2,2013-02-12,12308,1794,1,0,0,1
544,3,2013-02-13,10992,1717,1,0,0,1
544,4,2013-02-14,12253,1778,1,0,0,1
544,5,2013-02-15,11687,1713,1,0,0,1
544,6,2013-02-16,8649,1284,1,0,0,0
544,7,2013-02-17,0,0,0,0,0,0
544,1,2013-02-18,23013,2618,1,1,0,0
544,2,2013-02-19,16182,1957,1,1,0,0
544,3,2013-02-20,16379,2038,1,1,0,0
544,4,2013-02-21,15797,2012,1,1,0,0
544,5,2013-02-22,13656,1813,1,1,0,0
544,6,2013-02-23,7889,1075,1,0,0,0
544,7,2013-02-24,0,0,0,0,0,0
544,1,2013-02-25,7589,1160,1,0,0,0
544,2,2013-02-26,12527,1788,1,0,0,0
544,3,2013-02-27,12023,1651,1,0,0,0
544,4,2013-02-28,14802,1983,1,0,0,0
544,5,2013-03-01,13646,1858,1,0,0,0
544,6,2013-03-02,10828,1562,1,0,0,0
544,7,2013-03-03,0,0,0,0,0,0
544,1,2013-03-04,25807,3029,1,1,0,0
544,2,2013-03-05,17545,2213,1,1,0,0
544,3,2013-03-06,18183,2396,1,1,0,0
544,4,2013-03-07,16221,2088,1,1,0,0
544,5,2013-03-08,14114,1885,1,1,0,0
544,6,2013-03-09,8332,1295,1,0,0,0
544,7,2013-03-10,0,0,0,0,0,0
544,1,2013-03-11,11125,1644,1,0,0,0
544,2,2013-03-12,10717,1596,1,0,0,0
544,3,2013-03-13,10182,1554,1,0,0,0
544,4,2013-03-14,11522,1688,1,0,0,0
544,5,2013-03-15,11097,1626,1,0,0,0
544,6,2013-03-16,10032,1514,1,0,0,0
544,7,2013-03-17,0,0,0,0,0,0
544,1,2013-03-18,22526,2515,1,1,0,0
544,2,2013-03-19,18396,2235,1,1,0,0
544,3,2013-03-20,17051,2143,1,1,0,0
544,4,2013-03-21,15089,2013,1,1,0,0
544,5,2013-03-22,14517,1902,1,1,0,0
544,6,2013-03-23,10007,1435,1,0,0,0
544,7,2013-03-24,0,0,0,0,0,0
544,1,2013-03-25,21947,2620,1,1,0,0
544,2,2013-03-26,21409,2557,1,1,0,0
544,3,2013-03-27,20489,2523,1,1,0,0
544,4,2013-03-28,22733,2783,1,1,0,0
544,5,2013-03-29,0,0,0,1,b,1
544,6,2013-03-30,14318,1989,1,0,0,0
544,7,2013-03-31,0,0,0,0,0,0
544,1,2013-04-01,0,0,0,0,b,1
544,2,2013-04-02,13940,2105,1,0,0,1
544,3,2013-04-03,12614,1888,1,0,0,1
544,4,2013-04-04,13791,1963,1,0,0,1
544,5,2013-04-05,12262,1794,1,0,0,1
544,6,2013-04-06,9006,1353,1,0,0,0
544,7,2013-04-07,0,0,0,0,0,0
544,1,2013-04-08,23662,2807,1,1,0,0
544,2,2013-04-09,19588,2423,1,1,0,0
544,3,2013-04-10,15990,2037,1,1,0,0
544,4,2013-04-11,15266,2008,1,1,0,0
544,5,2013-04-12,14212,1925,1,1,0,0
544,6,2013-04-13,9079,1329,1,0,0,0
544,7,2013-04-14,0,0,0,0,0,0
544,1,2013-04-15,11823,1862,1,0,0,0
544,2,2013-04-16,12643,1865,1,0,0,0
544,3,2013-04-17,11629,1783,1,0,0,0
544,4,2013-04-18,11797,1724,1,0,0,0
544,5,2013-04-19,11831,1776,1,0,0,0
544,6,2013-04-20,9726,1399,1,0,0,0
544,7,2013-04-21,0,0,0,0,0,0
544,1,2013-04-22,19879,2380,1,1,0,0
544,2,2013-04-23,18866,2382,1,1,0,0
544,3,2013-04-24,16360,2084,1,1,0,0
544,4,2013-04-25,14059,1952,1,1,0,0
544,5,2013-04-26,13252,1856,1,1,0,0
544,6,2013-04-27,8959,1309,1,0,0,0
544,7,2013-04-28,0,0,0,0,0,0
544,1,2013-04-29,21741,2550,1,1,0,0
544,2,2013-04-30,21346,2580,1,1,0,0
544,3,2013-05-01,0,0,0,1,a,0
544,4,2013-05-02,20921,2651,1,1,0,0
544,5,2013-05-03,17038,2288,1,1,0,0
544,6,2013-05-04,10517,1530,1,0,0,0
544,7,2013-05-05,0,0,0,0,0,0
544,1,2013-05-06,15196,2198,1,0,0,0
544,2,2013-05-07,14873,2104,1,0,0,0
544,3,2013-05-08,13668,2017,1,0,0,0
544,4,2013-05-09,0,0,0,0,a,0
544,5,2013-05-10,15104,2447,1,0,0,1
544,6,2013-05-11,10526,1777,1,0,0,0
544,7,2013-05-12,0,0,0,0,0,0
544,1,2013-05-13,20710,2522,1,1,0,0
544,2,2013-05-14,20185,2571,1,1,0,0
544,3,2013-05-15,16701,2203,1,1,0,0
544,4,2013-05-16,16267,2224,1,1,0,0
544,5,2013-05-17,14182,2051,1,1,0,0
544,6,2013-05-18,9070,1262,1,0,0,0
544,7,2013-05-19,0,0,0,0,0,0
544,1,2013-05-20,0,0,0,0,a,1
544,2,2013-05-21,15511,2380,1,0,0,1
544,3,2013-05-22,11482,1753,1,0,0,1
544,4,2013-05-23,14133,2015,1,0,0,0
544,5,2013-05-24,11719,1764,1,0,0,0
544,6,2013-05-25,8943,1337,1,0,0,0
544,7,2013-05-26,0,0,0,0,0,0
544,1,2013-05-27,20764,2370,1,1,0,0
544,2,2013-05-28,19667,2460,1,1,0,0
544,3,2013-05-29,16282,2036,1,1,0,0
544,4,2013-05-30,15248,1923,1,1,a,0
544,5,2013-05-31,18609,2276,1,1,0,0
544,6,2013-06-01,10792,1472,1,0,0,0
544,7,2013-06-02,0,0,0,0,0,0
544,1,2013-06-03,17081,2154,1,1,0,0
544,2,2013-06-04,18705,2341,1,1,0,0
544,3,2013-06-05,16739,2164,1,1,0,0
544,4,2013-06-06,16100,2097,1,1,0,0
544,5,2013-06-07,15285,2040,1,1,0,0
544,6,2013-06-08,9233,1413,1,0,0,0
544,7,2013-06-09,0,0,0,0,0,0
544,1,2013-06-10,13023,1897,1,0,0,0
544,2,2013-06-11,13314,1979,1,0,0,0
544,3,2013-06-12,11527,1728,1,0,0,0
544,4,2013-06-13,12342,1828,1,0,0,0
544,5,2013-06-14,12827,1845,1,0,0,0
544,6,2013-06-15,9428,1488,1,0,0,0
544,7,2013-06-16,0,0,0,0,0,0
544,1,2013-06-17,23618,2635,1,1,0,0
544,2,2013-06-18,17810,2276,1,1,0,0
544,3,2013-06-19,14777,1929,1,1,0,0
544,4,2013-06-20,13602,1830,1,1,0,0
544,5,2013-06-21,16905,2236,1,1,0,0
544,6,2013-06-22,9928,1493,1,0,0,0
544,7,2013-06-23,0,0,0,0,0,0
544,1,2013-06-24,13824,2039,1,0,0,0
544,2,2013-06-25,10816,1601,1,0,0,0
544,3,2013-06-26,13695,1980,1,0,0,0
544,4,2013-06-27,14038,1941,1,0,0,0
544,5,2013-06-28,16458,2162,1,0,0,0
544,6,2013-06-29,12711,1713,1,0,0,0
544,7,2013-06-30,0,0,0,0,0,0
544,1,2013-07-01,20622,2649,1,1,0,0
544,2,2013-07-02,17831,2360,1,1,0,0
544,3,2013-07-03,18386,2314,1,1,0,0
544,4,2013-07-04,17686,2274,1,1,0,0
544,5,2013-07-05,15367,2005,1,1,0,0
544,6,2013-07-06,9821,1418,1,0,0,0
544,7,2013-07-07,0,0,0,0,0,0
544,1,2013-07-08,14117,2043,1,0,0,0
544,2,2013-07-09,13848,2016,1,0,0,0
544,3,2013-07-10,13992,1946,1,0,0,0
544,4,2013-07-11,13774,1881,1,0,0,0
544,5,2013-07-12,13023,1857,1,0,0,0
544,6,2013-07-13,9493,1401,1,0,0,0
544,7,2013-07-14,0,0,0,0,0,0
544,1,2013-07-15,23950,2687,1,1,0,1
544,2,2013-07-16,19633,2440,1,1,0,1
544,3,2013-07-17,15924,2152,1,1,0,1
544,4,2013-07-18,17012,2235,1,1,0,1
544,5,2013-07-19,15303,1999,1,1,0,1
544,6,2013-07-20,8871,1275,1,0,0,0
544,7,2013-07-21,0,0,0,0,0,0
544,1,2013-07-22,12298,1820,1,0,0,1
544,2,2013-07-23,11418,1761,1,0,0,1
544,3,2013-07-24,10715,1606,1,0,0,1
544,4,2013-07-25,12582,1842,1,0,0,1
544,5,2013-07-26,10569,1559,1,0,0,1
544,6,2013-07-27,6629,1027,1,0,0,0
544,7,2013-07-28,0,0,0,0,0,0
544,1,2013-07-29,21822,2466,1,1,0,1
544,2,2013-07-30,21093,2494,1,1,0,1
544,3,2013-07-31,20710,2367,1,1,0,1
544,4,2013-08-01,18421,2361,1,1,0,1
544,5,2013-08-02,14077,1911,1,1,0,1
544,6,2013-08-03,7594,1200,1,0,0,0
544,7,2013-08-04,0,0,0,0,0,0
544,1,2013-08-05,14733,2158,1,0,0,1
544,2,2013-08-06,12182,1760,1,0,0,1
544,3,2013-08-07,12444,1783,1,0,0,1
544,4,2013-08-08,12729,1830,1,0,0,1
544,5,2013-08-09,10687,1480,1,0,0,1
544,6,2013-08-10,9328,1330,1,0,0,0
544,7,2013-08-11,0,0,0,0,0,0
544,1,2013-08-12,23239,2678,1,1,0,1
544,2,2013-08-13,20115,2465,1,1,0,1
544,3,2013-08-14,16963,2156,1,1,0,1
544,4,2013-08-15,16165,2157,1,1,0,1
544,5,2013-08-16,14544,1927,1,1,0,1
544,6,2013-08-17,7838,1189,1,0,0,0
544,7,2013-08-18,0,0,0,0,0,0
544,1,2013-08-19,12337,1806,1,0,0,1
544,2,2013-08-20,13087,1948,1,0,0,1
544,3,2013-08-21,12542,1842,1,0,0,1
544,4,2013-08-22,11929,1815,1,0,0,1
544,5,2013-08-23,10974,1643,1,0,0,1
544,6,2013-08-24,8568,1276,1,0,0,0
544,7,2013-08-25,0,0,0,0,0,0
544,1,2013-08-26,20950,2488,1,1,0,0
544,2,2013-08-27,18579,2253,1,1,0,0
544,3,2013-08-28,15868,1963,1,1,0,0
544,4,2013-08-29,16313,2081,1,1,0,0
544,5,2013-08-30,15619,2163,1,1,0,0
544,6,2013-08-31,11034,1985,1,0,0,0
544,7,2013-09-01,0,0,0,0,0,0
544,1,2013-09-02,13648,1940,1,0,0,0
544,2,2013-09-03,11993,1808,1,0,0,0
544,3,2013-09-04,11937,1748,1,0,0,0
544,4,2013-09-05,12146,1773,1,0,0,0
544,5,2013-09-06,10386,1609,1,0,0,0
544,6,2013-09-07,8634,1361,1,0,0,0
544,7,2013-09-08,0,0,0,0,0,0
544,1,2013-09-09,21571,2474,1,1,0,0
544,2,2013-09-10,20366,2432,1,1,0,0
544,3,2013-09-11,16416,2040,1,1,0,0
544,4,2013-09-12,16791,2112,1,1,0,0
544,5,2013-09-13,14687,2030,1,1,0,0
544,6,2013-09-14,9902,1504,1,0,0,0
544,7,2013-09-15,0,0,0,0,0,0
544,1,2013-09-16,12365,1837,1,0,0,0
544,2,2013-09-17,12819,1856,1,0,0,0
544,3,2013-09-18,10239,1542,1,0,0,0
544,4,2013-09-19,11386,1659,1,0,0,0
544,5,2013-09-20,11265,1623,1,0,0,0
544,6,2013-09-21,9885,1536,1,0,0,0
544,7,2013-09-22,0,0,0,0,0,0
544,1,2013-09-23,20453,2324,1,1,0,0
544,2,2013-09-24,18471,2288,1,1,0,0
544,3,2013-09-25,16038,1976,1,1,0,0
544,4,2013-09-26,15843,1956,1,1,0,0
544,5,2013-09-27,15402,2077,1,1,0,0
544,6,2013-09-28,10623,1576,1,0,0,0
544,7,2013-09-29,0,0,0,0,0,0
544,1,2013-09-30,19101,2402,1,0,0,0
544,2,2013-10-01,12135,1852,1,0,0,0
544,3,2013-10-02,12427,1796,1,0,0,0
544,4,2013-10-03,0,0,0,0,a,0
544,5,2013-10-04,15990,2271,1,0,0,0
544,6,2013-10-05,10073,1606,1,0,0,0
544,7,2013-10-06,0,0,0,0,0,0
544,1,2013-10-07,22959,2643,1,1,0,0
544,2,2013-10-08,20019,2426,1,1,0,0
544,3,2013-10-09,16536,2104,1,1,0,0
544,4,2013-10-10,14898,1885,1,1,0,0
544,5,2013-10-11,13860,1804,1,1,0,0
544,6,2013-10-12,11488,1638,1,0,0,0
544,7,2013-10-13,0,0,0,0,0,0
544,1,2013-10-14,13607,2017,1,0,0,0
544,2,2013-10-15,13535,1931,1,0,0,0
544,3,2013-10-16,13049,1863,1,0,0,0
544,4,2013-10-17,11859,1716,1,0,0,0
544,5,2013-10-18,11745,1712,1,0,0,0
544,6,2013-10-19,10095,1497,1,0,0,0
544,7,2013-10-20,0,0,0,0,0,0
544,1,2013-10-21,20030,2388,1,1,0,1
544,2,2013-10-22,18046,2292,1,1,0,1
544,3,2013-10-23,15164,2000,1,1,0,1
544,4,2013-10-24,14154,1992,1,1,0,1
544,5,2013-10-25,13518,1815,1,1,0,1
544,6,2013-10-26,8689,1373,1,0,0,0
544,7,2013-10-27,0,0,0,0,0,0
544,1,2013-10-28,12684,1853,1,0,0,1
544,2,2013-10-29,13285,1986,1,0,0,1
544,3,2013-10-30,15486,2186,1,0,0,1
544,4,2013-10-31,0,0,0,0,a,1
544,5,2013-11-01,17123,2321,1,0,0,1
544,6,2013-11-02,10486,1512,1,0,0,0
544,7,2013-11-03,0,0,0,0,0,0
544,1,2013-11-04,23020,2617,1,1,0,0
544,2,2013-11-05,19231,2292,1,1,0,0
544,3,2013-11-06,15875,1986,1,1,0,0
544,4,2013-11-07,16343,2082,1,1,0,0
544,5,2013-11-08,14853,1932,1,1,0,0
544,6,2013-11-09,10353,1519,1,0,0,0
544,7,2013-11-10,0,0,0,0,0,0
544,1,2013-11-11,12686,1850,1,0,0,0
544,2,2013-11-12,12817,1852,1,0,0,0
544,3,2013-11-13,11230,1667,1,0,0,0
544,4,2013-11-14,13176,1842,1,0,0,0
544,5,2013-11-15,12984,1809,1,0,0,0
544,6,2013-11-16,11921,1751,1,0,0,0
544,7,2013-11-17,0,0,0,0,0,0
544,1,2013-11-18,22908,2694,1,1,0,0
544,2,2013-11-19,21089,2664,1,1,0,0
544,3,2013-11-20,0,0,0,1,a,0
544,4,2013-11-21,20296,2450,1,1,0,0
544,5,2013-11-22,17245,2207,1,1,0,0
544,6,2013-11-23,11862,1707,1,0,0,0
544,7,2013-11-24,0,0,0,0,0,0
544,1,2013-11-25,14081,1992,1,0,0,0
544,2,2013-11-26,14556,1993,1,0,0,0
544,3,2013-11-27,13988,1835,1,0,0,0
544,4,2013-11-28,12824,1776,1,0,0,0
544,5,2013-11-29,16455,2247,1,0,0,0
544,6,2013-11-30,13623,1908,1,0,0,0
544,7,2013-12-01,0,0,0,0,0,0
544,1,2013-12-02,28526,3095,1,1,0,0
544,2,2013-12-03,26293,2949,1,1,0,0
544,3,2013-12-04,21514,2670,1,1,0,0
544,4,2013-12-05,20245,2424,1,1,0,0
544,5,2013-12-06,13748,1806,1,1,0,0
544,6,2013-12-07,10506,1565,1,0,0,0
544,7,2013-12-08,0,0,0,0,0,0
544,1,2013-12-09,11517,1623,1,0,0,0
544,2,2013-12-10,16027,2233,1,0,0,0
544,3,2013-12-11,14859,2128,1,0,0,0
544,4,2013-12-12,14598,2048,1,0,0,0
544,5,2013-12-13,14426,2115,1,0,0,0
544,6,2013-12-14,13457,1997,1,0,0,0
544,7,2013-12-15,0,0,0,0,0,0
544,1,2013-12-16,30903,3145,1,1,0,0
544,2,2013-12-17,26313,2981,1,1,0,0
544,3,2013-12-18,25746,2822,1,1,0,0
544,4,2013-12-19,21389,2621,1,1,0,0
544,5,2013-12-20,20940,2544,1,1,0,0
544,6,2013-12-21,17249,2362,1,0,0,0
544,7,2013-12-22,0,0,0,0,0,0
544,1,2013-12-23,22786,3049,1,0,0,1
544,2,2013-12-24,4558,510,1,0,0,1
544,3,2013-12-25,0,0,0,0,c,1
544,4,2013-12-26,0,0,0,0,c,1
544,5,2013-12-27,15611,2185,1,0,0,1
544,6,2013-12-28,11261,1657,1,0,0,0
544,7,2013-12-29,0,0,0,0,0,0
544,1,2013-12-30,19612,2648,1,0,0,1
544,2,2013-12-31,4758,630,1,0,0,1
544,3,2014-01-01,0,0,0,0,a,1
544,4,2014-01-02,11118,1660,1,0,0,1
544,5,2014-01-03,12020,1724,1,0,0,1
544,6,2014-01-04,9898,1447,1,0,0,0
544,7,2014-01-05,0,0,0,0,0,0
544,1,2014-01-06,22723,2560,1,1,0,0
544,2,2014-01-07,19566,2403,1,1,0,0
544,3,2014-01-08,15890,1946,1,1,0,0
544,4,2014-01-09,15303,1952,1,1,0,0
544,5,2014-01-10,13844,1799,1,1,0,0
544,6,2014-01-11,8888,1339,1,0,0,0
544,7,2014-01-12,0,0,0,0,0,0
544,1,2014-01-13,11606,1714,1,0,0,0
544,2,2014-01-14,10850,1507,1,0,0,0
544,3,2014-01-15,11055,1546,1,0,0,0
544,4,2014-01-16,10529,1531,1,0,0,0
544,5,2014-01-17,10581,1547,1,0,0,0
544,6,2014-01-18,9958,1430,1,0,0,0
544,7,2014-01-19,0,0,0,0,0,0
544,1,2014-01-20,21183,2336,1,1,0,0
544,2,2014-01-21,16715,1948,1,1,0,0
544,3,2014-01-22,14693,1790,1,1,0,0
544,4,2014-01-23,14988,1804,1,1,0,0
544,5,2014-01-24,12287,1637,1,1,0,0
544,6,2014-01-25,8155,1162,1,0,0,0
544,7,2014-01-26,0,0,0,0,0,0
544,1,2014-01-27,9920,1472,1,0,0,0
544,2,2014-01-28,10939,1584,1,0,0,0
544,3,2014-01-29,9327,1356,1,0,0,0
544,4,2014-01-30,11068,1552,1,0,0,0
544,5,2014-01-31,13554,1826,1,0,0,0
544,6,2014-02-01,11574,1602,1,0,0,0
544,7,2014-02-02,0,0,0,0,0,0
544,1,2014-02-03,23971,2601,1,1,0,0
544,2,2014-02-04,20145,2341,1,1,0,0
544,3,2014-02-05,16366,1964,1,1,0,0
544,4,2014-02-06,14689,1901,1,1,0,0
544,5,2014-02-07,14207,1835,1,1,0,0
544,6,2014-02-08,9594,1389,1,0,0,0
544,7,2014-02-09,0,0,0,0,0,0
544,1,2014-02-10,11343,1697,1,0,0,0
544,2,2014-02-11,11112,1650,1,0,0,0
544,3,2014-02-12,10545,1531,1,0,0,0
544,4,2014-02-13,11256,1689,1,0,0,0
544,5,2014-02-14,11412,1663,1,0,0,0
544,6,2014-02-15,8801,1253,1,0,0,0
544,7,2014-02-16,0,0,0,0,0,0
544,1,2014-02-17,21363,2391,1,1,0,1
544,2,2014-02-18,16800,2093,1,1,0,1
544,3,2014-02-19,15146,1850,1,1,0,1
544,4,2014-02-20,13831,1859,1,1,0,1
544,5,2014-02-21,11818,1601,1,1,0,1
544,6,2014-02-22,8909,1277,1,0,0,0
544,7,2014-02-23,0,0,0,0,0,0
544,1,2014-02-24,11392,1644,1,0,0,1
544,2,2014-02-25,11132,1654,1,0,0,1
544,3,2014-02-26,10021,1525,1,0,0,1
544,4,2014-02-27,10807,1586,1,0,0,1
544,5,2014-02-28,12445,1727,1,0,0,1
544,6,2014-03-01,10603,1578,1,0,0,0
544,7,2014-03-02,0,0,0,0,0,0
544,1,2014-03-03,26757,2995,1,1,0,0
544,2,2014-03-04,18896,2329,1,1,0,0
544,3,2014-03-05,14717,1899,1,1,0,0
544,4,2014-03-06,16152,2087,1,1,0,0
544,5,2014-03-07,15216,2067,1,1,0,0
544,6,2014-03-08,10226,1508,1,0,0,0
544,7,2014-03-09,0,0,0,0,0,0
544,1,2014-03-10,12249,1832,1,0,0,0
544,2,2014-03-11,12124,1831,1,0,0,0
544,3,2014-03-12,11843,1713,1,0,0,0
544,4,2014-03-13,11677,1698,1,0,0,0
544,5,2014-03-14,12049,1720,1,0,0,0
544,6,2014-03-15,8657,1220,1,0,0,0
544,7,2014-03-16,0,0,0,0,0,0
544,1,2014-03-17,20758,2362,1,1,0,0
544,2,2014-03-18,17876,2291,1,1,0,0
544,3,2014-03-19,15299,1928,1,1,0,0
544,4,2014-03-20,15370,2030,1,1,0,0
544,5,2014-03-21,13432,1881,1,1,0,0
544,6,2014-03-22,9492,1404,1,0,0,0
544,7,2014-03-23,0,0,0,0,0,0
544,1,2014-03-24,11562,1676,1,0,0,0
544,2,2014-03-25,11041,1591,1,0,0,0
544,3,2014-03-26,12984,1752,1,0,0,0
544,4,2014-03-27,9740,1359,1,0,0,0
544,5,2014-03-28,13091,1799,1,0,0,0
544,6,2014-03-29,12009,1737,1,0,0,0
544,7,2014-03-30,0,0,0,0,0,0
544,1,2014-03-31,29591,3003,1,1,0,0
544,2,2014-04-01,17411,2219,1,1,0,0
544,3,2014-04-02,16789,2157,1,1,0,0
544,4,2014-04-03,17025,2131,1,1,0,0
544,5,2014-04-04,14803,1990,1,1,0,0
544,6,2014-04-05,10390,1503,1,0,0,0
544,7,2014-04-06,0,0,0,0,0,0
544,1,2014-04-07,14516,2188,1,0,0,0
544,2,2014-04-08,13913,2005,1,0,0,0
544,3,2014-04-09,12814,1818,1,0,0,0
544,4,2014-04-10,12634,1863,1,0,0,0
544,5,2014-04-11,12795,1843,1,0,0,0
544,6,2014-04-12,11948,1863,1,0,0,0
544,7,2014-04-13,0,0,0,0,0,0
544,1,2014-04-14,22544,2458,1,1,0,0
544,2,2014-04-15,20851,2464,1,1,0,0
544,3,2014-04-16,20347,2449,1,1,0,0
544,4,2014-04-17,18515,2496,1,1,0,0
544,5,2014-04-18,0,0,0,1,b,1
544,6,2014-04-19,12103,1791,1,0,0,0
544,7,2014-04-20,0,0,0,0,0,0
544,1,2014-04-21,0,0,0,0,b,1
544,2,2014-04-22,13397,1963,1,0,0,1
544,3,2014-04-23,11580,1692,1,0,0,1
544,4,2014-04-24,11246,1667,1,0,0,1
544,5,2014-04-25,10327,1568,1,0,0,1
544,6,2014-04-26,8772,1288,1,0,0,0
544,7,2014-04-27,0,0,0,0,0,0
544,1,2014-04-28,20368,2286,1,1,0,0
544,2,2014-04-29,18872,2267,1,1,0,0
544,3,2014-04-30,18740,2291,1,1,0,0
544,4,2014-05-01,0,0,0,1,a,0
544,5,2014-05-02,18250,2277,1,1,0,0
544,6,2014-05-03,9529,1374,1,0,0,0
544,7,2014-05-04,0,0,0,0,0,0
544,1,2014-05-05,23571,2737,1,1,0,0
544,2,2014-05-06,18923,2246,1,1,0,0
544,3,2014-05-07,15081,1943,1,1,0,0
544,4,2014-05-08,15837,2022,1,1,0,0
544,5,2014-05-09,13942,1865,1,1,0,0
544,6,2014-05-10,9312,1451,1,0,0,0
544,7,2014-05-11,0,0,0,0,0,0
544,1,2014-05-12,11245,1644,1,0,0,0
544,2,2014-05-13,10844,1580,1,0,0,0
544,3,2014-05-14,10842,1541,1,0,0,0
544,4,2014-05-15,11387,1603,1,0,0,0
544,5,2014-05-16,10899,1614,1,0,0,0
544,6,2014-05-17,10245,1464,1,0,0,0
544,7,2014-05-18,0,0,0,0,0,0
544,1,2014-05-19,19979,2315,1,1,0,0
544,2,2014-05-20,16756,2079,1,1,0,0
544,3,2014-05-21,13629,1833,1,1,0,0
544,4,2014-05-22,14747,1944,1,1,0,0
544,5,2014-05-23,12915,1730,1,1,0,0
544,6,2014-05-24,7944,1215,1,0,0,0
544,7,2014-05-25,0,0,0,0,0,0
544,1,2014-05-26,12496,1792,1,0,0,0
544,2,2014-05-27,11375,1591,1,0,0,0
544,3,2014-05-28,11139,1576,1,0,0,0
544,4,2014-05-29,0,0,0,0,a,0
544,5,2014-05-30,17416,2299,1,0,0,1
544,6,2014-05-31,10792,1584,1,0,0,0
544,7,2014-06-01,0,0,0,0,0,0
544,1,2014-06-02,24214,2690,1,1,0,0
544,2,2014-06-03,19757,2279,1,1,0,0
544,3,2014-06-04,16873,2039,1,1,0,0
544,4,2014-06-05,16309,1984,1,1,0,0
544,5,2014-06-06,13792,1875,1,1,0,0
544,6,2014-06-07,8380,1331,1,0,0,0
544,7,2014-06-08,0,0,0,0,0,0
544,1,2014-06-09,0,0,0,0,a,0
544,2,2014-06-10,12537,1820,1,0,0,0
544,3,2014-06-11,11774,1691,1,0,0,0
544,4,2014-06-12,13015,1751,1,0,0,0
544,5,2014-06-13,11210,1631,1,0,0,0
544,6,2014-06-14,9879,1425,1,0,0,0
544,7,2014-06-15,0,0,0,0,0,0
544,1,2014-06-16,21387,2445,1,1,0,0
544,2,2014-06-17,18762,2225,1,1,0,0
544,3,2014-06-18,16352,2016,1,1,0,0
544,4,2014-06-19,14779,1885,1,1,a,0
544,5,2014-06-20,12859,1696,1,1,0,0
544,6,2014-06-21,9070,1429,1,0,0,0
544,7,2014-06-22,0,0,0,0,0,0
544,1,2014-06-23,12239,1724,1,0,0,0
544,2,2014-06-24,11875,1734,1,0,0,0
544,3,2014-06-25,10610,1439,1,0,0,0
544,4,2014-06-26,10947,1554,1,0,0,0
544,5,2014-06-27,12007,1671,1,0,0,0
544,6,2014-06-28,9538,1401,1,0,0,0
544,7,2014-06-29,0,0,0,0,0,0
544,1,2014-06-30,29853,2924,1,1,0,0
544,2,2014-07-01,16348,2077,1,1,0,0
544,3,2014-07-02,16612,2087,1,1,0,0
544,4,2014-07-03,15648,2043,1,1,0,0
544,5,2014-07-04,12964,1783,1,1,0,0
544,6,2014-07-05,8987,1334,1,0,0,0
544,7,2014-07-06,0,0,0,0,0,0
544,1,2014-07-07,13330,1969,1,0,0,0
544,2,2014-07-08,11316,1593,1,0,0,0
544,3,2014-07-09,10758,1579,1,0,0,0
544,4,2014-07-10,10988,1546,1,0,0,0
544,5,2014-07-11,10412,1510,1,0,0,0
544,6,2014-07-12,10080,1414,1,0,0,0
544,7,2014-07-13,0,0,0,0,0,0
544,1,2014-07-14,19638,2185,1,1,0,0
544,2,2014-07-15,19858,2380,1,1,0,0
544,3,2014-07-16,16944,2081,1,1,0,0
544,4,2014-07-17,15680,1990,1,1,0,0
544,5,2014-07-18,12732,1677,1,1,0,0
544,6,2014-07-19,7697,1129,1,0,0,0
544,7,2014-07-20,0,0,0,0,0,0
544,1,2014-07-21,11263,1602,1,0,0,1
544,2,2014-07-22,11534,1697,1,0,0,1
544,3,2014-07-23,10153,1460,1,0,0,1
544,4,2014-07-24,10546,1480,1,0,0,1
544,5,2014-07-25,9951,1407,1,0,0,1
544,6,2014-07-26,7920,1123,1,0,0,0
544,7,2014-07-27,0,0,0,0,0,0
544,1,2014-07-28,18759,2125,1,1,0,1
544,2,2014-07-29,16421,1962,1,1,0,1
544,3,2014-07-30,14613,1816,1,1,0,1
544,4,2014-07-31,18136,2094,1,1,0,1
544,5,2014-08-01,13813,1792,1,1,0,1
544,6,2014-08-02,8883,1279,1,0,0,0
544,7,2014-08-03,0,0,0,0,0,0
544,1,2014-08-04,19895,2346,1,1,0,1
544,2,2014-08-05,16566,2024,1,1,0,1
544,3,2014-08-06,14960,1834,1,1,0,1
544,4,2014-08-07,14698,1848,1,1,0,1
544,5,2014-08-08,12866,1630,1,1,0,1
544,6,2014-08-09,7881,1178,1,0,0,0
544,7,2014-08-10,0,0,0,0,0,0
544,1,2014-08-11,12764,1811,1,0,0,1
544,2,2014-08-12,11790,1704,1,0,0,1
544,3,2014-08-13,10841,1531,1,0,0,1
544,4,2014-08-14,11044,1565,1,0,0,1
544,5,2014-08-15,10098,1445,1,0,0,1
544,6,2014-08-16,8504,1207,1,0,0,0
544,7,2014-08-17,0,0,0,0,0,0
544,1,2014-08-18,19362,2104,1,1,0,1
544,2,2014-08-19,17114,2120,1,1,0,1
544,3,2014-08-20,15360,1805,1,1,0,1
544,4,2014-08-21,13940,1751,1,1,0,1
544,5,2014-08-22,12004,1580,1,1,0,1
544,6,2014-08-23,8269,1172,1,0,0,0
544,7,2014-08-24,0,0,0,0,0,0
544,1,2014-08-25,11687,1703,1,0,0,1
544,2,2014-08-26,10026,1449,1,0,0,1
544,3,2014-08-27,10677,1568,1,0,0,1
544,4,2014-08-28,10502,1595,1,0,0,1
544,5,2014-08-29,12504,1797,1,0,0,1
544,6,2014-08-30,8925,1600,1,0,0,0
544,7,2014-08-31,0,0,0,0,0,0
544,1,2014-09-01,20739,2307,1,1,0,0
544,2,2014-09-02,17181,2018,1,1,0,0
544,3,2014-09-03,14896,1790,1,1,0,0
544,4,2014-09-04,13978,1759,1,1,0,0
544,5,2014-09-05,12766,1634,1,1,0,0
544,6,2014-09-06,8057,1151,1,0,0,0
544,7,2014-09-07,0,0,0,0,0,0
544,1,2014-09-08,12156,1764,1,0,0,0
544,2,2014-09-09,11352,1568,1,0,0,0
544,3,2014-09-10,10049,1397,1,0,0,0
544,4,2014-09-11,10659,1517,1,0,0,0
544,5,2014-09-12,8631,1213,1,0,0,0
544,6,2014-09-13,9026,1298,1,0,0,0
544,7,2014-09-14,0,0,0,0,0,0
544,1,2014-09-15,19921,2238,1,1,0,0
544,2,2014-09-16,18014,2076,1,1,0,0
544,3,2014-09-17,14125,1758,1,1,0,0
544,4,2014-09-18,13089,1717,1,1,0,0
544,5,2014-09-19,12705,1709,1,1,0,0
544,6,2014-09-20,8401,1238,1,0,0,0
544,7,2014-09-21,0,0,0,0,0,0
544,1,2014-09-22,10835,1552,1,0,0,0
544,2,2014-09-23,10838,1541,1,0,0,0
544,3,2014-09-24,9958,1462,1,0,0,0
544,4,2014-09-25,9821,1420,1,0,0,0
544,5,2014-09-26,8876,1286,1,0,0,0
544,6,2014-09-27,9436,1371,1,0,0,0
544,7,2014-09-28,0,0,0,0,0,0
544,1,2014-09-29,20839,2320,1,1,0,0
544,2,2014-09-30,25318,2626,1,1,0,0
544,3,2014-10-01,13735,1794,1,1,0,0
544,4,2014-10-02,14583,1920,1,1,0,0
544,5,2014-10-03,0,0,0,1,a,0
544,6,2014-10-04,11004,1673,1,0,0,0
544,7,2014-10-05,0,0,0,0,0,0
544,1,2014-10-06,19492,2337,1,1,0,0
544,2,2014-10-07,17671,1975,1,1,0,0
544,3,2014-10-08,13402,1706,1,1,0,0
544,4,2014-10-09,14331,1848,1,1,0,0
544,5,2014-10-10,13053,1645,1,1,0,0
544,6,2014-10-11,10064,1379,1,0,0,0
544,7,2014-10-12,0,0,0,0,0,0
544,1,2014-10-13,12292,1743,1,0,0,0
544,2,2014-10-14,11610,1654,1,0,0,0
544,3,2014-10-15,10904,1585,1,0,0,0
544,4,2014-10-16,11654,1574,1,0,0,0
544,5,2014-10-17,10799,1497,1,0,0,0
544,6,2014-10-18,10376,1429,1,0,0,0
544,7,2014-10-19,0,0,0,0,0,0
544,1,2014-10-20,17589,2099,1,1,0,1
544,2,2014-10-21,16707,2071,1,1,0,1
544,3,2014-10-22,11808,1402,1,1,0,1
544,4,2014-10-23,11727,1502,1,1,0,1
544,5,2014-10-24,13989,1809,1,1,0,1
544,6,2014-10-25,8458,1234,1,0,0,0
544,7,2014-10-26,0,0,0,0,0,0
544,1,2014-10-27,11895,1724,1,0,0,1
544,2,2014-10-28,11294,1639,1,0,0,1
544,3,2014-10-29,10201,1507,1,0,0,1
544,4,2014-10-30,13691,1887,1,0,0,1
544,5,2014-10-31,0,0,0,0,a,1
544,6,2014-11-01,11155,1573,1,0,0,0
544,7,2014-11-02,0,0,0,0,0,0
544,1,2014-11-03,22697,2530,1,1,0,0
544,2,2014-11-04,19014,2150,1,1,0,0
544,3,2014-11-05,15995,1934,1,1,0,0
544,4,2014-11-06,14329,1690,1,1,0,0
544,5,2014-11-07,13175,1690,1,1,0,0
544,6,2014-11-08,10162,1446,1,0,0,0
544,7,2014-11-09,0,0,0,0,0,0
544,1,2014-11-10,17927,2092,1,1,0,0
544,2,2014-11-11,15838,1955,1,1,0,0
544,3,2014-11-12,14093,1793,1,1,0,0
544,4,2014-11-13,12883,1686,1,1,0,0
544,5,2014-11-14,13708,1727,1,1,0,0
544,6,2014-11-15,10154,1518,1,0,0,0
544,7,2014-11-16,0,0,0,0,0,0
544,1,2014-11-17,12758,1755,1,0,0,0
544,2,2014-11-18,11059,1621,1,0,0,0
544,3,2014-11-19,0,0,0,0,a,0
544,4,2014-11-20,12314,1759,1,0,0,0
544,5,2014-11-21,12129,1719,1,0,0,0
544,6,2014-11-22,10315,1435,1,0,0,0
544,7,2014-11-23,0,0,0,0,0,0
544,1,2014-11-24,20227,2169,1,1,0,0
544,2,2014-11-25,17663,2146,1,1,0,0
544,3,2014-11-26,16577,1911,1,1,0,0
544,4,2014-11-27,15326,1802,1,1,0,0
544,5,2014-11-28,17219,2056,1,1,0,0
544,6,2014-11-29,12082,1765,1,0,0,0
544,7,2014-11-30,0,0,0,0,0,0
544,1,2014-12-01,23176,2459,1,1,0,0
544,2,2014-12-02,20314,2284,1,1,0,0
544,3,2014-12-03,17778,2025,1,1,0,0
544,4,2014-12-04,18301,2081,1,1,0,0
544,5,2014-12-05,19044,2299,1,1,0,0
544,6,2014-12-06,11505,1657,1,0,0,0
544,7,2014-12-07,0,0,0,0,0,0
544,1,2014-12-08,14983,1961,1,0,0,0
544,2,2014-12-09,13097,1847,1,0,0,0
544,3,2014-12-10,12452,1623,1,0,0,0
544,4,2014-12-11,12004,1665,1,0,0,0
544,5,2014-12-12,12894,1661,1,0,0,0
544,6,2014-12-13,10737,1548,1,0,0,0
544,7,2014-12-14,0,0,0,0,0,0
544,1,2014-12-15,28950,2849,1,1,0,0
544,2,2014-12-16,23531,2561,1,1,0,0
544,3,2014-12-17,20018,2240,1,1,0,0
544,4,2014-12-18,20895,2311,1,1,0,0
544,5,2014-12-19,18534,2222,1,1,0,0
544,6,2014-12-20,13798,1905,1,0,0,0
544,7,2014-12-21,0,0,0,0,0,0
544,1,2014-12-22,21287,2784,1,0,0,1
544,2,2014-12-23,17305,2460,1,0,0,1
544,3,2014-12-24,3994,503,1,0,0,1
544,4,2014-12-25,0,0,0,0,c,1
544,5,2014-12-26,0,0,0,0,c,1
544,6,2014-12-27,11264,1548,1,0,0,0
544,7,2014-12-28,0,0,0,0,0,0
544,1,2014-12-29,15109,1879,1,0,0,1
544,2,2014-12-30,15658,1894,1,0,0,1
544,3,2014-12-31,4574,600,1,0,0,1
544,4,2015-01-01,0,0,0,0,a,1
544,5,2015-01-02,10468,1446,1,0,0,1
544,6,2015-01-03,8818,1208,1,0,0,0
544,7,2015-01-04,0,0,0,0,0,0
544,1,2015-01-05,17056,2076,1,1,0,0
544,2,2015-01-06,17244,2039,1,1,0,0
544,3,2015-01-07,13642,1634,1,1,0,0
544,4,2015-01-08,13175,1643,1,1,0,0
544,5,2015-01-09,12699,1579,1,1,0,0
544,6,2015-01-10,8707,1240,1,0,0,0
544,7,2015-01-11,0,0,0,0,0,0
544,1,2015-01-12,18216,2003,1,1,0,0
544,2,2015-01-13,18086,2107,1,1,0,0
544,3,2015-01-14,16091,1832,1,1,0,0
544,4,2015-01-15,14081,1736,1,1,0,0
544,5,2015-01-16,15176,1760,1,1,0,0
544,6,2015-01-17,8688,1290,1,0,0,0
544,7,2015-01-18,0,0,0,0,0,0
544,1,2015-01-19,10737,1563,1,0,0,0
544,2,2015-01-20,10038,1456,1,0,0,0
544,3,2015-01-21,11029,1434,1,0,0,0
544,4,2015-01-22,9348,1307,1,0,0,0
544,5,2015-01-23,9072,1288,1,0,0,0
544,6,2015-01-24,8791,1241,1,0,0,0
544,7,2015-01-25,0,0,0,0,0,0
544,1,2015-01-26,19547,2094,1,1,0,0
544,2,2015-01-27,14841,1768,1,1,0,0
544,3,2015-01-28,14312,1761,1,1,0,0
544,4,2015-01-29,13494,1613,1,1,0,0
544,5,2015-01-30,15745,1819,1,1,0,0
544,6,2015-01-31,8675,1252,1,0,0,0
544,7,2015-02-01,0,0,0,0,0,0
544,1,2015-02-02,20527,2366,1,1,0,0
544,2,2015-02-03,17320,2059,1,1,0,0
544,3,2015-02-04,13700,1711,1,1,0,0
544,4,2015-02-05,13642,1778,1,1,0,0
544,5,2015-02-06,12217,1617,1,1,0,0
544,6,2015-02-07,8558,1258,1,0,0,0
544,7,2015-02-08,0,0,0,0,0,0
544,1,2015-02-09,9461,1392,1,0,0,1
544,2,2015-02-10,11147,1584,1,0,0,1
544,3,2015-02-11,11268,1551,1,0,0,1
544,4,2015-02-12,10179,1524,1,0,0,1
544,5,2015-02-13,11242,1461,1,0,0,1
544,6,2015-02-14,8896,1232,1,0,0,0
544,7,2015-02-15,0,0,0,0,0,0
544,1,2015-02-16,19391,2249,1,1,0,1
544,2,2015-02-17,15077,1872,1,1,0,1
544,3,2015-02-18,12458,1596,1,1,0,1
544,4,2015-02-19,13612,1708,1,1,0,1
544,5,2015-02-20,12288,1599,1,1,0,1
544,6,2015-02-21,8180,1161,1,0,0,0
544,7,2015-02-22,0,0,0,0,0,0
544,1,2015-02-23,9960,1434,1,0,0,0
544,2,2015-02-24,10524,1468,1,0,0,0
544,3,2015-02-25,9556,1316,1,0,0,0
544,4,2015-02-26,10088,1472,1,0,0,0
544,5,2015-02-27,12470,1617,1,0,0,0
544,6,2015-02-28,10606,1450,1,0,0,0
544,7,2015-03-01,0,0,0,0,0,0
544,1,2015-03-02,21836,2437,1,1,0,0
544,2,2015-03-03,17726,2078,1,1,0,0
544,3,2015-03-04,13587,1730,1,1,0,0
544,4,2015-03-05,12637,1582,1,1,0,0
544,5,2015-03-06,13879,1696,1,1,0,0
544,6,2015-03-07,8831,1338,1,0,0,0
544,7,2015-03-08,0,0,0,0,0,0
544,1,2015-03-09,11327,1591,1,0,0,0
544,2,2015-03-10,11605,1601,1,0,0,0
544,3,2015-03-11,10187,1409,1,0,0,0
544,4,2015-03-12,10008,1375,1,0,0,0
544,5,2015-03-13,9851,1354,1,0,0,0
544,6,2015-03-14,7416,1093,1,0,0,0
544,7,2015-03-15,0,0,0,0,0,0
544,1,2015-03-16,18890,2200,1,1,0,0
544,2,2015-03-17,15918,2022,1,1,0,0
544,3,2015-03-18,14613,1799,1,1,0,0
544,4,2015-03-19,14203,1788,1,1,0,0
544,5,2015-03-20,12617,1627,1,1,0,0
544,6,2015-03-21,8889,1240,1,0,0,0
544,7,2015-03-22,0,0,0,0,0,0
544,1,2015-03-23,11188,1553,1,0,0,0
544,2,2015-03-24,10935,1607,1,0,0,0
544,3,2015-03-25,11438,1537,1,0,0,0
544,4,2015-03-26,10558,1409,1,0,0,0
544,5,2015-03-27,11049,1429,1,0,0,0
544,6,2015-03-28,9612,1354,1,0,0,0
544,7,2015-03-29,0,0,0,0,0,0
544,1,2015-03-30,23344,2316,1,1,0,0
544,2,2015-03-31,24685,2522,1,1,0,0
544,3,2015-04-01,15767,1873,1,1,0,0
544,4,2015-04-02,14599,1697,1,1,0,1
544,5,2015-04-03,0,0,0,1,b,1
544,6,2015-04-04,13460,1832,1,0,0,0
544,7,2015-04-05,0,0,0,0,0,0
544,1,2015-04-06,0,0,0,0,b,1
544,2,2015-04-07,15566,2090,1,0,0,1
544,3,2015-04-08,11817,1636,1,0,0,1
544,4,2015-04-09,12285,1734,1,0,0,1
544,5,2015-04-10,10806,1510,1,0,0,1
544,6,2015-04-11,8869,1257,1,0,0,0
544,7,2015-04-12,0,0,0,0,0,0
544,1,2015-04-13,21692,2389,1,1,0,0
544,2,2015-04-14,18061,2068,1,1,0,0
544,3,2015-04-15,15730,1891,1,1,0,0
544,4,2015-04-16,15293,1909,1,1,0,0
544,5,2015-04-17,13934,1754,1,1,0,0
544,6,2015-04-18,8987,1354,1,0,0,0
544,7,2015-04-19,0,0,0,0,0,0
544,1,2015-04-20,11800,1726,1,0,0,0
544,2,2015-04-21,11332,1637,1,0,0,0
544,3,2015-04-22,10384,1433,1,0,0,0
544,4,2015-04-23,10385,1460,1,0,0,0
544,5,2015-04-24,10088,1479,1,0,0,0
544,6,2015-04-25,9073,1300,1,0,0,0
544,7,2015-04-26,0,0,0,0,0,0
544,1,2015-04-27,17556,1996,1,1,0,0
544,2,2015-04-28,15089,1711,1,1,0,0
544,3,2015-04-29,18232,2179,1,1,0,0
544,4,2015-04-30,19069,2215,1,1,0,0
544,5,2015-05-01,0,0,0,1,a,0
544,6,2015-05-02,13302,1864,1,0,0,0
544,7,2015-05-03,0,0,0,0,0,0
544,1,2015-05-04,23205,2536,1,1,0,0
544,2,2015-05-05,16534,1954,1,1,0,0
544,3,2015-05-06,16158,1912,1,1,0,0
544,4,2015-05-07,14985,1812,1,1,0,0
544,5,2015-05-08,14102,1852,1,1,0,0
544,6,2015-05-09,9247,1365,1,0,0,0
544,7,2015-05-10,0,0,0,0,0,0
544,1,2015-05-11,12941,1789,1,0,0,0
544,2,2015-05-12,11391,1675,1,0,0,0
544,3,2015-05-13,13603,1768,1,0,0,0
544,4,2015-05-14,0,0,0,0,a,0
544,5,2015-05-15,14180,1938,1,0,0,1
544,6,2015-05-16,8530,1246,1,0,0,0
544,7,2015-05-17,0,0,0,0,0,0
544,1,2015-05-18,20927,2292,1,1,0,0
544,2,2015-05-19,18029,2129,1,1,0,0
544,3,2015-05-20,14911,1795,1,1,0,0
544,4,2015-05-21,14754,1770,1,1,0,0
544,5,2015-05-22,13025,1740,1,1,0,0
544,6,2015-05-23,9882,1352,1,0,0,0
544,7,2015-05-24,0,0,0,0,0,0
544,1,2015-05-25,0,0,0,0,a,0
544,2,2015-05-26,13151,1824,1,0,0,0
544,3,2015-05-27,11061,1520,1,0,0,0
544,4,2015-05-28,13216,1752,1,0,0,0
544,5,2015-05-29,14422,1817,1,0,0,0
544,6,2015-05-30,11207,1599,1,0,0,0
544,7,2015-05-31,0,0,0,0,0,0
544,1,2015-06-01,23032,2424,1,1,0,0
544,2,2015-06-02,17955,2153,1,1,0,0
544,3,2015-06-03,16259,1957,1,1,0,0
544,4,2015-06-04,15777,1922,1,1,a,0
544,5,2015-06-05,13285,1694,1,1,0,0
544,6,2015-06-06,8263,1184,1,0,0,0
544,7,2015-06-07,0,0,0,0,0,0
544,1,2015-06-08,12117,1638,1,0,0,0
544,2,2015-06-09,12264,1623,1,0,0,0
544,3,2015-06-10,11165,1555,1,0,0,0
544,4,2015-06-11,11017,1537,1,0,0,0
544,5,2015-06-12,11161,1531,1,0,0,0
544,6,2015-06-13,8208,1121,1,0,0,0
544,7,2015-06-14,0,0,0,0,0,0
544,1,2015-06-15,21284,2258,1,1,0,0
544,2,2015-06-16,18460,2157,1,1,0,0
544,3,2015-06-17,15817,1830,1,1,0,0
544,4,2015-06-18,14009,1720,1,1,0,0
544,5,2015-06-19,13047,1615,1,1,0,0
544,6,2015-06-20,9683,1359,1,0,0,0
544,7,2015-06-21,0,0,0,0,0,0
544,1,2015-06-22,12037,1634,1,0,0,0
544,2,2015-06-23,12063,1655,1,0,0,0
544,3,2015-06-24,10954,1561,1,0,0,0
544,4,2015-06-25,10786,1511,1,0,0,0
544,5,2015-06-26,10904,1505,1,0,0,0
544,6,2015-06-27,9417,1253,1,0,0,0
544,7,2015-06-28,0,0,0,0,0,0
544,1,2015-06-29,23349,2380,1,1,0,0
544,2,2015-06-30,25952,2636,1,1,0,0
544,3,2015-07-01,13723,1736,1,1,0,0
544,4,2015-07-02,13740,1701,1,1,0,0
544,5,2015-07-03,12407,1641,1,1,0,0
544,6,2015-07-04,7453,1043,1,0,0,0
544,7,2015-07-05,0,0,0,0,0,0
544,1,2015-07-06,13184,1815,1,0,0,0
544,2,2015-07-07,11191,1611,1,0,0,0
544,3,2015-07-08,11445,1582,1,0,0,0
544,4,2015-07-09,11682,1633,1,0,0,0
544,5,2015-07-10,11427,1542,1,0,0,0
544,6,2015-07-11,8546,1182,1,0,0,0
544,7,2015-07-12,0,0,0,0,0,0
544,1,2015-07-13,20014,2191,1,1,0,1
544,2,2015-07-14,18497,2024,1,1,0,1
544,3,2015-07-15,16718,1926,1,1,0,1
544,4,2015-07-16,14509,1783,1,1,0,1
544,5,2015-07-17,12103,1527,1,1,0,1
544,6,2015-07-18,8726,1218,1,0,0,0
544,7,2015-07-19,0,0,0,0,0,0
544,1,2015-07-20,12633,1669,1,0,0,1
544,2,2015-07-21,11398,1565,1,0,0,1
544,3,2015-07-22,10249,1370,1,0,0,1
544,4,2015-07-23,11439,1599,1,0,0,1
544,5,2015-07-24,10083,1404,1,0,0,1
544,6,2015-07-25,8653,1235,1,0,0,0
544,7,2015-07-26,0,0,0,0,0,0
544,1,2015-07-27,18258,2012,1,1,0,1
544,2,2015-07-28,16885,1964,1,1,0,1
544,3,2015-07-29,15101,1804,1,1,0,1
544,4,2015-07-30,14988,1814,1,1,0,1
544,5,2015-07-31,17626,2050,1,1,0,1
546,2,2013-01-01,0,0,0,0,a,1
546,3,2013-01-02,13451,1641,1,0,0,1
546,4,2013-01-03,12187,1513,1,0,0,1
546,5,2013-01-04,11002,1356,1,0,0,1
546,6,2013-01-05,11573,1294,1,0,0,0
546,7,2013-01-06,0,0,0,0,0,0
546,1,2013-01-07,18518,1967,1,1,0,0
546,2,2013-01-08,13931,1528,1,1,0,0
546,3,2013-01-09,12312,1424,1,1,0,0
546,4,2013-01-10,12434,1472,1,1,0,0
546,5,2013-01-11,13481,1581,1,1,0,0
546,6,2013-01-12,10910,1184,1,0,0,0
546,7,2013-01-13,0,0,0,0,0,0
546,1,2013-01-14,11538,1414,1,0,0,0
546,2,2013-01-15,10491,1355,1,0,0,0
546,3,2013-01-16,10604,1293,1,0,0,0
546,4,2013-01-17,10862,1424,1,0,0,0
546,5,2013-01-18,10913,1337,1,0,0,0
546,6,2013-01-19,10462,1187,1,0,0,0
546,7,2013-01-20,0,0,0,0,0,0
546,1,2013-01-21,15988,1713,1,1,0,0
546,2,2013-01-22,13481,1551,1,1,0,0
546,3,2013-01-23,12409,1437,1,1,0,0
546,4,2013-01-24,12705,1504,1,1,0,0
546,5,2013-01-25,13264,1554,1,1,0,0
546,6,2013-01-26,10636,1203,1,0,0,0
546,7,2013-01-27,0,0,0,0,0,0
546,1,2013-01-28,12510,1534,1,0,0,0
546,2,2013-01-29,10301,1357,1,0,0,0
546,3,2013-01-30,10229,1336,1,0,0,0
546,4,2013-01-31,12649,1521,1,0,0,0
546,5,2013-02-01,12013,1484,1,0,0,0
546,6,2013-02-02,11020,1217,1,0,0,0
546,7,2013-02-03,0,0,0,0,0,0
546,1,2013-02-04,16100,1729,1,1,0,1
546,2,2013-02-05,14590,1628,1,1,0,1
546,3,2013-02-06,14042,1574,1,1,0,1
546,4,2013-02-07,12899,1535,1,1,0,1
546,5,2013-02-08,12320,1407,1,1,0,1
546,6,2013-02-09,10047,1215,1,0,0,0
546,7,2013-02-10,0,0,0,0,0,0
546,1,2013-02-11,12198,1605,1,0,0,0
546,2,2013-02-12,11014,1472,1,0,0,0
546,3,2013-02-13,11040,1397,1,0,0,0
546,4,2013-02-14,11031,1439,1,0,0,0
546,5,2013-02-15,11512,1398,1,0,0,0
546,6,2013-02-16,10603,1220,1,0,0,0
546,7,2013-02-17,0,0,0,0,0,0
546,1,2013-02-18,16426,1909,1,1,0,0
546,2,2013-02-19,13049,1507,1,1,0,0
546,3,2013-02-20,13102,1478,1,1,0,0
546,4,2013-02-21,13483,1613,1,1,0,0
546,5,2013-02-22,12970,1494,1,1,0,0
546,6,2013-02-23,9954,1193,1,0,0,0
546,7,2013-02-24,0,0,0,0,0,0
546,1,2013-02-25,12371,1544,1,0,0,0
546,2,2013-02-26,10520,1368,1,0,0,0
546,3,2013-02-27,10556,1344,1,0,0,0
546,4,2013-02-28,13212,1615,1,0,0,0
546,5,2013-03-01,11965,1521,1,0,0,0
546,6,2013-03-02,11869,1381,1,0,0,0
546,7,2013-03-03,0,0,0,0,0,0
546,1,2013-03-04,17995,2008,1,1,0,0
546,2,2013-03-05,15199,1794,1,1,0,0
546,3,2013-03-06,13051,1566,1,1,0,0
546,4,2013-03-07,13635,1613,1,1,0,0
546,5,2013-03-08,12872,1506,1,1,0,0
546,6,2013-03-09,11933,1275,1,0,0,0
546,7,2013-03-10,0,0,0,0,0,0
546,1,2013-03-11,11872,1465,1,0,0,0
546,2,2013-03-12,10821,1450,1,0,0,0
546,3,2013-03-13,10506,1394,1,0,0,0
546,4,2013-03-14,11249,1439,1,0,0,0
546,5,2013-03-15,10884,1340,1,0,0,0
546,6,2013-03-16,11458,1314,1,0,0,0
546,7,2013-03-17,0,0,0,0,0,0
546,1,2013-03-18,16751,1812,1,1,0,0
546,2,2013-03-19,13079,1473,1,1,0,0
546,3,2013-03-20,14011,1577,1,1,0,0
546,4,2013-03-21,12706,1574,1,1,0,0
546,5,2013-03-22,13346,1547,1,1,0,0
546,6,2013-03-23,11366,1263,1,0,0,0
546,7,2013-03-24,0,0,0,0,0,0
546,1,2013-03-25,18073,1948,1,1,0,1
546,2,2013-03-26,15925,1846,1,1,0,1
546,3,2013-03-27,15409,1783,1,1,0,1
546,4,2013-03-28,16859,2020,1,1,0,1
546,5,2013-03-29,0,0,0,1,b,1
546,6,2013-03-30,15686,1849,1,0,0,0
546,7,2013-03-31,0,0,0,0,0,0
546,1,2013-04-01,0,0,0,0,b,1
546,2,2013-04-02,13671,1684,1,0,0,1
546,3,2013-04-03,11826,1521,1,0,0,1
546,4,2013-04-04,12933,1563,1,0,0,1
546,5,2013-04-05,12265,1451,1,0,0,1
546,6,2013-04-06,11595,1297,1,0,0,0
546,7,2013-04-07,0,0,0,0,0,0
546,1,2013-04-08,16768,1977,1,1,0,0
546,2,2013-04-09,14627,1694,1,1,0,0
546,3,2013-04-10,13694,1584,1,1,0,0
546,4,2013-04-11,12960,1642,1,1,0,0
546,5,2013-04-12,13150,1591,1,1,0,0
546,6,2013-04-13,10336,1300,1,0,0,0
546,7,2013-04-14,0,0,0,0,0,0
546,1,2013-04-15,12637,1632,1,0,0,0
546,2,2013-04-16,10208,1432,1,0,0,0
546,3,2013-04-17,10936,1483,1,0,0,0
546,4,2013-04-18,11078,1525,1,0,0,0
546,5,2013-04-19,10729,1416,1,0,0,0
546,6,2013-04-20,11411,1337,1,0,0,0
546,7,2013-04-21,0,0,0,0,0,0
546,1,2013-04-22,16980,1944,1,1,0,0
546,2,2013-04-23,14818,1786,1,1,0,0
546,3,2013-04-24,12714,1589,1,1,0,0
546,4,2013-04-25,12990,1636,1,1,0,0
546,5,2013-04-26,11755,1545,1,1,0,0
546,6,2013-04-27,11410,1336,1,0,0,0
546,7,2013-04-28,0,0,0,0,0,0
546,1,2013-04-29,17250,1974,1,1,0,0
546,2,2013-04-30,17339,2005,1,1,0,0
546,3,2013-05-01,0,0,0,1,a,0
546,4,2013-05-02,16676,1971,1,1,0,0
546,5,2013-05-03,15658,1835,1,1,0,0
546,6,2013-05-04,11893,1434,1,0,0,0
546,7,2013-05-05,0,0,0,0,0,0
546,1,2013-05-06,13536,1687,1,0,0,0
546,2,2013-05-07,12465,1658,1,0,0,0
546,3,2013-05-08,13114,1675,1,0,0,0
546,4,2013-05-09,0,0,0,0,a,0
546,5,2013-05-10,15212,1742,1,0,0,1
546,6,2013-05-11,11778,1407,1,0,0,0
546,7,2013-05-12,0,0,0,0,0,0
546,1,2013-05-13,17859,2024,1,1,0,0
546,2,2013-05-14,14529,1743,1,1,0,0
546,3,2013-05-15,13136,1655,1,1,0,0
546,4,2013-05-16,13733,1730,1,1,0,0
546,5,2013-05-17,14767,1754,1,1,0,0
546,6,2013-05-18,11712,1403,1,0,0,0
546,7,2013-05-19,0,0,0,0,0,0
546,1,2013-05-20,0,0,0,0,a,0
546,2,2013-05-21,14887,1884,1,0,0,1
546,3,2013-05-22,11111,1394,1,0,0,0
546,4,2013-05-23,12279,1635,1,0,0,0
546,5,2013-05-24,12209,1553,1,0,0,0
546,6,2013-05-25,9964,1162,1,0,0,0
546,7,2013-05-26,0,0,0,0,0,0
546,1,2013-05-27,18774,2009,1,1,0,0
546,2,2013-05-28,14208,1716,1,1,0,0
546,3,2013-05-29,12903,1567,1,1,0,0
546,4,2013-05-30,13903,1632,1,1,0,0
546,5,2013-05-31,14673,1746,1,1,0,0
546,6,2013-06-01,12163,1441,1,0,0,0
546,7,2013-06-02,0,0,0,0,0,0
546,1,2013-06-03,17008,1883,1,1,0,0
546,2,2013-06-04,14665,1733,1,1,0,0
546,3,2013-06-05,14711,1659,1,1,0,0
546,4,2013-06-06,13676,1775,1,1,0,0
546,5,2013-06-07,13452,1666,1,1,0,0
546,6,2013-06-08,11256,1386,1,0,0,0
546,7,2013-06-09,0,0,0,0,0,0
546,1,2013-06-10,13144,1693,1,0,0,0
546,2,2013-06-11,12698,1614,1,0,0,0
546,3,2013-06-12,10691,1482,1,0,0,0
546,4,2013-06-13,12288,1554,1,0,0,0
546,5,2013-06-14,11814,1459,1,0,0,0
546,6,2013-06-15,11930,1332,1,0,0,0
546,7,2013-06-16,0,0,0,0,0,0
546,1,2013-06-17,17669,2009,1,1,0,0
546,2,2013-06-18,14662,1725,1,1,0,0
546,3,2013-06-19,12657,1515,1,1,0,1
546,4,2013-06-20,13405,1665,1,1,0,1
546,5,2013-06-21,14477,1659,1,1,0,1
546,6,2013-06-22,9859,1295,1,0,0,0
546,7,2013-06-23,0,0,0,0,0,0
546,1,2013-06-24,13042,1657,1,0,0,1
546,2,2013-06-25,9339,1177,1,0,0,1
546,3,2013-06-26,12135,1493,1,0,0,1
546,4,2013-06-27,12267,1446,1,0,0,1
546,5,2013-06-28,12435,1552,1,0,0,1
546,6,2013-06-29,12254,1345,1,0,0,0
546,7,2013-06-30,0,0,0,0,0,0
546,1,2013-07-01,17435,1942,1,1,0,1
546,2,2013-07-02,14934,1724,1,1,0,1
546,3,2013-07-03,13573,1509,1,1,0,1
546,4,2013-07-04,13074,1588,1,1,0,1
546,5,2013-07-05,14037,1641,1,1,0,1
546,6,2013-07-06,10396,1223,1,0,0,0
546,7,2013-07-07,0,0,0,0,0,0
546,1,2013-07-08,12921,1621,1,0,0,1
546,2,2013-07-09,11649,1444,1,0,0,1
546,3,2013-07-10,11060,1429,1,0,0,1
546,4,2013-07-11,11126,1413,1,0,0,1
546,5,2013-07-12,10761,1327,1,0,0,1
546,6,2013-07-13,10942,1197,1,0,0,0
546,7,2013-07-14,0,0,0,0,0,0
546,1,2013-07-15,17622,1934,1,1,0,1
546,2,2013-07-16,14258,1728,1,1,0,1
546,3,2013-07-17,12941,1662,1,1,0,1
546,4,2013-07-18,12461,1638,1,1,0,1
546,5,2013-07-19,12571,1601,1,1,0,1
546,6,2013-07-20,10229,1255,1,0,0,0
546,7,2013-07-21,0,0,0,0,0,0
546,1,2013-07-22,11974,1652,1,0,0,1
546,2,2013-07-23,11459,1542,1,0,0,1
546,3,2013-07-24,10770,1469,1,0,0,1
546,4,2013-07-25,10119,1458,1,0,0,1
546,5,2013-07-26,10310,1429,1,0,0,1
546,6,2013-07-27,10397,1258,1,0,0,0
546,7,2013-07-28,0,0,0,0,0,0
546,1,2013-07-29,16454,1852,1,1,0,1
546,2,2013-07-30,15606,1755,1,1,0,1
546,3,2013-07-31,14329,1692,1,1,0,1
546,4,2013-08-01,15294,1846,1,1,0,1
546,5,2013-08-02,13613,1737,1,1,0,1
546,6,2013-08-03,10843,1368,1,0,0,0
546,7,2013-08-04,0,0,0,0,0,0
546,1,2013-08-05,13796,1810,1,0,0,0
546,2,2013-08-06,12073,1676,1,0,0,0
546,3,2013-08-07,11061,1519,1,0,0,0
546,4,2013-08-08,11248,1511,1,0,0,0
546,5,2013-08-09,11302,1485,1,0,0,0
546,6,2013-08-10,10031,1257,1,0,0,0
546,7,2013-08-11,0,0,0,0,0,0
546,1,2013-08-12,18136,2059,1,1,0,0
546,2,2013-08-13,15386,1833,1,1,0,0
546,3,2013-08-14,13226,1610,1,1,0,0
546,4,2013-08-15,14207,1678,1,1,0,0
546,5,2013-08-16,13092,1724,1,1,0,0
546,6,2013-08-17,10573,1334,1,0,0,0
546,7,2013-08-18,0,0,0,0,0,0
546,1,2013-08-19,12847,1638,1,0,0,0
546,2,2013-08-20,11255,1576,1,0,0,0
546,3,2013-08-21,10947,1478,1,0,0,0
546,4,2013-08-22,11551,1521,1,0,0,0
546,5,2013-08-23,11071,1499,1,0,0,0
546,6,2013-08-24,10370,1322,1,0,0,0
546,7,2013-08-25,0,0,0,0,0,0
546,1,2013-08-26,16607,1884,1,1,0,0
546,2,2013-08-27,14098,1714,1,1,0,0
546,3,2013-08-28,13548,1614,1,1,0,0
546,4,2013-08-29,13636,1688,1,1,0,0
546,5,2013-08-30,14185,1670,1,1,0,0
546,6,2013-08-31,11078,1328,1,0,0,0
546,7,2013-09-01,0,0,0,0,0,0
546,1,2013-09-02,13238,1649,1,0,0,0
546,2,2013-09-03,11616,1528,1,0,0,0
546,3,2013-09-04,11034,1441,1,0,0,0
546,4,2013-09-05,12709,1557,1,0,0,0
546,5,2013-09-06,11237,1420,1,0,0,0
546,6,2013-09-07,11355,1306,1,0,0,0
546,7,2013-09-08,0,0,0,0,0,0
546,1,2013-09-09,16677,1780,1,1,0,0
546,2,2013-09-10,16272,1772,1,1,0,0
546,3,2013-09-11,15427,1654,1,1,0,0
546,4,2013-09-12,15640,1761,1,1,0,0
546,5,2013-09-13,13769,1645,1,1,0,0
546,6,2013-09-14,10127,1257,1,0,0,0
546,7,2013-09-15,0,0,0,0,0,0
546,1,2013-09-16,11617,1537,1,0,0,0
546,2,2013-09-17,11586,1535,1,0,0,0
546,3,2013-09-18,9186,1222,1,0,0,0
546,4,2013-09-19,11060,1460,1,0,0,0
546,5,2013-09-20,11315,1268,1,0,0,0
546,6,2013-09-21,12398,1392,1,0,0,0
546,7,2013-09-22,0,0,0,0,0,0
546,1,2013-09-23,15565,1769,1,1,0,0
546,2,2013-09-24,13296,1533,1,1,0,0
546,3,2013-09-25,13627,1656,1,1,0,0
546,4,2013-09-26,14002,1676,1,1,0,0
546,5,2013-09-27,13289,1621,1,1,0,0
546,6,2013-09-28,11765,1339,1,0,0,0
546,7,2013-09-29,0,0,0,0,0,0
546,1,2013-09-30,14503,1716,1,0,0,1
546,2,2013-10-01,12100,1526,1,0,0,1
546,3,2013-10-02,13183,1589,1,0,0,1
546,4,2013-10-03,0,0,0,0,a,1
546,5,2013-10-04,13832,1732,1,0,0,1
546,6,2013-10-05,12138,1398,1,0,0,0
546,7,2013-10-06,0,0,0,0,0,0
546,1,2013-10-07,18105,1961,1,1,0,1
546,2,2013-10-08,15024,1800,1,1,0,1
546,3,2013-10-09,14173,1704,1,1,0,1
546,4,2013-10-10,12616,1540,1,1,0,1
546,5,2013-10-11,14422,1654,1,1,0,1
546,6,2013-10-12,11609,1310,1,0,0,0
546,7,2013-10-13,0,0,0,0,0,0
546,1,2013-10-14,13686,1698,1,0,0,0
546,2,2013-10-15,10989,1472,1,0,0,0
546,3,2013-10-16,12307,1510,1,0,0,0
546,4,2013-10-17,11369,1489,1,0,0,0
546,5,2013-10-18,12026,1531,1,0,0,0
546,6,2013-10-19,10605,1309,1,0,0,0
546,7,2013-10-20,0,0,0,0,0,0
546,1,2013-10-21,15305,1863,1,1,0,0
546,2,2013-10-22,13859,1700,1,1,0,0
546,3,2013-10-23,13496,1674,1,1,0,0
546,4,2013-10-24,12971,1668,1,1,0,0
546,5,2013-10-25,13062,1648,1,1,0,0
546,6,2013-10-26,11582,1333,1,0,0,0
546,7,2013-10-27,0,0,0,0,0,0
546,1,2013-10-28,12140,1623,1,0,0,0
546,2,2013-10-29,13076,1560,1,0,0,0
546,3,2013-10-30,11860,1567,1,0,0,0
546,4,2013-10-31,13186,1671,1,0,0,0
546,5,2013-11-01,13304,1608,1,0,0,0
546,6,2013-11-02,12189,1396,1,0,0,0
546,7,2013-11-03,0,0,0,0,0,0
546,1,2013-11-04,16181,1798,1,1,0,0
546,2,2013-11-05,15562,1746,1,1,0,0
546,3,2013-11-06,15461,1777,1,1,0,0
546,4,2013-11-07,13441,1611,1,1,0,0
546,5,2013-11-08,12647,1583,1,1,0,0
546,6,2013-11-09,11965,1365,1,0,0,0
546,7,2013-11-10,0,0,0,0,0,0
546,1,2013-11-11,12698,1627,1,0,0,0
546,2,2013-11-12,12178,1527,1,0,0,0
546,3,2013-11-13,11045,1415,1,0,0,0
546,4,2013-11-14,11795,1503,1,0,0,0
546,5,2013-11-15,11429,1456,1,0,0,0
546,6,2013-11-16,11963,1370,1,0,0,0
546,7,2013-11-17,0,0,0,0,0,0
546,1,2013-11-18,16487,1874,1,1,0,0
546,2,2013-11-19,14770,1686,1,1,0,0
546,3,2013-11-20,12039,1418,1,1,0,0
546,4,2013-11-21,14194,1635,1,1,0,0
546,5,2013-11-22,12635,1513,1,1,0,0
546,6,2013-11-23,12503,1366,1,0,0,0
546,7,2013-11-24,0,0,0,0,0,0
546,1,2013-11-25,12461,1562,1,0,0,0
546,2,2013-11-26,11956,1494,1,0,0,0
546,3,2013-11-27,11679,1429,1,0,0,0
546,4,2013-11-28,13483,1652,1,0,0,0
546,5,2013-11-29,14214,1641,1,0,0,0
546,6,2013-11-30,14524,1584,1,0,0,0
546,7,2013-12-01,0,0,0,0,0,0
546,1,2013-12-02,19544,2128,1,1,0,0
546,2,2013-12-03,17685,1872,1,1,0,0
546,3,2013-12-04,16428,1720,1,1,0,0
546,4,2013-12-05,17943,1953,1,1,0,0
546,5,2013-12-06,12811,1418,1,1,0,0
546,6,2013-12-07,12797,1440,1,0,0,0
546,7,2013-12-08,0,0,0,0,0,0
546,1,2013-12-09,13473,1591,1,0,0,0
546,2,2013-12-10,13330,1661,1,0,0,0
546,3,2013-12-11,13409,1554,1,0,0,0
546,4,2013-12-12,12611,1550,1,0,0,0
546,5,2013-12-13,13713,1616,1,0,0,0
546,6,2013-12-14,12095,1375,1,0,0,0
546,7,2013-12-15,0,0,0,0,0,0
546,1,2013-12-16,23020,2169,1,1,0,0
546,2,2013-12-17,18549,2028,1,1,0,0
546,3,2013-12-18,18226,1939,1,1,0,0
546,4,2013-12-19,16949,1807,1,1,0,0
546,5,2013-12-20,18223,1979,1,1,0,0
546,6,2013-12-21,16151,1678,1,0,0,0
546,7,2013-12-22,0,0,0,0,0,0
546,1,2013-12-23,17272,2074,1,0,0,1
546,2,2013-12-24,6575,823,1,0,0,1
546,3,2013-12-25,0,0,0,0,c,1
546,4,2013-12-26,0,0,0,0,c,1
546,5,2013-12-27,13131,1623,1,0,0,1
546,6,2013-12-28,12224,1419,1,0,0,0
546,7,2013-12-29,0,0,0,0,0,0
546,1,2013-12-30,18458,2040,1,0,0,1
546,2,2013-12-31,11032,1306,1,0,0,1
546,3,2014-01-01,0,0,0,0,a,1
546,4,2014-01-02,13774,1653,1,0,0,1
546,5,2014-01-03,12576,1549,1,0,0,1
546,6,2014-01-04,11414,1285,1,0,0,0
546,7,2014-01-05,0,0,0,0,0,0
546,1,2014-01-06,17160,1855,1,1,0,0
546,2,2014-01-07,15539,1764,1,1,0,0
546,3,2014-01-08,12883,1513,1,1,0,0
546,4,2014-01-09,13158,1552,1,1,0,0
546,5,2014-01-10,13012,1517,1,1,0,0
546,6,2014-01-11,10026,1202,1,0,0,0
546,7,2014-01-12,0,0,0,0,0,0
546,1,2014-01-13,12376,1555,1,0,0,0
546,2,2014-01-14,10824,1472,1,0,0,0
546,3,2014-01-15,10020,1311,1,0,0,0
546,4,2014-01-16,10015,1317,1,0,0,0
546,5,2014-01-17,10915,1412,1,0,0,0
546,6,2014-01-18,10844,1230,1,0,0,0
546,7,2014-01-19,0,0,0,0,0,0
546,1,2014-01-20,14713,1532,1,1,0,0
546,2,2014-01-21,13033,1448,1,1,0,0
546,3,2014-01-22,12786,1460,1,1,0,0
546,4,2014-01-23,13666,1547,1,1,0,0
546,5,2014-01-24,13178,1533,1,1,0,0
546,6,2014-01-25,10055,1139,1,0,0,0
546,7,2014-01-26,0,0,0,0,0,0
546,1,2014-01-27,11055,1344,1,0,0,0
546,2,2014-01-28,10970,1399,1,0,0,0
546,3,2014-01-29,10662,1311,1,0,0,0
546,4,2014-01-30,10977,1360,1,0,0,0
546,5,2014-01-31,11647,1459,1,0,0,0
546,6,2014-02-01,11980,1320,1,0,0,0
546,7,2014-02-02,0,0,0,0,0,0
546,1,2014-02-03,15583,1742,1,1,0,1
546,2,2014-02-04,16363,1687,1,1,0,1
546,3,2014-02-05,12830,1489,1,1,0,1
546,4,2014-02-06,12748,1567,1,1,0,1
546,5,2014-02-07,12149,1477,1,1,0,1
546,6,2014-02-08,11144,1298,1,0,0,0
546,7,2014-02-09,0,0,0,0,0,0
546,1,2014-02-10,13444,1622,1,0,0,0
546,2,2014-02-11,10951,1442,1,0,0,0
546,3,2014-02-12,10432,1396,1,0,0,0
546,4,2014-02-13,11170,1496,1,0,0,0
546,5,2014-02-14,11900,1507,1,0,0,0
546,6,2014-02-15,10301,1187,1,0,0,0
546,7,2014-02-16,0,0,0,0,0,0
546,1,2014-02-17,17528,1879,1,1,0,0
546,2,2014-02-18,14799,1682,1,1,0,0
546,3,2014-02-19,13908,1562,1,1,0,0
546,4,2014-02-20,13119,1591,1,1,0,0
546,5,2014-02-21,13048,1569,1,1,0,0
546,6,2014-02-22,11046,1275,1,0,0,0
546,7,2014-02-23,0,0,0,0,0,0
546,1,2014-02-24,12164,1641,1,0,0,0
546,2,2014-02-25,10273,1485,1,0,0,0
546,3,2014-02-26,10597,1407,1,0,0,0
546,4,2014-02-27,11862,1510,1,0,0,0
546,5,2014-02-28,12497,1534,1,0,0,0
546,6,2014-03-01,12403,1440,1,0,0,0
546,7,2014-03-02,0,0,0,0,0,0
546,1,2014-03-03,18062,1908,1,1,0,0
546,2,2014-03-04,15612,1787,1,1,0,0
546,3,2014-03-05,14235,1607,1,1,0,0
546,4,2014-03-06,14674,1708,1,1,0,0
546,5,2014-03-07,14174,1729,1,1,0,0
546,6,2014-03-08,12624,1407,1,0,0,0
546,7,2014-03-09,0,0,0,0,0,0
546,1,2014-03-10,12387,1644,1,0,0,0
546,2,2014-03-11,11517,1450,1,0,0,0
546,3,2014-03-12,10803,1440,1,0,0,0
546,4,2014-03-13,11055,1541,1,0,0,0
546,5,2014-03-14,11057,1474,1,0,0,0
546,6,2014-03-15,11228,1275,1,0,0,0
546,7,2014-03-16,0,0,0,0,0,0
546,1,2014-03-17,16805,1872,1,1,0,0
546,2,2014-03-18,14381,1734,1,1,0,0
546,3,2014-03-19,13821,1573,1,1,0,0
546,4,2014-03-20,13678,1665,1,1,0,0
546,5,2014-03-21,13468,1611,1,1,0,0
546,6,2014-03-22,11624,1374,1,0,0,0
546,7,2014-03-23,0,0,0,0,0,0
546,1,2014-03-24,13120,1618,1,0,0,0
546,2,2014-03-25,10715,1381,1,0,0,0
546,3,2014-03-26,11456,1444,1,0,0,0
546,4,2014-03-27,11985,1531,1,0,0,0
546,5,2014-03-28,12100,1532,1,0,0,0
546,6,2014-03-29,11626,1357,1,0,0,0
546,7,2014-03-30,0,0,0,0,0,0
546,1,2014-03-31,18344,1989,1,1,0,0
546,2,2014-04-01,15503,1772,1,1,0,0
546,3,2014-04-02,14541,1751,1,1,0,0
546,4,2014-04-03,14728,1741,1,1,0,0
546,5,2014-04-04,13819,1707,1,1,0,0
546,6,2014-04-05,12819,1418,1,0,0,0
546,7,2014-04-06,0,0,0,0,0,0
546,1,2014-04-07,13749,1736,1,0,0,0
546,2,2014-04-08,12342,1560,1,0,0,0
546,3,2014-04-09,12408,1549,1,0,0,0
546,4,2014-04-10,13079,1630,1,0,0,0
546,5,2014-04-11,12554,1571,1,0,0,0
546,6,2014-04-12,12031,1432,1,0,0,0
546,7,2014-04-13,0,0,0,0,0,0
546,1,2014-04-14,19268,2072,1,1,0,1
546,2,2014-04-15,19453,2119,1,1,0,1
546,3,2014-04-16,17194,1976,1,1,0,1
546,4,2014-04-17,18618,2176,1,1,0,1
546,5,2014-04-18,0,0,0,1,b,1
546,6,2014-04-19,15884,1826,1,0,0,0
546,7,2014-04-20,0,0,0,0,0,0
546,1,2014-04-21,0,0,0,0,b,1
546,2,2014-04-22,13374,1839,1,0,0,1
546,3,2014-04-23,12401,1602,1,0,0,1
546,4,2014-04-24,12975,1663,1,0,0,1
546,5,2014-04-25,11586,1507,1,0,0,1
546,6,2014-04-26,12048,1386,1,0,0,0
546,7,2014-04-27,0,0,0,0,0,0
546,1,2014-04-28,18815,2160,1,1,0,0
546,2,2014-04-29,16668,1905,1,1,0,0
546,3,2014-04-30,17478,1987,1,1,0,0
546,4,2014-05-01,0,0,0,1,a,0
546,5,2014-05-02,17872,1901,1,1,0,1
546,6,2014-05-03,13397,1529,1,0,0,0
546,7,2014-05-04,0,0,0,0,0,0
546,1,2014-05-05,19964,2066,1,1,0,0
546,2,2014-05-06,15188,1785,1,1,0,0
546,3,2014-05-07,14058,1613,1,1,0,0
546,4,2014-05-08,13992,1682,1,1,0,0
546,5,2014-05-09,14019,1652,1,1,0,0
546,6,2014-05-10,11384,1402,1,0,0,0
546,7,2014-05-11,0,0,0,0,0,0
546,1,2014-05-12,14341,1789,1,0,0,0
546,2,2014-05-13,12340,1625,1,0,0,0
546,3,2014-05-14,11687,1536,1,0,0,0
546,4,2014-05-15,11910,1580,1,0,0,0
546,5,2014-05-16,12241,1524,1,0,0,0
546,6,2014-05-17,10853,1355,1,0,0,0
546,7,2014-05-18,0,0,0,0,0,0
546,1,2014-05-19,16689,1968,1,1,0,0
546,2,2014-05-20,15161,1857,1,1,0,0
546,3,2014-05-21,14326,1741,1,1,0,0
546,4,2014-05-22,15606,1981,1,1,0,0
546,5,2014-05-23,16687,1868,1,1,0,0
546,6,2014-05-24,14174,1622,1,0,0,0
546,7,2014-05-25,0,0,0,0,0,0
546,1,2014-05-26,15186,1924,1,0,0,0
546,2,2014-05-27,13313,1642,1,0,0,0
546,3,2014-05-28,13755,1669,1,0,0,0
546,4,2014-05-29,0,0,0,0,a,0
546,5,2014-05-30,19276,2190,1,0,0,1
546,6,2014-05-31,15215,1787,1,0,0,0
546,7,2014-06-01,0,0,0,0,0,0
546,1,2014-06-02,21860,2396,1,1,0,0
546,2,2014-06-03,19363,2138,1,1,0,0
546,3,2014-06-04,18101,1972,1,1,0,0
546,4,2014-06-05,17078,2044,1,1,0,0
546,5,2014-06-06,17370,2164,1,1,0,0
546,6,2014-06-07,16478,2005,1,0,0,0
546,7,2014-06-08,0,0,0,0,0,0
546,1,2014-06-09,0,0,0,0,a,0
546,2,2014-06-10,17668,2145,1,0,0,0
546,3,2014-06-11,14424,1790,1,0,0,0
546,4,2014-06-12,15637,1959,1,0,0,0
546,5,2014-06-13,14024,1678,1,0,0,0
546,6,2014-06-14,14287,1628,1,0,0,0
546,7,2014-06-15,0,0,0,0,0,0
546,1,2014-06-16,18876,2126,1,1,0,0
546,2,2014-06-17,18329,2153,1,1,0,0
546,3,2014-06-18,16791,1988,1,1,0,0
546,4,2014-06-19,16316,1970,1,1,0,0
546,5,2014-06-20,14466,1760,1,1,0,0
546,6,2014-06-21,10151,1280,1,0,0,0
546,7,2014-06-22,0,0,0,0,0,0
546,1,2014-06-23,14915,1821,1,0,0,0
546,2,2014-06-24,10783,1477,1,0,0,0
546,3,2014-06-25,10877,1358,1,0,0,0
546,4,2014-06-26,11693,1452,1,0,0,0
546,5,2014-06-27,12070,1584,1,0,0,0
546,6,2014-06-28,11973,1321,1,0,0,0
546,7,2014-06-29,0,0,0,0,0,0
546,1,2014-06-30,20242,2135,1,1,0,0
546,2,2014-07-01,17080,1947,1,1,0,0
546,3,2014-07-02,15368,1782,1,1,0,0
546,4,2014-07-03,15280,1885,1,1,0,0
546,5,2014-07-04,13079,1597,1,1,0,0
546,6,2014-07-05,12596,1382,1,0,0,0
546,7,2014-07-06,0,0,0,0,0,0
546,1,2014-07-07,14359,1784,1,0,0,0
546,2,2014-07-08,11323,1484,1,0,0,0
546,3,2014-07-09,12172,1542,1,0,0,1
546,4,2014-07-10,13988,1752,1,0,0,1
546,5,2014-07-11,11910,1552,1,0,0,1
546,6,2014-07-12,12674,1390,1,0,0,0
546,7,2014-07-13,0,0,0,0,0,0
546,1,2014-07-14,16406,1843,1,1,0,1
546,2,2014-07-15,13732,1644,1,1,0,1
546,3,2014-07-16,13983,1685,1,1,0,1
546,4,2014-07-17,14437,1777,1,1,0,1
546,5,2014-07-18,12711,1601,1,1,0,1
546,6,2014-07-19,11000,1281,1,0,0,0
546,7,2014-07-20,0,0,0,0,0,0
546,1,2014-07-21,14459,1752,1,0,0,1
546,2,2014-07-22,11823,1559,1,0,0,1
546,3,2014-07-23,11127,1449,1,0,0,1
546,4,2014-07-24,11307,1475,1,0,0,1
546,5,2014-07-25,10936,1348,1,0,0,1
546,6,2014-07-26,10733,1333,1,0,0,0
546,7,2014-07-27,0,0,0,0,0,0
546,1,2014-07-28,16759,1907,1,1,0,1
546,2,2014-07-29,13983,1632,1,1,0,1
546,3,2014-07-30,14172,1613,1,1,0,1
546,4,2014-07-31,16430,1845,1,1,0,1
546,5,2014-08-01,13970,1668,1,1,0,1
546,6,2014-08-02,11912,1417,1,0,0,0
546,7,2014-08-03,0,0,0,0,0,0
546,1,2014-08-04,17416,1855,1,1,0,1
546,2,2014-08-05,14690,1751,1,1,0,1
546,3,2014-08-06,14327,1651,1,1,0,1
546,4,2014-08-07,13639,1666,1,1,0,1
546,5,2014-08-08,14419,1688,1,1,0,1
546,6,2014-08-09,10715,1322,1,0,0,0
546,7,2014-08-10,0,0,0,0,0,0
546,1,2014-08-11,13935,1820,1,0,0,1
546,2,2014-08-12,12062,1595,1,0,0,1
546,3,2014-08-13,10734,1504,1,0,0,1
546,4,2014-08-14,12447,1536,1,0,0,1
546,5,2014-08-15,12031,1510,1,0,0,1
546,6,2014-08-16,11816,1336,1,0,0,0
546,7,2014-08-17,0,0,0,0,0,0
546,1,2014-08-18,17106,1912,1,1,0,1
546,2,2014-08-19,15535,1784,1,1,0,1
546,3,2014-08-20,14150,1622,1,1,0,1
546,4,2014-08-21,14446,1748,1,1,0,1
546,5,2014-08-22,13125,1609,1,1,0,1
546,6,2014-08-23,12227,1396,1,0,0,0
546,7,2014-08-24,0,0,0,0,0,0
546,1,2014-08-25,13427,1746,1,0,0,0
546,2,2014-08-26,12615,1612,1,0,0,0
546,3,2014-08-27,12233,1532,1,0,0,0
546,4,2014-08-28,11583,1574,1,0,0,0
546,5,2014-08-29,12359,1558,1,0,0,0
546,6,2014-08-30,11871,1386,1,0,0,0
546,7,2014-08-31,0,0,0,0,0,0
546,1,2014-09-01,17609,1974,1,1,0,0
546,2,2014-09-02,15776,1862,1,1,0,0
546,3,2014-09-03,15025,1724,1,1,0,0
546,4,2014-09-04,15326,1806,1,1,0,0
546,5,2014-09-05,13674,1674,1,1,0,0
546,6,2014-09-06,11258,1281,1,0,0,0
546,7,2014-09-07,0,0,0,0,0,0
546,1,2014-09-08,12584,1676,1,0,0,0
546,2,2014-09-09,13281,1642,1,0,0,0
546,3,2014-09-10,11109,1425,1,0,0,0
546,4,2014-09-11,13582,1659,1,0,0,0
546,5,2014-09-12,11743,1487,1,0,0,0
546,6,2014-09-13,11401,1304,1,0,0,0
546,7,2014-09-14,0,0,0,0,0,0
546,1,2014-09-15,16511,1885,1,1,0,0
546,2,2014-09-16,14740,1814,1,1,0,0
546,3,2014-09-17,13596,1634,1,1,0,0
546,4,2014-09-18,14252,1733,1,1,0,0
546,5,2014-09-19,13831,1700,1,1,0,0
546,6,2014-09-20,11185,1314,1,0,0,0
546,7,2014-09-21,0,0,0,0,0,0
546,1,2014-09-22,12285,1572,1,0,0,0
546,2,2014-09-23,12218,1576,1,0,0,0
546,3,2014-09-24,10998,1418,1,0,0,0
546,4,2014-09-25,12556,1483,1,0,0,0
546,5,2014-09-26,12721,1482,1,0,0,0
546,6,2014-09-27,11375,1310,1,0,0,0
546,7,2014-09-28,0,0,0,0,0,0
546,1,2014-09-29,17129,1874,1,1,0,0
546,2,2014-09-30,15767,1705,1,1,0,0
546,3,2014-10-01,15110,1732,1,1,0,0
546,4,2014-10-02,16880,1938,1,1,0,0
546,5,2014-10-03,0,0,0,1,a,0
546,6,2014-10-04,14943,1703,1,0,0,0
546,7,2014-10-05,0,0,0,0,0,0
546,1,2014-10-06,17193,1994,1,1,0,0
546,2,2014-10-07,16212,1776,1,1,0,0
546,3,2014-10-08,13506,1622,1,1,0,0
546,4,2014-10-09,14761,1806,1,1,0,0
546,5,2014-10-10,15069,1727,1,1,0,0
546,6,2014-10-11,13411,1444,1,0,0,0
546,7,2014-10-12,0,0,0,0,0,0
546,1,2014-10-13,13566,1791,1,0,0,0
546,2,2014-10-14,13441,1673,1,0,0,0
546,3,2014-10-15,11800,1562,1,0,0,0
546,4,2014-10-16,12069,1539,1,0,0,0
546,5,2014-10-17,12334,1594,1,0,0,0
546,6,2014-10-18,11327,1348,1,0,0,0
546,7,2014-10-19,0,0,0,0,0,0
546,1,2014-10-20,16652,1834,1,1,0,1
546,2,2014-10-21,14503,1789,1,1,0,1
546,3,2014-10-22,11658,1381,1,1,0,1
546,4,2014-10-23,14735,1749,1,1,0,1
546,5,2014-10-24,14325,1619,1,1,0,1
546,6,2014-10-25,11146,1283,1,0,0,0
546,7,2014-10-26,0,0,0,0,0,0
546,1,2014-10-27,13573,1697,1,0,0,1
546,2,2014-10-28,12466,1510,1,0,0,1
546,3,2014-10-29,12196,1509,1,0,0,1
546,4,2014-10-30,12604,1593,1,0,0,1
546,5,2014-10-31,13034,1694,1,0,0,1
546,6,2014-11-01,12160,1370,1,0,0,0
546,7,2014-11-02,0,0,0,0,0,0
546,1,2014-11-03,17632,1944,1,1,0,0
546,2,2014-11-04,15995,1809,1,1,0,0
546,3,2014-11-05,14660,1669,1,1,0,0
546,4,2014-11-06,15836,1771,1,1,0,0
546,5,2014-11-07,14029,1663,1,1,0,0
546,6,2014-11-08,12066,1391,1,0,0,0
546,7,2014-11-09,0,0,0,0,0,0
546,1,2014-11-10,14671,1716,1,1,0,0
546,2,2014-11-11,14783,1686,1,1,0,0
546,3,2014-11-12,12967,1558,1,1,0,0
546,4,2014-11-13,13659,1668,1,1,0,0
546,5,2014-11-14,14340,1656,1,1,0,0
546,6,2014-11-15,11912,1370,1,0,0,0
546,7,2014-11-16,0,0,0,0,0,0
546,1,2014-11-17,14088,1737,1,0,0,0
546,2,2014-11-18,11756,1477,1,0,0,0
546,3,2014-11-19,12245,1423,1,0,0,0
546,4,2014-11-20,12421,1573,1,0,0,0
546,5,2014-11-21,11899,1525,1,0,0,0
546,6,2014-11-22,12649,1379,1,0,0,0
546,7,2014-11-23,0,0,0,0,0,0
546,1,2014-11-24,17040,1826,1,1,0,0
546,2,2014-11-25,16045,1758,1,1,0,0
546,3,2014-11-26,14544,1641,1,1,0,0
546,4,2014-11-27,16064,1757,1,1,0,0
546,5,2014-11-28,16444,1727,1,1,0,0
546,6,2014-11-29,14292,1531,1,0,0,0
546,7,2014-11-30,0,0,0,0,0,0
546,1,2014-12-01,19038,1908,1,1,0,0
546,2,2014-12-02,16848,1794,1,1,0,0
546,3,2014-12-03,17760,1761,1,1,0,0
546,4,2014-12-04,17375,1936,1,1,0,0
546,5,2014-12-05,18645,1933,1,1,0,0
546,6,2014-12-06,13927,1512,1,0,0,0
546,7,2014-12-07,0,0,0,0,0,0
546,1,2014-12-08,14090,1669,1,0,0,0
546,2,2014-12-09,13266,1589,1,0,0,0
546,3,2014-12-10,12476,1501,1,0,0,0
546,4,2014-12-11,12695,1573,1,0,0,0
546,5,2014-12-12,13813,1580,1,0,0,0
546,6,2014-12-13,13836,1514,1,0,0,0
546,7,2014-12-14,0,0,0,0,0,0
546,1,2014-12-15,20999,2105,1,1,0,0
546,2,2014-12-16,18703,1879,1,1,0,0
546,3,2014-12-17,16781,1707,1,1,0,0
546,4,2014-12-18,17754,1926,1,1,0,0
546,5,2014-12-19,15854,1768,1,1,0,0
546,6,2014-12-20,14252,1467,1,0,0,0
546,7,2014-12-21,0,0,0,0,0,0
546,1,2014-12-22,18201,1998,1,0,0,1
546,2,2014-12-23,15635,1861,1,0,0,1
546,3,2014-12-24,7147,828,1,0,0,1
546,4,2014-12-25,0,0,0,0,c,1
546,5,2014-12-26,0,0,0,0,c,1
546,6,2014-12-27,13071,1417,1,0,0,0
546,7,2014-12-28,0,0,0,0,0,0
546,1,2014-12-29,14541,1670,1,0,0,1
546,2,2014-12-30,15436,1686,1,0,0,1
546,3,2014-12-31,10694,1273,1,0,0,1
546,4,2015-01-01,0,0,0,0,a,1
546,5,2015-01-02,12941,1568,1,0,0,1
546,6,2015-01-03,10843,1250,1,0,0,0
546,7,2015-01-04,0,0,0,0,0,0
546,1,2015-01-05,16929,1866,1,1,0,0
546,2,2015-01-06,15152,1678,1,1,0,0
546,3,2015-01-07,12767,1471,1,1,0,0
546,4,2015-01-08,12894,1520,1,1,0,0
546,5,2015-01-09,12016,1321,1,1,0,0
546,6,2015-01-10,11032,1260,1,0,0,0
546,7,2015-01-11,0,0,0,0,0,0
546,1,2015-01-12,15627,1691,1,1,0,0
546,2,2015-01-13,14919,1660,1,1,0,0
546,3,2015-01-14,12940,1529,1,1,0,0
546,4,2015-01-15,13914,1534,1,1,0,0
546,5,2015-01-16,15280,1704,1,1,0,0
546,6,2015-01-17,11220,1303,1,0,0,0
546,7,2015-01-18,0,0,0,0,0,0
546,1,2015-01-19,13039,1600,1,0,0,0
546,2,2015-01-20,10310,1331,1,0,0,0
546,3,2015-01-21,11199,1391,1,0,0,0
546,4,2015-01-22,11238,1420,1,0,0,0
546,5,2015-01-23,10868,1358,1,0,0,0
546,6,2015-01-24,10809,1229,1,0,0,0
546,7,2015-01-25,0,0,0,0,0,0
546,1,2015-01-26,15346,1686,1,1,0,0
546,2,2015-01-27,13975,1582,1,1,0,0
546,3,2015-01-28,12669,1471,1,1,0,0
546,4,2015-01-29,14263,1611,1,1,0,0
546,5,2015-01-30,14165,1584,1,1,0,0
546,6,2015-01-31,11834,1279,1,0,0,0
546,7,2015-02-01,0,0,0,0,0,0
546,1,2015-02-02,16854,1779,1,1,0,1
546,2,2015-02-03,14625,1570,1,1,0,1
546,3,2015-02-04,13025,1509,1,1,0,1
546,4,2015-02-05,14054,1638,1,1,0,1
546,5,2015-02-06,12502,1520,1,1,0,1
546,6,2015-02-07,10016,1200,1,0,0,0
546,7,2015-02-08,0,0,0,0,0,0
546,1,2015-02-09,12891,1613,1,0,0,0
546,2,2015-02-10,12149,1563,1,0,0,0
546,3,2015-02-11,12165,1424,1,0,0,0
546,4,2015-02-12,12421,1508,1,0,0,0
546,5,2015-02-13,12616,1551,1,0,0,0
546,6,2015-02-14,11476,1333,1,0,0,0
546,7,2015-02-15,0,0,0,0,0,0
546,1,2015-02-16,17145,1886,1,1,0,0
546,2,2015-02-17,14500,1643,1,1,0,0
546,3,2015-02-18,13125,1515,1,1,0,0
546,4,2015-02-19,14522,1701,1,1,0,0
546,5,2015-02-20,13338,1600,1,1,0,0
546,6,2015-02-21,11369,1305,1,0,0,0
546,7,2015-02-22,0,0,0,0,0,0
546,1,2015-02-23,12886,1497,1,0,0,0
546,2,2015-02-24,12297,1575,1,0,0,0
546,3,2015-02-25,11421,1459,1,0,0,0
546,4,2015-02-26,12681,1579,1,0,0,0
546,5,2015-02-27,12283,1545,1,0,0,0
546,6,2015-02-28,12046,1290,1,0,0,0
546,7,2015-03-01,0,0,0,0,0,0
546,1,2015-03-02,16858,1925,1,1,0,0
546,2,2015-03-03,16577,1866,1,1,0,0
546,3,2015-03-04,13903,1590,1,1,0,0
546,4,2015-03-05,15953,1834,1,1,0,0
546,5,2015-03-06,14234,1692,1,1,0,0
546,6,2015-03-07,13696,1479,1,0,0,0
546,7,2015-03-08,0,0,0,0,0,0
546,1,2015-03-09,12626,1606,1,0,0,0
546,2,2015-03-10,11616,1538,1,0,0,0
546,3,2015-03-11,11097,1502,1,0,0,0
546,4,2015-03-12,12763,1612,1,0,0,0
546,5,2015-03-13,13470,1615,1,0,0,0
546,6,2015-03-14,11851,1342,1,0,0,0
546,7,2015-03-15,0,0,0,0,0,0
546,1,2015-03-16,17518,1933,1,1,0,0
546,2,2015-03-17,15876,1820,1,1,0,0
546,3,2015-03-18,13533,1654,1,1,0,0
546,4,2015-03-19,14453,1778,1,1,0,0
546,5,2015-03-20,13985,1645,1,1,0,0
546,6,2015-03-21,11407,1290,1,0,0,0
546,7,2015-03-22,0,0,0,0,0,0
546,1,2015-03-23,14339,1697,1,0,0,0
546,2,2015-03-24,12333,1567,1,0,0,0
546,3,2015-03-25,12100,1509,1,0,0,0
546,4,2015-03-26,12339,1538,1,0,0,0
546,5,2015-03-27,12828,1514,1,0,0,0
546,6,2015-03-28,12087,1428,1,0,0,0
546,7,2015-03-29,0,0,0,0,0,0
546,1,2015-03-30,19329,1987,1,1,0,1
546,2,2015-03-31,17841,1793,1,1,0,1
546,3,2015-04-01,18617,1887,1,1,0,1
546,4,2015-04-02,19942,2147,1,1,0,1
546,5,2015-04-03,0,0,0,1,b,1
546,6,2015-04-04,17430,1926,1,0,0,0
546,7,2015-04-05,0,0,0,0,0,0
546,1,2015-04-06,0,0,0,0,b,1
546,2,2015-04-07,18398,2192,1,0,0,1
546,3,2015-04-08,15024,1874,1,0,0,1
546,4,2015-04-09,15946,2036,1,0,0,1
546,5,2015-04-10,15132,1780,1,0,0,1
546,6,2015-04-11,13586,1579,1,0,0,0
546,7,2015-04-12,0,0,0,0,0,0
546,1,2015-04-13,20162,2219,1,1,0,0
546,2,2015-04-14,19121,2104,1,1,0,0
546,3,2015-04-15,16824,1851,1,1,0,0
546,4,2015-04-16,16325,1941,1,1,0,0
546,5,2015-04-17,15043,1759,1,1,0,0
546,6,2015-04-18,12657,1420,1,0,0,0
546,7,2015-04-19,0,0,0,0,0,0
546,1,2015-04-20,14151,1794,1,0,0,0
546,2,2015-04-21,12255,1640,1,0,0,0
546,3,2015-04-22,12515,1559,1,0,0,0
546,4,2015-04-23,13441,1698,1,0,0,0
546,5,2015-04-24,13414,1620,1,0,0,0
546,6,2015-04-25,11930,1392,1,0,0,0
546,7,2015-04-26,0,0,0,0,0,0
546,1,2015-04-27,17579,1901,1,1,0,0
546,2,2015-04-28,15592,1751,1,1,0,0
546,3,2015-04-29,15326,1759,1,1,0,0
546,4,2015-04-30,19934,2180,1,1,0,0
546,5,2015-05-01,0,0,0,1,a,0
546,6,2015-05-02,16363,1836,1,0,0,0
546,7,2015-05-03,0,0,0,0,0,0
546,1,2015-05-04,18111,2045,1,1,0,0
546,2,2015-05-05,16373,1852,1,1,0,0
546,3,2015-05-06,15866,1831,1,1,0,0
546,4,2015-05-07,17133,1893,1,1,0,0
546,5,2015-05-08,14737,1799,1,1,0,0
546,6,2015-05-09,12412,1406,1,0,0,0
546,7,2015-05-10,0,0,0,0,0,0
546,1,2015-05-11,13821,1769,1,0,0,0
546,2,2015-05-12,12266,1637,1,0,0,0
546,3,2015-05-13,15543,1874,1,0,0,0
546,4,2015-05-14,0,0,0,0,a,0
546,5,2015-05-15,15993,1900,1,0,0,1
546,6,2015-05-16,13546,1470,1,0,0,0
546,7,2015-05-17,0,0,0,0,0,0
546,1,2015-05-18,19321,2109,1,1,0,0
546,2,2015-05-19,16720,1889,1,1,0,0
546,3,2015-05-20,15206,1785,1,1,0,0
546,4,2015-05-21,15032,1835,1,1,0,0
546,5,2015-05-22,14015,1765,1,1,0,0
546,6,2015-05-23,12831,1524,1,0,0,0
546,7,2015-05-24,0,0,0,0,0,0
546,1,2015-05-25,0,0,0,0,a,0
546,2,2015-05-26,15922,1931,1,0,0,1
546,3,2015-05-27,13424,1608,1,0,0,0
546,4,2015-05-28,13729,1680,1,0,0,0
546,5,2015-05-29,14077,1733,1,0,0,0
546,6,2015-05-30,13628,1517,1,0,0,0
546,7,2015-05-31,0,0,0,0,0,0
546,1,2015-06-01,18182,1917,1,1,0,0
546,2,2015-06-02,17659,1976,1,1,0,0
546,3,2015-06-03,16092,1739,1,1,0,0
546,4,2015-06-04,16903,1980,1,1,0,0
546,5,2015-06-05,15075,1818,1,1,0,0
546,6,2015-06-06,11426,1347,1,0,0,0
546,7,2015-06-07,0,0,0,0,0,0
546,1,2015-06-08,14622,1813,1,0,0,0
546,2,2015-06-09,14220,1751,1,0,0,0
546,3,2015-06-10,13392,1606,1,0,0,0
546,4,2015-06-11,13247,1700,1,0,0,0
546,5,2015-06-12,12246,1582,1,0,0,0
546,6,2015-06-13,11879,1331,1,0,0,0
546,7,2015-06-14,0,0,0,0,0,0
546,1,2015-06-15,19864,2131,1,1,0,0
546,2,2015-06-16,16452,1827,1,1,0,0
546,3,2015-06-17,15245,1686,1,1,0,0
546,4,2015-06-18,14881,1767,1,1,0,0
546,5,2015-06-19,15138,1673,1,1,0,0
546,6,2015-06-20,12987,1398,1,0,0,0
546,7,2015-06-21,0,0,0,0,0,0
546,1,2015-06-22,13632,1690,1,0,0,0
546,2,2015-06-23,12028,1395,1,0,0,0
546,3,2015-06-24,12329,1557,1,0,0,0
546,4,2015-06-25,12490,1590,1,0,0,0
546,5,2015-06-26,12580,1535,1,0,0,0
546,6,2015-06-27,10249,1318,1,0,0,0
546,7,2015-06-28,0,0,0,0,0,0
546,1,2015-06-29,19668,2070,1,1,0,0
546,2,2015-06-30,18394,2004,1,1,0,0
546,3,2015-07-01,16530,1871,1,1,0,0
546,4,2015-07-02,17331,1972,1,1,0,0
546,5,2015-07-03,15913,1835,1,1,0,0
546,6,2015-07-04,12484,1609,1,0,0,0
546,7,2015-07-05,0,0,0,0,0,0
546,1,2015-07-06,17053,2072,1,0,0,0
546,2,2015-07-07,15134,1847,1,0,0,0
546,3,2015-07-08,14585,1786,1,0,0,0
546,4,2015-07-09,15047,1800,1,0,0,0
546,5,2015-07-10,14973,1794,1,0,0,0
546,6,2015-07-11,14462,1670,1,0,0,0
546,7,2015-07-12,0,0,0,0,0,0
546,1,2015-07-13,19115,2008,1,1,0,0
546,2,2015-07-14,16750,1850,1,1,0,0
546,3,2015-07-15,16174,1863,1,1,0,0
546,4,2015-07-16,16329,1897,1,1,0,1
546,5,2015-07-17,15072,1819,1,1,0,1
546,6,2015-07-18,12920,1419,1,0,0,0
546,7,2015-07-19,0,0,0,0,0,0
546,1,2015-07-20,15262,1792,1,0,0,1
546,2,2015-07-21,14280,1720,1,0,0,1
546,3,2015-07-22,13321,1617,1,0,0,1
546,4,2015-07-23,14443,1660,1,0,0,1
546,5,2015-07-24,14075,1664,1,0,0,1
546,6,2015-07-25,11008,1431,1,0,0,0
546,7,2015-07-26,0,0,0,0,0,0
546,1,2015-07-27,14939,1666,1,1,0,1
546,2,2015-07-28,14902,1654,1,1,0,1
546,3,2015-07-29,13039,1484,1,1,0,1
546,4,2015-07-30,14553,1599,1,1,0,1
546,5,2015-07-31,14468,1617,1,1,0,1
562,2,2013-01-01,8498,1675,1,0,a,1
562,3,2013-01-02,15472,2744,1,0,0,1
562,4,2013-01-03,14807,2755,1,0,0,1
562,5,2013-01-04,15357,2737,1,0,0,1
562,6,2013-01-05,12554,2364,1,0,0,0
562,7,2013-01-06,15678,2564,1,0,0,0
562,1,2013-01-07,22801,3408,1,1,0,0
562,2,2013-01-08,20282,3268,1,1,0,0
562,3,2013-01-09,18885,2989,1,1,0,0
562,4,2013-01-10,19922,3250,1,1,0,0
562,5,2013-01-11,20010,3342,1,1,0,0
562,6,2013-01-12,14124,2596,1,0,0,0
562,7,2013-01-13,15922,2713,1,0,0,0
562,1,2013-01-14,16771,2958,1,0,0,0
562,2,2013-01-15,16531,3006,1,0,0,0
562,3,2013-01-16,15793,2937,1,0,0,0
562,4,2013-01-17,16703,3086,1,0,0,0
562,5,2013-01-18,17631,3306,1,0,0,0
562,6,2013-01-19,13219,2636,1,0,0,0
562,7,2013-01-20,17552,2917,1,0,0,0
562,1,2013-01-21,21132,3392,1,1,0,0
562,2,2013-01-22,20317,3268,1,1,0,0
562,3,2013-01-23,21784,3375,1,1,0,0
562,4,2013-01-24,18868,3272,1,1,0,0
562,5,2013-01-25,20029,3481,1,1,0,0
562,6,2013-01-26,13005,2560,1,0,0,0
562,7,2013-01-27,16114,2714,1,0,0,0
562,1,2013-01-28,17023,3075,1,0,0,0
562,2,2013-01-29,16078,2929,1,0,0,0
562,3,2013-01-30,16452,3059,1,0,0,0
562,4,2013-01-31,18555,3367,1,0,0,1
562,5,2013-02-01,19284,3435,1,0,0,1
562,6,2013-02-02,15626,2944,1,0,0,0
562,7,2013-02-03,18813,3084,1,0,0,0
562,1,2013-02-04,22442,3570,1,1,0,0
562,2,2013-02-05,20801,3323,1,1,0,0
562,3,2013-02-06,20798,3341,1,1,0,0
562,4,2013-02-07,19236,3338,1,1,0,0
562,5,2013-02-08,20002,3546,1,1,0,0
562,6,2013-02-09,14339,2687,1,0,0,0
562,7,2013-02-10,18486,3160,1,0,0,0
562,1,2013-02-11,16522,3104,1,0,0,0
562,2,2013-02-12,16297,3051,1,0,0,0
562,3,2013-02-13,17097,3118,1,0,0,0
562,4,2013-02-14,14561,2618,1,0,0,0
562,5,2013-02-15,14210,2616,1,0,0,0
562,6,2013-02-16,12724,2651,1,0,0,0
562,7,2013-02-17,17443,2903,1,0,0,0
562,1,2013-02-18,21833,3359,1,1,0,0
562,2,2013-02-19,19604,3157,1,1,0,0
562,3,2013-02-20,17748,3053,1,1,0,0
562,4,2013-02-21,18565,3082,1,1,0,0
562,5,2013-02-22,18580,3333,1,1,0,0
562,6,2013-02-23,12613,2525,1,0,0,0
562,7,2013-02-24,15915,2795,1,0,0,0
562,1,2013-02-25,15328,2878,1,0,0,0
562,2,2013-02-26,15440,2826,1,0,0,0
562,3,2013-02-27,16205,2877,1,0,0,0
562,4,2013-02-28,17549,3156,1,0,0,0
562,5,2013-03-01,18411,3416,1,0,0,0
562,6,2013-03-02,14911,2821,1,0,0,0
562,7,2013-03-03,20210,3285,1,0,0,0
562,1,2013-03-04,22597,3440,1,1,0,0
562,2,2013-03-05,19239,3190,1,1,0,0
562,3,2013-03-06,17864,3141,1,1,0,0
562,4,2013-03-07,19072,3235,1,1,0,0
562,5,2013-03-08,20692,3633,1,1,0,0
562,6,2013-03-09,13454,2658,1,0,0,0
562,7,2013-03-10,18712,3180,1,0,0,0
562,1,2013-03-11,18136,3263,1,0,0,0
562,2,2013-03-12,17628,3046,1,0,0,0
562,3,2013-03-13,16460,3071,1,0,0,0
562,4,2013-03-14,17416,3175,1,0,0,0
562,5,2013-03-15,17899,3300,1,0,0,0
562,6,2013-03-16,13490,2651,1,0,0,0
562,7,2013-03-17,17148,2863,1,0,0,0
562,1,2013-03-18,21478,3478,1,1,0,1
562,2,2013-03-19,20280,3191,1,1,0,1
562,3,2013-03-20,18630,3198,1,1,0,1
562,4,2013-03-21,18489,3071,1,1,0,1
562,5,2013-03-22,18531,3261,1,1,0,1
562,6,2013-03-23,13853,2700,1,0,0,1
562,7,2013-03-24,18874,3210,1,0,0,1
562,1,2013-03-25,21629,3530,1,1,0,1
562,2,2013-03-26,19683,3327,1,1,0,1
562,3,2013-03-27,20202,3342,1,1,0,1
562,4,2013-03-28,24721,3817,1,1,0,1
562,5,2013-03-29,20397,3268,1,1,b,1
562,6,2013-03-30,17560,2956,1,0,0,0
562,7,2013-03-31,14992,2583,1,0,0,0
562,1,2013-04-01,20449,3547,1,0,b,1
562,2,2013-04-02,19113,3418,1,0,0,1
562,3,2013-04-03,17061,3048,1,0,0,0
562,4,2013-04-04,16690,3020,1,0,0,0
562,5,2013-04-05,17848,3359,1,0,0,0
562,6,2013-04-06,13919,2887,1,0,0,0
562,7,2013-04-07,16086,3029,1,0,0,0
562,1,2013-04-08,21439,3461,1,1,0,0
562,2,2013-04-09,20733,3402,1,1,0,0
562,3,2013-04-10,18416,3177,1,1,0,0
562,4,2013-04-11,18809,3295,1,1,0,0
562,5,2013-04-12,19042,3527,1,1,0,0
562,6,2013-04-13,13497,2554,1,0,0,0
562,7,2013-04-14,14742,2877,1,0,0,0
562,1,2013-04-15,15431,3048,1,0,0,0
562,2,2013-04-16,16018,3040,1,0,0,0
562,3,2013-04-17,15406,2947,1,0,0,0
562,4,2013-04-18,15353,3045,1,0,0,0
562,5,2013-04-19,16695,3395,1,0,0,0
562,6,2013-04-20,13664,2700,1,0,0,0
562,7,2013-04-21,16903,3030,1,0,0,0
562,1,2013-04-22,20180,3335,1,1,0,0
562,2,2013-04-23,19281,3278,1,1,0,0
562,3,2013-04-24,17501,3066,1,1,0,0
562,4,2013-04-25,17087,3118,1,1,0,0
562,5,2013-04-26,20624,3587,1,1,0,0
562,6,2013-04-27,14313,2597,1,0,0,0
562,7,2013-04-28,17334,3000,1,0,0,0
562,1,2013-04-29,22038,3504,1,1,0,0
562,2,2013-04-30,23166,3633,1,1,0,0
562,3,2013-05-01,18546,3008,1,1,a,0
562,4,2013-05-02,21986,3629,1,1,0,0
562,5,2013-05-03,19883,3518,1,1,0,0
562,6,2013-05-04,14347,2962,1,0,0,0
562,7,2013-05-05,16731,2978,1,0,0,0
562,1,2013-05-06,17545,3305,1,0,0,0
562,2,2013-05-07,18657,3231,1,0,0,0
562,3,2013-05-08,19474,3603,1,0,0,0
562,4,2013-05-09,18522,3090,1,0,a,0
562,5,2013-05-10,17563,3209,1,0,0,1
562,6,2013-05-11,13679,2753,1,0,0,0
562,7,2013-05-12,18563,3387,1,0,0,0
562,1,2013-05-13,22104,3590,1,1,0,0
562,2,2013-05-14,19531,3269,1,1,0,0
562,3,2013-05-15,18247,3257,1,1,0,0
562,4,2013-05-16,19264,3275,1,1,0,0
562,5,2013-05-17,19971,3527,1,1,0,0
562,6,2013-05-18,13829,2614,1,0,0,0
562,7,2013-05-19,16033,2736,1,0,0,0
562,1,2013-05-20,18937,3316,1,0,a,0
562,2,2013-05-21,18288,3371,1,0,0,1
562,3,2013-05-22,17244,3077,1,0,0,0
562,4,2013-05-23,16545,3111,1,0,0,0
562,5,2013-05-24,17255,3309,1,0,0,0
562,6,2013-05-25,12651,2478,1,0,0,0
562,7,2013-05-26,16278,2925,1,0,0,0
562,1,2013-05-27,22390,3686,1,1,0,0
562,2,2013-05-28,18400,3129,1,1,0,0
562,3,2013-05-29,19167,3174,1,1,0,0
562,4,2013-05-30,20047,3315,1,1,0,0
562,5,2013-05-31,23066,3649,1,1,0,0
562,6,2013-06-01,14855,2868,1,0,0,0
562,7,2013-06-02,20726,3319,1,0,0,0
562,1,2013-06-03,22724,3596,1,1,0,0
562,2,2013-06-04,20159,3200,1,1,0,0
562,3,2013-06-05,17494,3010,1,1,0,0
562,4,2013-06-06,19593,3252,1,1,0,0
562,5,2013-06-07,21313,3685,1,1,0,0
562,6,2013-06-08,14082,2712,1,0,0,0
562,7,2013-06-09,17526,3017,1,0,0,0
562,1,2013-06-10,16677,3145,1,0,0,0
562,2,2013-06-11,16283,3037,1,0,0,0
562,3,2013-06-12,17521,2978,1,0,0,0
562,4,2013-06-13,17075,2999,1,0,0,0
562,5,2013-06-14,18144,3309,1,0,0,0
562,6,2013-06-15,16356,2799,1,0,0,0
562,7,2013-06-16,17965,3220,1,0,0,0
562,1,2013-06-17,20789,3450,1,1,0,0
562,2,2013-06-18,20524,3410,1,1,0,0
562,3,2013-06-19,18195,3381,1,1,0,0
562,4,2013-06-20,18605,3403,1,1,0,0
562,5,2013-06-21,19852,3635,1,1,0,0
562,6,2013-06-22,13436,2470,1,0,0,0
562,7,2013-06-23,18758,3135,1,0,0,0
562,1,2013-06-24,17548,3311,1,0,0,0
562,2,2013-06-25,17092,3236,1,0,0,0
562,3,2013-06-26,16423,3064,1,0,0,0
562,4,2013-06-27,17464,3271,1,0,0,1
562,5,2013-06-28,19376,3424,1,0,0,1
562,6,2013-06-29,15665,2748,1,0,0,0
562,7,2013-06-30,19734,3134,1,0,0,0
562,1,2013-07-01,22419,3612,1,1,0,1
562,2,2013-07-02,20024,3281,1,1,0,1
562,3,2013-07-03,19678,3310,1,1,0,1
562,4,2013-07-04,18298,3215,1,1,0,1
562,5,2013-07-05,19231,3260,1,1,0,1
562,6,2013-07-06,12598,2448,1,0,0,1
562,7,2013-07-07,17439,3083,1,0,0,1
562,1,2013-07-08,16110,3023,1,0,0,1
562,2,2013-07-09,15316,2855,1,0,0,1
562,3,2013-07-10,14993,2779,1,0,0,1
562,4,2013-07-11,14441,2695,1,0,0,1
562,5,2013-07-12,15860,2919,1,0,0,1
562,6,2013-07-13,11913,2400,1,0,0,1
562,7,2013-07-14,17179,2879,1,0,0,1
562,1,2013-07-15,20556,3263,1,1,0,1
562,2,2013-07-16,18097,2941,1,1,0,1
562,3,2013-07-17,16999,2891,1,1,0,1
562,4,2013-07-18,16967,3021,1,1,0,1
562,5,2013-07-19,16963,2994,1,1,0,1
562,6,2013-07-20,11314,2352,1,0,0,1
562,7,2013-07-21,15841,3054,1,0,0,1
562,1,2013-07-22,15035,3003,1,0,0,1
562,2,2013-07-23,13578,2796,1,0,0,1
562,3,2013-07-24,13385,2625,1,0,0,1
562,4,2013-07-25,14422,2852,1,0,0,1
562,5,2013-07-26,14839,2801,1,0,0,1
562,6,2013-07-27,12121,2399,1,0,0,1
562,7,2013-07-28,17371,3137,1,0,0,1
562,1,2013-07-29,19876,3247,1,1,0,1
562,2,2013-07-30,20270,3150,1,1,0,1
562,3,2013-07-31,20938,3251,1,1,0,1
562,4,2013-08-01,19456,3502,1,1,0,1
562,5,2013-08-02,18367,3492,1,1,0,1
562,6,2013-08-03,13014,2647,1,0,0,1
562,7,2013-08-04,17951,3197,1,0,0,1
562,1,2013-08-05,17025,3335,1,0,0,1
562,2,2013-08-06,16224,3107,1,0,0,1
562,3,2013-08-07,16262,2973,1,0,0,1
562,4,2013-08-08,16695,2925,1,0,0,0
562,5,2013-08-09,15612,3011,1,0,0,0
562,6,2013-08-10,12292,2435,1,0,0,0
562,7,2013-08-11,18372,3126,1,0,0,0
562,1,2013-08-12,20244,3428,1,1,0,0
562,2,2013-08-13,19107,3143,1,1,0,0
562,3,2013-08-14,18174,3075,1,1,0,0
562,4,2013-08-15,18081,3107,1,1,0,0
562,5,2013-08-16,17705,3388,1,1,0,0
562,6,2013-08-17,11848,2540,1,0,0,0
562,7,2013-08-18,19255,3189,1,0,0,0
562,1,2013-08-19,16058,3045,1,0,0,0
562,2,2013-08-20,15234,2811,1,0,0,0
562,3,2013-08-21,14337,2755,1,0,0,0
562,4,2013-08-22,13500,2677,1,0,0,0
562,5,2013-08-23,15288,2992,1,0,0,0
562,6,2013-08-24,12234,2689,1,0,0,0
562,7,2013-08-25,17217,3241,1,0,0,0
562,1,2013-08-26,19799,3216,1,1,0,0
562,2,2013-08-27,17927,3150,1,1,0,0
562,3,2013-08-28,17622,3075,1,1,0,0
562,4,2013-08-29,17483,2957,1,1,0,0
562,5,2013-08-30,20380,3528,1,1,0,0
562,6,2013-08-31,15098,2762,1,0,0,0
562,7,2013-09-01,21656,3304,1,0,0,0
562,1,2013-09-02,17720,3058,1,0,0,0
562,2,2013-09-03,16363,2912,1,0,0,0
562,3,2013-09-04,15358,2767,1,0,0,0
562,4,2013-09-05,15305,2874,1,0,0,0
562,5,2013-09-06,15945,3161,1,0,0,0
562,6,2013-09-07,13607,2724,1,0,0,0
562,7,2013-09-08,19131,3237,1,0,0,0
562,1,2013-09-09,21760,3338,1,1,0,0
562,2,2013-09-10,20883,3179,1,1,0,0
562,3,2013-09-11,19599,3204,1,1,0,0
562,4,2013-09-12,19441,3132,1,1,0,0
562,5,2013-09-13,18160,3305,1,1,0,0
562,6,2013-09-14,13311,2840,1,0,0,0
562,7,2013-09-15,18013,3131,1,0,0,0
562,1,2013-09-16,15843,2958,1,0,0,0
562,2,2013-09-17,14941,2653,1,0,0,0
562,3,2013-09-18,14541,2687,1,0,0,0
562,4,2013-09-19,14570,2684,1,0,0,0
562,5,2013-09-20,14947,2898,1,0,0,0
562,6,2013-09-21,11503,2270,1,0,0,0
562,7,2013-09-22,17443,2927,1,0,0,0
562,1,2013-09-23,19126,3096,1,1,0,0
562,2,2013-09-24,16701,2833,1,1,0,0
562,3,2013-09-25,16838,2852,1,1,0,0
562,4,2013-09-26,15984,2787,1,1,0,0
562,5,2013-09-27,17805,3112,1,1,0,0
562,6,2013-09-28,12541,2392,1,0,0,0
562,7,2013-09-29,18323,3308,1,0,0,0
562,1,2013-09-30,17901,3114,1,0,0,0
562,2,2013-10-01,18037,3000,1,0,0,0
562,3,2013-10-02,18873,3315,1,0,0,0
562,4,2013-10-03,19533,3247,1,0,a,0
562,5,2013-10-04,17633,3139,1,0,0,1
562,6,2013-10-05,13384,2448,1,0,0,1
562,7,2013-10-06,16626,2924,1,0,0,1
562,1,2013-10-07,22726,3452,1,1,0,1
562,2,2013-10-08,19294,3132,1,1,0,1
562,3,2013-10-09,18081,3037,1,1,0,1
562,4,2013-10-10,18610,3103,1,1,0,1
562,5,2013-10-11,17918,3101,1,1,0,1
562,6,2013-10-12,13192,2437,1,0,0,1
562,7,2013-10-13,19291,3107,1,0,0,1
562,1,2013-10-14,17715,3012,1,0,0,1
562,2,2013-10-15,18022,2938,1,0,0,1
562,3,2013-10-16,16968,2909,1,0,0,1
562,4,2013-10-17,16709,3018,1,0,0,1
562,5,2013-10-18,16770,3331,1,0,0,1
562,6,2013-10-19,15107,3113,1,0,0,0
562,7,2013-10-20,17583,3378,1,0,0,0
562,1,2013-10-21,20392,3393,1,1,0,0
562,2,2013-10-22,21070,3268,1,1,0,0
562,3,2013-10-23,19048,3297,1,1,0,0
562,4,2013-10-24,18600,3207,1,1,0,0
562,5,2013-10-25,19461,3516,1,1,0,0
562,6,2013-10-26,13446,3021,1,0,0,0
562,7,2013-10-27,18710,3433,1,0,0,0
562,1,2013-10-28,15523,2828,1,0,0,0
562,2,2013-10-29,16339,2657,1,0,0,0
562,3,2013-10-30,17652,3048,1,0,0,0
562,4,2013-10-31,19886,3460,1,0,0,0
562,5,2013-11-01,20647,3877,1,0,0,0
562,6,2013-11-02,15590,3165,1,0,0,0
562,7,2013-11-03,17510,3296,1,0,0,0
562,1,2013-11-04,24060,3695,1,1,0,0
562,2,2013-11-05,21509,3371,1,1,0,0
562,3,2013-11-06,20262,3244,1,1,0,0
562,4,2013-11-07,19686,3314,1,1,0,0
562,5,2013-11-08,20654,3587,1,1,0,0
562,6,2013-11-09,13965,2628,1,0,0,0
562,7,2013-11-10,19496,3234,1,0,0,0
562,1,2013-11-11,16735,3099,1,0,0,0
562,2,2013-11-12,17195,3142,1,0,0,0
562,3,2013-11-13,17184,3080,1,0,0,0
562,4,2013-11-14,18719,3191,1,0,0,0
562,5,2013-11-15,17724,3296,1,0,0,0
562,6,2013-11-16,14262,2684,1,0,0,0
562,7,2013-11-17,18881,3151,1,0,0,0
562,1,2013-11-18,22293,3382,1,1,0,0
562,2,2013-11-19,20322,3282,1,1,0,0
562,3,2013-11-20,19658,3167,1,1,0,0
562,4,2013-11-21,18799,3223,1,1,0,0
562,5,2013-11-22,19762,3453,1,1,0,0
562,6,2013-11-23,14412,2778,1,0,0,0
562,7,2013-11-24,20569,3417,1,0,0,0
562,1,2013-11-25,20311,3145,1,0,0,0
562,2,2013-11-26,18580,3064,1,0,0,0
562,3,2013-11-27,20112,3218,1,0,0,0
562,4,2013-11-28,19606,3200,1,0,0,0
562,5,2013-11-29,21946,3694,1,0,0,0
562,6,2013-11-30,18521,3305,1,0,0,0
562,7,2013-12-01,22918,3504,1,0,0,0
562,1,2013-12-02,27428,3920,1,1,0,0
562,2,2013-12-03,25864,3724,1,1,0,0
562,3,2013-12-04,25116,3711,1,1,0,0
562,4,2013-12-05,22587,2925,1,1,0,0
562,5,2013-12-06,21722,3354,1,1,0,0
562,6,2013-12-07,16137,3189,1,0,0,0
562,7,2013-12-08,20035,3363,1,0,0,0
562,1,2013-12-09,20676,3477,1,0,0,0
562,2,2013-12-10,18838,3266,1,0,0,0
562,3,2013-12-11,18730,3241,1,0,0,0
562,4,2013-12-12,20664,3418,1,0,0,0
562,5,2013-12-13,21057,3656,1,0,0,0
562,6,2013-12-14,19128,3475,1,0,0,0
562,7,2013-12-15,21990,3429,1,0,0,0
562,1,2013-12-16,28680,3931,1,1,0,0
562,2,2013-12-17,26505,3962,1,1,0,0
562,3,2013-12-18,26082,3874,1,1,0,0
562,4,2013-12-19,24975,3869,1,1,0,0
562,5,2013-12-20,26264,4099,1,1,0,0
562,6,2013-12-21,19957,3418,1,0,0,0
562,7,2013-12-22,26659,3763,1,0,0,0
562,1,2013-12-23,26152,3860,1,0,0,1
562,2,2013-12-24,11024,1663,1,0,0,1
562,3,2013-12-25,13376,2014,1,0,c,1
562,4,2013-12-26,16810,2612,1,0,c,1
562,5,2013-12-27,16205,2797,1,0,0,1
562,6,2013-12-28,14707,2485,1,0,0,1
562,7,2013-12-29,18672,2883,1,0,0,1
562,1,2013-12-30,19653,3115,1,0,0,1
562,2,2013-12-31,16157,2519,1,0,0,1
562,3,2014-01-01,11002,1931,1,0,a,1
562,4,2014-01-02,15302,2696,1,0,0,1
562,5,2014-01-03,15191,2694,1,0,0,1
562,6,2014-01-04,13599,2408,1,0,0,0
562,7,2014-01-05,17279,2765,1,0,0,0
562,1,2014-01-06,23336,3476,1,1,0,0
562,2,2014-01-07,20566,3243,1,1,0,0
562,3,2014-01-08,18482,3123,1,1,0,0
562,4,2014-01-09,19719,3246,1,1,0,0
562,5,2014-01-10,20222,3385,1,1,0,0
562,6,2014-01-11,13923,2587,1,0,0,0
562,7,2014-01-12,17773,2951,1,0,0,0
562,1,2014-01-13,17572,3088,1,0,0,0
562,2,2014-01-14,16139,2917,1,0,0,0
562,3,2014-01-15,16186,2862,1,0,0,0
562,4,2014-01-16,17722,2995,1,0,0,0
562,5,2014-01-17,17338,3085,1,0,0,0
562,6,2014-01-18,13994,2503,1,0,0,0
562,7,2014-01-19,16929,2829,1,0,0,0
562,1,2014-01-20,23047,3479,1,1,0,0
562,2,2014-01-21,20566,3252,1,1,0,0
562,3,2014-01-22,20073,3189,1,1,0,0
562,4,2014-01-23,18564,3147,1,1,0,0
562,5,2014-01-24,19048,3353,1,1,0,0
562,6,2014-01-25,13196,2486,1,0,0,0
562,7,2014-01-26,16303,2775,1,0,0,0
562,1,2014-01-27,16910,2998,1,0,0,0
562,2,2014-01-28,16763,3064,1,0,0,0
562,3,2014-01-29,18113,3127,1,0,0,0
562,4,2014-01-30,17915,3186,1,0,0,1
562,5,2014-01-31,20360,3547,1,0,0,1
562,6,2014-02-01,15498,2806,1,0,0,0
562,7,2014-02-02,22888,3474,1,0,0,0
562,1,2014-02-03,24966,3622,1,1,0,0
562,2,2014-02-04,21727,3310,1,1,0,0
562,3,2014-02-05,18962,3138,1,1,0,0
562,4,2014-02-06,19916,3275,1,1,0,0
562,5,2014-02-07,20145,3471,1,1,0,0
562,6,2014-02-08,14114,2800,1,0,0,0
562,7,2014-02-09,19174,3287,1,0,0,0
562,1,2014-02-10,17708,3229,1,0,0,0
562,2,2014-02-11,17351,3113,1,0,0,0
562,3,2014-02-12,17255,3071,1,0,0,0
562,4,2014-02-13,17429,3073,1,0,0,0
562,5,2014-02-14,19384,3549,1,0,0,0
562,6,2014-02-15,13622,2731,1,0,0,0
562,7,2014-02-16,19873,3206,1,0,0,0
562,1,2014-02-17,21929,3327,1,1,0,0
562,2,2014-02-18,20903,3271,1,1,0,0
562,3,2014-02-19,19137,3151,1,1,0,0
562,4,2014-02-20,18355,3093,1,1,0,0
562,5,2014-02-21,20186,3491,1,1,0,0
562,6,2014-02-22,14908,2666,1,0,0,0
562,7,2014-02-23,18872,3239,1,0,0,0
562,1,2014-02-24,14794,2825,1,0,0,0
562,2,2014-02-25,15489,2759,1,0,0,0
562,3,2014-02-26,16296,2928,1,0,0,0
562,4,2014-02-27,17061,2938,1,0,0,0
562,5,2014-02-28,20491,3436,1,0,0,0
562,6,2014-03-01,14180,2808,1,0,0,0
562,7,2014-03-02,22873,3475,1,0,0,0
562,1,2014-03-03,23540,3442,1,1,0,0
562,2,2014-03-04,20367,3162,1,1,0,0
562,3,2014-03-05,18666,3110,1,1,0,0
562,4,2014-03-06,18933,3048,1,1,0,0
562,5,2014-03-07,19812,3322,1,1,0,0
562,6,2014-03-08,14307,2805,1,0,0,0
562,7,2014-03-09,18322,3327,1,0,0,0
562,1,2014-03-10,15695,2843,1,0,0,0
562,2,2014-03-11,15581,2818,1,0,0,0
562,3,2014-03-12,16073,2914,1,0,0,0
562,4,2014-03-13,15398,2901,1,0,0,0
562,5,2014-03-14,17947,3218,1,0,0,0
562,6,2014-03-15,14381,2827,1,0,0,0
562,7,2014-03-16,18693,3200,1,0,0,0
562,1,2014-03-17,21439,3460,1,1,0,0
562,2,2014-03-18,18685,3094,1,1,0,0
562,3,2014-03-19,19299,3096,1,1,0,0
562,4,2014-03-20,15543,2874,1,1,0,0
562,5,2014-03-21,20074,3450,1,1,0,0
562,6,2014-03-22,13893,2533,1,0,0,0
562,7,2014-03-23,18717,3081,1,0,0,0
562,1,2014-03-24,17267,3011,1,0,0,0
562,2,2014-03-25,16862,2972,1,0,0,0
562,3,2014-03-26,16279,2847,1,0,0,0
562,4,2014-03-27,17350,3049,1,0,0,0
562,5,2014-03-28,17763,3343,1,0,0,0
562,6,2014-03-29,13096,2559,1,0,0,0
562,7,2014-03-30,17317,2909,1,0,0,0
562,1,2014-03-31,23502,3489,1,1,0,0
562,2,2014-04-01,20957,3304,1,1,0,0
562,3,2014-04-02,18826,3146,1,1,0,0
562,4,2014-04-03,18194,3134,1,1,0,1
562,5,2014-04-04,21544,3480,1,1,0,1
562,6,2014-04-05,13726,2743,1,0,0,1
562,7,2014-04-06,18876,3166,1,0,0,1
562,1,2014-04-07,16681,3050,1,0,0,1
562,2,2014-04-08,16596,2981,1,0,0,1
562,3,2014-04-09,17091,3009,1,0,0,1
562,4,2014-04-10,16138,2917,1,0,0,1
562,5,2014-04-11,16997,3138,1,0,0,1
562,6,2014-04-12,13958,2689,1,0,0,1
562,7,2014-04-13,17895,3259,1,0,0,1
562,1,2014-04-14,21788,3472,1,1,0,1
562,2,2014-04-15,20904,3364,1,1,0,1
562,3,2014-04-16,20335,3313,1,1,0,1
562,4,2014-04-17,21838,3649,1,1,0,1
562,5,2014-04-18,19741,3243,1,1,b,1
562,6,2014-04-19,17072,3198,1,0,0,1
562,7,2014-04-20,14825,2828,1,0,0,1
562,1,2014-04-21,19220,3367,1,0,b,1
562,2,2014-04-22,17993,3383,1,0,0,1
562,3,2014-04-23,16230,3005,1,0,0,0
562,4,2014-04-24,15765,2999,1,0,0,0
562,5,2014-04-25,15889,3198,1,0,0,0
562,6,2014-04-26,12713,2723,1,0,0,0
562,7,2014-04-27,18175,3123,1,0,0,0
562,1,2014-04-28,21668,3428,1,1,0,0
562,2,2014-04-29,20667,3231,1,1,0,0
562,3,2014-04-30,22387,3670,1,1,0,0
562,4,2014-05-01,21501,3274,1,1,a,0
562,5,2014-05-02,19449,3326,1,1,0,1
562,6,2014-05-03,13808,2764,1,0,0,0
562,7,2014-05-04,19960,3228,1,0,0,0
562,1,2014-05-05,22727,3590,1,1,0,0
562,2,2014-05-06,19927,3257,1,1,0,0
562,3,2014-05-07,20421,3377,1,1,0,0
562,4,2014-05-08,19903,3426,1,1,0,0
562,5,2014-05-09,22000,3716,1,1,0,0
562,6,2014-05-10,14552,2758,1,0,0,0
562,7,2014-05-11,21544,3456,1,0,0,0
562,1,2014-05-12,17385,3237,1,0,0,0
562,2,2014-05-13,16935,3071,1,0,0,0
562,3,2014-05-14,16344,3051,1,0,0,0
562,4,2014-05-15,16510,3055,1,0,0,0
562,5,2014-05-16,15846,3155,1,0,0,0
562,6,2014-05-17,12313,2477,1,0,0,0
562,7,2014-05-18,18810,3261,1,0,0,0
562,1,2014-05-19,21140,3402,1,1,0,0
562,2,2014-05-20,18074,3167,1,1,0,0
562,3,2014-05-21,18231,3211,1,1,0,0
562,4,2014-05-22,17966,3291,1,1,0,0
562,5,2014-05-23,19107,3517,1,1,0,0
562,6,2014-05-24,11848,2511,1,0,0,0
562,7,2014-05-25,18574,3322,1,0,0,0
562,1,2014-05-26,16819,3099,1,0,0,0
562,2,2014-05-27,16682,3028,1,0,0,0
562,3,2014-05-28,19461,3383,1,0,0,0
562,4,2014-05-29,23749,3539,1,0,a,0
562,5,2014-05-30,18467,3062,1,0,0,1
562,6,2014-05-31,14311,2563,1,0,0,0
562,7,2014-06-01,20006,3246,1,0,0,0
562,1,2014-06-02,23518,3655,1,1,0,0
562,2,2014-06-03,20985,3440,1,1,0,0
562,3,2014-06-04,20555,3487,1,1,0,0
562,4,2014-06-05,21489,3617,1,1,0,0
562,5,2014-06-06,20920,3766,1,1,0,0
562,6,2014-06-07,13799,2775,1,0,0,0
562,7,2014-06-08,18661,3171,1,0,0,0
562,1,2014-06-09,19688,3461,1,0,a,0
562,2,2014-06-10,18186,3466,1,0,0,1
562,3,2014-06-11,17788,3081,1,0,0,0
562,4,2014-06-12,16548,2998,1,0,0,0
562,5,2014-06-13,17883,3153,1,0,0,0
562,6,2014-06-14,13825,2736,1,0,0,0
562,7,2014-06-15,18295,3070,1,0,0,0
562,1,2014-06-16,20891,3328,1,1,0,0
562,2,2014-06-17,18905,3171,1,1,0,0
562,3,2014-06-18,18451,3067,1,1,0,0
562,4,2014-06-19,18388,3289,1,1,0,0
562,5,2014-06-20,19164,3406,1,1,0,0
562,6,2014-06-21,11882,2413,1,0,0,0
562,7,2014-06-22,19267,3184,1,0,0,0
562,1,2014-06-23,16224,3070,1,0,0,0
562,2,2014-06-24,15638,2947,1,0,0,0
562,3,2014-06-25,15860,2842,1,0,0,0
562,4,2014-06-26,14342,2789,1,0,0,0
562,5,2014-06-27,16825,3097,1,0,0,0
562,6,2014-06-28,12938,2451,1,0,0,0
562,7,2014-06-29,21003,3242,1,0,0,0
562,1,2014-06-30,23924,3679,1,1,0,0
562,2,2014-07-01,20314,3333,1,1,0,0
562,3,2014-07-02,20724,3318,1,1,0,0
562,4,2014-07-03,17772,3161,1,1,0,0
562,5,2014-07-04,17551,3384,1,1,0,0
562,6,2014-07-05,13306,2882,1,0,0,0
562,7,2014-07-06,17599,3289,1,0,0,0
562,1,2014-07-07,17091,3233,1,0,0,0
562,2,2014-07-08,16469,3102,1,0,0,0
562,3,2014-07-09,14462,2742,1,0,0,0
562,4,2014-07-10,15419,2962,1,0,0,0
562,5,2014-07-11,16738,3229,1,0,0,0
562,6,2014-07-12,12882,2587,1,0,0,0
562,7,2014-07-13,18905,3273,1,0,0,0
562,1,2014-07-14,19246,3241,1,1,0,0
562,2,2014-07-15,18541,3191,1,1,0,0
562,3,2014-07-16,18415,3139,1,1,0,0
562,4,2014-07-17,17832,3214,1,1,0,0
562,5,2014-07-18,16872,3379,1,1,0,0
562,6,2014-07-19,11456,2671,1,0,0,0
562,7,2014-07-20,17794,3164,1,0,0,0
562,1,2014-07-21,16055,2932,1,0,0,0
562,2,2014-07-22,14790,2878,1,0,0,0
562,3,2014-07-23,14909,2978,1,0,0,0
562,4,2014-07-24,15369,2946,1,0,0,0
562,5,2014-07-25,15753,3048,1,0,0,0
562,6,2014-07-26,12244,2522,1,0,0,0
562,7,2014-07-27,19117,3284,1,0,0,0
562,1,2014-07-28,19655,3287,1,1,0,0
562,2,2014-07-29,19251,3419,1,1,0,0
562,3,2014-07-30,19389,3139,1,1,0,0
562,4,2014-07-31,20671,3397,1,1,0,1
562,5,2014-08-01,19670,3537,1,1,0,1
562,6,2014-08-02,14427,2893,1,0,0,1
562,7,2014-08-03,21206,4017,1,0,0,1
562,1,2014-08-04,20483,3427,1,1,0,1
562,2,2014-08-05,17560,3038,1,1,0,1
562,3,2014-08-06,17776,3080,1,1,0,1
562,4,2014-08-07,17024,2973,1,1,0,1
562,5,2014-08-08,17336,3107,1,1,0,1
562,6,2014-08-09,13016,2524,1,0,0,1
562,7,2014-08-10,17786,3197,1,0,0,1
562,1,2014-08-11,15975,2850,1,0,0,1
562,2,2014-08-12,14863,2743,1,0,0,1
562,3,2014-08-13,14392,2679,1,0,0,1
562,4,2014-08-14,14693,2782,1,0,0,1
562,5,2014-08-15,15411,2870,1,0,0,1
562,6,2014-08-16,12671,2404,1,0,0,1
562,7,2014-08-17,18594,3086,1,0,0,1
562,1,2014-08-18,19040,2982,1,1,0,1
562,2,2014-08-19,17967,2957,1,1,0,1
562,3,2014-08-20,16611,2807,1,1,0,1
562,4,2014-08-21,15947,2812,1,1,0,1
562,5,2014-08-22,16049,2906,1,1,0,1
562,6,2014-08-23,12608,2378,1,0,0,1
562,7,2014-08-24,18052,3207,1,0,0,1
562,1,2014-08-25,13994,2672,1,0,0,1
562,2,2014-08-26,13096,2546,1,0,0,1
562,3,2014-08-27,13541,2587,1,0,0,1
562,4,2014-08-28,14143,2624,1,0,0,1
562,5,2014-08-29,16497,2952,1,0,0,1
562,6,2014-08-30,14596,2859,1,0,0,1
562,7,2014-08-31,21395,3374,1,0,0,1
562,1,2014-09-01,21128,3259,1,1,0,1
562,2,2014-09-02,18310,2991,1,1,0,1
562,3,2014-09-03,17704,2961,1,1,0,1
562,4,2014-09-04,17304,2975,1,1,0,1
562,5,2014-09-05,16837,3022,1,1,0,1
562,6,2014-09-06,11869,2560,1,0,0,1
562,7,2014-09-07,19830,3328,1,0,0,1
562,1,2014-09-08,16439,3055,1,0,0,1
562,2,2014-09-09,16694,3010,1,0,0,1
562,3,2014-09-10,15707,2973,1,0,0,1
562,4,2014-09-11,15924,2847,1,0,0,0
562,5,2014-09-12,16186,3033,1,0,0,0
562,6,2014-09-13,12219,2403,1,0,0,0
562,7,2014-09-14,20259,3393,1,0,0,0
562,1,2014-09-15,18748,3182,1,1,0,0
562,2,2014-09-16,17679,3015,1,1,0,0
562,3,2014-09-17,16563,2872,1,1,0,0
562,4,2014-09-18,16289,2848,1,1,0,0
562,5,2014-09-19,16842,3128,1,1,0,0
562,6,2014-09-20,12961,2572,1,0,0,0
562,7,2014-09-21,19178,3295,1,0,0,0
562,1,2014-09-22,15913,2981,1,0,0,0
562,2,2014-09-23,15905,2781,1,0,0,0
562,3,2014-09-24,15390,2805,1,0,0,0
562,4,2014-09-25,15345,2768,1,0,0,0
562,5,2014-09-26,17035,3121,1,0,0,0
562,6,2014-09-27,13791,2551,1,0,0,0
562,7,2014-09-28,18513,3174,1,0,0,0
562,1,2014-09-29,19261,3132,1,1,0,0
562,2,2014-09-30,19377,3171,1,1,0,0
562,3,2014-10-01,19161,3096,1,1,0,0
562,4,2014-10-02,21534,3563,1,1,0,0
562,5,2014-10-03,22190,3622,1,1,a,0
562,6,2014-10-04,15178,2949,1,0,0,0
562,7,2014-10-05,18795,3091,1,0,0,0
562,1,2014-10-06,20668,3319,1,1,0,0
562,2,2014-10-07,19997,3294,1,1,0,0
562,3,2014-10-08,18151,2972,1,1,0,0
562,4,2014-10-09,18158,3098,1,1,0,0
562,5,2014-10-10,17817,3225,1,1,0,0
562,6,2014-10-11,13201,2566,1,0,0,0
562,7,2014-10-12,19742,3179,1,0,0,0
562,1,2014-10-13,17044,3104,1,0,0,0
562,2,2014-10-14,15897,2989,1,0,0,0
562,3,2014-10-15,14918,2684,1,0,0,0
562,4,2014-10-16,17513,3093,1,0,0,0
562,5,2014-10-17,18045,3446,1,0,0,0
562,6,2014-10-18,12890,2736,1,0,0,0
562,7,2014-10-19,18110,3275,1,0,0,0
562,1,2014-10-20,20874,3509,1,1,0,0
562,2,2014-10-21,19687,3301,1,1,0,0
562,3,2014-10-22,19242,3306,1,1,0,0
562,4,2014-10-23,17945,3209,1,1,0,0
562,5,2014-10-24,19741,3729,1,1,0,0
562,6,2014-10-25,13875,2983,1,0,0,0
562,7,2014-10-26,20603,3782,1,0,0,0
562,1,2014-10-27,18203,3274,1,0,0,1
562,2,2014-10-28,17863,3169,1,0,0,1
562,3,2014-10-29,18108,3108,1,0,0,1
562,4,2014-10-30,18602,3245,1,0,0,1
562,5,2014-10-31,19791,3732,1,0,0,1
562,6,2014-11-01,15769,3063,1,0,0,0
562,7,2014-11-02,19101,3559,1,0,0,0
562,1,2014-11-03,22275,3462,1,1,0,1
562,2,2014-11-04,20298,3189,1,1,0,1
562,3,2014-11-05,18858,3083,1,1,0,1
562,4,2014-11-06,18408,2905,1,1,0,1
562,5,2014-11-07,17739,3031,1,1,0,1
562,6,2014-11-08,13206,2461,1,0,0,0
562,7,2014-11-09,21055,3102,1,0,0,0
562,1,2014-11-10,21477,3401,1,1,0,0
562,2,2014-11-11,20328,3257,1,1,0,0
562,3,2014-11-12,19108,3057,1,1,0,0
562,4,2014-11-13,19405,3146,1,1,0,0
562,5,2014-11-14,19542,3463,1,1,0,0
562,6,2014-11-15,14535,2686,1,0,0,0
562,7,2014-11-16,19828,3198,1,0,0,0
562,1,2014-11-17,17319,3129,1,0,0,0
562,2,2014-11-18,18114,3026,1,0,0,0
562,3,2014-11-19,16253,2890,1,0,0,0
562,4,2014-11-20,16663,3041,1,0,0,0
562,5,2014-11-21,16146,3113,1,0,0,0
562,6,2014-11-22,13080,2564,1,0,0,0
562,7,2014-11-23,19890,3268,1,0,0,0
562,1,2014-11-24,22281,3376,1,1,0,0
562,2,2014-11-25,20482,3137,1,1,0,0
562,3,2014-11-26,20405,3134,1,1,0,0
562,4,2014-11-27,20536,3161,1,1,0,0
562,5,2014-11-28,23321,3750,1,1,0,0
562,6,2014-11-29,17530,2947,1,0,0,0
562,7,2014-11-30,24801,3507,1,0,0,0
562,1,2014-12-01,26683,3794,1,1,0,0
562,2,2014-12-02,22581,3462,1,1,0,0
562,3,2014-12-03,22478,3450,1,1,0,0
562,4,2014-12-04,23642,3468,1,1,0,0
562,5,2014-12-05,27716,4081,1,1,0,0
562,6,2014-12-06,15700,3042,1,0,0,0
562,7,2014-12-07,21866,3316,1,0,0,0
562,1,2014-12-08,19877,3316,1,0,0,0
562,2,2014-12-09,18627,3208,1,0,0,0
562,3,2014-12-10,17828,3178,1,0,0,0
562,4,2014-12-11,18293,3227,1,0,0,0
562,5,2014-12-12,20312,3601,1,0,0,0
562,6,2014-12-13,16289,3119,1,0,0,0
562,7,2014-12-14,22247,3454,1,0,0,0
562,1,2014-12-15,27183,3851,1,1,0,0
562,2,2014-12-16,23875,3518,1,1,0,0
562,3,2014-12-17,23838,3564,1,1,0,0
562,4,2014-12-18,23242,3718,1,1,0,0
562,5,2014-12-19,24987,3767,1,1,0,0
562,6,2014-12-20,16915,3190,1,0,0,0
562,7,2014-12-21,26380,3673,1,0,0,0
562,1,2014-12-22,25402,3718,1,0,0,1
562,2,2014-12-23,24353,3618,1,0,0,1
562,3,2014-12-24,12655,1756,1,0,0,1
562,4,2014-12-25,14166,2086,1,0,c,1
562,5,2014-12-26,16961,2667,1,0,c,1
562,6,2014-12-27,14904,2566,1,0,0,1
562,7,2014-12-28,18218,2823,1,0,0,1
562,1,2014-12-29,16894,2748,1,0,0,1
562,2,2014-12-30,18524,2924,1,0,0,1
562,3,2014-12-31,16420,2327,1,0,0,1
562,4,2015-01-01,10552,1919,1,0,a,1
562,5,2015-01-02,14531,2541,1,0,0,1
562,6,2015-01-03,12829,2247,1,0,0,0
562,7,2015-01-04,19170,2968,1,0,0,0
562,1,2015-01-05,22143,3365,1,1,0,1
562,2,2015-01-06,20120,3109,1,1,0,0
562,3,2015-01-07,18878,3038,1,1,0,0
562,4,2015-01-08,17672,2913,1,1,0,0
562,5,2015-01-09,18421,3182,1,1,0,0
562,6,2015-01-10,14080,2578,1,0,0,0
562,7,2015-01-11,17683,2788,1,0,0,0
562,1,2015-01-12,21880,3461,1,1,0,0
562,2,2015-01-13,18682,3084,1,1,0,0
562,3,2015-01-14,19041,3126,1,1,0,0
562,4,2015-01-15,19153,3118,1,1,0,0
562,5,2015-01-16,19477,3316,1,1,0,0
562,6,2015-01-17,12811,2566,1,0,0,0
562,7,2015-01-18,18076,2921,1,0,0,0
562,1,2015-01-19,16830,3126,1,0,0,0
562,2,2015-01-20,15659,2898,1,0,0,0
562,3,2015-01-21,16129,2900,1,0,0,0
562,4,2015-01-22,15362,2828,1,0,0,0
562,5,2015-01-23,18149,3236,1,0,0,0
562,6,2015-01-24,13137,2494,1,0,0,0
562,7,2015-01-25,19361,3070,1,0,0,0
562,1,2015-01-26,21243,3407,1,1,0,0
562,2,2015-01-27,18047,2986,1,1,0,0
562,3,2015-01-28,19231,3085,1,1,0,0
562,4,2015-01-29,19776,3214,1,1,0,0
562,5,2015-01-30,23248,3708,1,1,0,0
562,6,2015-01-31,15197,2703,1,0,0,0
562,7,2015-02-01,21821,3489,1,0,0,0
562,1,2015-02-02,22153,3513,1,1,0,1
562,2,2015-02-03,20057,3231,1,1,0,1
562,3,2015-02-04,18840,3228,1,1,0,0
562,4,2015-02-05,18354,3197,1,1,0,0
562,5,2015-02-06,20548,3467,1,1,0,0
562,6,2015-02-07,15011,2698,1,0,0,0
562,7,2015-02-08,20984,3576,1,0,0,0
562,1,2015-02-09,17150,3072,1,0,0,0
562,2,2015-02-10,15947,2883,1,0,0,0
562,3,2015-02-11,16379,2862,1,0,0,0
562,4,2015-02-12,16530,2915,1,0,0,0
562,5,2015-02-13,18678,3374,1,0,0,0
562,6,2015-02-14,14046,2943,1,0,0,0
562,7,2015-02-15,20445,3268,1,0,0,0
562,1,2015-02-16,20603,3242,1,1,0,0
562,2,2015-02-17,18814,3069,1,1,0,0
562,3,2015-02-18,18419,3132,1,1,0,0
562,4,2015-02-19,18073,3166,1,1,0,0
562,5,2015-02-20,19002,3390,1,1,0,0
562,6,2015-02-21,14292,2619,1,0,0,0
562,7,2015-02-22,18868,3182,1,0,0,0
562,1,2015-02-23,15518,2881,1,0,0,0
562,2,2015-02-24,15181,2859,1,0,0,0
562,3,2015-02-25,16080,2896,1,0,0,0
562,4,2015-02-26,15956,2840,1,0,0,0
562,5,2015-02-27,20324,3429,1,0,0,0
562,6,2015-02-28,14668,2738,1,0,0,0
562,7,2015-03-01,20835,3363,1,0,0,0
562,1,2015-03-02,21755,3351,1,1,0,0
562,2,2015-03-03,20272,3263,1,1,0,0
562,3,2015-03-04,19001,3118,1,1,0,0
562,4,2015-03-05,19416,3129,1,1,0,0
562,5,2015-03-06,19201,3348,1,1,0,0
562,6,2015-03-07,14055,2743,1,0,0,0
562,7,2015-03-08,18637,3309,1,0,0,0
562,1,2015-03-09,18229,3051,1,0,0,0
562,2,2015-03-10,17329,2936,1,0,0,0
562,3,2015-03-11,16842,2928,1,0,0,0
562,4,2015-03-12,17204,2941,1,0,0,0
562,5,2015-03-13,17321,3242,1,0,0,0
562,6,2015-03-14,13786,2796,1,0,0,0
562,7,2015-03-15,20933,3343,1,0,0,0
562,1,2015-03-16,21094,3343,1,1,0,0
562,2,2015-03-17,17988,3129,1,1,0,0
562,3,2015-03-18,18245,3104,1,1,0,0
562,4,2015-03-19,17794,3120,1,1,0,0
562,5,2015-03-20,20623,3435,1,1,0,0
562,6,2015-03-21,13565,2620,1,0,0,0
562,7,2015-03-22,20904,3221,1,0,0,0
562,1,2015-03-23,16963,3001,1,0,0,0
562,2,2015-03-24,15985,2858,1,0,0,0
562,3,2015-03-25,16321,3009,1,0,0,1
562,4,2015-03-26,16172,2824,1,0,0,1
562,5,2015-03-27,17476,3245,1,0,0,1
562,6,2015-03-28,14422,2680,1,0,0,1
562,7,2015-03-29,16958,2797,1,0,0,1
562,1,2015-03-30,23107,3294,1,1,0,1
562,2,2015-03-31,21045,3134,1,1,0,1
562,3,2015-04-01,22896,3239,1,1,0,1
562,4,2015-04-02,24903,3821,1,1,0,1
562,5,2015-04-03,22413,3511,1,1,b,1
562,6,2015-04-04,17465,3182,1,0,0,1
562,7,2015-04-05,17177,2978,1,0,0,1
562,1,2015-04-06,20025,3552,1,0,b,1
562,2,2015-04-07,17430,3127,1,0,0,1
562,3,2015-04-08,16881,3107,1,0,0,1
562,4,2015-04-09,15151,2983,1,0,0,1
562,5,2015-04-10,16414,3212,1,0,0,1
562,6,2015-04-11,13918,2642,1,0,0,0
562,7,2015-04-12,20255,3460,1,0,0,0
562,1,2015-04-13,22817,3450,1,1,0,0
562,2,2015-04-14,20388,3268,1,1,0,0
562,3,2015-04-15,19068,3036,1,1,0,0
562,4,2015-04-16,18891,3202,1,1,0,0
562,5,2015-04-17,20186,3553,1,1,0,0
562,6,2015-04-18,13204,2491,1,0,0,0
562,7,2015-04-19,17830,3381,1,0,0,0
562,1,2015-04-20,16532,3123,1,0,0,0
562,2,2015-04-21,15469,2818,1,0,0,0
562,3,2015-04-22,15329,2666,1,0,0,0
562,4,2015-04-23,14957,2759,1,0,0,0
562,5,2015-04-24,16411,3115,1,0,0,0
562,6,2015-04-25,13760,2509,1,0,0,0
562,7,2015-04-26,18894,3099,1,0,0,0
562,1,2015-04-27,22895,3498,1,1,0,0
562,2,2015-04-28,19790,3171,1,1,0,0
562,3,2015-04-29,20357,3185,1,1,0,0
562,4,2015-04-30,26481,4075,1,1,0,0
562,5,2015-05-01,22866,3655,1,1,a,0
562,6,2015-05-02,15457,2893,1,0,0,0
562,7,2015-05-03,20279,3359,1,0,0,0
562,1,2015-05-04,21517,3536,1,1,0,0
562,2,2015-05-05,18898,3119,1,1,0,0
562,3,2015-05-06,19112,3161,1,1,0,0
562,4,2015-05-07,18413,3089,1,1,0,0
562,5,2015-05-08,18880,3331,1,1,0,0
562,6,2015-05-09,13180,2508,1,0,0,0
562,7,2015-05-10,19354,3265,1,0,0,0
562,1,2015-05-11,16189,3004,1,0,0,0
562,2,2015-05-12,16629,2989,1,0,0,0
562,3,2015-05-13,19716,3399,1,0,0,0
562,4,2015-05-14,20788,3347,1,0,a,0
562,5,2015-05-15,16667,3049,1,0,0,1
562,6,2015-05-16,13342,2643,1,0,0,0
562,7,2015-05-17,20043,3327,1,0,0,0
562,1,2015-05-18,21957,3365,1,1,0,0
562,2,2015-05-19,19488,3204,1,1,0,0
562,3,2015-05-20,18532,2943,1,1,0,0
562,4,2015-05-21,17312,2946,1,1,0,0
562,5,2015-05-22,17726,3193,1,1,0,0
562,6,2015-05-23,13722,2566,1,0,0,0
562,7,2015-05-24,17237,2974,1,0,0,0
562,1,2015-05-25,21370,3435,1,0,a,0
562,2,2015-05-26,18116,3144,1,0,0,1
562,3,2015-05-27,16813,2939,1,0,0,0
562,4,2015-05-28,18127,3183,1,0,0,0
562,5,2015-05-29,20628,3545,1,0,0,0
562,6,2015-05-30,14890,2689,1,0,0,0
562,7,2015-05-31,21975,3504,1,0,0,0
562,1,2015-06-01,24214,3533,1,1,0,0
562,2,2015-06-02,20810,3183,1,1,0,0
562,3,2015-06-03,20018,3166,1,1,0,0
562,4,2015-06-04,19314,3240,1,1,0,0
562,5,2015-06-05,20018,3689,1,1,0,0
562,6,2015-06-06,13483,2609,1,0,0,0
562,7,2015-06-07,18421,3282,1,0,0,0
562,1,2015-06-08,18084,3103,1,0,0,0
562,2,2015-06-09,16024,2981,1,0,0,0
562,3,2015-06-10,16795,2913,1,0,0,0
562,4,2015-06-11,16512,2996,1,0,0,0
562,5,2015-06-12,16542,3273,1,0,0,0
562,6,2015-06-13,12897,2593,1,0,0,0
562,7,2015-06-14,18775,3170,1,0,0,0
562,1,2015-06-15,20735,3284,1,1,0,0
562,2,2015-06-16,19034,3021,1,1,0,0
562,3,2015-06-17,18456,3017,1,1,0,0
562,4,2015-06-18,17918,3060,1,1,0,0
562,5,2015-06-19,18604,3311,1,1,0,0
562,6,2015-06-20,12467,2489,1,0,0,0
562,7,2015-06-21,18960,3157,1,0,0,0
562,1,2015-06-22,16542,3028,1,0,0,0
562,2,2015-06-23,15113,2775,1,0,0,0
562,3,2015-06-24,14956,2838,1,0,0,0
562,4,2015-06-25,14777,2702,1,0,0,0
562,5,2015-06-26,16902,3161,1,0,0,0
562,6,2015-06-27,12273,2419,1,0,0,0
562,7,2015-06-28,19568,3331,1,0,0,0
562,1,2015-06-29,20546,3154,1,1,0,0
562,2,2015-06-30,20916,3310,1,1,0,0
562,3,2015-07-01,20467,3339,1,1,0,0
562,4,2015-07-02,19316,3493,1,1,0,0
562,5,2015-07-03,19083,3404,1,1,0,0
562,6,2015-07-04,12272,2602,1,0,0,0
562,7,2015-07-05,19876,3158,1,0,0,0
562,1,2015-07-06,18049,3125,1,0,0,0
562,2,2015-07-07,16004,2955,1,0,0,0
562,3,2015-07-08,16691,3016,1,0,0,0
562,4,2015-07-09,16703,3047,1,0,0,0
562,5,2015-07-10,17110,3120,1,0,0,0
562,6,2015-07-11,12331,2437,1,0,0,0
562,7,2015-07-12,20263,3202,1,0,0,0
562,1,2015-07-13,19638,3245,1,1,0,0
562,2,2015-07-14,19677,3214,1,1,0,0
562,3,2015-07-15,18810,3135,1,1,0,0
562,4,2015-07-16,17697,3075,1,1,0,0
562,5,2015-07-17,17687,3370,1,1,0,0
562,6,2015-07-18,12865,2502,1,0,0,0
562,7,2015-07-19,21992,3325,1,0,0,0
562,1,2015-07-20,17268,3068,1,0,0,0
562,2,2015-07-21,15293,3016,1,0,0,0
562,3,2015-07-22,14832,2825,1,0,0,0
562,4,2015-07-23,16388,2956,1,0,0,1
562,5,2015-07-24,16227,3022,1,0,0,1
562,6,2015-07-25,12281,2591,1,0,0,1
562,7,2015-07-26,20310,3397,1,0,0,1
562,1,2015-07-27,19680,3142,1,1,0,1
562,2,2015-07-28,18491,2956,1,1,0,1
562,3,2015-07-29,17137,2878,1,1,0,1
562,4,2015-07-30,18577,2984,1,1,0,1
562,5,2015-07-31,20303,3255,1,1,0,1
586,2,2013-01-01,0,0,0,0,a,1
586,3,2013-01-02,14019,2347,1,0,0,1
586,4,2013-01-03,12778,2164,1,0,0,1
586,5,2013-01-04,12318,2029,1,0,0,1
586,6,2013-01-05,15770,2668,1,0,0,0
586,7,2013-01-06,0,0,0,0,0,0
586,1,2013-01-07,16177,2255,1,1,0,0
586,2,2013-01-08,14642,2111,1,1,0,0
586,3,2013-01-09,12044,1792,1,1,0,0
586,4,2013-01-10,13078,1933,1,1,0,0
586,5,2013-01-11,13564,2046,1,1,0,0
586,6,2013-01-12,16317,2661,1,0,0,0
586,7,2013-01-13,0,0,0,0,0,0
586,1,2013-01-14,10245,1741,1,0,0,0
586,2,2013-01-15,7414,1219,1,0,0,0
586,3,2013-01-16,9152,1508,1,0,0,0
586,4,2013-01-17,9488,1558,1,0,0,0
586,5,2013-01-18,10370,1686,1,0,0,0
586,6,2013-01-19,14792,2399,1,0,0,0
586,7,2013-01-20,0,0,0,0,0,0
586,1,2013-01-21,10271,1509,1,1,0,0
586,2,2013-01-22,13653,1901,1,1,0,0
586,3,2013-01-23,13065,1915,1,1,0,0
586,4,2013-01-24,12421,1803,1,1,0,0
586,5,2013-01-25,12234,1867,1,1,0,0
586,6,2013-01-26,14819,2383,1,0,0,0
586,7,2013-01-27,0,0,0,0,0,0
586,1,2013-01-28,11031,1806,1,0,0,0
586,2,2013-01-29,9430,1602,1,0,0,0
586,3,2013-01-30,10672,1820,1,0,0,0
586,4,2013-01-31,12694,1932,1,0,0,0
586,5,2013-02-01,13064,1994,1,0,0,0
586,6,2013-02-02,17911,2791,1,0,0,0
586,7,2013-02-03,0,0,0,0,0,0
586,1,2013-02-04,17136,2434,1,1,0,0
586,2,2013-02-05,14801,2065,1,1,0,0
586,3,2013-02-06,16861,2488,1,1,0,0
586,4,2013-02-07,11901,1872,1,1,0,0
586,5,2013-02-08,12721,1982,1,1,0,0
586,6,2013-02-09,17384,2882,1,0,0,0
586,7,2013-02-10,0,0,0,0,0,0
586,1,2013-02-11,0,0,0,0,0,0
586,2,2013-02-12,11967,2031,1,0,0,0
586,3,2013-02-13,12271,2038,1,0,0,0
586,4,2013-02-14,11084,1781,1,0,0,0
586,5,2013-02-15,10768,1746,1,0,0,0
586,6,2013-02-16,15778,2594,1,0,0,0
586,7,2013-02-17,0,0,0,0,0,0
586,1,2013-02-18,16608,2280,1,1,0,0
586,2,2013-02-19,13436,1999,1,1,0,0
586,3,2013-02-20,14403,2221,1,1,0,0
586,4,2013-02-21,13449,1926,1,1,0,0
586,5,2013-02-22,12669,1828,1,1,0,0
586,6,2013-02-23,14740,2390,1,0,0,0
586,7,2013-02-24,0,0,0,0,0,0
586,1,2013-02-25,9351,1561,1,0,0,0
586,2,2013-02-26,10398,1788,1,0,0,0
586,3,2013-02-27,11158,1944,1,0,0,0
586,4,2013-02-28,12083,1892,1,0,0,0
586,5,2013-03-01,11993,1869,1,0,0,0
586,6,2013-03-02,17456,2809,1,0,0,0
586,7,2013-03-03,0,0,0,0,0,0
586,1,2013-03-04,16971,2358,1,1,0,0
586,2,2013-03-05,15073,2249,1,1,0,0
586,3,2013-03-06,15024,2354,1,1,0,0
586,4,2013-03-07,13270,2046,1,1,0,0
586,5,2013-03-08,12775,1918,1,1,0,0
586,6,2013-03-09,13225,2137,1,0,0,0
586,7,2013-03-10,0,0,0,0,0,0
586,1,2013-03-11,9115,1520,1,0,0,0
586,2,2013-03-12,9900,1655,1,0,0,0
586,3,2013-03-13,11213,1973,1,0,0,0
586,4,2013-03-14,9937,1671,1,0,0,0
586,5,2013-03-15,11408,1901,1,0,0,0
586,6,2013-03-16,17717,2780,1,0,0,0
586,7,2013-03-17,0,0,0,0,0,0
586,1,2013-03-18,17035,2391,1,1,0,0
586,2,2013-03-19,14608,2094,1,1,0,0
586,3,2013-03-20,13324,2011,1,1,0,0
586,4,2013-03-21,12455,1987,1,1,0,0
586,5,2013-03-22,13304,2039,1,1,0,0
586,6,2013-03-23,15659,2448,1,0,0,0
586,7,2013-03-24,0,0,0,0,0,0
586,1,2013-03-25,17846,2543,1,1,0,1
586,2,2013-03-26,17034,2530,1,1,0,1
586,3,2013-03-27,17428,2698,1,1,0,1
586,4,2013-03-28,15808,2410,1,1,0,1
586,5,2013-03-29,0,0,0,1,b,1
586,6,2013-03-30,21028,3170,1,0,0,0
586,7,2013-03-31,0,0,0,0,0,0
586,1,2013-04-01,0,0,0,0,b,1
586,2,2013-04-02,14415,2333,1,0,0,1
586,3,2013-04-03,13874,2289,1,0,0,1
586,4,2013-04-04,12114,2059,1,0,0,1
586,5,2013-04-05,11475,1959,1,0,0,1
586,6,2013-04-06,16039,2657,1,0,0,0
586,7,2013-04-07,0,0,0,0,0,0
586,1,2013-04-08,15368,2297,1,1,0,0
586,2,2013-04-09,14254,2201,1,1,0,0
586,3,2013-04-10,14168,2180,1,1,0,0
586,4,2013-04-11,12059,1848,1,1,0,0
586,5,2013-04-12,12539,2061,1,1,0,0
586,6,2013-04-13,15927,2756,1,0,0,0
586,7,2013-04-14,0,0,0,0,0,0
586,1,2013-04-15,10506,1866,1,0,0,0
586,2,2013-04-16,10199,1830,1,0,0,0
586,3,2013-04-17,10995,2056,1,0,0,0
586,4,2013-04-18,10862,1878,1,0,0,0
586,5,2013-04-19,11027,1920,1,0,0,0
586,6,2013-04-20,15782,2659,1,0,0,0
586,7,2013-04-21,0,0,0,0,0,0
586,1,2013-04-22,15622,2248,1,1,0,0
586,2,2013-04-23,14316,2130,1,1,0,0
586,3,2013-04-24,13702,2224,1,1,0,0
586,4,2013-04-25,12428,2043,1,1,0,0
586,5,2013-04-26,11660,1820,1,1,0,0
586,6,2013-04-27,16114,2641,1,0,0,0
586,7,2013-04-28,0,0,0,0,0,0
586,1,2013-04-29,16547,2304,1,1,0,0
586,2,2013-04-30,17863,2495,1,1,0,0
586,3,2013-05-01,0,0,0,1,a,0
586,4,2013-05-02,17914,2576,1,1,0,0
586,5,2013-05-03,15273,2315,1,1,0,0
586,6,2013-05-04,16502,2861,1,0,0,0
586,7,2013-05-05,0,0,0,0,0,0
586,1,2013-05-06,11051,1961,1,0,0,0
586,2,2013-05-07,11163,1909,1,0,0,0
586,3,2013-05-08,12522,2213,1,0,0,0
586,4,2013-05-09,0,0,0,0,a,0
586,5,2013-05-10,18158,2910,1,0,0,0
586,6,2013-05-11,16235,2742,1,0,0,0
586,7,2013-05-12,0,0,0,0,0,0
586,1,2013-05-13,14069,2111,1,1,0,0
586,2,2013-05-14,15176,2256,1,1,0,0
586,3,2013-05-15,14601,2218,1,1,0,0
586,4,2013-05-16,12887,2016,1,1,0,0
586,5,2013-05-17,12934,2051,1,1,0,0
586,6,2013-05-18,15863,2603,1,0,0,0
586,7,2013-05-19,0,0,0,0,0,0
586,1,2013-05-20,0,0,0,0,a,0
586,2,2013-05-21,13468,2271,1,0,0,1
586,3,2013-05-22,11043,1865,1,0,0,0
586,4,2013-05-23,9643,1668,1,0,0,0
586,5,2013-05-24,11297,1911,1,0,0,0
586,6,2013-05-25,13994,2426,1,0,0,0
586,7,2013-05-26,0,0,0,0,0,0
586,1,2013-05-27,17099,2351,1,1,0,0
586,2,2013-05-28,15115,2191,1,1,0,0
586,3,2013-05-29,15096,2228,1,1,0,0
586,4,2013-05-30,0,0,0,1,a,0
586,5,2013-05-31,20714,3075,1,1,0,0
586,6,2013-06-01,17008,2622,1,0,0,0
586,7,2013-06-02,0,0,0,0,0,0
586,1,2013-06-03,18178,2503,1,1,0,0
586,2,2013-06-04,15322,2235,1,1,0,0
586,3,2013-06-05,14815,2335,1,1,0,0
586,4,2013-06-06,13755,2174,1,1,0,0
586,5,2013-06-07,13051,2064,1,1,0,0
586,6,2013-06-08,15248,2702,1,0,0,0
586,7,2013-06-09,0,0,0,0,0,0
586,1,2013-06-10,11723,1986,1,0,0,0
586,2,2013-06-11,10952,1849,1,0,0,0
586,3,2013-06-12,11276,1950,1,0,0,0
586,4,2013-06-13,9746,1659,1,0,0,0
586,5,2013-06-14,11730,1922,1,0,0,0
586,6,2013-06-15,14532,2572,1,0,0,0
586,7,2013-06-16,0,0,0,0,0,0
586,1,2013-06-17,16456,2276,1,1,0,0
586,2,2013-06-18,12938,2005,1,1,0,0
586,3,2013-06-19,11344,1928,1,1,0,0
586,4,2013-06-20,10933,1660,1,1,0,0
586,5,2013-06-21,12255,1965,1,1,0,0
586,6,2013-06-22,15862,2844,1,0,0,0
586,7,2013-06-23,0,0,0,0,0,0
586,1,2013-06-24,10707,1847,1,0,0,0
586,2,2013-06-25,10878,1852,1,0,0,0
586,3,2013-06-26,11378,2037,1,0,0,0
586,4,2013-06-27,10655,1807,1,0,0,0
586,5,2013-06-28,10891,1788,1,0,0,0
586,6,2013-06-29,16841,2744,1,0,0,0
586,7,2013-06-30,0,0,0,0,0,0
586,1,2013-07-01,16871,2485,1,1,0,0
586,2,2013-07-02,16878,2361,1,1,0,0
586,3,2013-07-03,14295,2235,1,1,0,0
586,4,2013-07-04,13829,2314,1,1,0,0
586,5,2013-07-05,13674,2145,1,1,0,0
586,6,2013-07-06,14509,2598,1,0,0,0
586,7,2013-07-07,0,0,0,0,0,0
586,1,2013-07-08,11625,1976,1,0,0,0
586,2,2013-07-09,10609,1870,1,0,0,0
586,3,2013-07-10,11995,2088,1,0,0,0
586,4,2013-07-11,11141,1881,1,0,0,0
586,5,2013-07-12,11351,1987,1,0,0,0
586,6,2013-07-13,15094,2569,1,0,0,0
586,7,2013-07-14,0,0,0,0,0,0
586,1,2013-07-15,19467,2638,1,1,0,0
586,2,2013-07-16,19272,2589,1,1,0,0
586,3,2013-07-17,19197,2753,1,1,0,0
586,4,2013-07-18,16651,2462,1,1,0,0
586,5,2013-07-19,17588,2408,1,1,0,0
586,6,2013-07-20,18252,2877,1,0,0,0
586,7,2013-07-21,0,0,0,0,0,0
586,1,2013-07-22,11741,2072,1,0,0,1
586,2,2013-07-23,10101,1910,1,0,0,1
586,3,2013-07-24,11261,2019,1,0,0,1
586,4,2013-07-25,10587,1912,1,0,0,1
586,5,2013-07-26,11253,1923,1,0,0,1
586,6,2013-07-27,11818,2191,1,0,0,0
586,7,2013-07-28,0,0,0,0,0,0
586,1,2013-07-29,17857,2552,1,1,0,1
586,2,2013-07-30,16953,2469,1,1,0,1
586,3,2013-07-31,17880,2577,1,1,0,1
586,4,2013-08-01,14339,2285,1,1,0,1
586,5,2013-08-02,11028,1853,1,1,0,1
586,6,2013-08-03,14800,2552,1,0,0,0
586,7,2013-08-04,0,0,0,0,0,0
586,1,2013-08-05,11244,1981,1,0,0,1
586,2,2013-08-06,11699,1991,1,0,0,1
586,3,2013-08-07,12093,2036,1,0,0,1
586,4,2013-08-08,11140,1921,1,0,0,1
586,5,2013-08-09,10922,1954,1,0,0,1
586,6,2013-08-10,14446,2453,1,0,0,0
586,7,2013-08-11,0,0,0,0,0,0
586,1,2013-08-12,18147,2573,1,1,0,1
586,2,2013-08-13,15341,2233,1,1,0,1
586,3,2013-08-14,16738,2579,1,1,0,1
586,4,2013-08-15,14175,2179,1,1,0,1
586,5,2013-08-16,13390,2151,1,1,0,1
586,6,2013-08-17,14391,2487,1,0,0,0
586,7,2013-08-18,0,0,0,0,0,0
586,1,2013-08-19,10746,1765,1,0,0,1
586,2,2013-08-20,11801,1994,1,0,0,1
586,3,2013-08-21,12763,2184,1,0,0,1
586,4,2013-08-22,10570,1882,1,0,0,1
586,5,2013-08-23,10511,1881,1,0,0,1
586,6,2013-08-24,13845,2539,1,0,0,0
586,7,2013-08-25,0,0,0,0,0,0
586,1,2013-08-26,17376,2464,1,1,0,1
586,2,2013-08-27,16638,2383,1,1,0,1
586,3,2013-08-28,16183,2442,1,1,0,1
586,4,2013-08-29,13984,2345,1,1,0,1
586,5,2013-08-30,16332,2473,1,1,0,1
586,6,2013-08-31,15818,2666,1,0,0,0
586,7,2013-09-01,0,0,0,0,0,0
586,1,2013-09-02,15731,2471,1,0,0,1
586,2,2013-09-03,16159,2575,1,0,0,1
586,3,2013-09-04,14359,2442,1,0,0,0
586,4,2013-09-05,10818,2006,1,0,0,0
586,5,2013-09-06,10669,1873,1,0,0,0
586,6,2013-09-07,16563,2909,1,0,0,0
586,7,2013-09-08,0,0,0,0,0,0
586,1,2013-09-09,19042,2569,1,1,0,0
586,2,2013-09-10,14169,1812,1,1,0,0
586,3,2013-09-11,16271,2481,1,1,0,0
586,4,2013-09-12,15172,2312,1,1,0,0
586,5,2013-09-13,16203,2299,1,1,0,0
586,6,2013-09-14,15426,2634,1,0,0,0
586,7,2013-09-15,0,0,0,0,0,0
586,1,2013-09-16,11182,1993,1,0,0,0
586,2,2013-09-17,10987,1929,1,0,0,0
586,3,2013-09-18,11488,2102,1,0,0,0
586,4,2013-09-19,11122,1934,1,0,0,0
586,5,2013-09-20,10873,1981,1,0,0,0
586,6,2013-09-21,15850,2679,1,0,0,0
586,7,2013-09-22,0,0,0,0,0,0
586,1,2013-09-23,17157,2220,1,1,0,0
586,2,2013-09-24,13536,2082,1,1,0,0
586,3,2013-09-25,14377,2284,1,1,0,0
586,4,2013-09-26,13351,2155,1,1,0,0
586,5,2013-09-27,13360,2151,1,1,0,0
586,6,2013-09-28,16259,2902,1,0,0,0
586,7,2013-09-29,0,0,0,0,0,0
586,1,2013-09-30,13552,2110,1,0,0,0
586,2,2013-10-01,12740,2158,1,0,0,0
586,3,2013-10-02,14351,2290,1,0,0,0
586,4,2013-10-03,0,0,0,0,a,0
586,5,2013-10-04,17148,2796,1,0,0,0
586,6,2013-10-05,17049,2947,1,0,0,0
586,7,2013-10-06,0,0,0,0,0,0
586,1,2013-10-07,20710,2688,1,1,0,0
586,2,2013-10-08,15913,2338,1,1,0,0
586,3,2013-10-09,14397,2228,1,1,0,0
586,4,2013-10-10,15436,2346,1,1,0,0
586,5,2013-10-11,12861,1864,1,1,0,0
586,6,2013-10-12,17003,2841,1,0,0,0
586,7,2013-10-13,0,0,0,0,0,0
586,1,2013-10-14,12979,2227,1,0,0,0
586,2,2013-10-15,13691,1938,1,0,0,0
586,3,2013-10-16,11960,2156,1,0,0,0
586,4,2013-10-17,12186,2094,1,0,0,0
586,5,2013-10-18,11741,2088,1,0,0,0
586,6,2013-10-19,16903,2834,1,0,0,0
586,7,2013-10-20,0,0,0,0,0,0
586,1,2013-10-21,17956,2620,1,1,0,1
586,2,2013-10-22,16192,2471,1,1,0,1
586,3,2013-10-23,15041,2458,1,1,0,1
586,4,2013-10-24,14252,2259,1,1,0,1
586,5,2013-10-25,13060,2131,1,1,0,1
586,6,2013-10-26,15035,2589,1,0,0,0
586,7,2013-10-27,0,0,0,0,0,0
586,1,2013-10-28,11735,1836,1,0,0,1
586,2,2013-10-29,11246,2019,1,0,0,1
586,3,2013-10-30,14380,2448,1,0,0,1
586,4,2013-10-31,14220,2310,1,0,0,1
586,5,2013-11-01,0,0,0,0,a,1
586,6,2013-11-02,18384,2949,1,0,0,0
586,7,2013-11-03,0,0,0,0,0,0
586,1,2013-11-04,16085,2123,1,1,0,0
586,2,2013-11-05,17370,2354,1,1,0,0
586,3,2013-11-06,15888,2360,1,1,0,0
586,4,2013-11-07,13776,2158,1,1,0,0
586,5,2013-11-08,14806,2236,1,1,0,0
586,6,2013-11-09,16394,2757,1,0,0,0
586,7,2013-11-10,0,0,0,0,0,0
586,1,2013-11-11,12353,1970,1,0,0,0
586,2,2013-11-12,11209,1878,1,0,0,0
586,3,2013-11-13,13174,2241,1,0,0,0
586,4,2013-11-14,11770,1944,1,0,0,0
586,5,2013-11-15,12156,1987,1,0,0,0
586,6,2013-11-16,17774,2776,1,0,0,0
586,7,2013-11-17,0,0,0,0,0,0
586,1,2013-11-18,17405,2402,1,1,0,0
586,2,2013-11-19,14898,2148,1,1,0,0
586,3,2013-11-20,16639,2465,1,1,0,0
586,4,2013-11-21,14597,2131,1,1,0,0
586,5,2013-11-22,14362,2139,1,1,0,0
586,6,2013-11-23,18384,2868,1,0,0,0
586,7,2013-11-24,0,0,0,0,0,0
586,1,2013-11-25,15022,2530,1,0,0,0
586,2,2013-11-26,14854,2521,1,0,0,0
586,3,2013-11-27,15852,2671,1,0,0,0
586,4,2013-11-28,15105,2547,1,0,0,0
586,5,2013-11-29,17988,2945,1,0,0,0
586,6,2013-11-30,26167,4380,1,0,0,0
586,7,2013-12-01,0,0,0,0,0,0
586,1,2013-12-02,25859,3522,1,1,0,0
586,2,2013-12-03,22016,3266,1,1,0,0
586,3,2013-12-04,22264,3365,1,1,0,0
586,4,2013-12-05,14803,2059,1,1,0,0
586,5,2013-12-06,18882,3066,1,1,0,0
586,6,2013-12-07,24937,4328,1,0,0,0
586,7,2013-12-08,0,0,0,0,0,0
586,1,2013-12-09,17100,2898,1,0,0,0
586,2,2013-12-10,17312,3075,1,0,0,0
586,3,2013-12-11,18962,3238,1,0,0,0
586,4,2013-12-12,17049,2940,1,0,0,0
586,5,2013-12-13,20116,3434,1,0,0,0
586,6,2013-12-14,25531,4394,1,0,0,0
586,7,2013-12-15,0,0,0,0,0,0
586,1,2013-12-16,32807,4391,1,1,0,0
586,2,2013-12-17,27986,4047,1,1,0,0
586,3,2013-12-18,28794,4356,1,1,0,0
586,4,2013-12-19,23357,3855,1,1,0,0
586,5,2013-12-20,27461,4357,1,1,0,0
586,6,2013-12-21,27974,4762,1,0,0,0
586,7,2013-12-22,0,0,0,0,0,0
586,1,2013-12-23,28328,4464,1,0,0,1
586,2,2013-12-24,6951,1038,1,0,0,1
586,3,2013-12-25,0,0,0,0,c,1
586,4,2013-12-26,0,0,0,0,c,1
586,5,2013-12-27,15785,2612,1,0,0,1
586,6,2013-12-28,15705,2533,1,0,0,0
586,7,2013-12-29,0,0,0,0,0,0
586,1,2013-12-30,19646,3063,1,0,0,1
586,2,2013-12-31,5981,996,1,0,0,1
586,3,2014-01-01,0,0,0,0,a,1
586,4,2014-01-02,14582,2362,1,0,0,1
586,5,2014-01-03,12994,2240,1,0,0,1
586,6,2014-01-04,15696,2547,1,0,0,0
586,7,2014-01-05,0,0,0,0,0,0
586,1,2014-01-06,18804,2582,1,1,0,1
586,2,2014-01-07,18638,2594,1,1,0,1
586,3,2014-01-08,15622,2296,1,1,0,0
586,4,2014-01-09,12188,1819,1,1,0,0
586,5,2014-01-10,14083,2122,1,1,0,0
586,6,2014-01-11,15623,2588,1,0,0,0
586,7,2014-01-12,0,0,0,0,0,0
586,1,2014-01-13,10719,1863,1,0,0,0
586,2,2014-01-14,11348,1885,1,0,0,0
586,3,2014-01-15,10960,1869,1,0,0,0
586,4,2014-01-16,10425,1747,1,0,0,0
586,5,2014-01-17,10775,1826,1,0,0,0
586,6,2014-01-18,15900,2691,1,0,0,0
586,7,2014-01-19,0,0,0,0,0,0
586,1,2014-01-20,17372,2248,1,1,0,0
586,2,2014-01-21,14886,2095,1,1,0,0
586,3,2014-01-22,14973,2230,1,1,0,0
586,4,2014-01-23,12951,1943,1,1,0,0
586,5,2014-01-24,13717,2046,1,1,0,0
586,6,2014-01-25,16394,2629,1,0,0,0
586,7,2014-01-26,0,0,0,0,0,0
586,1,2014-01-27,10830,1822,1,0,0,0
586,2,2014-01-28,11183,1871,1,0,0,0
586,3,2014-01-29,11041,1814,1,0,0,0
586,4,2014-01-30,11332,1886,1,0,0,0
586,5,2014-01-31,13010,2093,1,0,0,0
586,6,2014-02-01,16726,2543,1,0,0,0
586,7,2014-02-02,0,0,0,0,0,0
586,1,2014-02-03,21102,2597,1,1,0,0
586,2,2014-02-04,17885,2435,1,1,0,0
586,3,2014-02-05,17041,2433,1,1,0,0
586,4,2014-02-06,15160,2214,1,1,0,0
586,5,2014-02-07,12547,1846,1,1,0,0
586,6,2014-02-08,16988,2719,1,0,0,0
586,7,2014-02-09,0,0,0,0,0,0
586,1,2014-02-10,12626,2028,1,0,0,0
586,2,2014-02-11,10935,1906,1,0,0,0
586,3,2014-02-12,12692,2142,1,0,0,0
586,4,2014-02-13,9833,1693,1,0,0,0
586,5,2014-02-14,12325,2024,1,0,0,0
586,6,2014-02-15,15675,2668,1,0,0,0
586,7,2014-02-16,0,0,0,0,0,0
586,1,2014-02-17,18730,2468,1,1,0,0
586,2,2014-02-18,16044,2223,1,1,0,0
586,3,2014-02-19,15995,2335,1,1,0,0
586,4,2014-02-20,13388,2048,1,1,0,0
586,5,2014-02-21,12549,1944,1,1,0,0
586,6,2014-02-22,16253,2540,1,0,0,0
586,7,2014-02-23,0,0,0,0,0,0
586,1,2014-02-24,11938,2034,1,0,0,0
586,2,2014-02-25,11276,1918,1,0,0,0
586,3,2014-02-26,11826,1998,1,0,0,0
586,4,2014-02-27,10749,1746,1,0,0,0
586,5,2014-02-28,12853,2052,1,0,0,0
586,6,2014-03-01,18570,2987,1,0,0,0
586,7,2014-03-02,0,0,0,0,0,0
586,1,2014-03-03,0,0,0,1,0,0
586,2,2014-03-04,22356,2885,1,1,0,0
586,3,2014-03-05,18500,2523,1,1,0,0
586,4,2014-03-06,15948,2225,1,1,0,0
586,5,2014-03-07,15432,2203,1,1,0,0
586,6,2014-03-08,16548,2807,1,0,0,0
586,7,2014-03-09,0,0,0,0,0,0
586,1,2014-03-10,11625,1933,1,0,0,0
586,2,2014-03-11,11919,1804,1,0,0,0
586,3,2014-03-12,11943,2038,1,0,0,0
586,4,2014-03-13,11055,1850,1,0,0,0
586,5,2014-03-14,12034,1944,1,0,0,0
586,6,2014-03-15,16748,2552,1,0,0,0
586,7,2014-03-16,0,0,0,0,0,0
586,1,2014-03-17,16898,2339,1,1,0,0
586,2,2014-03-18,15126,2191,1,1,0,0
586,3,2014-03-19,15469,2344,1,1,0,0
586,4,2014-03-20,13836,2137,1,1,0,0
586,5,2014-03-21,12665,1919,1,1,0,0
586,6,2014-03-22,17320,2714,1,0,0,0
586,7,2014-03-23,0,0,0,0,0,0
586,1,2014-03-24,11252,1804,1,0,0,0
586,2,2014-03-25,11735,1912,1,0,0,0
586,3,2014-03-26,10919,1822,1,0,0,0
586,4,2014-03-27,9875,1697,1,0,0,0
586,5,2014-03-28,11672,1976,1,0,0,0
586,6,2014-03-29,16332,2766,1,0,0,0
586,7,2014-03-30,0,0,0,0,0,0
586,1,2014-03-31,18973,2487,1,1,0,0
586,2,2014-04-01,16927,2335,1,1,0,0
586,3,2014-04-02,16829,2534,1,1,0,0
586,4,2014-04-03,15903,2330,1,1,0,0
586,5,2014-04-04,14763,2232,1,1,0,0
586,6,2014-04-05,17576,2786,1,0,0,0
586,7,2014-04-06,0,0,0,0,0,0
586,1,2014-04-07,13680,2202,1,0,0,0
586,2,2014-04-08,12078,1902,1,0,0,0
586,3,2014-04-09,14597,2323,1,0,0,0
586,4,2014-04-10,11742,2036,1,0,0,0
586,5,2014-04-11,12605,2072,1,0,0,0
586,6,2014-04-12,17160,2818,1,0,0,0
586,7,2014-04-13,0,0,0,0,0,0
586,1,2014-04-14,19851,2717,1,1,0,1
586,2,2014-04-15,18336,2544,1,1,0,1
586,3,2014-04-16,19015,2878,1,1,0,1
586,4,2014-04-17,17529,2678,1,1,0,1
586,5,2014-04-18,0,0,0,1,b,1
586,6,2014-04-19,20128,3171,1,0,0,0
586,7,2014-04-20,0,0,0,0,0,0
586,1,2014-04-21,0,0,0,0,b,1
586,2,2014-04-22,13112,2273,1,0,0,1
586,3,2014-04-23,12982,2321,1,0,0,1
586,4,2014-04-24,12393,2079,1,0,0,1
586,5,2014-04-25,11078,2037,1,0,0,1
586,6,2014-04-26,15367,2484,1,0,0,0
586,7,2014-04-27,0,0,0,0,0,0
586,1,2014-04-28,17607,2421,1,1,0,0
586,2,2014-04-29,17216,2573,1,1,0,0
586,3,2014-04-30,17233,2544,1,1,0,0
586,4,2014-05-01,0,0,0,1,a,0
586,5,2014-05-02,21601,3015,1,1,0,0
586,6,2014-05-03,17873,2866,1,0,0,0
586,7,2014-05-04,0,0,0,0,0,0
586,1,2014-05-05,18564,2500,1,1,0,0
586,2,2014-05-06,16666,2264,1,1,0,0
586,3,2014-05-07,15992,2366,1,1,0,0
586,4,2014-05-08,14463,2169,1,1,0,0
586,5,2014-05-09,14997,2254,1,1,0,0
586,6,2014-05-10,16491,2641,1,0,0,0
586,7,2014-05-11,0,0,0,0,0,0
586,1,2014-05-12,11169,1895,1,0,0,0
586,2,2014-05-13,11826,1972,1,0,0,0
586,3,2014-05-14,12049,2053,1,0,0,0
586,4,2014-05-15,12612,2037,1,0,0,0
586,5,2014-05-16,12235,2096,1,0,0,0
586,6,2014-05-17,16462,2684,1,0,0,0
586,7,2014-05-18,0,0,0,0,0,0
586,1,2014-05-19,18417,2577,1,1,0,0
586,2,2014-05-20,16294,2394,1,1,0,0
586,3,2014-05-21,15909,2362,1,1,0,0
586,4,2014-05-22,13270,2167,1,1,0,0
586,5,2014-05-23,13136,1984,1,1,0,0
586,6,2014-05-24,16504,2775,1,0,0,0
586,7,2014-05-25,0,0,0,0,0,0
586,1,2014-05-26,10920,1810,1,0,0,0
586,2,2014-05-27,10783,1809,1,0,0,0
586,3,2014-05-28,11976,1919,1,0,0,0
586,4,2014-05-29,0,0,0,0,a,0
586,5,2014-05-30,20140,3120,1,0,0,0
586,6,2014-05-31,16424,2793,1,0,0,0
586,7,2014-06-01,0,0,0,0,0,0
586,1,2014-06-02,20161,2722,1,1,0,0
586,2,2014-06-03,17209,2533,1,1,0,0
586,3,2014-06-04,16130,2446,1,1,0,0
586,4,2014-06-05,15355,2238,1,1,0,0
586,5,2014-06-06,15076,2373,1,1,0,0
586,6,2014-06-07,16868,2853,1,0,0,0
586,7,2014-06-08,0,0,0,0,0,0
586,1,2014-06-09,0,0,0,0,a,0
586,2,2014-06-10,13010,2147,1,0,0,1
586,3,2014-06-11,13351,2076,1,0,0,0
586,4,2014-06-12,12224,2051,1,0,0,0
586,5,2014-06-13,12768,2026,1,0,0,0
586,6,2014-06-14,16427,2631,1,0,0,0
586,7,2014-06-15,0,0,0,0,0,0
586,1,2014-06-16,17595,2405,1,1,0,0
586,2,2014-06-17,18267,2597,1,1,0,0
586,3,2014-06-18,17561,2588,1,1,0,0
586,4,2014-06-19,0,0,0,1,a,0
586,5,2014-06-20,19987,2914,1,1,0,0
586,6,2014-06-21,15587,2762,1,0,0,0
586,7,2014-06-22,0,0,0,0,0,0
586,1,2014-06-23,12886,2139,1,0,0,0
586,2,2014-06-24,11348,2011,1,0,0,0
586,3,2014-06-25,12926,2197,1,0,0,0
586,4,2014-06-26,10504,1804,1,0,0,0
586,5,2014-06-27,12168,2084,1,0,0,0
586,6,2014-06-28,15999,2635,1,0,0,0
586,7,2014-06-29,0,0,0,0,0,0
586,1,2014-06-30,21155,2635,1,1,0,0
586,2,2014-07-01,19346,2643,1,1,0,0
586,3,2014-07-02,18267,2707,1,1,0,0
586,4,2014-07-03,16014,2474,1,1,0,0
586,5,2014-07-04,12265,1983,1,1,0,0
586,6,2014-07-05,16486,2667,1,0,0,0
586,7,2014-07-06,0,0,0,0,0,0
586,1,2014-07-07,15102,2388,1,0,0,1
586,2,2014-07-08,9469,1544,1,0,0,1
586,3,2014-07-09,11103,1811,1,0,0,1
586,4,2014-07-10,13394,2319,1,0,0,1
586,5,2014-07-11,12192,2012,1,0,0,1
586,6,2014-07-12,15972,2721,1,0,0,0
586,7,2014-07-13,0,0,0,0,0,0
586,1,2014-07-14,17069,2206,1,1,0,1
586,2,2014-07-15,18642,2507,1,1,0,1
586,3,2014-07-16,17886,2669,1,1,0,1
586,4,2014-07-17,14587,2247,1,1,0,1
586,5,2014-07-18,12152,2037,1,1,0,1
586,6,2014-07-19,12815,2360,1,0,0,0
586,7,2014-07-20,0,0,0,0,0,0
586,1,2014-07-21,11956,1834,1,0,0,1
586,2,2014-07-22,12844,2087,1,0,0,1
586,3,2014-07-23,13065,2286,1,0,0,1
586,4,2014-07-24,10794,1857,1,0,0,1
586,5,2014-07-25,11914,1869,1,0,0,1
586,6,2014-07-26,15172,2635,1,0,0,0
586,7,2014-07-27,0,0,0,0,0,0
586,1,2014-07-28,15162,2110,1,1,0,1
586,2,2014-07-29,12896,1883,1,1,0,1
586,3,2014-07-30,16276,2347,1,1,0,1
586,4,2014-07-31,17387,2463,1,1,0,1
586,5,2014-08-01,16047,2410,1,1,0,1
586,6,2014-08-02,15192,2539,1,0,0,0
586,7,2014-08-03,0,0,0,0,0,0
586,1,2014-08-04,18550,2662,1,1,0,1
586,2,2014-08-05,17897,2670,1,1,0,1
586,3,2014-08-06,19131,2857,1,1,0,1
586,4,2014-08-07,16439,2469,1,1,0,1
586,5,2014-08-08,14768,2323,1,1,0,1
586,6,2014-08-09,14859,2598,1,0,0,0
586,7,2014-08-10,0,0,0,0,0,0
586,1,2014-08-11,13832,2281,1,0,0,1
586,2,2014-08-12,13880,2163,1,0,0,1
586,3,2014-08-13,14691,2463,1,0,0,1
586,4,2014-08-14,12657,2052,1,0,0,1
586,5,2014-08-15,13065,2108,1,0,0,1
586,6,2014-08-16,16473,2744,1,0,0,0
586,7,2014-08-17,0,0,0,0,0,0
586,1,2014-08-18,20184,2759,1,1,0,1
586,2,2014-08-19,19277,2719,1,1,0,1
586,3,2014-08-20,18718,2680,1,1,0,0
586,4,2014-08-21,15721,2367,1,1,0,0
586,5,2014-08-22,14381,2185,1,1,0,0
586,6,2014-08-23,18109,2908,1,0,0,0
586,7,2014-08-24,0,0,0,0,0,0
586,1,2014-08-25,13046,2162,1,0,0,0
586,2,2014-08-26,11695,1921,1,0,0,0
586,3,2014-08-27,13404,2312,1,0,0,0
586,4,2014-08-28,11915,2111,1,0,0,0
586,5,2014-08-29,13967,2217,1,0,0,0
586,6,2014-08-30,16714,2796,1,0,0,0
586,7,2014-08-31,0,0,0,0,0,0
586,1,2014-09-01,20740,2736,1,1,0,0
586,2,2014-09-02,16473,2410,1,1,0,0
586,3,2014-09-03,18465,2661,1,1,0,0
586,4,2014-09-04,15363,2352,1,1,0,0
586,5,2014-09-05,14956,2308,1,1,0,0
586,6,2014-09-06,15534,2845,1,0,0,0
586,7,2014-09-07,0,0,0,0,0,0
586,1,2014-09-08,12710,2051,1,0,0,0
586,2,2014-09-09,11612,1873,1,0,0,0
586,3,2014-09-10,12370,2189,1,0,0,0
586,4,2014-09-11,11944,2056,1,0,0,0
586,5,2014-09-12,11214,1909,1,0,0,0
586,6,2014-09-13,16196,2726,1,0,0,0
586,7,2014-09-14,0,0,0,0,0,0
586,1,2014-09-15,18059,2453,1,1,0,0
586,2,2014-09-16,15010,2358,1,1,0,0
586,3,2014-09-17,15070,2442,1,1,0,0
586,4,2014-09-18,13743,2177,1,1,0,0
586,5,2014-09-19,13086,2265,1,1,0,0
586,6,2014-09-20,15280,2878,1,0,0,0
586,7,2014-09-21,0,0,0,0,0,0
586,1,2014-09-22,11964,1948,1,0,0,0
586,2,2014-09-23,11630,1950,1,0,0,0
586,3,2014-09-24,11800,2084,1,0,0,0
586,4,2014-09-25,11272,1976,1,0,0,0
586,5,2014-09-26,11113,1975,1,0,0,0
586,6,2014-09-27,16097,3007,1,0,0,0
586,7,2014-09-28,0,0,0,0,0,0
586,1,2014-09-29,18040,2445,1,1,0,0
586,2,2014-09-30,17883,2539,1,1,0,0
586,3,2014-10-01,18666,2725,1,1,0,0
586,4,2014-10-02,17343,2516,1,1,0,0
586,5,2014-10-03,0,0,0,1,a,0
586,6,2014-10-04,20901,3373,1,0,0,0
586,7,2014-10-05,0,0,0,0,0,0
586,1,2014-10-06,21016,2823,1,1,0,1
586,2,2014-10-07,14857,2281,1,1,0,1
586,3,2014-10-08,16714,2582,1,1,0,1
586,4,2014-10-09,16456,2501,1,1,0,1
586,5,2014-10-10,14728,2354,1,1,0,1
586,6,2014-10-11,16270,2773,1,0,0,0
586,7,2014-10-12,0,0,0,0,0,0
586,1,2014-10-13,12497,2254,1,0,0,1
586,2,2014-10-14,12602,2225,1,0,0,1
586,3,2014-10-15,14024,2396,1,0,0,1
586,4,2014-10-16,11902,2002,1,0,0,1
586,5,2014-10-17,11804,2110,1,0,0,1
586,6,2014-10-18,16114,2712,1,0,0,0
586,7,2014-10-19,0,0,0,0,0,0
586,1,2014-10-20,17012,2430,1,1,0,0
586,2,2014-10-21,12965,2005,1,1,0,0
586,3,2014-10-22,14744,2236,1,1,0,0
586,4,2014-10-23,14162,2213,1,1,0,0
586,5,2014-10-24,14002,2179,1,1,0,0
586,6,2014-10-25,16190,2773,1,0,0,0
586,7,2014-10-26,0,0,0,0,0,0
586,1,2014-10-27,12007,2118,1,0,0,0
586,2,2014-10-28,11845,2055,1,0,0,0
586,3,2014-10-29,11685,2051,1,0,0,0
586,4,2014-10-30,12890,2147,1,0,0,0
586,5,2014-10-31,15441,2508,1,0,0,0
586,6,2014-11-01,0,0,0,0,a,0
586,7,2014-11-02,0,0,0,0,0,0
586,1,2014-11-03,20157,2656,1,1,0,0
586,2,2014-11-04,16399,2330,1,1,0,0
586,3,2014-11-05,17866,2605,1,1,0,0
586,4,2014-11-06,16331,2386,1,1,0,0
586,5,2014-11-07,15628,2300,1,1,0,0
586,6,2014-11-08,19226,3088,1,0,0,0
586,7,2014-11-09,0,0,0,0,0,0
586,1,2014-11-10,17127,2468,1,1,0,0
586,2,2014-11-11,16079,2337,1,1,0,0
586,3,2014-11-12,16440,2483,1,1,0,0
586,4,2014-11-13,15548,2491,1,1,0,0
586,5,2014-11-14,14904,2196,1,1,0,0
586,6,2014-11-15,17409,2974,1,0,0,0
586,7,2014-11-16,0,0,0,0,0,0
586,1,2014-11-17,13303,2144,1,0,0,0
586,2,2014-11-18,11687,1883,1,0,0,0
586,3,2014-11-19,13571,2162,1,0,0,0
586,4,2014-11-20,12754,2023,1,0,0,0
586,5,2014-11-21,14262,2209,1,0,0,0
586,6,2014-11-22,19256,3003,1,0,0,0
586,7,2014-11-23,0,0,0,0,0,0
586,1,2014-11-24,21801,3123,1,1,0,0
586,2,2014-11-25,19642,2882,1,1,0,0
586,3,2014-11-26,19866,3028,1,1,0,0
586,4,2014-11-27,18358,2832,1,1,0,0
586,5,2014-11-28,22574,3393,1,1,0,0
586,6,2014-11-29,26420,4332,1,0,0,0
586,7,2014-11-30,0,0,0,0,0,0
586,1,2014-12-01,24498,3258,1,1,0,0
586,2,2014-12-02,22398,3209,1,1,0,0
586,3,2014-12-03,23131,3332,1,1,0,0
586,4,2014-12-04,21557,3242,1,1,0,0
586,5,2014-12-05,24005,3702,1,1,0,0
586,6,2014-12-06,23316,4242,1,0,0,0
586,7,2014-12-07,0,0,0,0,0,0
586,1,2014-12-08,17862,2961,1,0,0,0
586,2,2014-12-09,17391,2845,1,0,0,0
586,3,2014-12-10,16951,2879,1,0,0,0
586,4,2014-12-11,15320,2662,1,0,0,0
586,5,2014-12-12,16276,2690,1,0,0,0
586,6,2014-12-13,26887,4560,1,0,0,0
586,7,2014-12-14,0,0,0,0,0,0
586,1,2014-12-15,28816,3772,1,1,0,0
586,2,2014-12-16,28378,4025,1,1,0,0
586,3,2014-12-17,24632,3695,1,1,0,0
586,4,2014-12-18,23262,3681,1,1,0,0
586,5,2014-12-19,23331,3534,1,1,0,0
586,6,2014-12-20,27173,4389,1,0,0,0
586,7,2014-12-21,0,0,0,0,0,0
586,1,2014-12-22,28894,4458,1,0,0,1
586,2,2014-12-23,24214,3847,1,0,0,1
586,3,2014-12-24,7237,1078,1,0,0,1
586,4,2014-12-25,0,0,0,0,c,1
586,5,2014-12-26,0,0,0,0,c,1
586,6,2014-12-27,16609,2666,1,0,0,0
586,7,2014-12-28,0,0,0,0,0,0
586,1,2014-12-29,17659,2775,1,0,0,1
586,2,2014-12-30,17146,2688,1,0,0,1
586,3,2014-12-31,7369,1166,1,0,0,1
586,4,2015-01-01,0,0,0,0,a,1
586,5,2015-01-02,15682,2502,1,0,0,1
586,6,2015-01-03,15260,2533,1,0,0,0
586,7,2015-01-04,0,0,0,0,0,0
586,1,2015-01-05,19685,2785,1,1,0,1
586,2,2015-01-06,17263,2544,1,1,0,1
586,3,2015-01-07,16570,2443,1,1,0,0
586,4,2015-01-08,10086,1589,1,1,0,0
586,5,2015-01-09,12609,1926,1,1,0,0
586,6,2015-01-10,13187,2130,1,0,0,0
586,7,2015-01-11,0,0,0,0,0,0
586,1,2015-01-12,16407,2180,1,1,0,0
586,2,2015-01-13,13621,1965,1,1,0,0
586,3,2015-01-14,15704,2271,1,1,0,0
586,4,2015-01-15,12024,1811,1,1,0,0
586,5,2015-01-16,15954,2370,1,1,0,0
586,6,2015-01-17,17622,2867,1,0,0,0
586,7,2015-01-18,0,0,0,0,0,0
586,1,2015-01-19,11099,1860,1,0,0,0
586,2,2015-01-20,11140,1919,1,0,0,0
586,3,2015-01-21,11995,2061,1,0,0,0
586,4,2015-01-22,10709,1773,1,0,0,0
586,5,2015-01-23,11271,1815,1,0,0,0
586,6,2015-01-24,13510,2129,1,0,0,0
586,7,2015-01-25,0,0,0,0,0,0
586,1,2015-01-26,15783,2160,1,1,0,0
586,2,2015-01-27,15445,2257,1,1,0,0
586,3,2015-01-28,14267,2087,1,1,0,0
586,4,2015-01-29,13616,2019,1,1,0,0
586,5,2015-01-30,15073,2163,1,1,0,0
586,6,2015-01-31,18090,2877,1,0,0,0
586,7,2015-02-01,0,0,0,0,0,0
586,1,2015-02-02,19396,2566,1,1,0,0
586,2,2015-02-03,17372,2378,1,1,0,0
586,3,2015-02-04,16966,2477,1,1,0,0
586,4,2015-02-05,15531,2240,1,1,0,0
586,5,2015-02-06,15827,2299,1,1,0,0
586,6,2015-02-07,17470,2783,1,0,0,0
586,7,2015-02-08,0,0,0,0,0,0
586,1,2015-02-09,11827,2029,1,0,0,0
586,2,2015-02-10,11311,1958,1,0,0,0
586,3,2015-02-11,13621,2284,1,0,0,0
586,4,2015-02-12,10412,1757,1,0,0,0
586,5,2015-02-13,14136,2213,1,0,0,0
586,6,2015-02-14,18427,2995,1,0,0,0
586,7,2015-02-15,0,0,0,0,0,0
586,1,2015-02-16,0,0,0,1,0,0
586,2,2015-02-17,19338,2434,1,1,0,0
586,3,2015-02-18,17539,2486,1,1,0,0
586,4,2015-02-19,15258,2205,1,1,0,0
586,5,2015-02-20,13934,1951,1,1,0,0
586,6,2015-02-21,16870,2689,1,0,0,0
586,7,2015-02-22,0,0,0,0,0,0
586,1,2015-02-23,11577,1832,1,0,0,0
586,2,2015-02-24,12283,1940,1,0,0,0
586,3,2015-02-25,12577,2060,1,0,0,0
586,4,2015-02-26,12063,1958,1,0,0,0
586,5,2015-02-27,12756,1948,1,0,0,0
586,6,2015-02-28,18357,2896,1,0,0,0
586,7,2015-03-01,0,0,0,0,0,0
586,1,2015-03-02,19694,2537,1,1,0,0
586,2,2015-03-03,15914,2174,1,1,0,0
586,3,2015-03-04,17653,2507,1,1,0,0
586,4,2015-03-05,15005,2176,1,1,0,0
586,5,2015-03-06,14901,2206,1,1,0,0
586,6,2015-03-07,17562,2929,1,0,0,0
586,7,2015-03-08,0,0,0,0,0,0
586,1,2015-03-09,11770,1951,1,0,0,0
586,2,2015-03-10,10858,1909,1,0,0,0
586,3,2015-03-11,13475,2170,1,0,0,0
586,4,2015-03-12,11851,2001,1,0,0,0
586,5,2015-03-13,12040,1949,1,0,0,0
586,6,2015-03-14,16945,2620,1,0,0,0
586,7,2015-03-15,0,0,0,0,0,0
586,1,2015-03-16,20106,2686,1,1,0,0
586,2,2015-03-17,16608,2485,1,1,0,0
586,3,2015-03-18,17033,2545,1,1,0,0
586,4,2015-03-19,14658,2234,1,1,0,0
586,5,2015-03-20,13665,2072,1,1,0,0
586,6,2015-03-21,15874,2598,1,0,0,0
586,7,2015-03-22,0,0,0,0,0,0
586,1,2015-03-23,13381,2086,1,0,0,0
586,2,2015-03-24,12044,1931,1,0,0,0
586,3,2015-03-25,13366,2233,1,0,0,0
586,4,2015-03-26,11506,1914,1,0,0,0
586,5,2015-03-27,11914,1907,1,0,0,0
586,6,2015-03-28,16658,2765,1,0,0,0
586,7,2015-03-29,0,0,0,0,0,0
586,1,2015-03-30,20999,2681,1,1,0,1
586,2,2015-03-31,17611,2292,1,1,0,1
586,3,2015-04-01,20512,2700,1,1,0,1
586,4,2015-04-02,19680,2730,1,1,0,1
586,5,2015-04-03,0,0,0,1,b,1
586,6,2015-04-04,23452,3466,1,0,0,0
586,7,2015-04-05,0,0,0,0,0,0
586,1,2015-04-06,0,0,0,0,b,1
586,2,2015-04-07,16283,2723,1,0,0,1
586,3,2015-04-08,15285,2607,1,0,0,1
586,4,2015-04-09,13537,2367,1,0,0,1
586,5,2015-04-10,12801,2260,1,0,0,1
586,6,2015-04-11,16964,2705,1,0,0,0
586,7,2015-04-12,0,0,0,0,0,0
586,1,2015-04-13,20963,2655,1,1,0,0
586,2,2015-04-14,18487,2506,1,1,0,0
586,3,2015-04-15,17127,2582,1,1,0,0
586,4,2015-04-16,15082,2229,1,1,0,0
586,5,2015-04-17,15526,2305,1,1,0,0
586,6,2015-04-18,16867,2744,1,0,0,0
586,7,2015-04-19,0,0,0,0,0,0
586,1,2015-04-20,12269,2059,1,0,0,0
586,2,2015-04-21,11147,1883,1,0,0,0
586,3,2015-04-22,12838,2152,1,0,0,0
586,4,2015-04-23,11517,1920,1,0,0,0
586,5,2015-04-24,11768,1908,1,0,0,0
586,6,2015-04-25,16008,2663,1,0,0,0
586,7,2015-04-26,0,0,0,0,0,0
586,1,2015-04-27,18893,2448,1,1,0,0
586,2,2015-04-28,16181,2335,1,1,0,0
586,3,2015-04-29,18475,2561,1,1,0,0
586,4,2015-04-30,17420,2354,1,1,0,0
586,5,2015-05-01,0,0,0,1,a,0
586,6,2015-05-02,21678,3499,1,0,0,0
586,7,2015-05-03,0,0,0,0,0,0
586,1,2015-05-04,18665,2542,1,1,0,0
586,2,2015-05-05,16150,2211,1,1,0,0
586,3,2015-05-06,17070,2552,1,1,0,0
586,4,2015-05-07,14976,2252,1,1,0,0
586,5,2015-05-08,16031,2426,1,1,0,0
586,6,2015-05-09,16815,2893,1,0,0,0
586,7,2015-05-10,0,0,0,0,0,0
586,1,2015-05-11,12521,2112,1,0,0,0
586,2,2015-05-12,13207,2118,1,0,0,0
586,3,2015-05-13,15310,2435,1,0,0,0
586,4,2015-05-14,0,0,0,0,a,0
586,5,2015-05-15,18698,3012,1,0,0,0
586,6,2015-05-16,16687,2620,1,0,0,0
586,7,2015-05-17,0,0,0,0,0,0
586,1,2015-05-18,20227,2646,1,1,0,0
586,2,2015-05-19,16078,2333,1,1,0,0
586,3,2015-05-20,16309,2480,1,1,0,0
586,4,2015-05-21,15332,2249,1,1,0,0
586,5,2015-05-22,14843,2227,1,1,0,0
586,6,2015-05-23,17956,2825,1,0,0,0
586,7,2015-05-24,0,0,0,0,0,0
586,1,2015-05-25,0,0,0,0,a,0
586,2,2015-05-26,14538,2245,1,0,0,1
586,3,2015-05-27,13793,2253,1,0,0,0
586,4,2015-05-28,12281,1957,1,0,0,0
586,5,2015-05-29,13758,2091,1,0,0,0
586,6,2015-05-30,18082,2768,1,0,0,0
586,7,2015-05-31,0,0,0,0,0,0
586,1,2015-06-01,24632,3024,1,1,0,0
586,2,2015-06-02,19146,2569,1,1,0,0
586,3,2015-06-03,19412,2681,1,1,0,0
586,4,2015-06-04,0,0,0,1,a,0
586,5,2015-06-05,19478,3048,1,1,0,0
586,6,2015-06-06,16963,2797,1,0,0,0
586,7,2015-06-07,0,0,0,0,0,0
586,1,2015-06-08,13979,2121,1,0,0,0
586,2,2015-06-09,13494,2115,1,0,0,0
586,3,2015-06-10,13501,2272,1,0,0,0
586,4,2015-06-11,11792,2036,1,0,0,0
586,5,2015-06-12,11567,1969,1,0,0,0
586,6,2015-06-13,16627,2783,1,0,0,0
586,7,2015-06-14,0,0,0,0,0,0
586,1,2015-06-15,20822,2757,1,1,0,0
586,2,2015-06-16,17287,2477,1,1,0,0
586,3,2015-06-17,17508,2531,1,1,0,0
586,4,2015-06-18,15931,2244,1,1,0,0
586,5,2015-06-19,14549,2168,1,1,0,0
586,6,2015-06-20,16135,2634,1,0,0,0
586,7,2015-06-21,0,0,0,0,0,0
586,1,2015-06-22,11966,1923,1,0,0,0
586,2,2015-06-23,12068,2002,1,0,0,0
586,3,2015-06-24,13807,2247,1,0,0,0
586,4,2015-06-25,12019,2131,1,0,0,0
586,5,2015-06-26,12942,2058,1,0,0,0
586,6,2015-06-27,16086,2681,1,0,0,0
586,7,2015-06-28,0,0,0,0,0,0
586,1,2015-06-29,21885,2801,1,1,0,1
586,2,2015-06-30,20026,2609,1,1,0,1
586,3,2015-07-01,18540,2684,1,1,0,1
586,4,2015-07-02,14405,2115,1,1,0,1
586,5,2015-07-03,14102,2111,1,1,0,1
586,6,2015-07-04,11771,2048,1,0,0,0
586,7,2015-07-05,0,0,0,0,0,0
586,1,2015-07-06,15337,2442,1,0,0,1
586,2,2015-07-07,12933,2082,1,0,0,1
586,3,2015-07-08,13962,2208,1,0,0,1
586,4,2015-07-09,13249,2120,1,0,0,1
586,5,2015-07-10,12839,2273,1,0,0,1
586,6,2015-07-11,16063,3248,1,0,0,0
586,7,2015-07-12,0,0,0,0,0,0
586,1,2015-07-13,17138,2340,1,1,0,1
586,2,2015-07-14,17276,2440,1,1,0,1
586,3,2015-07-15,18176,2627,1,1,0,1
586,4,2015-07-16,14814,2371,1,1,0,1
586,5,2015-07-17,12933,2073,1,1,0,1
586,6,2015-07-18,16165,2592,1,0,0,0
586,7,2015-07-19,0,0,0,0,0,0
586,1,2015-07-20,14251,2257,1,0,0,1
586,2,2015-07-21,12563,2196,1,0,0,1
586,3,2015-07-22,13766,2323,1,0,0,1
586,4,2015-07-23,12770,2102,1,0,0,1
586,5,2015-07-24,12405,2105,1,0,0,1
586,6,2015-07-25,10531,1731,1,0,0,0
586,7,2015-07-26,0,0,0,0,0,0
586,1,2015-07-27,18520,2367,1,1,0,1
586,2,2015-07-28,17384,2350,1,1,0,1
586,3,2015-07-29,18568,2558,1,1,0,1
586,4,2015-07-30,16307,2279,1,1,0,1
586,5,2015-07-31,17879,2501,1,1,0,1
595,2,2013-01-01,0,0,0,0,a,1
595,3,2013-01-02,15890,2027,1,0,0,1
595,4,2013-01-03,13222,1729,1,0,0,1
595,5,2013-01-04,13958,1814,1,0,0,1
595,6,2013-01-05,15535,2003,1,0,0,0
595,7,2013-01-06,0,0,0,0,0,0
595,1,2013-01-07,20802,2157,1,1,0,0
595,2,2013-01-08,15150,1815,1,1,0,0
595,3,2013-01-09,14659,1799,1,1,0,0
595,4,2013-01-10,14034,1692,1,1,0,0
595,5,2013-01-11,14959,1863,1,1,0,0
595,6,2013-01-12,16450,1991,1,0,0,0
595,7,2013-01-13,0,0,0,0,0,0
595,1,2013-01-14,11187,1590,1,0,0,0
595,2,2013-01-15,10925,1556,1,0,0,0
595,3,2013-01-16,11269,1558,1,0,0,0
595,4,2013-01-17,11571,1512,1,0,0,0
595,5,2013-01-18,11867,1592,1,0,0,0
595,6,2013-01-19,16017,2098,1,0,0,0
595,7,2013-01-20,0,0,0,0,0,0
595,1,2013-01-21,19028,2084,1,1,0,0
595,2,2013-01-22,15387,1804,1,1,0,0
595,3,2013-01-23,14754,1766,1,1,0,0
595,4,2013-01-24,13336,1641,1,1,0,0
595,5,2013-01-25,14215,1763,1,1,0,0
595,6,2013-01-26,14660,1843,1,0,0,0
595,7,2013-01-27,0,0,0,0,0,0
595,1,2013-01-28,10512,1494,1,0,0,0
595,2,2013-01-29,10586,1427,1,0,0,0
595,3,2013-01-30,11153,1440,1,0,0,0
595,4,2013-01-31,15716,1804,1,0,0,0
595,5,2013-02-01,15496,1890,1,0,0,0
595,6,2013-02-02,17639,2098,1,0,0,0
595,7,2013-02-03,0,0,0,0,0,0
595,1,2013-02-04,20819,2257,1,1,0,1
595,2,2013-02-05,16103,1870,1,1,0,1
595,3,2013-02-06,15763,1834,1,1,0,1
595,4,2013-02-07,14233,1739,1,1,0,1
595,5,2013-02-08,14954,1845,1,1,0,1
595,6,2013-02-09,15337,1947,1,0,0,0
595,7,2013-02-10,0,0,0,0,0,0
595,1,2013-02-11,11939,1646,1,0,0,0
595,2,2013-02-12,11343,1576,1,0,0,0
595,3,2013-02-13,12293,1647,1,0,0,0
595,4,2013-02-14,12308,1621,1,0,0,0
595,5,2013-02-15,12462,1657,1,0,0,0
595,6,2013-02-16,15509,1984,1,0,0,0
595,7,2013-02-17,0,0,0,0,0,0
595,1,2013-02-18,19525,2046,1,1,0,0
595,2,2013-02-19,15044,1761,1,1,0,0
595,3,2013-02-20,15035,1765,1,1,0,0
595,4,2013-02-21,14311,1686,1,1,0,0
595,5,2013-02-22,15679,1905,1,1,0,0
595,6,2013-02-23,15363,1966,1,0,0,0
595,7,2013-02-24,0,0,0,0,0,0
595,1,2013-02-25,10912,1552,1,0,0,0
595,2,2013-02-26,10764,1440,1,0,0,0
595,3,2013-02-27,12083,1568,1,0,0,0
595,4,2013-02-28,15551,1781,1,0,0,0
595,5,2013-03-01,14623,1824,1,0,0,0
595,6,2013-03-02,17697,2126,1,0,0,0
595,7,2013-03-03,0,0,0,0,0,0
595,1,2013-03-04,19873,2121,1,1,0,0
595,2,2013-03-05,16206,1815,1,1,0,0
595,3,2013-03-06,15188,1789,1,1,0,0
595,4,2013-03-07,13507,1659,1,1,0,0
595,5,2013-03-08,14957,1802,1,1,0,0
595,6,2013-03-09,16140,1995,1,0,0,0
595,7,2013-03-10,0,0,0,0,0,0
595,1,2013-03-11,12862,1686,1,0,0,0
595,2,2013-03-12,11562,1559,1,0,0,0
595,3,2013-03-13,12112,1582,1,0,0,0
595,4,2013-03-14,11623,1531,1,0,0,0
595,5,2013-03-15,13907,1765,1,0,0,0
595,6,2013-03-16,16481,2063,1,0,0,0
595,7,2013-03-17,0,0,0,0,0,0
595,1,2013-03-18,20726,2163,1,1,0,0
595,2,2013-03-19,14658,1725,1,1,0,0
595,3,2013-03-20,15931,1858,1,1,0,0
595,4,2013-03-21,15195,1751,1,1,0,0
595,5,2013-03-22,16126,1941,1,1,0,0
595,6,2013-03-23,18512,2157,1,0,0,0
595,7,2013-03-24,0,0,0,0,0,0
595,1,2013-03-25,21989,2406,1,1,0,1
595,2,2013-03-26,18256,2145,1,1,0,1
595,3,2013-03-27,19908,2240,1,1,0,1
595,4,2013-03-28,24655,2668,1,1,0,1
595,5,2013-03-29,0,0,0,1,b,1
595,6,2013-03-30,26556,2946,1,0,0,0
595,7,2013-03-31,0,0,0,0,0,0
595,1,2013-04-01,0,0,0,0,b,1
595,2,2013-04-02,16271,2047,1,0,0,1
595,3,2013-04-03,13636,1791,1,0,0,1
595,4,2013-04-04,12444,1664,1,0,0,1
595,5,2013-04-05,13174,1729,1,0,0,1
595,6,2013-04-06,15864,1968,1,0,0,0
595,7,2013-04-07,0,0,0,0,0,0
595,1,2013-04-08,19572,2121,1,1,0,0
595,2,2013-04-09,15303,1778,1,1,0,0
595,3,2013-04-10,15047,1751,1,1,0,0
595,4,2013-04-11,13228,1658,1,1,0,0
595,5,2013-04-12,15183,1845,1,1,0,0
595,6,2013-04-13,15178,1912,1,0,0,0
595,7,2013-04-14,0,0,0,0,0,0
595,1,2013-04-15,10601,1466,1,0,0,0
595,2,2013-04-16,11026,1488,1,0,0,0
595,3,2013-04-17,10880,1450,1,0,0,0
595,4,2013-04-18,9510,1333,1,0,0,0
595,5,2013-04-19,11099,1539,1,0,0,0
595,6,2013-04-20,13533,1719,1,0,0,0
595,7,2013-04-21,0,0,0,0,0,0
595,1,2013-04-22,17569,1929,1,1,0,0
595,2,2013-04-23,15577,1797,1,1,0,0
595,3,2013-04-24,14312,1654,1,1,0,0
595,4,2013-04-25,12690,1537,1,1,0,0
595,5,2013-04-26,13615,1574,1,1,0,0
595,6,2013-04-27,16022,1951,1,0,0,0
595,7,2013-04-28,0,0,0,0,0,0
595,1,2013-04-29,19024,2009,1,1,0,0
595,2,2013-04-30,21081,2257,1,1,0,0
595,3,2013-05-01,0,0,0,1,a,0
595,4,2013-05-02,19327,2204,1,1,0,0
595,5,2013-05-03,17546,2035,1,1,0,0
595,6,2013-05-04,13432,1661,1,0,0,0
595,7,2013-05-05,0,0,0,0,0,0
595,1,2013-05-06,12749,1643,1,0,0,0
595,2,2013-05-07,12935,1700,1,0,0,0
595,3,2013-05-08,14745,1827,1,0,0,0
595,4,2013-05-09,0,0,0,0,a,0
595,5,2013-05-10,17325,2101,1,0,0,1
595,6,2013-05-11,14902,1898,1,0,0,0
595,7,2013-05-12,0,0,0,0,0,0
595,1,2013-05-13,18653,2026,1,1,0,0
595,2,2013-05-14,15972,1815,1,1,0,0
595,3,2013-05-15,14203,1681,1,1,0,0
595,4,2013-05-16,13154,1633,1,1,0,0
595,5,2013-05-17,13973,1682,1,1,0,0
595,6,2013-05-18,15461,1858,1,0,0,0
595,7,2013-05-19,0,0,0,0,0,0
595,1,2013-05-20,0,0,0,0,a,0
595,2,2013-05-21,14235,1906,1,0,0,1
595,3,2013-05-22,12692,1628,1,0,0,0
595,4,2013-05-23,12305,1607,1,0,0,0
595,5,2013-05-24,11803,1568,1,0,0,0
595,6,2013-05-25,15014,1844,1,0,0,0
595,7,2013-05-26,0,0,0,0,0,0
595,1,2013-05-27,19895,2109,1,1,0,0
595,2,2013-05-28,15970,1747,1,1,0,0
595,3,2013-05-29,15678,1745,1,1,0,0
595,4,2013-05-30,14671,1709,1,1,0,0
595,5,2013-05-31,19986,2166,1,1,0,0
595,6,2013-06-01,18077,2094,1,0,0,0
595,7,2013-06-02,0,0,0,0,0,0
595,1,2013-06-03,18582,2047,1,1,0,0
595,2,2013-06-04,14647,1738,1,1,0,0
595,3,2013-06-05,13764,1606,1,1,0,0
595,4,2013-06-06,13756,1655,1,1,0,0
595,5,2013-06-07,13306,1610,1,1,0,0
595,6,2013-06-08,12929,1576,1,0,0,0
595,7,2013-06-09,0,0,0,0,0,0
595,1,2013-06-10,12695,1617,1,0,0,0
595,2,2013-06-11,10753,1453,1,0,0,0
595,3,2013-06-12,10905,1422,1,0,0,0
595,4,2013-06-13,11011,1481,1,0,0,0
595,5,2013-06-14,12233,1543,1,0,0,0
595,6,2013-06-15,14925,1756,1,0,0,0
595,7,2013-06-16,0,0,0,0,0,0
595,1,2013-06-17,20388,2131,1,1,0,0
595,2,2013-06-18,15840,1742,1,1,0,0
595,3,2013-06-19,14129,1622,1,1,0,1
595,4,2013-06-20,13730,1595,1,1,0,1
595,5,2013-06-21,15744,1812,1,1,0,1
595,6,2013-06-22,14017,1667,1,0,0,0
595,7,2013-06-23,0,0,0,0,0,0
595,1,2013-06-24,12996,1665,1,0,0,1
595,2,2013-06-25,10497,1420,1,0,0,1
595,3,2013-06-26,12799,1591,1,0,0,1
595,4,2013-06-27,12091,1504,1,0,0,1
595,5,2013-06-28,16135,1768,1,0,0,1
595,6,2013-06-29,16896,1928,1,0,0,0
595,7,2013-06-30,0,0,0,0,0,0
595,1,2013-07-01,20629,2183,1,1,0,1
595,2,2013-07-02,16709,1894,1,1,0,1
595,3,2013-07-03,14922,1771,1,1,0,1
595,4,2013-07-04,15104,1702,1,1,0,1
595,5,2013-07-05,15065,1790,1,1,0,1
595,6,2013-07-06,13659,1552,1,0,0,0
595,7,2013-07-07,0,0,0,0,0,0
595,1,2013-07-08,12589,1569,1,0,0,1
595,2,2013-07-09,11083,1442,1,0,0,1
595,3,2013-07-10,10783,1477,1,0,0,1
595,4,2013-07-11,11566,1501,1,0,0,1
595,5,2013-07-12,12389,1524,1,0,0,1
595,6,2013-07-13,12140,1493,1,0,0,0
595,7,2013-07-14,0,0,0,0,0,0
595,1,2013-07-15,20954,2127,1,1,0,1
595,2,2013-07-16,15537,1734,1,1,0,1
595,3,2013-07-17,13855,1597,1,1,0,1
595,4,2013-07-18,13423,1593,1,1,0,1
595,5,2013-07-19,14318,1708,1,1,0,1
595,6,2013-07-20,11632,1473,1,0,0,0
595,7,2013-07-21,0,0,0,0,0,0
595,1,2013-07-22,11881,1544,1,0,0,1
595,2,2013-07-23,10269,1366,1,0,0,1
595,3,2013-07-24,11101,1453,1,0,0,1
595,4,2013-07-25,10434,1372,1,0,0,1
595,5,2013-07-26,10899,1434,1,0,0,1
595,6,2013-07-27,11628,1414,1,0,0,0
595,7,2013-07-28,0,0,0,0,0,0
595,1,2013-07-29,22047,2215,1,1,0,1
595,2,2013-07-30,18287,1947,1,1,0,1
595,3,2013-07-31,22223,2217,1,1,0,1
595,4,2013-08-01,18313,2027,1,1,0,1
595,5,2013-08-02,15959,1891,1,1,0,1
595,6,2013-08-03,14212,1763,1,0,0,0
595,7,2013-08-04,0,0,0,0,0,0
595,1,2013-08-05,15238,1938,1,0,0,0
595,2,2013-08-06,11984,1566,1,0,0,0
595,3,2013-08-07,12320,1638,1,0,0,0
595,4,2013-08-08,11681,1552,1,0,0,0
595,5,2013-08-09,13498,1692,1,0,0,0
595,6,2013-08-10,12657,1594,1,0,0,0
595,7,2013-08-11,0,0,0,0,0,0
595,1,2013-08-12,21233,2255,1,1,0,0
595,2,2013-08-13,17160,1917,1,1,0,0
595,3,2013-08-14,17059,1872,1,1,0,0
595,4,2013-08-15,14549,1743,1,1,0,0
595,5,2013-08-16,14421,1744,1,1,0,0
595,6,2013-08-17,12156,1585,1,0,0,0
595,7,2013-08-18,0,0,0,0,0,0
595,1,2013-08-19,12658,1669,1,0,0,0
595,2,2013-08-20,11436,1531,1,0,0,0
595,3,2013-08-21,10652,1456,1,0,0,0
595,4,2013-08-22,9568,1375,1,0,0,0
595,5,2013-08-23,10505,1461,1,0,0,0
595,6,2013-08-24,12294,1582,1,0,0,0
595,7,2013-08-25,0,0,0,0,0,0
595,1,2013-08-26,18450,1991,1,1,0,0
595,2,2013-08-27,15496,1717,1,1,0,0
595,3,2013-08-28,14598,1686,1,1,0,0
595,4,2013-08-29,14877,1700,1,1,0,0
595,5,2013-08-30,17970,1952,1,1,0,0
595,6,2013-08-31,15711,1836,1,0,0,0
595,7,2013-09-01,0,0,0,0,0,0
595,1,2013-09-02,13324,1756,1,0,0,0
595,2,2013-09-03,12039,1657,1,0,0,0
595,3,2013-09-04,11930,1575,1,0,0,0
595,4,2013-09-05,10764,1474,1,0,0,0
595,5,2013-09-06,11606,1492,1,0,0,0
595,6,2013-09-07,12710,1525,1,0,0,0
595,7,2013-09-08,0,0,0,0,0,0
595,1,2013-09-09,19111,1935,1,1,0,0
595,2,2013-09-10,16294,1822,1,1,0,0
595,3,2013-09-11,15944,1782,1,1,0,0
595,4,2013-09-12,14405,1724,1,1,0,0
595,5,2013-09-13,14838,1791,1,1,0,0
595,6,2013-09-14,13567,1643,1,0,0,0
595,7,2013-09-15,0,0,0,0,0,0
595,1,2013-09-16,11674,1594,1,0,0,0
595,2,2013-09-17,10171,1384,1,0,0,0
595,3,2013-09-18,10462,1466,1,0,0,0
595,4,2013-09-19,10621,1484,1,0,0,0
595,5,2013-09-20,10864,1494,1,0,0,0
595,6,2013-09-21,14327,1789,1,0,0,0
595,7,2013-09-22,0,0,0,0,0,0
595,1,2013-09-23,15947,1790,1,1,0,0
595,2,2013-09-24,14155,1640,1,1,0,0
595,3,2013-09-25,13920,1657,1,1,0,0
595,4,2013-09-26,13554,1571,1,1,0,0
595,5,2013-09-27,14581,1746,1,1,0,0
595,6,2013-09-28,15031,1794,1,0,0,0
595,7,2013-09-29,0,0,0,0,0,0
595,1,2013-09-30,16054,1943,1,0,0,1
595,2,2013-10-01,14185,1784,1,0,0,1
595,3,2013-10-02,14331,1812,1,0,0,1
595,4,2013-10-03,0,0,0,0,a,1
595,5,2013-10-04,16279,2003,1,0,0,1
595,6,2013-10-05,13976,1781,1,0,0,0
595,7,2013-10-06,0,0,0,0,0,0
595,1,2013-10-07,20222,2138,1,1,0,1
595,2,2013-10-08,15502,1740,1,1,0,1
595,3,2013-10-09,14962,1714,1,1,0,1
595,4,2013-10-10,14021,1651,1,1,0,1
595,5,2013-10-11,14918,1831,1,1,0,1
595,6,2013-10-12,14960,1860,1,0,0,0
595,7,2013-10-13,0,0,0,0,0,0
595,1,2013-10-14,12086,1558,1,0,0,0
595,2,2013-10-15,11459,1491,1,0,0,0
595,3,2013-10-16,11456,1518,1,0,0,0
595,4,2013-10-17,10861,1453,1,0,0,0
595,5,2013-10-18,11909,1554,1,0,0,0
595,6,2013-10-19,14239,1781,1,0,0,0
595,7,2013-10-20,0,0,0,0,0,0
595,1,2013-10-21,16810,1835,1,1,0,0
595,2,2013-10-22,13966,1661,1,1,0,0
595,3,2013-10-23,13073,1615,1,1,0,0
595,4,2013-10-24,11751,1504,1,1,0,0
595,5,2013-10-25,13341,1665,1,1,0,0
595,6,2013-10-26,13465,1760,1,0,0,0
595,7,2013-10-27,0,0,0,0,0,0
595,1,2013-10-28,11788,1575,1,0,0,0
595,2,2013-10-29,11410,1492,1,0,0,0
595,3,2013-10-30,12759,1587,1,0,0,0
595,4,2013-10-31,14169,1775,1,0,0,0
595,5,2013-11-01,14806,1737,1,0,0,0
595,6,2013-11-02,16179,1928,1,0,0,0
595,7,2013-11-03,0,0,0,0,0,0
595,1,2013-11-04,18881,1916,1,1,0,0
595,2,2013-11-05,16704,1863,1,1,0,0
595,3,2013-11-06,16186,1800,1,1,0,0
595,4,2013-11-07,13993,1670,1,1,0,0
595,5,2013-11-08,14596,1773,1,1,0,0
595,6,2013-11-09,15383,1901,1,0,0,0
595,7,2013-11-10,0,0,0,0,0,0
595,1,2013-11-11,11005,1529,1,0,0,0
595,2,2013-11-12,10913,1454,1,0,0,0
595,3,2013-11-13,11020,1468,1,0,0,0
595,4,2013-11-14,10883,1416,1,0,0,0
595,5,2013-11-15,13101,1586,1,0,0,0
595,6,2013-11-16,16839,1981,1,0,0,0
595,7,2013-11-17,0,0,0,0,0,0
595,1,2013-11-18,19241,2073,1,1,0,0
595,2,2013-11-19,17019,1852,1,1,0,0
595,3,2013-11-20,15309,1745,1,1,0,0
595,4,2013-11-21,14671,1724,1,1,0,0
595,5,2013-11-22,15492,1811,1,1,0,0
595,6,2013-11-23,16726,2040,1,0,0,0
595,7,2013-11-24,0,0,0,0,0,0
595,1,2013-11-25,13785,1673,1,0,0,0
595,2,2013-11-26,13556,1629,1,0,0,0
595,3,2013-11-27,13027,1606,1,0,0,0
595,4,2013-11-28,13323,1627,1,0,0,0
595,5,2013-11-29,18489,2040,1,0,0,0
595,6,2013-11-30,23356,2511,1,0,0,0
595,7,2013-12-01,0,0,0,0,0,0
595,1,2013-12-02,26107,2553,1,1,0,0
595,2,2013-12-03,21293,2244,1,1,0,0
595,3,2013-12-04,21062,2163,1,1,0,0
595,4,2013-12-05,22157,2315,1,1,0,0
595,5,2013-12-06,15736,1754,1,1,0,0
595,6,2013-12-07,18529,2151,1,0,0,0
595,7,2013-12-08,0,0,0,0,0,0
595,1,2013-12-09,13946,1759,1,0,0,0
595,2,2013-12-10,14613,1771,1,0,0,0
595,3,2013-12-11,14201,1772,1,0,0,0
595,4,2013-12-12,14243,1692,1,0,0,0
595,5,2013-12-13,15641,1827,1,0,0,0
595,6,2013-12-14,20129,2238,1,0,0,0
595,7,2013-12-15,0,0,0,0,0,0
595,1,2013-12-16,31415,2802,1,1,0,0
595,2,2013-12-17,25883,2538,1,1,0,0
595,3,2013-12-18,25471,2513,1,1,0,0
595,4,2013-12-19,22668,2433,1,1,0,0
595,5,2013-12-20,23929,2517,1,1,0,0
595,6,2013-12-21,24317,2701,1,0,0,0
595,7,2013-12-22,0,0,0,0,0,0
595,1,2013-12-23,25921,3025,1,0,0,1
595,2,2013-12-24,9524,1197,1,0,0,1
595,3,2013-12-25,0,0,0,0,c,1
595,4,2013-12-26,0,0,0,0,c,1
595,5,2013-12-27,19347,2276,1,0,0,1
595,6,2013-12-28,17833,2153,1,0,0,0
595,7,2013-12-29,0,0,0,0,0,0
595,1,2013-12-30,22027,2584,1,0,0,1
595,2,2013-12-31,8820,1135,1,0,0,1
595,3,2014-01-01,0,0,0,0,a,1
595,4,2014-01-02,15040,1943,1,0,0,1
595,5,2014-01-03,15371,1858,1,0,0,1
595,6,2014-01-04,15492,1979,1,0,0,0
595,7,2014-01-05,0,0,0,0,0,0
595,1,2014-01-06,20369,2100,1,1,0,0
595,2,2014-01-07,16912,1939,1,1,0,0
595,3,2014-01-08,14468,1676,1,1,0,0
595,4,2014-01-09,12887,1585,1,1,0,0
595,5,2014-01-10,14731,1780,1,1,0,0
595,6,2014-01-11,14438,1831,1,0,0,0
595,7,2014-01-12,0,0,0,0,0,0
595,1,2014-01-13,11138,1509,1,0,0,0
595,2,2014-01-14,10933,1455,1,0,0,0
595,3,2014-01-15,11106,1453,1,0,0,0
595,4,2014-01-16,10384,1399,1,0,0,0
595,5,2014-01-17,11605,1595,1,0,0,0
595,6,2014-01-18,15584,1879,1,0,0,0
595,7,2014-01-19,0,0,0,0,0,0
595,1,2014-01-20,13954,1455,1,1,0,0
595,2,2014-01-21,15633,1685,1,1,0,0
595,3,2014-01-22,15470,1722,1,1,0,0
595,4,2014-01-23,14370,1638,1,1,0,0
595,5,2014-01-24,14105,1757,1,1,0,0
595,6,2014-01-25,14273,1782,1,0,0,0
595,7,2014-01-26,0,0,0,0,0,0
595,1,2014-01-27,10379,1382,1,0,0,0
595,2,2014-01-28,10613,1431,1,0,0,0
595,3,2014-01-29,10867,1430,1,0,0,0
595,4,2014-01-30,11593,1504,1,0,0,0
595,5,2014-01-31,16785,1949,1,0,0,0
595,6,2014-02-01,17914,2079,1,0,0,0
595,7,2014-02-02,0,0,0,0,0,0
595,1,2014-02-03,22232,2262,1,1,0,1
595,2,2014-02-04,17680,1898,1,1,0,1
595,3,2014-02-05,15940,1819,1,1,0,1
595,4,2014-02-06,14053,1724,1,1,0,1
595,5,2014-02-07,14109,1709,1,1,0,1
595,6,2014-02-08,14790,1835,1,0,0,0
595,7,2014-02-09,0,0,0,0,0,0
595,1,2014-02-10,12061,1603,1,0,0,0
595,2,2014-02-11,11351,1502,1,0,0,0
595,3,2014-02-12,11532,1487,1,0,0,0
595,4,2014-02-13,11950,1556,1,0,0,0
595,5,2014-02-14,13203,1654,1,0,0,0
595,6,2014-02-15,15038,1868,1,0,0,0
595,7,2014-02-16,0,0,0,0,0,0
595,1,2014-02-17,18847,1987,1,1,0,0
595,2,2014-02-18,15445,1729,1,1,0,0
595,3,2014-02-19,13959,1649,1,1,0,0
595,4,2014-02-20,14019,1653,1,1,0,0
595,5,2014-02-21,14248,1715,1,1,0,0
595,6,2014-02-22,14561,1864,1,0,0,0
595,7,2014-02-23,0,0,0,0,0,0
595,1,2014-02-24,10740,1506,1,0,0,0
595,2,2014-02-25,10318,1371,1,0,0,0
595,3,2014-02-26,11518,1380,1,0,0,0
595,4,2014-02-27,10808,1405,1,0,0,0
595,5,2014-02-28,15879,1898,1,0,0,0
595,6,2014-03-01,17674,2065,1,0,0,0
595,7,2014-03-02,0,0,0,0,0,0
595,1,2014-03-03,20655,2150,1,1,0,0
595,2,2014-03-04,16129,1820,1,1,0,0
595,3,2014-03-05,15785,1763,1,1,0,0
595,4,2014-03-06,14621,1699,1,1,0,0
595,5,2014-03-07,15583,1810,1,1,0,0
595,6,2014-03-08,12595,1659,1,0,0,0
595,7,2014-03-09,0,0,0,0,0,0
595,1,2014-03-10,10188,1411,1,0,0,0
595,2,2014-03-11,9725,1384,1,0,0,0
595,3,2014-03-12,10724,1448,1,0,0,0
595,4,2014-03-13,10641,1393,1,0,0,0
595,5,2014-03-14,12158,1563,1,0,0,0
595,6,2014-03-15,15954,1944,1,0,0,0
595,7,2014-03-16,0,0,0,0,0,0
595,1,2014-03-17,18362,1963,1,1,0,0
595,2,2014-03-18,15848,1769,1,1,0,0
595,3,2014-03-19,14292,1644,1,1,0,0
595,4,2014-03-20,12686,1534,1,1,0,0
595,5,2014-03-21,12706,1607,1,1,0,0
595,6,2014-03-22,15669,1891,1,0,0,0
595,7,2014-03-23,0,0,0,0,0,0
595,1,2014-03-24,12450,1528,1,0,0,0
595,2,2014-03-25,11205,1448,1,0,0,0
595,3,2014-03-26,10751,1473,1,0,0,0
595,4,2014-03-27,10758,1366,1,0,0,0
595,5,2014-03-28,12190,1485,1,0,0,0
595,6,2014-03-29,13388,1649,1,0,0,0
595,7,2014-03-30,0,0,0,0,0,0
595,1,2014-03-31,23286,2171,1,1,0,0
595,2,2014-04-01,17744,1928,1,1,0,0
595,3,2014-04-02,16018,1761,1,1,0,0
595,4,2014-04-03,14115,1638,1,1,0,0
595,5,2014-04-04,15473,1809,1,1,0,0
595,6,2014-04-05,15194,1806,1,0,0,0
595,7,2014-04-06,0,0,0,0,0,0
595,1,2014-04-07,12499,1583,1,0,0,0
595,2,2014-04-08,11447,1503,1,0,0,0
595,3,2014-04-09,12500,1540,1,0,0,0
595,4,2014-04-10,12598,1534,1,0,0,0
595,5,2014-04-11,12911,1600,1,0,0,0
595,6,2014-04-12,15278,1797,1,0,0,0
595,7,2014-04-13,0,0,0,0,0,0
595,1,2014-04-14,22288,2249,1,1,0,1
595,2,2014-04-15,20716,2220,1,1,0,1
595,3,2014-04-16,19811,2131,1,1,0,1
595,4,2014-04-17,19558,2264,1,1,0,1
595,5,2014-04-18,0,0,0,1,b,1
595,6,2014-04-19,18092,2178,1,0,0,0
595,7,2014-04-20,0,0,0,0,0,0
595,1,2014-04-21,0,0,0,0,b,1
595,2,2014-04-22,13436,1708,1,0,0,1
595,3,2014-04-23,11098,1519,1,0,0,1
595,4,2014-04-24,11906,1528,1,0,0,1
595,5,2014-04-25,10987,1489,1,0,0,1
595,6,2014-04-26,11947,1478,1,0,0,0
595,7,2014-04-27,0,0,0,0,0,0
595,1,2014-04-28,19623,2032,1,1,0,0
595,2,2014-04-29,16545,1804,1,1,0,0
595,3,2014-04-30,19871,2091,1,1,0,0
595,4,2014-05-01,0,0,0,1,a,0
595,5,2014-05-02,22659,2450,1,1,0,1
595,6,2014-05-03,14274,1735,1,0,0,0
595,7,2014-05-04,0,0,0,0,0,0
595,1,2014-05-05,18954,1974,1,1,0,0
595,2,2014-05-06,16175,1727,1,1,0,0
595,3,2014-05-07,15159,1692,1,1,0,0
595,4,2014-05-08,14501,1663,1,1,0,0
595,5,2014-05-09,14470,1739,1,1,0,0
595,6,2014-05-10,15247,1846,1,0,0,0
595,7,2014-05-11,0,0,0,0,0,0
595,1,2014-05-12,12224,1622,1,0,0,0
595,2,2014-05-13,11641,1515,1,0,0,0
595,3,2014-05-14,11938,1530,1,0,0,0
595,4,2014-05-15,11295,1472,1,0,0,0
595,5,2014-05-16,11456,1489,1,0,0,0
595,6,2014-05-17,13420,1617,1,0,0,0
595,7,2014-05-18,0,0,0,0,0,0
595,1,2014-05-19,18842,2029,1,1,0,0
595,2,2014-05-20,14084,1588,1,1,0,0
595,3,2014-05-21,13236,1572,1,1,0,0
595,4,2014-05-22,12250,1486,1,1,0,0
595,5,2014-05-23,13619,1656,1,1,0,0
595,6,2014-05-24,13827,1685,1,0,0,0
595,7,2014-05-25,0,0,0,0,0,0
595,1,2014-05-26,13143,1633,1,0,0,0
595,2,2014-05-27,12149,1526,1,0,0,0
595,3,2014-05-28,15631,1930,1,0,0,0
595,4,2014-05-29,0,0,0,0,a,0
595,5,2014-05-30,21172,2380,1,0,0,1
595,6,2014-05-31,16162,1881,1,0,0,0
595,7,2014-06-01,0,0,0,0,0,0
595,1,2014-06-02,20612,2086,1,1,0,0
595,2,2014-06-03,17524,1880,1,1,0,0
595,3,2014-06-04,15272,1730,1,1,0,0
595,4,2014-06-05,15030,1748,1,1,0,0
595,5,2014-06-06,14643,1728,1,1,0,0
595,6,2014-06-07,13653,1676,1,0,0,0
595,7,2014-06-08,0,0,0,0,0,0
595,1,2014-06-09,0,0,0,0,a,0
595,2,2014-06-10,13246,1631,1,0,0,0
595,3,2014-06-11,12083,1531,1,0,0,0
595,4,2014-06-12,12504,1590,1,0,0,0
595,5,2014-06-13,13215,1552,1,0,0,0
595,6,2014-06-14,15101,1823,1,0,0,0
595,7,2014-06-15,0,0,0,0,0,0
595,1,2014-06-16,18835,1905,1,1,0,0
595,2,2014-06-17,15305,1752,1,1,0,0
595,3,2014-06-18,14515,1643,1,1,0,0
595,4,2014-06-19,13343,1580,1,1,0,0
595,5,2014-06-20,14420,1702,1,1,0,0
595,6,2014-06-21,14217,1726,1,0,0,0
595,7,2014-06-22,0,0,0,0,0,0
595,1,2014-06-23,11668,1515,1,0,0,0
595,2,2014-06-24,11020,1462,1,0,0,0
595,3,2014-06-25,10862,1411,1,0,0,0
595,4,2014-06-26,10066,1324,1,0,0,0
595,5,2014-06-27,12708,1503,1,0,0,0
595,6,2014-06-28,14671,1698,1,0,0,0
595,7,2014-06-29,0,0,0,0,0,0
595,1,2014-06-30,23365,2252,1,1,0,0
595,2,2014-07-01,18275,1933,1,1,0,0
595,3,2014-07-02,16499,1857,1,1,0,0
595,4,2014-07-03,14483,1637,1,1,0,0
595,5,2014-07-04,12212,1447,1,1,0,0
595,6,2014-07-05,14028,1663,1,0,0,0
595,7,2014-07-06,0,0,0,0,0,0
595,1,2014-07-07,13429,1669,1,0,0,0
595,2,2014-07-08,11667,1438,1,0,0,0
595,3,2014-07-09,12481,1485,1,0,0,1
595,4,2014-07-10,12243,1523,1,0,0,1
595,5,2014-07-11,13120,1575,1,0,0,1
595,6,2014-07-12,14150,1660,1,0,0,0
595,7,2014-07-13,0,0,0,0,0,0
595,1,2014-07-14,18973,1914,1,1,0,1
595,2,2014-07-15,16108,1702,1,1,0,1
595,3,2014-07-16,14301,1574,1,1,0,1
595,4,2014-07-17,13766,1589,1,1,0,1
595,5,2014-07-18,13953,1607,1,1,0,1
595,6,2014-07-19,10926,1355,1,0,0,0
595,7,2014-07-20,0,0,0,0,0,0
595,1,2014-07-21,12691,1549,1,0,0,1
595,2,2014-07-22,11045,1426,1,0,0,1
595,3,2014-07-23,10592,1368,1,0,0,1
595,4,2014-07-24,10281,1350,1,0,0,1
595,5,2014-07-25,10878,1323,1,0,0,1
595,6,2014-07-26,11759,1421,1,0,0,0
595,7,2014-07-27,0,0,0,0,0,0
595,1,2014-07-28,20216,1967,1,1,0,1
595,2,2014-07-29,15782,1643,1,1,0,1
595,3,2014-07-30,15837,1661,1,1,0,1
595,4,2014-07-31,18776,1843,1,1,0,1
595,5,2014-08-01,17411,1878,1,1,0,1
595,6,2014-08-02,14665,1601,1,0,0,0
595,7,2014-08-03,0,0,0,0,0,0
595,1,2014-08-04,19992,2040,1,1,0,1
595,2,2014-08-05,15544,1772,1,1,0,1
595,3,2014-08-06,15007,1720,1,1,0,1
595,4,2014-08-07,13715,1644,1,1,0,1
595,5,2014-08-08,13652,1570,1,1,0,1
595,6,2014-08-09,12449,1493,1,0,0,0
595,7,2014-08-10,0,0,0,0,0,0
595,1,2014-08-11,13019,1571,1,0,0,1
595,2,2014-08-12,11472,1492,1,0,0,1
595,3,2014-08-13,11707,1474,1,0,0,1
595,4,2014-08-14,10985,1381,1,0,0,1
595,5,2014-08-15,11833,1477,1,0,0,1
595,6,2014-08-16,12935,1525,1,0,0,0
595,7,2014-08-17,0,0,0,0,0,0
595,1,2014-08-18,20537,2135,1,1,0,1
595,2,2014-08-19,16703,1772,1,1,0,1
595,3,2014-08-20,14922,1732,1,1,0,1
595,4,2014-08-21,13830,1681,1,1,0,1
595,5,2014-08-22,14787,1663,1,1,0,1
595,6,2014-08-23,13561,1637,1,0,0,0
595,7,2014-08-24,0,0,0,0,0,0
595,1,2014-08-25,12166,1622,1,0,0,0
595,2,2014-08-26,11453,1493,1,0,0,0
595,3,2014-08-27,11643,1542,1,0,0,0
595,4,2014-08-28,11040,1435,1,0,0,0
595,5,2014-08-29,16086,1885,1,0,0,0
595,6,2014-08-30,15403,1754,1,0,0,0
595,7,2014-08-31,0,0,0,0,0,0
595,1,2014-09-01,22036,2162,1,1,0,0
595,2,2014-09-02,17717,1892,1,1,0,0
595,3,2014-09-03,15690,1768,1,1,0,0
595,4,2014-09-04,14467,1627,1,1,0,0
595,5,2014-09-05,14421,1667,1,1,0,0
595,6,2014-09-06,11969,1522,1,0,0,0
595,7,2014-09-07,0,0,0,0,0,0
595,1,2014-09-08,10892,1438,1,0,0,0
595,2,2014-09-09,10614,1445,1,0,0,0
595,3,2014-09-10,10818,1445,1,0,0,0
595,4,2014-09-11,11211,1445,1,0,0,0
595,5,2014-09-12,10883,1413,1,0,0,0
595,6,2014-09-13,14177,1714,1,0,0,0
595,7,2014-09-14,0,0,0,0,0,0
595,1,2014-09-15,18174,1917,1,1,0,0
595,2,2014-09-16,15134,1682,1,1,0,0
595,3,2014-09-17,13989,1651,1,1,0,0
595,4,2014-09-18,13101,1508,1,1,0,0
595,5,2014-09-19,13408,1654,1,1,0,0
595,6,2014-09-20,13696,1678,1,0,0,0
595,7,2014-09-21,0,0,0,0,0,0
595,1,2014-09-22,11303,1537,1,0,0,0
595,2,2014-09-23,9997,1433,1,0,0,0
595,3,2014-09-24,10740,1424,1,0,0,0
595,4,2014-09-25,9757,1381,1,0,0,0
595,5,2014-09-26,11180,1448,1,0,0,0
595,6,2014-09-27,13421,1699,1,0,0,0
595,7,2014-09-28,0,0,0,0,0,0
595,1,2014-09-29,16904,1813,1,1,0,0
595,2,2014-09-30,19064,1979,1,1,0,0
595,3,2014-10-01,17265,1885,1,1,0,0
595,4,2014-10-02,16755,1904,1,1,0,0
595,5,2014-10-03,0,0,0,1,a,0
595,6,2014-10-04,17254,1976,1,0,0,0
595,7,2014-10-05,0,0,0,0,0,0
595,1,2014-10-06,16880,1805,1,1,0,0
595,2,2014-10-07,15022,1740,1,1,0,0
595,3,2014-10-08,14084,1617,1,1,0,0
595,4,2014-10-09,13308,1550,1,1,0,0
595,5,2014-10-10,14762,1685,1,1,0,0
595,6,2014-10-11,15080,1767,1,0,0,0
595,7,2014-10-12,0,0,0,0,0,0
595,1,2014-10-13,12247,1558,1,0,0,0
595,2,2014-10-14,11586,1482,1,0,0,0
595,3,2014-10-15,11989,1543,1,0,0,0
595,4,2014-10-16,11562,1485,1,0,0,0
595,5,2014-10-17,12386,1564,1,0,0,0
595,6,2014-10-18,14385,1788,1,0,0,0
595,7,2014-10-19,0,0,0,0,0,0
595,1,2014-10-20,16967,1842,1,1,0,1
595,2,2014-10-21,13719,1622,1,1,0,1
595,3,2014-10-22,13861,1609,1,1,0,1
595,4,2014-10-23,13316,1617,1,1,0,1
595,5,2014-10-24,13114,1653,1,1,0,1
595,6,2014-10-25,13287,1632,1,0,0,0
595,7,2014-10-26,0,0,0,0,0,0
595,1,2014-10-27,11149,1486,1,0,0,1
595,2,2014-10-28,10932,1407,1,0,0,1
595,3,2014-10-29,11083,1501,1,0,0,1
595,4,2014-10-30,13431,1606,1,0,0,1
595,5,2014-10-31,15000,1816,1,0,0,1
595,6,2014-11-01,16366,1839,1,0,0,0
595,7,2014-11-02,0,0,0,0,0,0
595,1,2014-11-03,19375,2035,1,1,0,0
595,2,2014-11-04,16240,1772,1,1,0,0
595,3,2014-11-05,15684,1743,1,1,0,0
595,4,2014-11-06,13885,1658,1,1,0,0
595,5,2014-11-07,15165,1754,1,1,0,0
595,6,2014-11-08,14320,1725,1,0,0,0
595,7,2014-11-09,0,0,0,0,0,0
595,1,2014-11-10,15757,1712,1,1,0,0
595,2,2014-11-11,13537,1615,1,1,0,0
595,3,2014-11-12,13598,1610,1,1,0,0
595,4,2014-11-13,13036,1499,1,1,0,0
595,5,2014-11-14,14619,1719,1,1,0,0
595,6,2014-11-15,15313,1810,1,0,0,0
595,7,2014-11-16,0,0,0,0,0,0
595,1,2014-11-17,12375,1618,1,0,0,0
595,2,2014-11-18,11195,1496,1,0,0,0
595,3,2014-11-19,11397,1490,1,0,0,0
595,4,2014-11-20,10941,1447,1,0,0,0
595,5,2014-11-21,12085,1558,1,0,0,0
595,6,2014-11-22,15355,1892,1,0,0,0
595,7,2014-11-23,0,0,0,0,0,0
595,1,2014-11-24,19086,1954,1,1,0,0
595,2,2014-11-25,16614,1858,1,1,0,0
595,3,2014-11-26,16730,1872,1,1,0,0
595,4,2014-11-27,16467,1748,1,1,0,0
595,5,2014-11-28,20574,2172,1,1,0,0
595,6,2014-11-29,21740,2372,1,0,0,0
595,7,2014-11-30,0,0,0,0,0,0
595,1,2014-12-01,22475,2231,1,1,0,0
595,2,2014-12-02,21092,2123,1,1,0,0
595,3,2014-12-03,19323,1994,1,1,0,0
595,4,2014-12-04,19407,2013,1,1,0,0
595,5,2014-12-05,23515,2375,1,1,0,0
595,6,2014-12-06,16837,1987,1,0,0,0
595,7,2014-12-07,0,0,0,0,0,0
595,1,2014-12-08,14587,1760,1,0,0,0
595,2,2014-12-09,14161,1687,1,0,0,0
595,3,2014-12-10,13704,1594,1,0,0,0
595,4,2014-12-11,14217,1685,1,0,0,0
595,5,2014-12-12,15055,1743,1,0,0,0
595,6,2014-12-13,20000,2094,1,0,0,0
595,7,2014-12-14,0,0,0,0,0,0
595,1,2014-12-15,26897,2475,1,1,0,0
595,2,2014-12-16,23833,2365,1,1,0,0
595,3,2014-12-17,23472,2304,1,1,0,0
595,4,2014-12-18,20580,2222,1,1,0,0
595,5,2014-12-19,20996,2230,1,1,0,0
595,6,2014-12-20,22518,2451,1,0,0,0
595,7,2014-12-21,0,0,0,0,0,0
595,1,2014-12-22,25446,2730,1,0,0,1
595,2,2014-12-23,24330,2750,1,0,0,1
595,3,2014-12-24,9465,1193,1,0,0,1
595,4,2014-12-25,0,0,0,0,c,1
595,5,2014-12-26,0,0,0,0,c,1
595,6,2014-12-27,19667,2417,1,0,0,0
595,7,2014-12-28,0,0,0,0,0,0
595,1,2014-12-29,18251,2143,1,0,0,1
595,2,2014-12-30,19247,2199,1,0,0,1
595,3,2014-12-31,8741,1093,1,0,0,1
595,4,2015-01-01,0,0,0,0,a,1
595,5,2015-01-02,17411,2062,1,0,0,1
595,6,2015-01-03,16196,2011,1,0,0,0
595,7,2015-01-04,0,0,0,0,0,0
595,1,2015-01-05,19505,2088,1,1,0,0
595,2,2015-01-06,16587,1881,1,1,0,0
595,3,2015-01-07,14454,1711,1,1,0,0
595,4,2015-01-08,13944,1637,1,1,0,0
595,5,2015-01-09,13783,1585,1,1,0,0
595,6,2015-01-10,15806,1891,1,0,0,0
595,7,2015-01-11,0,0,0,0,0,0
595,1,2015-01-12,18477,2056,1,1,0,0
595,2,2015-01-13,16585,1926,1,1,0,0
595,3,2015-01-14,16733,1869,1,1,0,0
595,4,2015-01-15,14161,1661,1,1,0,0
595,5,2015-01-16,15846,1917,1,1,0,0
595,6,2015-01-17,15390,1935,1,0,0,0
595,7,2015-01-18,0,0,0,0,0,0
595,1,2015-01-19,12986,1665,1,0,0,0
595,2,2015-01-20,10770,1483,1,0,0,0
595,3,2015-01-21,11624,1545,1,0,0,0
595,4,2015-01-22,11171,1458,1,0,0,0
595,5,2015-01-23,12663,1587,1,0,0,0
595,6,2015-01-24,14908,1861,1,0,0,0
595,7,2015-01-25,0,0,0,0,0,0
595,1,2015-01-26,16794,1888,1,1,0,0
595,2,2015-01-27,15525,1807,1,1,0,0
595,3,2015-01-28,15472,1777,1,1,0,0
595,4,2015-01-29,14782,1734,1,1,0,0
595,5,2015-01-30,19670,2103,1,1,0,0
595,6,2015-01-31,18602,2137,1,0,0,0
595,7,2015-02-01,0,0,0,0,0,0
595,1,2015-02-02,21077,2252,1,1,0,1
595,2,2015-02-03,17219,1900,1,1,0,1
595,3,2015-02-04,16872,1833,1,1,0,1
595,4,2015-02-05,15830,1791,1,1,0,1
595,5,2015-02-06,15164,1848,1,1,0,1
595,6,2015-02-07,16380,1949,1,0,0,0
595,7,2015-02-08,0,0,0,0,0,0
595,1,2015-02-09,13052,1692,1,0,0,0
595,2,2015-02-10,12699,1635,1,0,0,0
595,3,2015-02-11,12568,1611,1,0,0,0
595,4,2015-02-12,12026,1567,1,0,0,0
595,5,2015-02-13,14369,1806,1,0,0,0
595,6,2015-02-14,16894,1939,1,0,0,0
595,7,2015-02-15,0,0,0,0,0,0
595,1,2015-02-16,20094,2118,1,1,0,0
595,2,2015-02-17,15979,1812,1,1,0,0
595,3,2015-02-18,14895,1747,1,1,0,0
595,4,2015-02-19,14308,1737,1,1,0,0
595,5,2015-02-20,15560,1840,1,1,0,0
595,6,2015-02-21,14910,1804,1,0,0,0
595,7,2015-02-22,0,0,0,0,0,0
595,1,2015-02-23,12931,1669,1,0,0,0
595,2,2015-02-24,11913,1590,1,0,0,0
595,3,2015-02-25,11694,1582,1,0,0,0
595,4,2015-02-26,12585,1509,1,0,0,0
595,5,2015-02-27,16886,1860,1,0,0,0
595,6,2015-02-28,18536,2088,1,0,0,0
595,7,2015-03-01,0,0,0,0,0,0
595,1,2015-03-02,20300,2180,1,1,0,0
595,2,2015-03-03,18392,2065,1,1,0,0
595,3,2015-03-04,15862,1853,1,1,0,0
595,4,2015-03-05,15300,1729,1,1,0,0
595,5,2015-03-06,16479,1901,1,1,0,0
595,6,2015-03-07,15272,1870,1,0,0,0
595,7,2015-03-08,0,0,0,0,0,0
595,1,2015-03-09,12626,1601,1,0,0,0
595,2,2015-03-10,12565,1503,1,0,0,0
595,3,2015-03-11,12767,1571,1,0,0,0
595,4,2015-03-12,12897,1547,1,0,0,0
595,5,2015-03-13,14765,1790,1,0,0,0
595,6,2015-03-14,16198,1899,1,0,0,0
595,7,2015-03-15,0,0,0,0,0,0
595,1,2015-03-16,20980,2101,1,1,0,0
595,2,2015-03-17,16651,1747,1,1,0,0
595,3,2015-03-18,15428,1735,1,1,0,0
595,4,2015-03-19,16379,1740,1,1,0,0
595,5,2015-03-20,16183,1794,1,1,0,0
595,6,2015-03-21,16141,1910,1,0,0,0
595,7,2015-03-22,0,0,0,0,0,0
595,1,2015-03-23,13427,1730,1,0,0,0
595,2,2015-03-24,12821,1607,1,0,0,0
595,3,2015-03-25,12432,1517,1,0,0,0
595,4,2015-03-26,12486,1562,1,0,0,0
595,5,2015-03-27,14301,1718,1,0,0,0
595,6,2015-03-28,17390,1971,1,0,0,0
595,7,2015-03-29,0,0,0,0,0,0
595,1,2015-03-30,24879,2312,1,1,0,1
595,2,2015-03-31,24834,2285,1,1,0,1
595,3,2015-04-01,26044,2550,1,1,0,1
595,4,2015-04-02,23877,2507,1,1,0,1
595,5,2015-04-03,0,0,0,1,b,1
595,6,2015-04-04,23069,2673,1,0,0,0
595,7,2015-04-05,0,0,0,0,0,0
595,1,2015-04-06,0,0,0,0,b,1
595,2,2015-04-07,16718,2100,1,0,0,1
595,3,2015-04-08,15212,1807,1,0,0,1
595,4,2015-04-09,13531,1693,1,0,0,1
595,5,2015-04-10,12041,1553,1,0,0,1
595,6,2015-04-11,12276,1567,1,0,0,0
595,7,2015-04-12,0,0,0,0,0,0
595,1,2015-04-13,21276,2142,1,1,0,0
595,2,2015-04-14,18114,1949,1,1,0,0
595,3,2015-04-15,14716,1727,1,1,0,0
595,4,2015-04-16,14803,1728,1,1,0,0
595,5,2015-04-17,16516,1844,1,1,0,0
595,6,2015-04-18,15563,1829,1,0,0,0
595,7,2015-04-19,0,0,0,0,0,0
595,1,2015-04-20,13750,1668,1,0,0,0
595,2,2015-04-21,12230,1620,1,0,0,0
595,3,2015-04-22,12461,1590,1,0,0,0
595,4,2015-04-23,11837,1483,1,0,0,0
595,5,2015-04-24,12008,1467,1,0,0,0
595,6,2015-04-25,13382,1645,1,0,0,0
595,7,2015-04-26,0,0,0,0,0,0
595,1,2015-04-27,19788,2051,1,1,0,0
595,2,2015-04-28,17501,1893,1,1,0,0
595,3,2015-04-29,17414,1885,1,1,0,0
595,4,2015-04-30,22667,2331,1,1,0,0
595,5,2015-05-01,0,0,0,1,a,0
595,6,2015-05-02,20045,2209,1,0,0,0
595,7,2015-05-03,0,0,0,0,0,0
595,1,2015-05-04,20846,2137,1,1,0,0
595,2,2015-05-05,17224,1874,1,1,0,0
595,3,2015-05-06,17014,1943,1,1,0,0
595,4,2015-05-07,16637,1861,1,1,0,0
595,5,2015-05-08,17594,1924,1,1,0,0
595,6,2015-05-09,15635,1892,1,0,0,0
595,7,2015-05-10,0,0,0,0,0,0
595,1,2015-05-11,13995,1751,1,0,0,0
595,2,2015-05-12,14394,1699,1,0,0,0
595,3,2015-05-13,15930,1929,1,0,0,0
595,4,2015-05-14,0,0,0,0,a,0
595,5,2015-05-15,17636,2035,1,0,0,1
595,6,2015-05-16,14465,1744,1,0,0,0
595,7,2015-05-17,0,0,0,0,0,0
595,1,2015-05-18,21700,2185,1,1,0,0
595,2,2015-05-19,17658,1997,1,1,0,0
595,3,2015-05-20,16886,1867,1,1,0,0
595,4,2015-05-21,14285,1665,1,1,0,0
595,5,2015-05-22,15199,1759,1,1,0,0
595,6,2015-05-23,13760,1682,1,0,0,0
595,7,2015-05-24,0,0,0,0,0,0
595,1,2015-05-25,0,0,0,0,a,0
595,2,2015-05-26,15813,1928,1,0,0,1
595,3,2015-05-27,14854,1761,1,0,0,0
595,4,2015-05-28,13882,1668,1,0,0,0
595,5,2015-05-29,18158,1950,1,0,0,0
595,6,2015-05-30,18454,2051,1,0,0,0
595,7,2015-05-31,0,0,0,0,0,0
595,1,2015-06-01,23971,2309,1,1,0,0
595,2,2015-06-02,18908,1964,1,1,0,0
595,3,2015-06-03,16781,1869,1,1,0,0
595,4,2015-06-04,16263,1783,1,1,0,0
595,5,2015-06-05,16307,1777,1,1,0,0
595,6,2015-06-06,12796,1546,1,0,0,0
595,7,2015-06-07,0,0,0,0,0,0
595,1,2015-06-08,14126,1708,1,0,0,0
595,2,2015-06-09,13981,1688,1,0,0,0
595,3,2015-06-10,13091,1589,1,0,0,0
595,4,2015-06-11,12360,1575,1,0,0,0
595,5,2015-06-12,11917,1504,1,0,0,0
595,6,2015-06-13,13214,1573,1,0,0,0
595,7,2015-06-14,0,0,0,0,0,0
595,1,2015-06-15,23522,2192,1,1,0,0
595,2,2015-06-16,19106,1948,1,1,0,0
595,3,2015-06-17,16926,1821,1,1,0,0
595,4,2015-06-18,14043,1647,1,1,0,0
595,5,2015-06-19,15686,1808,1,1,0,0
595,6,2015-06-20,14508,1785,1,0,0,0
595,7,2015-06-21,0,0,0,0,0,0
595,1,2015-06-22,13400,1627,1,0,0,0
595,2,2015-06-23,11603,1498,1,0,0,0
595,3,2015-06-24,11600,1497,1,0,0,0
595,4,2015-06-25,9464,1280,1,0,0,0
595,5,2015-06-26,10435,1280,1,0,0,0
595,6,2015-06-27,12794,1472,1,0,0,0
595,7,2015-06-28,0,0,0,0,0,0
595,1,2015-06-29,18854,1903,1,1,0,0
595,2,2015-06-30,20139,1900,1,1,0,0
595,3,2015-07-01,18704,1956,1,1,0,0
595,4,2015-07-02,16397,1789,1,1,0,0
595,5,2015-07-03,16923,1800,1,1,0,0
595,6,2015-07-04,13595,1520,1,0,0,0
595,7,2015-07-05,0,0,0,0,0,0
595,1,2015-07-06,14155,1708,1,0,0,0
595,2,2015-07-07,12260,1494,1,0,0,0
595,3,2015-07-08,14467,1734,1,0,0,0
595,4,2015-07-09,13595,1666,1,0,0,0
595,5,2015-07-10,14336,1714,1,0,0,0
595,6,2015-07-11,14969,1700,1,0,0,0
595,7,2015-07-12,0,0,0,0,0,0
595,1,2015-07-13,19015,2033,1,1,0,0
595,2,2015-07-14,16401,1871,1,1,0,0
595,3,2015-07-15,17076,1885,1,1,0,0
595,4,2015-07-16,14831,1641,1,1,0,1
595,5,2015-07-17,13138,1524,1,1,0,1
595,6,2015-07-18,12990,1500,1,0,0,0
595,7,2015-07-19,0,0,0,0,0,0
595,1,2015-07-20,12644,1598,1,0,0,1
595,2,2015-07-21,10973,1369,1,0,0,1
595,3,2015-07-22,10612,1379,1,0,0,1
595,4,2015-07-23,10228,1307,1,0,0,1
595,5,2015-07-24,10796,1293,1,0,0,1
595,6,2015-07-25,11589,1361,1,0,0,0
595,7,2015-07-26,0,0,0,0,0,0
595,1,2015-07-27,17596,1840,1,1,0,1
595,2,2015-07-28,15838,1621,1,1,0,1
595,3,2015-07-29,13934,1592,1,1,0,1
595,4,2015-07-30,14978,1597,1,1,0,1
595,5,2015-07-31,18690,1899,1,1,0,1
682,2,2013-01-01,3375,566,1,0,a,1
682,3,2013-01-02,10526,1742,1,0,0,1
682,4,2013-01-03,11041,1839,1,0,0,1
682,5,2013-01-04,11376,1855,1,0,0,1
682,6,2013-01-05,7593,1304,1,0,0,0
682,7,2013-01-06,6228,1077,1,0,0,0
682,1,2013-01-07,17003,2239,1,1,0,0
682,2,2013-01-08,14481,2055,1,1,0,0
682,3,2013-01-09,14240,2051,1,1,0,0
682,4,2013-01-10,14462,2056,1,1,0,0
682,5,2013-01-11,14083,2098,1,1,0,0
682,6,2013-01-12,7683,1424,1,0,0,0
682,7,2013-01-13,5775,1076,1,0,0,0
682,1,2013-01-14,11191,1870,1,0,0,0
682,2,2013-01-15,11189,1858,1,0,0,0
682,3,2013-01-16,11086,1810,1,0,0,0
682,4,2013-01-17,11478,1876,1,0,0,0
682,5,2013-01-18,11398,1932,1,0,0,0
682,6,2013-01-19,8700,1474,1,0,0,0
682,7,2013-01-20,7148,1177,1,0,0,0
682,1,2013-01-21,17541,2287,1,1,0,0
682,2,2013-01-22,16157,2293,1,1,0,0
682,3,2013-01-23,15436,2153,1,1,0,0
682,4,2013-01-24,14552,2135,1,1,0,0
682,5,2013-01-25,13822,2125,1,1,0,0
682,6,2013-01-26,7986,1445,1,0,0,0
682,7,2013-01-27,5033,929,1,0,0,0
682,1,2013-01-28,9852,1729,1,0,0,0
682,2,2013-01-29,10543,1753,1,0,0,0
682,3,2013-01-30,10809,1769,1,0,0,0
682,4,2013-01-31,12803,1965,1,0,0,0
682,5,2013-02-01,12227,1953,1,0,0,0
682,6,2013-02-02,8152,1432,1,0,0,0
682,7,2013-02-03,6867,1166,1,0,0,0
682,1,2013-02-04,17397,2296,1,1,0,1
682,2,2013-02-05,15330,2104,1,1,0,1
682,3,2013-02-06,13787,1969,1,1,0,1
682,4,2013-02-07,13562,2074,1,1,0,1
682,5,2013-02-08,13024,2008,1,1,0,1
682,6,2013-02-09,7397,1336,1,0,0,0
682,7,2013-02-10,7374,1280,1,0,0,0
682,1,2013-02-11,11643,1973,1,0,0,0
682,2,2013-02-12,10541,1868,1,0,0,0
682,3,2013-02-13,11235,1860,1,0,0,0
682,4,2013-02-14,11181,1964,1,0,0,0
682,5,2013-02-15,11090,1819,1,0,0,0
682,6,2013-02-16,7823,1336,1,0,0,0
682,7,2013-02-17,7065,1198,1,0,0,0
682,1,2013-02-18,17147,2206,1,1,0,0
682,2,2013-02-19,14428,2063,1,1,0,0
682,3,2013-02-20,14899,2069,1,1,0,0
682,4,2013-02-21,14353,2080,1,1,0,0
682,5,2013-02-22,14722,2098,1,1,0,0
682,6,2013-02-23,7916,1459,1,0,0,0
682,7,2013-02-24,6823,1165,1,0,0,0
682,1,2013-02-25,11104,1832,1,0,0,0
682,2,2013-02-26,10526,1769,1,0,0,0
682,3,2013-02-27,9330,1649,1,0,0,0
682,4,2013-02-28,11706,1895,1,0,0,0
682,5,2013-03-01,11758,1908,1,0,0,0
682,6,2013-03-02,8539,1415,1,0,0,0
682,7,2013-03-03,7146,1269,1,0,0,0
682,1,2013-03-04,17294,2298,1,1,0,0
682,2,2013-03-05,14301,2111,1,1,0,0
682,3,2013-03-06,13785,1993,1,1,0,0
682,4,2013-03-07,13972,2131,1,1,0,0
682,5,2013-03-08,13666,2143,1,1,0,0
682,6,2013-03-09,7845,1474,1,0,0,0
682,7,2013-03-10,7479,1281,1,0,0,0
682,1,2013-03-11,12013,1962,1,0,0,0
682,2,2013-03-12,11224,1863,1,0,0,0
682,3,2013-03-13,10906,1835,1,0,0,0
682,4,2013-03-14,11366,1938,1,0,0,0
682,5,2013-03-15,11387,1844,1,0,0,0
682,6,2013-03-16,8356,1478,1,0,0,0
682,7,2013-03-17,7508,1335,1,0,0,0
682,1,2013-03-18,16808,2259,1,1,0,0
682,2,2013-03-19,15688,2251,1,1,0,0
682,3,2013-03-20,15328,2166,1,1,0,0
682,4,2013-03-21,15552,2306,1,1,0,0
682,5,2013-03-22,14128,2148,1,1,0,0
682,6,2013-03-23,8902,1586,1,0,0,0
682,7,2013-03-24,7335,1343,1,0,0,0
682,1,2013-03-25,16076,2251,1,1,0,1
682,2,2013-03-26,15727,2289,1,1,0,1
682,3,2013-03-27,15496,2235,1,1,0,1
682,4,2013-03-28,17256,2596,1,1,0,1
682,5,2013-03-29,9135,1499,1,1,b,1
682,6,2013-03-30,10281,1736,1,0,0,0
682,7,2013-03-31,6550,1099,1,0,0,0
682,1,2013-04-01,8423,1300,1,0,b,1
682,2,2013-04-02,11197,1888,1,0,0,1
682,3,2013-04-03,11254,1840,1,0,0,1
682,4,2013-04-04,11115,1832,1,0,0,1
682,5,2013-04-05,11231,1761,1,0,0,1
682,6,2013-04-06,7272,1293,1,0,0,0
682,7,2013-04-07,6540,1172,1,0,0,0
682,1,2013-04-08,15755,2175,1,1,0,0
682,2,2013-04-09,14047,2101,1,1,0,0
682,3,2013-04-10,13446,1993,1,1,0,0
682,4,2013-04-11,13368,2031,1,1,0,0
682,5,2013-04-12,13463,2080,1,1,0,0
682,6,2013-04-13,8106,1399,1,0,0,0
682,7,2013-04-14,6364,1213,1,0,0,0
682,1,2013-04-15,10406,1813,1,0,0,0
682,2,2013-04-16,10174,1772,1,0,0,0
682,3,2013-04-17,10275,1780,1,0,0,0
682,4,2013-04-18,10306,1831,1,0,0,0
682,5,2013-04-19,10475,1765,1,0,0,0
682,6,2013-04-20,7479,1354,1,0,0,0
682,7,2013-04-21,7011,1222,1,0,0,0
682,1,2013-04-22,14867,2115,1,1,0,0
682,2,2013-04-23,14513,2062,1,1,0,0
682,3,2013-04-24,12955,1921,1,1,0,0
682,4,2013-04-25,13654,2013,1,1,0,0
682,5,2013-04-26,13036,2035,1,1,0,0
682,6,2013-04-27,7742,1310,1,0,0,0
682,7,2013-04-28,7023,1208,1,0,0,0
682,1,2013-04-29,14770,2118,1,1,0,0
682,2,2013-04-30,15431,2131,1,1,0,0
682,3,2013-05-01,8201,1267,1,1,a,0
682,4,2013-05-02,16007,2243,1,1,0,0
682,5,2013-05-03,14260,2100,1,1,0,0
682,6,2013-05-04,7680,1451,1,0,0,0
682,7,2013-05-05,5093,1032,1,0,0,0
682,1,2013-05-06,11549,1928,1,0,0,0
682,2,2013-05-07,11343,1865,1,0,0,0
682,3,2013-05-08,11744,1906,1,0,0,0
682,4,2013-05-09,7894,1411,1,0,a,0
682,5,2013-05-10,11231,1882,1,0,0,1
682,6,2013-05-11,7332,1368,1,0,0,0
682,7,2013-05-12,7489,1273,1,0,0,0
682,1,2013-05-13,16240,2193,1,1,0,0
682,2,2013-05-14,14049,2040,1,1,0,0
682,3,2013-05-15,12276,1939,1,1,0,0
682,4,2013-05-16,14176,2071,1,1,0,0
682,5,2013-05-17,13240,2072,1,1,0,0
682,6,2013-05-18,8346,1508,1,0,0,0
682,7,2013-05-19,6357,1263,1,0,0,0
682,1,2013-05-20,7935,1392,1,0,a,0
682,2,2013-05-21,11152,1866,1,0,0,1
682,3,2013-05-22,12339,2077,1,0,0,0
682,4,2013-05-23,10800,1865,1,0,0,0
682,5,2013-05-24,10700,1824,1,0,0,0
682,6,2013-05-25,8876,1619,1,0,0,0
682,7,2013-05-26,6842,1196,1,0,0,0
682,1,2013-05-27,16838,2168,1,1,0,0
682,2,2013-05-28,14789,2179,1,1,0,0
682,3,2013-05-29,14021,2034,1,1,0,0
682,4,2013-05-30,14434,2182,1,1,0,0
682,5,2013-05-31,15160,2281,1,1,0,0
682,6,2013-06-01,8825,1574,1,0,0,0
682,7,2013-06-02,8999,1453,1,0,0,0
682,1,2013-06-03,15528,2174,1,1,0,0
682,2,2013-06-04,13807,2018,1,1,0,0
682,3,2013-06-05,12930,1905,1,1,0,0
682,4,2013-06-06,13323,2105,1,1,0,0
682,5,2013-06-07,13082,2071,1,1,0,0
682,6,2013-06-08,7333,1347,1,0,0,0
682,7,2013-06-09,6900,1232,1,0,0,0
682,1,2013-06-10,10820,1889,1,0,0,0
682,2,2013-06-11,10263,1793,1,0,0,0
682,3,2013-06-12,10004,1782,1,0,0,0
682,4,2013-06-13,10396,1862,1,0,0,0
682,5,2013-06-14,11064,1786,1,0,0,0
682,6,2013-06-15,6898,1273,1,0,0,0
682,7,2013-06-16,7684,1297,1,0,0,0
682,1,2013-06-17,16452,2153,1,1,0,0
682,2,2013-06-18,13419,2093,1,1,0,0
682,3,2013-06-19,12678,2074,1,1,0,1
682,4,2013-06-20,12752,2076,1,1,0,1
682,5,2013-06-21,12542,1983,1,1,0,1
682,6,2013-06-22,6997,1338,1,0,0,0
682,7,2013-06-23,6771,1203,1,0,0,0
682,1,2013-06-24,9368,1644,1,0,0,1
682,2,2013-06-25,11188,1987,1,0,0,1
682,3,2013-06-26,10305,1656,1,0,0,1
682,4,2013-06-27,10546,1756,1,0,0,1
682,5,2013-06-28,11037,1779,1,0,0,1
682,6,2013-06-29,7695,1349,1,0,0,0
682,7,2013-06-30,8108,1242,1,0,0,0
682,1,2013-07-01,15698,2148,1,1,0,1
682,2,2013-07-02,13835,1976,1,1,0,1
682,3,2013-07-03,12892,1976,1,1,0,1
682,4,2013-07-04,13790,2056,1,1,0,1
682,5,2013-07-05,12656,1907,1,1,0,1
682,6,2013-07-06,7020,1316,1,0,0,0
682,7,2013-07-07,6954,1167,1,0,0,0
682,1,2013-07-08,9757,1684,1,0,0,1
682,2,2013-07-09,9865,1722,1,0,0,1
682,3,2013-07-10,9667,1648,1,0,0,1
682,4,2013-07-11,9842,1627,1,0,0,1
682,5,2013-07-12,10015,1599,1,0,0,1
682,6,2013-07-13,6253,1219,1,0,0,0
682,7,2013-07-14,6751,1113,1,0,0,0
682,1,2013-07-15,14841,1954,1,1,0,1
682,2,2013-07-16,12853,1889,1,1,0,1
682,3,2013-07-17,12427,1827,1,1,0,1
682,4,2013-07-18,11447,1821,1,1,0,1
682,5,2013-07-19,11675,1866,1,1,0,1
682,6,2013-07-20,6437,1220,1,0,0,0
682,7,2013-07-21,6419,1206,1,0,0,0
682,1,2013-07-22,8858,1686,1,0,0,1
682,2,2013-07-23,9099,1668,1,0,0,1
682,3,2013-07-24,8879,1634,1,0,0,1
682,4,2013-07-25,9572,1707,1,0,0,1
682,5,2013-07-26,9369,1729,1,0,0,1
682,6,2013-07-27,6505,1340,1,0,0,0
682,7,2013-07-28,5664,1229,1,0,0,0
682,1,2013-07-29,14501,2025,1,1,0,1
682,2,2013-07-30,14539,2094,1,1,0,1
682,3,2013-07-31,13842,2105,1,1,0,1
682,4,2013-08-01,13479,2106,1,1,0,1
682,5,2013-08-02,12925,2171,1,1,0,1
682,6,2013-08-03,7569,1584,1,0,0,0
682,7,2013-08-04,7075,1359,1,0,0,0
682,1,2013-08-05,10789,1882,1,0,0,0
682,2,2013-08-06,9753,1821,1,0,0,0
682,3,2013-08-07,9954,1682,1,0,0,0
682,4,2013-08-08,9753,1760,1,0,0,0
682,5,2013-08-09,9801,1699,1,0,0,0
682,6,2013-08-10,6540,1325,1,0,0,0
682,7,2013-08-11,6989,1320,1,0,0,0
682,1,2013-08-12,15274,2108,1,1,0,0
682,2,2013-08-13,14558,2196,1,1,0,0
682,3,2013-08-14,13485,2023,1,1,0,0
682,4,2013-08-15,12871,1970,1,1,0,0
682,5,2013-08-16,12637,2020,1,1,0,0
682,6,2013-08-17,7235,1447,1,0,0,0
682,7,2013-08-18,7474,1342,1,0,0,0
682,1,2013-08-19,10331,1808,1,0,0,0
682,2,2013-08-20,9704,1661,1,0,0,0
682,3,2013-08-21,8926,1652,1,0,0,0
682,4,2013-08-22,9151,1562,1,0,0,0
682,5,2013-08-23,8299,1551,1,0,0,0
682,6,2013-08-24,6379,1280,1,0,0,0
682,7,2013-08-25,6572,1245,1,0,0,0
682,1,2013-08-26,13767,2011,1,1,0,0
682,2,2013-08-27,12090,1808,1,1,0,0
682,3,2013-08-28,11889,1769,1,1,0,0
682,4,2013-08-29,11988,1870,1,1,0,0
682,5,2013-08-30,13549,2035,1,1,0,0
682,6,2013-08-31,8109,1461,1,0,0,0
682,7,2013-09-01,7882,1329,1,0,0,0
682,1,2013-09-02,10812,1790,1,0,0,0
682,2,2013-09-03,9861,1672,1,0,0,0
682,3,2013-09-04,9484,1568,1,0,0,0
682,4,2013-09-05,9363,1612,1,0,0,0
682,5,2013-09-06,9533,1655,1,0,0,0
682,6,2013-09-07,6889,1402,1,0,0,0
682,7,2013-09-08,5342,1041,1,0,0,0
682,1,2013-09-09,17828,2302,1,1,0,0
682,2,2013-09-10,13941,1960,1,1,0,0
682,3,2013-09-11,14298,1971,1,1,0,0
682,4,2013-09-12,12502,1885,1,1,0,0
682,5,2013-09-13,12352,1933,1,1,0,0
682,6,2013-09-14,6485,1236,1,0,0,0
682,7,2013-09-15,6764,1132,1,0,0,0
682,1,2013-09-16,10041,1742,1,0,0,0
682,2,2013-09-17,9310,1567,1,0,0,0
682,3,2013-09-18,10120,1760,1,0,0,0
682,4,2013-09-19,8972,1644,1,0,0,0
682,5,2013-09-20,10624,1728,1,0,0,0
682,6,2013-09-21,6544,1249,1,0,0,0
682,7,2013-09-22,5477,1002,1,0,0,0
682,1,2013-09-23,14035,1901,1,1,0,0
682,2,2013-09-24,14044,2039,1,1,0,0
682,3,2013-09-25,12318,1892,1,1,0,0
682,4,2013-09-26,13073,1971,1,1,0,0
682,5,2013-09-27,12779,1926,1,1,0,0
682,6,2013-09-28,7780,1361,1,0,0,0
682,7,2013-09-29,7819,1264,1,0,0,0
682,1,2013-09-30,11574,1799,1,0,0,1
682,2,2013-10-01,10478,1721,1,0,0,1
682,3,2013-10-02,11563,1862,1,0,0,1
682,4,2013-10-03,8726,1475,1,0,a,1
682,5,2013-10-04,12856,2013,1,0,0,1
682,6,2013-10-05,8626,1551,1,0,0,0
682,7,2013-10-06,6893,1245,1,0,0,0
682,1,2013-10-07,16427,2168,1,1,0,1
682,2,2013-10-08,14999,2038,1,1,0,1
682,3,2013-10-09,13272,1963,1,1,0,1
682,4,2013-10-10,14005,2194,1,1,0,1
682,5,2013-10-11,14229,2121,1,1,0,1
682,6,2013-10-12,9033,1557,1,0,0,0
682,7,2013-10-13,7014,1275,1,0,0,0
682,1,2013-10-14,11323,1858,1,0,0,0
682,2,2013-10-15,12130,2008,1,0,0,0
682,3,2013-10-16,10883,1847,1,0,0,0
682,4,2013-10-17,11730,1992,1,0,0,0
682,5,2013-10-18,10715,1912,1,0,0,0
682,6,2013-10-19,8836,1594,1,0,0,0
682,7,2013-10-20,6140,1168,1,0,0,0
682,1,2013-10-21,15416,2187,1,1,0,0
682,2,2013-10-22,13957,2094,1,1,0,0
682,3,2013-10-23,12940,1996,1,1,0,0
682,4,2013-10-24,13453,2019,1,1,0,0
682,5,2013-10-25,13954,2088,1,1,0,0
682,6,2013-10-26,7603,1448,1,0,0,0
682,7,2013-10-27,7320,1282,1,0,0,0
682,1,2013-10-28,11167,2003,1,0,0,0
682,2,2013-10-29,11455,1873,1,0,0,0
682,3,2013-10-30,11317,1909,1,0,0,0
682,4,2013-10-31,12240,2067,1,0,0,0
682,5,2013-11-01,11431,1912,1,0,0,0
682,6,2013-11-02,8239,1436,1,0,0,0
682,7,2013-11-03,6243,1070,1,0,0,0
682,1,2013-11-04,16965,2269,1,1,0,0
682,2,2013-11-05,15704,2138,1,1,0,0
682,3,2013-11-06,14679,2010,1,1,0,0
682,4,2013-11-07,13658,2005,1,1,0,0
682,5,2013-11-08,13715,2071,1,1,0,0
682,6,2013-11-09,7877,1417,1,0,0,0
682,7,2013-11-10,7318,1238,1,0,0,0
682,1,2013-11-11,11033,1799,1,0,0,0
682,2,2013-11-12,10577,1751,1,0,0,0
682,3,2013-11-13,10226,1762,1,0,0,0
682,4,2013-11-14,11189,1909,1,0,0,0
682,5,2013-11-15,10736,1789,1,0,0,0
682,6,2013-11-16,8001,1383,1,0,0,0
682,7,2013-11-17,7642,1246,1,0,0,0
682,1,2013-11-18,16724,2163,1,1,0,0
682,2,2013-11-19,14500,2002,1,1,0,0
682,3,2013-11-20,14676,2119,1,1,0,0
682,4,2013-11-21,14287,2060,1,1,0,0
682,5,2013-11-22,13732,2106,1,1,0,0
682,6,2013-11-23,7927,1371,1,0,0,0
682,7,2013-11-24,8490,1329,1,0,0,0
682,1,2013-11-25,11186,1847,1,0,0,0
682,2,2013-11-26,12171,1908,1,0,0,0
682,3,2013-11-27,12035,1899,1,0,0,0
682,4,2013-11-28,12646,2001,1,0,0,0
682,5,2013-11-29,14074,2158,1,0,0,0
682,6,2013-11-30,10208,1695,1,0,0,0
682,7,2013-12-01,10162,1618,1,0,0,0
682,1,2013-12-02,19217,2439,1,1,0,0
682,2,2013-12-03,17406,2276,1,1,0,0
682,3,2013-12-04,18407,2469,1,1,0,0
682,4,2013-12-05,22035,2816,1,1,0,0
682,5,2013-12-06,17786,2485,1,1,0,0
682,6,2013-12-07,9882,1712,1,0,0,0
682,7,2013-12-08,6328,1174,1,0,0,0
682,1,2013-12-09,12502,1983,1,0,0,0
682,2,2013-12-10,12796,2026,1,0,0,0
682,3,2013-12-11,12314,1874,1,0,0,0
682,4,2013-12-12,12456,1979,1,0,0,0
682,5,2013-12-13,12045,1806,1,0,0,0
682,6,2013-12-14,9740,1651,1,0,0,0
682,7,2013-12-15,9238,1529,1,0,0,0
682,1,2013-12-16,22052,2579,1,1,0,0
682,2,2013-12-17,18772,2367,1,1,0,0
682,3,2013-12-18,18128,2411,1,1,0,0
682,4,2013-12-19,18374,2498,1,1,0,0
682,5,2013-12-20,17489,2455,1,1,0,0
682,6,2013-12-21,10951,1810,1,0,0,0
682,7,2013-12-22,7964,1311,1,0,0,0
682,1,2013-12-23,14305,2195,1,0,0,1
682,2,2013-12-24,3698,637,1,0,0,1
682,3,2013-12-25,4061,682,1,0,c,1
682,4,2013-12-26,5424,854,1,0,c,1
682,5,2013-12-27,10644,1778,1,0,0,1
682,6,2013-12-28,8360,1429,1,0,0,0
682,7,2013-12-29,9391,1366,1,0,0,0
682,1,2013-12-30,11999,1823,1,0,0,1
682,2,2013-12-31,7094,1064,1,0,0,1
682,3,2014-01-01,3655,613,1,0,a,1
682,4,2014-01-02,10359,1708,1,0,0,1
682,5,2014-01-03,9460,1611,1,0,0,1
682,6,2014-01-04,7598,1359,1,0,0,0
682,7,2014-01-05,6867,1113,1,0,0,0
682,1,2014-01-06,17571,2251,1,1,0,0
682,2,2014-01-07,14971,2070,1,1,0,0
682,3,2014-01-08,14566,2000,1,1,0,0
682,4,2014-01-09,13622,1956,1,1,0,0
682,5,2014-01-10,13244,2040,1,1,0,0
682,6,2014-01-11,8195,1347,1,0,0,0
682,7,2014-01-12,6935,1150,1,0,0,0
682,1,2014-01-13,10304,1790,1,0,0,0
682,2,2014-01-14,9745,1647,1,0,0,0
682,3,2014-01-15,10582,1703,1,0,0,0
682,4,2014-01-16,11218,1865,1,0,0,0
682,5,2014-01-17,10631,1794,1,0,0,0
682,6,2014-01-18,8007,1362,1,0,0,0
682,7,2014-01-19,6352,1107,1,0,0,0
682,1,2014-01-20,17790,2355,1,1,0,0
682,2,2014-01-21,15948,2217,1,1,0,0
682,3,2014-01-22,14893,2129,1,1,0,0
682,4,2014-01-23,14692,2217,1,1,0,0
682,5,2014-01-24,14471,2185,1,1,0,0
682,6,2014-01-25,8346,1412,1,0,0,0
682,7,2014-01-26,5934,1027,1,0,0,0
682,1,2014-01-27,11231,1844,1,0,0,0
682,2,2014-01-28,10738,1819,1,0,0,0
682,3,2014-01-29,11417,1847,1,0,0,0
682,4,2014-01-30,11875,1916,1,0,0,0
682,5,2014-01-31,12115,1933,1,0,0,0
682,6,2014-02-01,8781,1469,1,0,0,0
682,7,2014-02-02,8181,1290,1,0,0,0
682,1,2014-02-03,17030,2175,1,1,0,1
682,2,2014-02-04,15655,2110,1,1,0,1
682,3,2014-02-05,14400,1996,1,1,0,1
682,4,2014-02-06,13401,2015,1,1,0,1
682,5,2014-02-07,13260,1999,1,1,0,1
682,6,2014-02-08,7090,1250,1,0,0,0
682,7,2014-02-09,7800,1299,1,0,0,0
682,1,2014-02-10,10547,1770,1,0,0,0
682,2,2014-02-11,11609,1882,1,0,0,0
682,3,2014-02-12,10282,1729,1,0,0,0
682,4,2014-02-13,10718,1844,1,0,0,0
682,5,2014-02-14,10880,1917,1,0,0,0
682,6,2014-02-15,7707,1370,1,0,0,0
682,7,2014-02-16,7449,1316,1,0,0,0
682,1,2014-02-17,16124,2173,1,1,0,0
682,2,2014-02-18,14592,2002,1,1,0,0
682,3,2014-02-19,12949,1947,1,1,0,0
682,4,2014-02-20,13226,1996,1,1,0,0
682,5,2014-02-21,13406,2056,1,1,0,0
682,6,2014-02-22,7137,1295,1,0,0,0
682,7,2014-02-23,7095,1293,1,0,0,0
682,1,2014-02-24,10364,1816,1,0,0,0
682,2,2014-02-25,9466,1661,1,0,0,0
682,3,2014-02-26,9724,1644,1,0,0,0
682,4,2014-02-27,9940,1670,1,0,0,0
682,5,2014-02-28,11439,1844,1,0,0,0
682,6,2014-03-01,8022,1368,1,0,0,0
682,7,2014-03-02,8129,1317,1,0,0,0
682,1,2014-03-03,17407,2262,1,1,0,0
682,2,2014-03-04,14800,2011,1,1,0,0
682,3,2014-03-05,14197,2003,1,1,0,0
682,4,2014-03-06,13331,1938,1,1,0,0
682,5,2014-03-07,13080,1954,1,1,0,0
682,6,2014-03-08,6992,1333,1,0,0,0
682,7,2014-03-09,5691,1046,1,0,0,0
682,1,2014-03-10,9743,1668,1,0,0,0
682,2,2014-03-11,10218,1713,1,0,0,0
682,3,2014-03-12,9550,1657,1,0,0,0
682,4,2014-03-13,9966,1720,1,0,0,0
682,5,2014-03-14,10371,1761,1,0,0,0
682,6,2014-03-15,7582,1295,1,0,0,0
682,7,2014-03-16,7267,1196,1,0,0,0
682,1,2014-03-17,15822,2120,1,1,0,0
682,2,2014-03-18,14241,1988,1,1,0,0
682,3,2014-03-19,13271,1906,1,1,0,0
682,4,2014-03-20,11796,1832,1,1,0,0
682,5,2014-03-21,12881,1960,1,1,0,0
682,6,2014-03-22,7886,1372,1,0,0,0
682,7,2014-03-23,7592,1247,1,0,0,0
682,1,2014-03-24,10705,1835,1,0,0,0
682,2,2014-03-25,10579,1844,1,0,0,0
682,3,2014-03-26,9697,1726,1,0,0,0
682,4,2014-03-27,10016,1727,1,0,0,0
682,5,2014-03-28,10853,1713,1,0,0,0
682,6,2014-03-29,7306,1297,1,0,0,0
682,7,2014-03-30,6657,1201,1,0,0,0
682,1,2014-03-31,16339,2210,1,1,0,0
682,2,2014-04-01,14794,2024,1,1,0,0
682,3,2014-04-02,14550,2068,1,1,0,0
682,4,2014-04-03,13050,1951,1,1,0,0
682,5,2014-04-04,14133,2112,1,1,0,0
682,6,2014-04-05,7701,1292,1,0,0,0
682,7,2014-04-06,7846,1255,1,0,0,0
682,1,2014-04-07,10796,1852,1,0,0,0
682,2,2014-04-08,11326,1892,1,0,0,0
682,3,2014-04-09,11612,1901,1,0,0,0
682,4,2014-04-10,10651,1806,1,0,0,0
682,5,2014-04-11,10162,1756,1,0,0,0
682,6,2014-04-12,7131,1330,1,0,0,0
682,7,2014-04-13,6645,1273,1,0,0,0
682,1,2014-04-14,18307,2452,1,1,0,1
682,2,2014-04-15,17737,2292,1,1,0,1
682,3,2014-04-16,16200,2231,1,1,0,1
682,4,2014-04-17,16770,2352,1,1,0,1
682,5,2014-04-18,8174,1419,1,1,b,1
682,6,2014-04-19,8371,1486,1,0,0,0
682,7,2014-04-20,5206,1027,1,0,0,0
682,1,2014-04-21,7319,1283,1,0,b,1
682,2,2014-04-22,10425,1864,1,0,0,1
682,3,2014-04-23,10544,1847,1,0,0,1
682,4,2014-04-24,9827,1719,1,0,0,1
682,5,2014-04-25,9795,1681,1,0,0,1
682,6,2014-04-26,6948,1290,1,0,0,0
682,7,2014-04-27,6459,1172,1,0,0,0
682,1,2014-04-28,15345,2158,1,1,0,0
682,2,2014-04-29,14244,2106,1,1,0,0
682,3,2014-04-30,15384,2230,1,1,0,0
682,4,2014-05-01,8402,1327,1,1,a,0
682,5,2014-05-02,15587,2251,1,1,0,1
682,6,2014-05-03,7836,1398,1,0,0,0
682,7,2014-05-04,5801,1076,1,0,0,0
682,1,2014-05-05,17204,2285,1,1,0,0
682,2,2014-05-06,13083,1962,1,1,0,0
682,3,2014-05-07,13567,1970,1,1,0,0
682,4,2014-05-08,13735,1961,1,1,0,0
682,5,2014-05-09,13221,2020,1,1,0,0
682,6,2014-05-10,7970,1388,1,0,0,0
682,7,2014-05-11,7365,1246,1,0,0,0
682,1,2014-05-12,11792,1992,1,0,0,0
682,2,2014-05-13,11410,1896,1,0,0,0
682,3,2014-05-14,11391,1858,1,0,0,0
682,4,2014-05-15,10811,1847,1,0,0,0
682,5,2014-05-16,10121,1748,1,0,0,0
682,6,2014-05-17,7449,1404,1,0,0,0
682,7,2014-05-18,7604,1235,1,0,0,0
682,1,2014-05-19,16620,2237,1,1,0,0
682,2,2014-05-20,12771,2044,1,1,0,0
682,3,2014-05-21,12604,2009,1,1,0,0
682,4,2014-05-22,13521,2090,1,1,0,0
682,5,2014-05-23,12887,2041,1,1,0,0
682,6,2014-05-24,6652,1243,1,0,0,0
682,7,2014-05-25,7321,1304,1,0,0,0
682,1,2014-05-26,11087,1895,1,0,0,0
682,2,2014-05-27,11908,1975,1,0,0,0
682,3,2014-05-28,13873,2228,1,0,0,0
682,4,2014-05-29,9067,1457,1,0,a,0
682,5,2014-05-30,11984,1885,1,0,0,1
682,6,2014-05-31,7866,1372,1,0,0,0
682,7,2014-06-01,8310,1452,1,0,0,0
682,1,2014-06-02,16082,2198,1,1,0,0
682,2,2014-06-03,14927,2045,1,1,0,0
682,3,2014-06-04,14327,2042,1,1,0,0
682,4,2014-06-05,14153,2070,1,1,0,0
682,5,2014-06-06,13521,2056,1,1,0,0
682,6,2014-06-07,8137,1547,1,0,0,0
682,7,2014-06-08,8646,1783,1,0,0,0
682,1,2014-06-09,7976,1402,1,0,a,0
682,2,2014-06-10,10836,1801,1,0,0,0
682,3,2014-06-11,10989,1887,1,0,0,0
682,4,2014-06-12,11662,1844,1,0,0,0
682,5,2014-06-13,11280,1849,1,0,0,0
682,6,2014-06-14,8106,1422,1,0,0,0
682,7,2014-06-15,7042,1267,1,0,0,0
682,1,2014-06-16,15621,2108,1,1,0,0
682,2,2014-06-17,14612,2129,1,1,0,0
682,3,2014-06-18,14189,2049,1,1,0,0
682,4,2014-06-19,13969,2051,1,1,0,0
682,5,2014-06-20,13759,2021,1,1,0,0
682,6,2014-06-21,7342,1321,1,0,0,0
682,7,2014-06-22,7014,1173,1,0,0,0
682,1,2014-06-23,10845,1819,1,0,0,0
682,2,2014-06-24,10330,1836,1,0,0,0
682,3,2014-06-25,12191,2020,1,0,0,0
682,4,2014-06-26,9621,1643,1,0,0,0
682,5,2014-06-27,10356,1720,1,0,0,0
682,6,2014-06-28,7445,1329,1,0,0,0
682,7,2014-06-29,7637,1244,1,0,0,0
682,1,2014-06-30,15765,2184,1,1,0,0
682,2,2014-07-01,15922,2116,1,1,0,0
682,3,2014-07-02,14994,2158,1,1,0,0
682,4,2014-07-03,13272,2031,1,1,0,0
682,5,2014-07-04,12273,2135,1,1,0,0
682,6,2014-07-05,7438,1375,1,0,0,0
682,7,2014-07-06,7576,1324,1,0,0,0
682,1,2014-07-07,12155,2026,1,0,0,0
682,2,2014-07-08,11905,2067,1,0,0,0
682,3,2014-07-09,11447,1931,1,0,0,1
682,4,2014-07-10,10835,1908,1,0,0,1
682,5,2014-07-11,10829,1919,1,0,0,1
682,6,2014-07-12,7999,1381,1,0,0,0
682,7,2014-07-13,7092,1286,1,0,0,0
682,1,2014-07-14,12654,1823,1,1,0,1
682,2,2014-07-15,12286,1845,1,1,0,1
682,3,2014-07-16,12059,1847,1,1,0,1
682,4,2014-07-17,11966,1912,1,1,0,1
682,5,2014-07-18,11964,1825,1,1,0,1
682,6,2014-07-19,6791,1253,1,0,0,0
682,7,2014-07-20,6441,1224,1,0,0,0
682,1,2014-07-21,9285,1749,1,0,0,1
682,2,2014-07-22,8750,1612,1,0,0,1
682,3,2014-07-23,8205,1564,1,0,0,1
682,4,2014-07-24,8944,1554,1,0,0,1
682,5,2014-07-25,8981,1574,1,0,0,1
682,6,2014-07-26,6628,1284,1,0,0,0
682,7,2014-07-27,6614,1217,1,0,0,0
682,1,2014-07-28,9271,1307,1,1,0,1
682,2,2014-07-29,12765,1948,1,1,0,1
682,3,2014-07-30,12106,1745,1,1,0,1
682,4,2014-07-31,13120,1908,1,1,0,1
682,5,2014-08-01,11718,1908,1,1,0,1
682,6,2014-08-02,6985,1400,1,0,0,0
682,7,2014-08-03,6726,1279,1,0,0,0
682,1,2014-08-04,12031,1732,1,1,0,1
682,2,2014-08-05,11256,1744,1,1,0,1
682,3,2014-08-06,10841,1617,1,1,0,1
682,4,2014-08-07,10620,1612,1,1,0,1
682,5,2014-08-08,10413,1617,1,1,0,1
682,6,2014-08-09,6291,1223,1,0,0,0
682,7,2014-08-10,7241,1225,1,0,0,0
682,1,2014-08-11,8520,1468,1,0,0,1
682,2,2014-08-12,8604,1509,1,0,0,1
682,3,2014-08-13,8270,1414,1,0,0,1
682,4,2014-08-14,7514,1384,1,0,0,1
682,5,2014-08-15,8476,1478,1,0,0,1
682,6,2014-08-16,6439,1186,1,0,0,0
682,7,2014-08-17,6358,1145,1,0,0,0
682,1,2014-08-18,12771,1803,1,1,0,1
682,2,2014-08-19,11438,1752,1,1,0,1
682,3,2014-08-20,11272,1651,1,1,0,1
682,4,2014-08-21,10343,1670,1,1,0,1
682,5,2014-08-22,10277,1654,1,1,0,1
682,6,2014-08-23,7337,1283,1,0,0,0
682,7,2014-08-24,6655,1176,1,0,0,0
682,1,2014-08-25,10754,1783,1,0,0,0
682,2,2014-08-26,10093,1719,1,0,0,0
682,3,2014-08-27,9515,1679,1,0,0,0
682,4,2014-08-28,10483,1764,1,0,0,0
682,5,2014-08-29,11112,1804,1,0,0,0
682,6,2014-08-30,9039,1494,1,0,0,0
682,7,2014-08-31,6485,1141,1,0,0,0
682,1,2014-09-01,17835,2257,1,1,0,0
682,2,2014-09-02,14563,2060,1,1,0,0
682,3,2014-09-03,13786,1945,1,1,0,0
682,4,2014-09-04,12969,1957,1,1,0,0
682,5,2014-09-05,12656,1958,1,1,0,0
682,6,2014-09-06,7381,1391,1,0,0,0
682,7,2014-09-07,5948,1186,1,0,0,0
682,1,2014-09-08,10253,1773,1,0,0,0
682,2,2014-09-09,10552,1770,1,0,0,0
682,3,2014-09-10,10872,1796,1,0,0,0
682,4,2014-09-11,9548,1669,1,0,0,0
682,5,2014-09-12,9933,1687,1,0,0,0
682,6,2014-09-13,6875,1252,1,0,0,0
682,7,2014-09-14,7412,1195,1,0,0,0
682,1,2014-09-15,14177,2003,1,1,0,0
682,2,2014-09-16,13042,1889,1,1,0,0
682,3,2014-09-17,12311,1826,1,1,0,0
682,4,2014-09-18,11103,1820,1,1,0,0
682,5,2014-09-19,12351,1969,1,1,0,0
682,6,2014-09-20,7120,1333,1,0,0,0
682,7,2014-09-21,6878,1160,1,0,0,0
682,1,2014-09-22,11787,1916,1,0,0,0
682,2,2014-09-23,9891,1711,1,0,0,0
682,3,2014-09-24,10549,1705,1,0,0,0
682,4,2014-09-25,10217,1772,1,0,0,0
682,5,2014-09-26,9449,1611,1,0,0,0
682,6,2014-09-27,6751,1254,1,0,0,0
682,7,2014-09-28,6785,1227,1,0,0,0
682,1,2014-09-29,14447,2074,1,1,0,0
682,2,2014-09-30,15597,2163,1,1,0,0
682,3,2014-10-01,13655,1975,1,1,0,0
682,4,2014-10-02,14650,2169,1,1,0,0
682,5,2014-10-03,8846,1560,1,1,a,0
682,6,2014-10-04,9232,1625,1,0,0,0
682,7,2014-10-05,6644,1175,1,0,0,0
682,1,2014-10-06,15103,2142,1,1,0,0
682,2,2014-10-07,14903,2045,1,1,0,0
682,3,2014-10-08,13498,2022,1,1,0,0
682,4,2014-10-09,13028,1914,1,1,0,0
682,5,2014-10-10,12813,1981,1,1,0,0
682,6,2014-10-11,7961,1413,1,0,0,0
682,7,2014-10-12,8766,1384,1,0,0,0
682,1,2014-10-13,11293,1867,1,0,0,0
682,2,2014-10-14,10809,1869,1,0,0,0
682,3,2014-10-15,9813,1605,1,0,0,0
682,4,2014-10-16,11410,1809,1,0,0,0
682,5,2014-10-17,11309,1839,1,0,0,0
682,6,2014-10-18,7006,1285,1,0,0,0
682,7,2014-10-19,7461,1268,1,0,0,0
682,1,2014-10-20,15510,2142,1,1,0,1
682,2,2014-10-21,13114,2024,1,1,0,1
682,3,2014-10-22,13097,2032,1,1,0,1
682,4,2014-10-23,12808,1890,1,1,0,1
682,5,2014-10-24,13120,1998,1,1,0,1
682,6,2014-10-25,7700,1365,1,0,0,0
682,7,2014-10-26,7078,1263,1,0,0,0
682,1,2014-10-27,10741,1783,1,0,0,1
682,2,2014-10-28,11441,1883,1,0,0,1
682,3,2014-10-29,10382,1783,1,0,0,1
682,4,2014-10-30,10794,1753,1,0,0,1
682,5,2014-10-31,11381,1842,1,0,0,1
682,6,2014-11-01,7822,1405,1,0,0,0
682,7,2014-11-02,8792,1411,1,0,0,0
682,1,2014-11-03,16564,2201,1,1,0,0
682,2,2014-11-04,15112,2146,1,1,0,0
682,3,2014-11-05,14694,2055,1,1,0,0
682,4,2014-11-06,12083,1698,1,1,0,0
682,5,2014-11-07,12539,1804,1,1,0,0
682,6,2014-11-08,7217,1337,1,0,0,0
682,7,2014-11-09,5434,1011,1,0,0,0
682,1,2014-11-10,14341,1984,1,1,0,0
682,2,2014-11-11,13567,1931,1,1,0,0
682,3,2014-11-12,12905,1889,1,1,0,0
682,4,2014-11-13,12703,1923,1,1,0,0
682,5,2014-11-14,12865,1962,1,1,0,0
682,6,2014-11-15,8175,1419,1,0,0,0
682,7,2014-11-16,8061,1271,1,0,0,0
682,1,2014-11-17,11876,1890,1,0,0,0
682,2,2014-11-18,10956,1837,1,0,0,0
682,3,2014-11-19,11958,1858,1,0,0,0
682,4,2014-11-20,11830,1824,1,0,0,0
682,5,2014-11-21,10798,1820,1,0,0,0
682,6,2014-11-22,8078,1454,1,0,0,0
682,7,2014-11-23,7829,1302,1,0,0,0
682,1,2014-11-24,17342,2217,1,1,0,0
682,2,2014-11-25,15216,2172,1,1,0,0
682,3,2014-11-26,14966,2062,1,1,0,0
682,4,2014-11-27,15353,2174,1,1,0,0
682,5,2014-11-28,16545,2306,1,1,0,0
682,6,2014-11-29,10683,1697,1,0,0,0
682,7,2014-11-30,10468,1596,1,0,0,0
682,1,2014-12-01,19321,2507,1,1,0,0
682,2,2014-12-02,17845,2368,1,1,0,0
682,3,2014-12-03,17180,2184,1,1,0,0
682,4,2014-12-04,16971,2277,1,1,0,0
682,5,2014-12-05,18095,2458,1,1,0,0
682,6,2014-12-06,9275,1658,1,0,0,0
682,7,2014-12-07,7155,1225,1,0,0,0
682,1,2014-12-08,12646,2013,1,0,0,0
682,2,2014-12-09,12608,2002,1,0,0,0
682,3,2014-12-10,12267,1997,1,0,0,0
682,4,2014-12-11,12611,2088,1,0,0,0
682,5,2014-12-12,12722,1992,1,0,0,0
682,6,2014-12-13,9852,1661,1,0,0,0
682,7,2014-12-14,10044,1542,1,0,0,0
682,1,2014-12-15,20230,2509,1,1,0,0
682,2,2014-12-16,18494,2440,1,1,0,0
682,3,2014-12-17,18596,2418,1,1,0,0
682,4,2014-12-18,17028,2341,1,1,0,0
682,5,2014-12-19,17195,2437,1,1,0,0
682,6,2014-12-20,10754,1718,1,0,0,0
682,7,2014-12-21,8785,1428,1,0,0,0
682,1,2014-12-22,14919,2274,1,0,0,1
682,2,2014-12-23,15050,2194,1,0,0,1
682,3,2014-12-24,4423,714,1,0,0,1
682,4,2014-12-25,4696,708,1,0,c,1
682,5,2014-12-26,6421,930,1,0,c,1
682,6,2014-12-27,10007,1527,1,0,0,0
682,7,2014-12-28,9082,1364,1,0,0,0
682,1,2014-12-29,12200,1927,1,0,0,1
682,2,2014-12-30,12974,1902,1,0,0,1
682,3,2014-12-31,8093,1152,1,0,0,1
682,4,2015-01-01,4506,709,1,0,a,1
682,5,2015-01-02,10087,1663,1,0,0,1
682,6,2015-01-03,8041,1384,1,0,0,0
682,7,2015-01-04,6980,1154,1,0,0,0
682,1,2015-01-05,15699,2236,1,1,0,0
682,2,2015-01-06,14843,2081,1,1,0,0
682,3,2015-01-07,13233,1965,1,1,0,0
682,4,2015-01-08,13293,1955,1,1,0,0
682,5,2015-01-09,13934,2078,1,1,0,0
682,6,2015-01-10,8004,1334,1,0,0,0
682,7,2015-01-11,7672,1155,1,0,0,0
682,1,2015-01-12,16190,2271,1,1,0,0
682,2,2015-01-13,13825,2022,1,1,0,0
682,3,2015-01-14,13321,1936,1,1,0,0
682,4,2015-01-15,13426,1961,1,1,0,0
682,5,2015-01-16,12935,2004,1,1,0,0
682,6,2015-01-17,7934,1457,1,0,0,0
682,7,2015-01-18,7428,1220,1,0,0,0
682,1,2015-01-19,12052,1970,1,0,0,0
682,2,2015-01-20,11205,1875,1,0,0,0
682,3,2015-01-21,10777,1831,1,0,0,0
682,4,2015-01-22,11340,1862,1,0,0,0
682,5,2015-01-23,10670,1772,1,0,0,0
682,6,2015-01-24,7152,1318,1,0,0,0
682,7,2015-01-25,5913,1023,1,0,0,0
682,1,2015-01-26,15426,2195,1,1,0,0
682,2,2015-01-27,14838,2163,1,1,0,0
682,3,2015-01-28,14099,2113,1,1,0,0
682,4,2015-01-29,14168,2045,1,1,0,0
682,5,2015-01-30,14808,2130,1,1,0,0
682,6,2015-01-31,8607,1536,1,0,0,0
682,7,2015-02-01,8366,1337,1,0,0,0
682,1,2015-02-02,16274,2187,1,1,0,1
682,2,2015-02-03,15284,2159,1,1,0,1
682,3,2015-02-04,14003,2117,1,1,0,1
682,4,2015-02-05,13553,2030,1,1,0,1
682,5,2015-02-06,13865,2035,1,1,0,1
682,6,2015-02-07,8630,1534,1,0,0,0
682,7,2015-02-08,9055,1417,1,0,0,0
682,1,2015-02-09,12675,2012,1,0,0,0
682,2,2015-02-10,11514,1929,1,0,0,0
682,3,2015-02-11,11257,1880,1,0,0,0
682,4,2015-02-12,11791,1906,1,0,0,0
682,5,2015-02-13,12121,1973,1,0,0,0
682,6,2015-02-14,8359,1476,1,0,0,0
682,7,2015-02-15,8163,1414,1,0,0,0
682,1,2015-02-16,16712,2226,1,1,0,0
682,2,2015-02-17,14930,2143,1,1,0,0
682,3,2015-02-18,12883,1946,1,1,0,0
682,4,2015-02-19,12259,1933,1,1,0,0
682,5,2015-02-20,14319,2118,1,1,0,0
682,6,2015-02-21,7481,1347,1,0,0,0
682,7,2015-02-22,8516,1333,1,0,0,0
682,1,2015-02-23,11256,1885,1,0,0,0
682,2,2015-02-24,10818,1804,1,0,0,0
682,3,2015-02-25,10451,1750,1,0,0,0
682,4,2015-02-26,10972,1760,1,0,0,0
682,5,2015-02-27,11710,1895,1,0,0,0
682,6,2015-02-28,8386,1434,1,0,0,0
682,7,2015-03-01,8236,1354,1,0,0,0
682,1,2015-03-02,17603,2296,1,1,0,0
682,2,2015-03-03,15369,2194,1,1,0,0
682,3,2015-03-04,14985,2191,1,1,0,0
682,4,2015-03-05,14323,2062,1,1,0,0
682,5,2015-03-06,14464,2144,1,1,0,0
682,6,2015-03-07,8111,1404,1,0,0,0
682,7,2015-03-08,6433,1145,1,0,0,0
682,1,2015-03-09,10916,1805,1,0,0,0
682,2,2015-03-10,11650,1873,1,0,0,0
682,3,2015-03-11,11774,1825,1,0,0,0
682,4,2015-03-12,10972,1752,1,0,0,0
682,5,2015-03-13,11373,1834,1,0,0,0
682,6,2015-03-14,8494,1441,1,0,0,0
682,7,2015-03-15,8362,1300,1,0,0,0
682,1,2015-03-16,16282,2254,1,1,0,0
682,2,2015-03-17,14232,2090,1,1,0,0
682,3,2015-03-18,15125,2129,1,1,0,0
682,4,2015-03-19,14426,2043,1,1,0,0
682,5,2015-03-20,13528,2033,1,1,0,0
682,6,2015-03-21,8242,1425,1,0,0,0
682,7,2015-03-22,8227,1319,1,0,0,0
682,1,2015-03-23,11242,1895,1,0,0,0
682,2,2015-03-24,11141,1860,1,0,0,0
682,3,2015-03-25,10471,1783,1,0,0,0
682,4,2015-03-26,11447,1883,1,0,0,0
682,5,2015-03-27,12102,1922,1,0,0,0
682,6,2015-03-28,8211,1433,1,0,0,0
682,7,2015-03-29,7638,1244,1,0,0,0
682,1,2015-03-30,19098,2412,1,1,0,1
682,2,2015-03-31,19119,2507,1,1,0,1
682,3,2015-04-01,19371,2399,1,1,0,1
682,4,2015-04-02,18616,2557,1,1,0,1
682,5,2015-04-03,9654,1478,1,1,b,1
682,6,2015-04-04,10310,1663,1,0,0,0
682,7,2015-04-05,6399,1082,1,0,0,0
682,1,2015-04-06,8522,1360,1,0,b,1
682,2,2015-04-07,12114,2001,1,0,0,1
682,3,2015-04-08,11251,1825,1,0,0,1
682,4,2015-04-09,10823,1820,1,0,0,1
682,5,2015-04-10,9704,1750,1,0,0,1
682,6,2015-04-11,7193,1352,1,0,0,0
682,7,2015-04-12,7856,1311,1,0,0,0
682,1,2015-04-13,17147,2320,1,1,0,0
682,2,2015-04-14,15484,2144,1,1,0,0
682,3,2015-04-15,13766,2024,1,1,0,0
682,4,2015-04-16,13811,2011,1,1,0,0
682,5,2015-04-17,14342,2140,1,1,0,0
682,6,2015-04-18,8246,1399,1,0,0,0
682,7,2015-04-19,7644,1236,1,0,0,0
682,1,2015-04-20,11839,1924,1,0,0,0
682,2,2015-04-21,11277,1839,1,0,0,0
682,3,2015-04-22,10214,1618,1,0,0,0
682,4,2015-04-23,9649,1602,1,0,0,0
682,5,2015-04-24,10653,1866,1,0,0,0
682,6,2015-04-25,7271,1345,1,0,0,0
682,7,2015-04-26,7325,1268,1,0,0,0
682,1,2015-04-27,17835,2405,1,1,0,0
682,2,2015-04-28,16988,2353,1,1,0,0
682,3,2015-04-29,14541,2067,1,1,0,0
682,4,2015-04-30,16698,2406,1,1,0,0
682,5,2015-05-01,8406,1353,1,1,a,0
682,6,2015-05-02,10442,1649,1,0,0,0
682,7,2015-05-03,6723,1203,1,0,0,0
682,1,2015-05-04,16144,2137,1,1,0,0
682,2,2015-05-05,12232,1885,1,1,0,0
682,3,2015-05-06,13659,1924,1,1,0,0
682,4,2015-05-07,13681,1874,1,1,0,0
682,5,2015-05-08,12452,1905,1,1,0,0
682,6,2015-05-09,7328,1320,1,0,0,0
682,7,2015-05-10,7944,1229,1,0,0,0
682,1,2015-05-11,12100,1931,1,0,0,0
682,2,2015-05-12,11745,1954,1,0,0,0
682,3,2015-05-13,13544,2086,1,0,0,0
682,4,2015-05-14,8196,1327,1,0,a,0
682,5,2015-05-15,11143,1768,1,0,0,1
682,6,2015-05-16,8581,1464,1,0,0,0
682,7,2015-05-17,7363,1221,1,0,0,0
682,1,2015-05-18,15766,2110,1,1,0,0
682,2,2015-05-19,14732,2099,1,1,0,0
682,3,2015-05-20,12775,1894,1,1,0,0
682,4,2015-05-21,13133,1916,1,1,0,0
682,5,2015-05-22,13062,1954,1,1,0,0
682,6,2015-05-23,7150,1276,1,0,0,0
682,7,2015-05-24,6777,1222,1,0,0,0
682,1,2015-05-25,7646,1341,1,0,a,0
682,2,2015-05-26,12799,2046,1,0,0,1
682,3,2015-05-27,11878,1916,1,0,0,0
682,4,2015-05-28,12229,1890,1,0,0,0
682,5,2015-05-29,12061,1886,1,0,0,0
682,6,2015-05-30,8885,1434,1,0,0,0
682,7,2015-05-31,8158,1388,1,0,0,0
682,1,2015-06-01,18838,2437,1,1,0,0
682,2,2015-06-02,15185,2112,1,1,0,0
682,3,2015-06-03,14630,2050,1,1,0,0
682,4,2015-06-04,14852,2143,1,1,0,0
682,5,2015-06-05,13407,2153,1,1,0,0
682,6,2015-06-06,7254,1346,1,0,0,0
682,7,2015-06-07,7606,1204,1,0,0,0
682,1,2015-06-08,11912,1970,1,0,0,0
682,2,2015-06-09,10971,1799,1,0,0,0
682,3,2015-06-10,10052,1735,1,0,0,0
682,4,2015-06-11,10715,1815,1,0,0,0
682,5,2015-06-12,10633,1832,1,0,0,0
682,6,2015-06-13,7742,1456,1,0,0,0
682,7,2015-06-14,7493,1257,1,0,0,0
682,1,2015-06-15,16096,2244,1,1,0,0
682,2,2015-06-16,15445,2104,1,1,0,0
682,3,2015-06-17,13715,1998,1,1,0,0
682,4,2015-06-18,13195,1916,1,1,0,0
682,5,2015-06-19,14471,2101,1,1,0,0
682,6,2015-06-20,7720,1344,1,0,0,0
682,7,2015-06-21,8057,1300,1,0,0,0
682,1,2015-06-22,11005,1859,1,0,0,0
682,2,2015-06-23,12190,2003,1,0,0,0
682,3,2015-06-24,10924,1836,1,0,0,0
682,4,2015-06-25,10241,1780,1,0,0,0
682,5,2015-06-26,10299,1712,1,0,0,0
682,6,2015-06-27,8008,1413,1,0,0,0
682,7,2015-06-28,7731,1258,1,0,0,0
682,1,2015-06-29,17042,2175,1,1,0,0
682,2,2015-06-30,16021,2073,1,1,0,0
682,3,2015-07-01,15404,2176,1,1,0,0
682,4,2015-07-02,14977,2222,1,1,0,0
682,5,2015-07-03,14335,2239,1,1,0,0
682,6,2015-07-04,7615,1506,1,0,0,0
682,7,2015-07-05,7361,1385,1,0,0,0
682,1,2015-07-06,11993,1938,1,0,0,0
682,2,2015-07-07,11419,1939,1,0,0,0
682,3,2015-07-08,11487,1906,1,0,0,0
682,4,2015-07-09,11717,1864,1,0,0,0
682,5,2015-07-10,10923,1765,1,0,0,0
682,6,2015-07-11,7926,1453,1,0,0,0
682,7,2015-07-12,7840,1336,1,0,0,0
682,1,2015-07-13,16565,2278,1,1,0,0
682,2,2015-07-14,15333,2231,1,1,0,0
682,3,2015-07-15,13866,2020,1,1,0,0
682,4,2015-07-16,13526,1949,1,1,0,1
682,5,2015-07-17,11827,1926,1,1,0,1
682,6,2015-07-18,7968,1378,1,0,0,0
682,7,2015-07-19,8590,1327,1,0,0,0
682,1,2015-07-20,10601,1850,1,0,0,1
682,2,2015-07-21,9918,1764,1,0,0,1
682,3,2015-07-22,9829,1659,1,0,0,1
682,4,2015-07-23,10065,1614,1,0,0,1
682,5,2015-07-24,9122,1580,1,0,0,1
682,6,2015-07-25,6851,1284,1,0,0,0
682,7,2015-07-26,6822,1188,1,0,0,0
682,1,2015-07-27,14722,1990,1,1,0,1
682,2,2015-07-28,13595,1876,1,1,0,1
682,3,2015-07-29,12320,1828,1,1,0,1
682,4,2015-07-30,13026,1837,1,1,0,1
682,5,2015-07-31,13979,2013,1,1,0,1
698,2,2013-01-01,0,0,0,0,a,1
698,3,2013-01-02,15829,2013,1,0,0,1
698,4,2013-01-03,13417,1757,1,0,0,1
698,5,2013-01-04,13606,1749,1,0,0,1
698,6,2013-01-05,14232,1834,1,0,0,0
698,7,2013-01-06,0,0,0,0,0,0
698,1,2013-01-07,19682,2298,1,1,0,0
698,2,2013-01-08,15616,1887,1,1,0,0
698,3,2013-01-09,13822,1743,1,1,0,0
698,4,2013-01-10,13143,1711,1,1,0,0
698,5,2013-01-11,15018,1858,1,1,0,0
698,6,2013-01-12,12239,1670,1,0,0,0
698,7,2013-01-13,0,0,0,0,0,0
698,1,2013-01-14,13956,1842,1,0,0,0
698,2,2013-01-15,12331,1652,1,0,0,0
698,3,2013-01-16,11695,1624,1,0,0,0
698,4,2013-01-17,12914,1714,1,0,0,0
698,5,2013-01-18,12144,1645,1,0,0,0
698,6,2013-01-19,12568,1600,1,0,0,0
698,7,2013-01-20,0,0,0,0,0,0
698,1,2013-01-21,18013,2074,1,1,0,0
698,2,2013-01-22,14676,1832,1,1,0,0
698,3,2013-01-23,13382,1720,1,1,0,0
698,4,2013-01-24,13740,1648,1,1,0,0
698,5,2013-01-25,14292,1857,1,1,0,0
698,6,2013-01-26,13099,1677,1,0,0,0
698,7,2013-01-27,0,0,0,0,0,0
698,1,2013-01-28,13262,1719,1,0,0,0
698,2,2013-01-29,12545,1638,1,0,0,0
698,3,2013-01-30,11621,1602,1,0,0,0
698,4,2013-01-31,15976,1946,1,0,0,0
698,5,2013-02-01,14642,1949,1,0,0,0
698,6,2013-02-02,14063,1803,1,0,0,0
698,7,2013-02-03,0,0,0,0,0,0
698,1,2013-02-04,19046,2195,1,1,0,1
698,2,2013-02-05,16773,2054,1,1,0,1
698,3,2013-02-06,16363,1939,1,1,0,1
698,4,2013-02-07,14237,1838,1,1,0,1
698,5,2013-02-08,13962,1834,1,1,0,1
698,6,2013-02-09,13575,1729,1,0,0,0
698,7,2013-02-10,0,0,0,0,0,0
698,1,2013-02-11,13901,1886,1,0,0,0
698,2,2013-02-12,12783,1746,1,0,0,0
698,3,2013-02-13,12385,1696,1,0,0,0
698,4,2013-02-14,14100,1811,1,0,0,0
698,5,2013-02-15,12969,1733,1,0,0,0
698,6,2013-02-16,13293,1731,1,0,0,0
698,7,2013-02-17,0,0,0,0,0,0
698,1,2013-02-18,18580,2181,1,1,0,0
698,2,2013-02-19,14114,1779,1,1,0,0
698,3,2013-02-20,14771,1819,1,1,0,0
698,4,2013-02-21,13960,1758,1,1,0,0
698,5,2013-02-22,14899,1861,1,1,0,0
698,6,2013-02-23,11442,1506,1,0,0,0
698,7,2013-02-24,0,0,0,0,0,0
698,1,2013-02-25,12263,1747,1,0,0,0
698,2,2013-02-26,11791,1629,1,0,0,0
698,3,2013-02-27,12187,1658,1,0,0,0
698,4,2013-02-28,14885,1902,1,0,0,0
698,5,2013-03-01,15247,1896,1,0,0,0
698,6,2013-03-02,16339,1976,1,0,0,0
698,7,2013-03-03,0,0,0,0,0,0
698,1,2013-03-04,19076,2324,1,1,0,0
698,2,2013-03-05,16389,2051,1,1,0,0
698,3,2013-03-06,15213,1970,1,1,0,0
698,4,2013-03-07,13943,1858,1,1,0,0
698,5,2013-03-08,14142,1819,1,1,0,0
698,6,2013-03-09,12889,1728,1,0,0,0
698,7,2013-03-10,0,0,0,0,0,0
698,1,2013-03-11,13749,1819,1,0,0,0
698,2,2013-03-12,11824,1702,1,0,0,0
698,3,2013-03-13,12683,1709,1,0,0,0
698,4,2013-03-14,12351,1672,1,0,0,0
698,5,2013-03-15,12214,1650,1,0,0,0
698,6,2013-03-16,14570,1825,1,0,0,0
698,7,2013-03-17,0,0,0,0,0,0
698,1,2013-03-18,18445,2154,1,1,0,0
698,2,2013-03-19,13016,1693,1,1,0,0
698,3,2013-03-20,15303,1867,1,1,0,0
698,4,2013-03-21,13854,1783,1,1,0,0
698,5,2013-03-22,15451,1921,1,1,0,0
698,6,2013-03-23,12996,1672,1,0,0,0
698,7,2013-03-24,0,0,0,0,0,0
698,1,2013-03-25,16492,1961,1,1,0,1
698,2,2013-03-26,14076,1826,1,1,0,1
698,3,2013-03-27,14954,1912,1,1,0,1
698,4,2013-03-28,21049,2422,1,1,0,1
698,5,2013-03-29,0,0,0,1,b,1
698,6,2013-03-30,19162,2284,1,0,0,0
698,7,2013-03-31,0,0,0,0,0,0
698,1,2013-04-01,0,0,0,0,b,1
698,2,2013-04-02,18469,2164,1,0,0,1
698,3,2013-04-03,14636,1967,1,0,0,1
698,4,2013-04-04,13675,1842,1,0,0,1
698,5,2013-04-05,13625,1780,1,0,0,1
698,6,2013-04-06,14676,1831,1,0,0,0
698,7,2013-04-07,0,0,0,0,0,0
698,1,2013-04-08,19534,2288,1,1,0,0
698,2,2013-04-09,15725,1921,1,1,0,0
698,3,2013-04-10,14503,1848,1,1,0,0
698,4,2013-04-11,14605,1869,1,1,0,0
698,5,2013-04-12,14521,1906,1,1,0,0
698,6,2013-04-13,14017,1836,1,0,0,0
698,7,2013-04-14,0,0,0,0,0,0
698,1,2013-04-15,13244,1926,1,0,0,0
698,2,2013-04-16,12495,1702,1,0,0,0
698,3,2013-04-17,11370,1644,1,0,0,0
698,4,2013-04-18,11642,1663,1,0,0,0
698,5,2013-04-19,12556,1734,1,0,0,0
698,6,2013-04-20,13270,1750,1,0,0,0
698,7,2013-04-21,0,0,0,0,0,0
698,1,2013-04-22,17602,2198,1,1,0,0
698,2,2013-04-23,14907,1914,1,1,0,0
698,3,2013-04-24,14863,1889,1,1,0,0
698,4,2013-04-25,13229,1827,1,1,0,0
698,5,2013-04-26,14218,1838,1,1,0,0
698,6,2013-04-27,13979,1789,1,0,0,0
698,7,2013-04-28,0,0,0,0,0,0
698,1,2013-04-29,17423,2198,1,1,0,0
698,2,2013-04-30,20955,2423,1,1,0,0
698,3,2013-05-01,0,0,0,1,a,0
698,4,2013-05-02,19647,2292,1,1,0,0
698,5,2013-05-03,18016,2239,1,1,0,0
698,6,2013-05-04,15267,1981,1,0,0,0
698,7,2013-05-05,0,0,0,0,0,0
698,1,2013-05-06,16347,2159,1,0,0,0
698,2,2013-05-07,13821,1833,1,0,0,0
698,3,2013-05-08,15708,2054,1,0,0,0
698,4,2013-05-09,0,0,0,0,a,0
698,5,2013-05-10,16759,2121,1,0,0,1
698,6,2013-05-11,15048,1939,1,0,0,0
698,7,2013-05-12,0,0,0,0,0,0
698,1,2013-05-13,18808,2280,1,1,0,0
698,2,2013-05-14,15946,2008,1,1,0,0
698,3,2013-05-15,15778,1926,1,1,0,0
698,4,2013-05-16,15018,1904,1,1,0,0
698,5,2013-05-17,16326,1996,1,1,0,0
698,6,2013-05-18,14734,1924,1,0,0,0
698,7,2013-05-19,0,0,0,0,0,0
698,1,2013-05-20,0,0,0,0,a,0
698,2,2013-05-21,16443,2139,1,0,0,1
698,3,2013-05-22,13219,1650,1,0,0,0
698,4,2013-05-23,13853,1812,1,0,0,0
698,5,2013-05-24,14265,1790,1,0,0,0
698,6,2013-05-25,12069,1595,1,0,0,0
698,7,2013-05-26,0,0,0,0,0,0
698,1,2013-05-27,17980,2157,1,1,0,0
698,2,2013-05-28,15367,1856,1,1,0,0
698,3,2013-05-29,15263,1880,1,1,0,0
698,4,2013-05-30,14054,1818,1,1,0,0
698,5,2013-05-31,18182,2144,1,1,0,0
698,6,2013-06-01,16549,2029,1,0,0,0
698,7,2013-06-02,0,0,0,0,0,0
698,1,2013-06-03,20715,2330,1,1,0,0
698,2,2013-06-04,17904,2088,1,1,0,0
698,3,2013-06-05,15546,1926,1,1,0,0
698,4,2013-06-06,15460,1894,1,1,0,0
698,5,2013-06-07,16633,2029,1,1,0,0
698,6,2013-06-08,14120,1815,1,0,0,0
698,7,2013-06-09,0,0,0,0,0,0
698,1,2013-06-10,15466,1984,1,0,0,0
698,2,2013-06-11,13688,1822,1,0,0,0
698,3,2013-06-12,13323,1756,1,0,0,0
698,4,2013-06-13,12642,1662,1,0,0,0
698,5,2013-06-14,12886,1730,1,0,0,0
698,6,2013-06-15,15662,1866,1,0,0,0
698,7,2013-06-16,0,0,0,0,0,0
698,1,2013-06-17,19849,2328,1,1,0,0
698,2,2013-06-18,16828,2027,1,1,0,0
698,3,2013-06-19,15127,1939,1,1,0,1
698,4,2013-06-20,14203,1789,1,1,0,1
698,5,2013-06-21,15511,1890,1,1,0,1
698,6,2013-06-22,12989,1601,1,0,0,0
698,7,2013-06-23,0,0,0,0,0,0
698,1,2013-06-24,15121,1861,1,0,0,1
698,2,2013-06-25,11543,1552,1,0,0,1
698,3,2013-06-26,13857,1762,1,0,0,1
698,4,2013-06-27,12308,1598,1,0,0,1
698,5,2013-06-28,14242,1740,1,0,0,1
698,6,2013-06-29,15139,1765,1,0,0,0
698,7,2013-06-30,0,0,0,0,0,0
698,1,2013-07-01,20162,2142,1,1,0,1
698,2,2013-07-02,16227,1993,1,1,0,1
698,3,2013-07-03,15321,1815,1,1,0,1
698,4,2013-07-04,15311,1785,1,1,0,1
698,5,2013-07-05,15099,1879,1,1,0,1
698,6,2013-07-06,12323,1610,1,0,0,0
698,7,2013-07-07,0,0,0,0,0,0
698,1,2013-07-08,13689,1820,1,0,0,1
698,2,2013-07-09,12220,1641,1,0,0,1
698,3,2013-07-10,11952,1508,1,0,0,1
698,4,2013-07-11,10690,1440,1,0,0,1
698,5,2013-07-12,12304,1576,1,0,0,1
698,6,2013-07-13,12619,1575,1,0,0,0
698,7,2013-07-14,0,0,0,0,0,0
698,1,2013-07-15,18560,2112,1,1,0,1
698,2,2013-07-16,14270,1770,1,1,0,1
698,3,2013-07-17,14037,1752,1,1,0,1
698,4,2013-07-18,13290,1727,1,1,0,1
698,5,2013-07-19,12947,1692,1,1,0,1
698,6,2013-07-20,12057,1575,1,0,0,0
698,7,2013-07-21,0,0,0,0,0,0
698,1,2013-07-22,13332,1716,1,0,0,1
698,2,2013-07-23,11546,1599,1,0,0,1
698,3,2013-07-24,11510,1535,1,0,0,1
698,4,2013-07-25,10333,1461,1,0,0,1
698,5,2013-07-26,11821,1601,1,0,0,1
698,6,2013-07-27,11542,1600,1,0,0,0
698,7,2013-07-28,0,0,0,0,0,0
698,1,2013-07-29,17882,2085,1,1,0,1
698,2,2013-07-30,15323,1824,1,1,0,1
698,3,2013-07-31,18871,2135,1,1,0,1
698,4,2013-08-01,16357,2024,1,1,0,1
698,5,2013-08-02,16231,1936,1,1,0,1
698,6,2013-08-03,12266,1644,1,0,0,0
698,7,2013-08-04,0,0,0,0,0,0
698,1,2013-08-05,15477,2045,1,0,0,0
698,2,2013-08-06,13288,1791,1,0,0,0
698,3,2013-08-07,14349,1849,1,0,0,0
698,4,2013-08-08,11416,1612,1,0,0,0
698,5,2013-08-09,13284,1748,1,0,0,0
698,6,2013-08-10,12906,1765,1,0,0,0
698,7,2013-08-11,0,0,0,0,0,0
698,1,2013-08-12,18671,2227,1,1,0,0
698,2,2013-08-13,16464,2019,1,1,0,0
698,3,2013-08-14,16575,2018,1,1,0,0
698,4,2013-08-15,15613,1920,1,1,0,0
698,5,2013-08-16,15588,2045,1,1,0,0
698,6,2013-08-17,12495,1706,1,0,0,0
698,7,2013-08-18,0,0,0,0,0,0
698,1,2013-08-19,13805,1826,1,0,0,0
698,2,2013-08-20,12502,1683,1,0,0,0
698,3,2013-08-21,11891,1642,1,0,0,0
698,4,2013-08-22,11780,1612,1,0,0,0
698,5,2013-08-23,11550,1686,1,0,0,0
698,6,2013-08-24,12224,1674,1,0,0,0
698,7,2013-08-25,0,0,0,0,0,0
698,1,2013-08-26,17145,2159,1,1,0,0
698,2,2013-08-27,13919,1831,1,1,0,0
698,3,2013-08-28,13718,1773,1,1,0,0
698,4,2013-08-29,13902,1805,1,1,0,0
698,5,2013-08-30,17491,2101,1,1,0,0
698,6,2013-08-31,14924,1774,1,0,0,0
698,7,2013-09-01,0,0,0,0,0,0
698,1,2013-09-02,15404,1873,1,0,0,0
698,2,2013-09-03,12854,1765,1,0,0,0
698,3,2013-09-04,13174,1734,1,0,0,0
698,4,2013-09-05,12201,1639,1,0,0,0
698,5,2013-09-06,12213,1631,1,0,0,0
698,6,2013-09-07,11897,1647,1,0,0,0
698,7,2013-09-08,0,0,0,0,0,0
698,1,2013-09-09,17621,2097,1,1,0,0
698,2,2013-09-10,16077,1968,1,1,0,0
698,3,2013-09-11,15416,1852,1,1,0,0
698,4,2013-09-12,14795,1835,1,1,0,0
698,5,2013-09-13,14983,1883,1,1,0,0
698,6,2013-09-14,12894,1660,1,0,0,0
698,7,2013-09-15,0,0,0,0,0,0
698,1,2013-09-16,13379,1800,1,0,0,0
698,2,2013-09-17,11430,1643,1,0,0,0
698,3,2013-09-18,11409,1604,1,0,0,0
698,4,2013-09-19,11574,1566,1,0,0,0
698,5,2013-09-20,11318,1566,1,0,0,0
698,6,2013-09-21,13608,1734,1,0,0,0
698,7,2013-09-22,0,0,0,0,0,0
698,1,2013-09-23,16021,1975,1,1,0,0
698,2,2013-09-24,14603,1807,1,1,0,0
698,3,2013-09-25,13811,1760,1,1,0,0
698,4,2013-09-26,14303,1751,1,1,0,0
698,5,2013-09-27,13923,1810,1,1,0,0
698,6,2013-09-28,13571,1713,1,0,0,0
698,7,2013-09-29,0,0,0,0,0,0
698,1,2013-09-30,17686,2102,1,0,0,1
698,2,2013-10-01,14552,1871,1,0,0,1
698,3,2013-10-02,14881,1961,1,0,0,1
698,4,2013-10-03,0,0,0,0,a,1
698,5,2013-10-04,16323,2124,1,0,0,1
698,6,2013-10-05,13924,1784,1,0,0,0
698,7,2013-10-06,0,0,0,0,0,0
698,1,2013-10-07,18091,2240,1,1,0,1
698,2,2013-10-08,15266,1906,1,1,0,1
698,3,2013-10-09,15294,1858,1,1,0,1
698,4,2013-10-10,13171,1705,1,1,0,1
698,5,2013-10-11,15158,1918,1,1,0,1
698,6,2013-10-12,13977,1767,1,0,0,0
698,7,2013-10-13,0,0,0,0,0,0
698,1,2013-10-14,15248,1974,1,0,0,0
698,2,2013-10-15,12314,1697,1,0,0,0
698,3,2013-10-16,12428,1713,1,0,0,0
698,4,2013-10-17,11930,1633,1,0,0,0
698,5,2013-10-18,12512,1670,1,0,0,0
698,6,2013-10-19,13845,1800,1,0,0,0
698,7,2013-10-20,0,0,0,0,0,0
698,1,2013-10-21,18361,2181,1,1,0,0
698,2,2013-10-22,15440,1943,1,1,0,0
698,3,2013-10-23,14895,1909,1,1,0,0
698,4,2013-10-24,14922,1920,1,1,0,0
698,5,2013-10-25,14015,1852,1,1,0,0
698,6,2013-10-26,13128,1805,1,0,0,0
698,7,2013-10-27,0,0,0,0,0,0
698,1,2013-10-28,13920,1894,1,0,0,0
698,2,2013-10-29,13391,1745,1,0,0,0
698,3,2013-10-30,14058,1853,1,0,0,0
698,4,2013-10-31,15003,1970,1,0,0,0
698,5,2013-11-01,15352,1941,1,0,0,0
698,6,2013-11-02,14873,1847,1,0,0,0
698,7,2013-11-03,0,0,0,0,0,0
698,1,2013-11-04,17680,2122,1,1,0,0
698,2,2013-11-05,16611,2042,1,1,0,0
698,3,2013-11-06,15631,1906,1,1,0,0
698,4,2013-11-07,14584,1855,1,1,0,0
698,5,2013-11-08,16085,1993,1,1,0,0
698,6,2013-11-09,13645,1769,1,0,0,0
698,7,2013-11-10,0,0,0,0,0,0
698,1,2013-11-11,14798,1922,1,0,0,0
698,2,2013-11-12,13322,1756,1,0,0,0
698,3,2013-11-13,12060,1701,1,0,0,0
698,4,2013-11-14,12941,1674,1,0,0,0
698,5,2013-11-15,12882,1745,1,0,0,0
698,6,2013-11-16,14542,1760,1,0,0,0
698,7,2013-11-17,0,0,0,0,0,0
698,1,2013-11-18,18678,2218,1,1,0,0
698,2,2013-11-19,14965,1891,1,1,0,0
698,3,2013-11-20,14425,1722,1,1,0,0
698,4,2013-11-21,14658,1858,1,1,0,0
698,5,2013-11-22,14676,1908,1,1,0,0
698,6,2013-11-23,14218,1805,1,0,0,0
698,7,2013-11-24,0,0,0,0,0,0
698,1,2013-11-25,14278,1829,1,0,0,0
698,2,2013-11-26,12958,1691,1,0,0,0
698,3,2013-11-27,13123,1700,1,0,0,0
698,4,2013-11-28,13275,1739,1,0,0,0
698,5,2013-11-29,15675,1937,1,0,0,0
698,6,2013-11-30,17727,2083,1,0,0,0
698,7,2013-12-01,0,0,0,0,0,0
698,1,2013-12-02,21215,2383,1,1,0,0
698,2,2013-12-03,17995,2061,1,1,0,0
698,3,2013-12-04,17761,2010,1,1,0,0
698,4,2013-12-05,17023,2032,1,1,0,0
698,5,2013-12-06,14166,1815,1,1,0,0
698,6,2013-12-07,14884,1875,1,0,0,0
698,7,2013-12-08,0,0,0,0,0,0
698,1,2013-12-09,15104,1961,1,0,0,0
698,2,2013-12-10,13788,1877,1,0,0,0
698,3,2013-12-11,13898,1796,1,0,0,0
698,4,2013-12-12,12845,1702,1,0,0,0
698,5,2013-12-13,13206,1742,1,0,0,0
698,6,2013-12-14,15505,1910,1,0,0,0
698,7,2013-12-15,0,0,0,0,0,0
698,1,2013-12-16,22320,2472,1,1,0,0
698,2,2013-12-17,18597,2145,1,1,0,0
698,3,2013-12-18,18693,2198,1,1,0,0
698,4,2013-12-19,17111,2134,1,1,0,0
698,5,2013-12-20,19090,2190,1,1,0,0
698,6,2013-12-21,15997,1956,1,0,0,0
698,7,2013-12-22,0,0,0,0,0,0
698,1,2013-12-23,20710,2363,1,0,0,1
698,2,2013-12-24,9336,1129,1,0,0,1
698,3,2013-12-25,0,0,0,0,c,1
698,4,2013-12-26,0,0,0,0,c,1
698,5,2013-12-27,16564,1978,1,0,0,1
698,6,2013-12-28,14872,1776,1,0,0,0
698,7,2013-12-29,0,0,0,0,0,0
698,1,2013-12-30,23382,2636,1,0,0,1
698,2,2013-12-31,13611,1597,1,0,0,1
698,3,2014-01-01,0,0,0,0,a,1
698,4,2014-01-02,16115,2052,1,0,0,1
698,5,2014-01-03,14569,1925,1,0,0,1
698,6,2014-01-04,15237,1930,1,0,0,0
698,7,2014-01-05,0,0,0,0,0,0
698,1,2014-01-06,20612,2409,1,1,0,0
698,2,2014-01-07,17559,2133,1,1,0,0
698,3,2014-01-08,15569,1973,1,1,0,0
698,4,2014-01-09,15729,1950,1,1,0,0
698,5,2014-01-10,15533,1953,1,1,0,0
698,6,2014-01-11,13926,1834,1,0,0,0
698,7,2014-01-12,0,0,0,0,0,0
698,1,2014-01-13,14584,1944,1,0,0,0
698,2,2014-01-14,13259,1778,1,0,0,0
698,3,2014-01-15,13036,1759,1,0,0,0
698,4,2014-01-16,11882,1646,1,0,0,0
698,5,2014-01-17,13739,1784,1,0,0,0
698,6,2014-01-18,14437,1821,1,0,0,0
698,7,2014-01-19,0,0,0,0,0,0
698,1,2014-01-20,16892,1917,1,1,0,0
698,2,2014-01-21,16606,1944,1,1,0,0
698,3,2014-01-22,14839,1829,1,1,0,0
698,4,2014-01-23,14533,1826,1,1,0,0
698,5,2014-01-24,15254,1851,1,1,0,0
698,6,2014-01-25,13254,1626,1,0,0,0
698,7,2014-01-26,0,0,0,0,0,0
698,1,2014-01-27,13443,1778,1,0,0,0
698,2,2014-01-28,12885,1668,1,0,0,0
698,3,2014-01-29,13261,1628,1,0,0,0
698,4,2014-01-30,13375,1765,1,0,0,0
698,5,2014-01-31,17461,2067,1,0,0,0
698,6,2014-02-01,17327,1993,1,0,0,0
698,7,2014-02-02,0,0,0,0,0,0
698,1,2014-02-03,21051,2358,1,1,0,1
698,2,2014-02-04,17607,2104,1,1,0,1
698,3,2014-02-05,16750,2046,1,1,0,1
698,4,2014-02-06,15333,1960,1,1,0,1
698,5,2014-02-07,15409,1950,1,1,0,1
698,6,2014-02-08,15022,1921,1,0,0,0
698,7,2014-02-09,0,0,0,0,0,0
698,1,2014-02-10,15063,2046,1,0,0,0
698,2,2014-02-11,13801,1858,1,0,0,0
698,3,2014-02-12,13856,1856,1,0,0,0
698,4,2014-02-13,13943,1870,1,0,0,0
698,5,2014-02-14,14757,1911,1,0,0,0
698,6,2014-02-15,14265,1833,1,0,0,0
698,7,2014-02-16,0,0,0,0,0,0
698,1,2014-02-17,18682,2241,1,1,0,0
698,2,2014-02-18,16443,2064,1,1,0,0
698,3,2014-02-19,15687,1927,1,1,0,0
698,4,2014-02-20,15531,1933,1,1,0,0
698,5,2014-02-21,14721,1860,1,1,0,0
698,6,2014-02-22,14332,1841,1,0,0,0
698,7,2014-02-23,0,0,0,0,0,0
698,1,2014-02-24,15304,2017,1,0,0,0
698,2,2014-02-25,12755,1723,1,0,0,0
698,3,2014-02-26,13492,1793,1,0,0,0
698,4,2014-02-27,12676,1760,1,0,0,0
698,5,2014-02-28,16648,2060,1,0,0,0
698,6,2014-03-01,16366,2091,1,0,0,0
698,7,2014-03-02,0,0,0,0,0,0
698,1,2014-03-03,21633,2564,1,1,0,0
698,2,2014-03-04,17718,2159,1,1,0,0
698,3,2014-03-05,16064,2050,1,1,0,0
698,4,2014-03-06,16378,1952,1,1,0,0
698,5,2014-03-07,15844,2041,1,1,0,0
698,6,2014-03-08,15390,1950,1,0,0,0
698,7,2014-03-09,0,0,0,0,0,0
698,1,2014-03-10,14659,2002,1,0,0,0
698,2,2014-03-11,13402,1874,1,0,0,0
698,3,2014-03-12,12863,1849,1,0,0,0
698,4,2014-03-13,12106,1720,1,0,0,0
698,5,2014-03-14,13722,1843,1,0,0,0
698,6,2014-03-15,14713,1880,1,0,0,0
698,7,2014-03-16,0,0,0,0,0,0
698,1,2014-03-17,18913,2244,1,1,0,0
698,2,2014-03-18,15470,1965,1,1,0,0
698,3,2014-03-19,14497,1874,1,1,0,0
698,4,2014-03-20,14951,1866,1,1,0,0
698,5,2014-03-21,14848,1949,1,1,0,0
698,6,2014-03-22,13829,1804,1,0,0,0
698,7,2014-03-23,0,0,0,0,0,0
698,1,2014-03-24,14379,1944,1,0,0,0
698,2,2014-03-25,13172,1744,1,0,0,0
698,3,2014-03-26,14094,1834,1,0,0,0
698,4,2014-03-27,12178,1722,1,0,0,0
698,5,2014-03-28,12547,1708,1,0,0,0
698,6,2014-03-29,14392,1815,1,0,0,0
698,7,2014-03-30,0,0,0,0,0,0
698,1,2014-03-31,22589,2549,1,1,0,0
698,2,2014-04-01,19625,2233,1,1,0,0
698,3,2014-04-02,18378,2224,1,1,0,0
698,4,2014-04-03,16392,2016,1,1,0,0
698,5,2014-04-04,17124,2112,1,1,0,0
698,6,2014-04-05,15410,1981,1,0,0,0
698,7,2014-04-06,0,0,0,0,0,0
698,1,2014-04-07,15299,2025,1,0,0,0
698,2,2014-04-08,14020,1904,1,0,0,0
698,3,2014-04-09,14053,1841,1,0,0,0
698,4,2014-04-10,14079,1845,1,0,0,0
698,5,2014-04-11,13839,1897,1,0,0,0
698,6,2014-04-12,15001,1935,1,0,0,0
698,7,2014-04-13,0,0,0,0,0,0
698,1,2014-04-14,18876,2264,1,1,0,1
698,2,2014-04-15,19035,2204,1,1,0,1
698,3,2014-04-16,17948,2084,1,1,0,1
698,4,2014-04-17,20538,2463,1,1,0,1
698,5,2014-04-18,0,0,0,1,b,1
698,6,2014-04-19,16710,2075,1,0,0,0
698,7,2014-04-20,0,0,0,0,0,0
698,1,2014-04-21,0,0,0,0,b,1
698,2,2014-04-22,16574,2201,1,0,0,1
698,3,2014-04-23,14608,1863,1,0,0,1
698,4,2014-04-24,13064,1789,1,0,0,1
698,5,2014-04-25,12629,1764,1,0,0,1
698,6,2014-04-26,14006,1823,1,0,0,0
698,7,2014-04-27,0,0,0,0,0,0
698,1,2014-04-28,19561,2360,1,1,0,0
698,2,2014-04-29,17410,2095,1,1,0,0
698,3,2014-04-30,23430,2716,1,1,0,0
698,4,2014-05-01,0,0,0,1,a,0
698,5,2014-05-02,19256,2276,1,1,0,1
698,6,2014-05-03,16685,2184,1,0,0,0
698,7,2014-05-04,0,0,0,0,0,0
698,1,2014-05-05,22696,2512,1,1,0,0
698,2,2014-05-06,17289,2081,1,1,0,0
698,3,2014-05-07,17672,2070,1,1,0,0
698,4,2014-05-08,16343,1991,1,1,0,0
698,5,2014-05-09,16473,2019,1,1,0,0
698,6,2014-05-10,16084,1998,1,0,0,0
698,7,2014-05-11,0,0,0,0,0,0
698,1,2014-05-12,15830,2080,1,0,0,0
698,2,2014-05-13,14652,1911,1,0,0,0
698,3,2014-05-14,13951,1802,1,0,0,0
698,4,2014-05-15,14412,1869,1,0,0,0
698,5,2014-05-16,13376,1780,1,0,0,0
698,6,2014-05-17,14364,1806,1,0,0,0
698,7,2014-05-18,0,0,0,0,0,0
698,1,2014-05-19,19588,2332,1,1,0,0
698,2,2014-05-20,16333,2000,1,1,0,0
698,3,2014-05-21,15884,2044,1,1,0,0
698,4,2014-05-22,15794,2026,1,1,0,0
698,5,2014-05-23,15459,1960,1,1,0,0
698,6,2014-05-24,14659,1822,1,0,0,0
698,7,2014-05-25,0,0,0,0,0,0
698,1,2014-05-26,16450,2072,1,0,0,0
698,2,2014-05-27,13737,1761,1,0,0,0
698,3,2014-05-28,16104,1997,1,0,0,0
698,4,2014-05-29,0,0,0,0,a,0
698,5,2014-05-30,20536,2383,1,0,0,1
698,6,2014-05-31,17860,2163,1,0,0,0
698,7,2014-06-01,0,0,0,0,0,0
698,1,2014-06-02,24246,2625,1,1,0,0
698,2,2014-06-03,18781,2171,1,1,0,0
698,3,2014-06-04,17998,2119,1,1,0,0
698,4,2014-06-05,16793,2068,1,1,0,0
698,5,2014-06-06,18612,2200,1,1,0,0
698,6,2014-06-07,16773,2214,1,0,0,0
698,7,2014-06-08,0,0,0,0,0,0
698,1,2014-06-09,0,0,0,0,a,0
698,2,2014-06-10,18740,2272,1,0,0,0
698,3,2014-06-11,15430,1940,1,0,0,0
698,4,2014-06-12,14691,1913,1,0,0,0
698,5,2014-06-13,15167,1862,1,0,0,0
698,6,2014-06-14,17149,1960,1,0,0,0
698,7,2014-06-15,0,0,0,0,0,0
698,1,2014-06-16,19686,2215,1,1,0,0
698,2,2014-06-17,17041,2071,1,1,0,0
698,3,2014-06-18,16775,2008,1,1,0,0
698,4,2014-06-19,16028,1947,1,1,0,0
698,5,2014-06-20,15756,1975,1,1,0,0
698,6,2014-06-21,14153,1894,1,0,0,0
698,7,2014-06-22,0,0,0,0,0,0
698,1,2014-06-23,16763,2112,1,0,0,0
698,2,2014-06-24,13617,1845,1,0,0,0
698,3,2014-06-25,13738,1795,1,0,0,0
698,4,2014-06-26,13039,1724,1,0,0,0
698,5,2014-06-27,13579,1831,1,0,0,0
698,6,2014-06-28,14543,1755,1,0,0,0
698,7,2014-06-29,0,0,0,0,0,0
698,1,2014-06-30,26252,2710,1,1,0,0
698,2,2014-07-01,20020,2325,1,1,0,0
698,3,2014-07-02,19752,2329,1,1,0,0
698,4,2014-07-03,18884,2308,1,1,0,0
698,5,2014-07-04,17656,2135,1,1,0,0
698,6,2014-07-05,17435,2057,1,0,0,0
698,7,2014-07-06,0,0,0,0,0,0
698,1,2014-07-07,19072,2322,1,0,0,0
698,2,2014-07-08,15130,1951,1,0,0,0
698,3,2014-07-09,16396,2017,1,0,0,1
698,4,2014-07-10,17158,2086,1,0,0,1
698,5,2014-07-11,16202,2002,1,0,0,1
698,6,2014-07-12,17485,2029,1,0,0,0
698,7,2014-07-13,0,0,0,0,0,0
698,1,2014-07-14,23084,2360,1,1,0,1
698,2,2014-07-15,18828,2158,1,1,0,1
698,3,2014-07-16,18809,2089,1,1,0,1
698,4,2014-07-17,17559,2041,1,1,0,1
698,5,2014-07-18,15946,1959,1,1,0,1
698,6,2014-07-19,12930,1683,1,0,0,0
698,7,2014-07-20,0,0,0,0,0,0
698,1,2014-07-21,15177,1939,1,0,0,1
698,2,2014-07-22,13204,1765,1,0,0,1
698,3,2014-07-23,12911,1620,1,0,0,1
698,4,2014-07-24,11436,1569,1,0,0,1
698,5,2014-07-25,12921,1609,1,0,0,1
698,6,2014-07-26,12792,1636,1,0,0,0
698,7,2014-07-27,0,0,0,0,0,0
698,1,2014-07-28,17314,1982,1,1,0,1
698,2,2014-07-29,15111,1804,1,1,0,1
698,3,2014-07-30,14890,1765,1,1,0,1
698,4,2014-07-31,18730,2104,1,1,0,1
698,5,2014-08-01,16851,1968,1,1,0,1
698,6,2014-08-02,14633,1758,1,0,0,0
698,7,2014-08-03,0,0,0,0,0,0
698,1,2014-08-04,18296,2113,1,1,0,1
698,2,2014-08-05,14735,1810,1,1,0,1
698,3,2014-08-06,14769,1790,1,1,0,1
698,4,2014-08-07,14707,1780,1,1,0,1
698,5,2014-08-08,14927,1832,1,1,0,1
698,6,2014-08-09,12063,1499,1,0,0,0
698,7,2014-08-10,0,0,0,0,0,0
698,1,2014-08-11,14096,1799,1,0,0,1
698,2,2014-08-12,12028,1611,1,0,0,1
698,3,2014-08-13,12332,1600,1,0,0,1
698,4,2014-08-14,11955,1579,1,0,0,1
698,5,2014-08-15,12112,1602,1,0,0,1
698,6,2014-08-16,12844,1625,1,0,0,0
698,7,2014-08-17,0,0,0,0,0,0
698,1,2014-08-18,17388,2105,1,1,0,1
698,2,2014-08-19,14893,1752,1,1,0,1
698,3,2014-08-20,14467,1762,1,1,0,1
698,4,2014-08-21,14023,1737,1,1,0,1
698,5,2014-08-22,14139,1785,1,1,0,1
698,6,2014-08-23,14620,1823,1,0,0,0
698,7,2014-08-24,0,0,0,0,0,0
698,1,2014-08-25,14898,1926,1,0,0,0
698,2,2014-08-26,13252,1790,1,0,0,0
698,3,2014-08-27,12649,1719,1,0,0,0
698,4,2014-08-28,13071,1772,1,0,0,0
698,5,2014-08-29,15814,1917,1,0,0,0
698,6,2014-08-30,15199,1917,1,0,0,0
698,7,2014-08-31,0,0,0,0,0,0
698,1,2014-09-01,22022,2386,1,1,0,0
698,2,2014-09-02,17895,2103,1,1,0,0
698,3,2014-09-03,16161,2001,1,1,0,0
698,4,2014-09-04,14815,1885,1,1,0,0
698,5,2014-09-05,15338,1976,1,1,0,0
698,6,2014-09-06,13252,1767,1,0,0,0
698,7,2014-09-07,0,0,0,0,0,0
698,1,2014-09-08,15179,2000,1,0,0,0
698,2,2014-09-09,13637,1849,1,0,0,0
698,3,2014-09-10,12578,1710,1,0,0,0
698,4,2014-09-11,12931,1739,1,0,0,0
698,5,2014-09-12,12409,1649,1,0,0,0
698,6,2014-09-13,12894,1718,1,0,0,0
698,7,2014-09-14,0,0,0,0,0,0
698,1,2014-09-15,18463,2162,1,1,0,0
698,2,2014-09-16,15122,1904,1,1,0,0
698,3,2014-09-17,15280,1909,1,1,0,0
698,4,2014-09-18,14706,1903,1,1,0,0
698,5,2014-09-19,14881,1856,1,1,0,0
698,6,2014-09-20,13710,1792,1,0,0,0
698,7,2014-09-21,0,0,0,0,0,0
698,1,2014-09-22,14968,1884,1,0,0,0
698,2,2014-09-23,13680,1866,1,0,0,0
698,3,2014-09-24,13047,1776,1,0,0,0
698,4,2014-09-25,12039,1706,1,0,0,0
698,5,2014-09-26,12662,1628,1,0,0,0
698,6,2014-09-27,14253,1842,1,0,0,0
698,7,2014-09-28,0,0,0,0,0,0
698,1,2014-09-29,18121,2123,1,1,0,0
698,2,2014-09-30,19332,2168,1,1,0,0
698,3,2014-10-01,17420,2022,1,1,0,0
698,4,2014-10-02,19443,2293,1,1,0,0
698,5,2014-10-03,0,0,0,1,a,0
698,6,2014-10-04,17027,2073,1,0,0,0
698,7,2014-10-05,0,0,0,0,0,0
698,1,2014-10-06,19741,2359,1,1,0,0
698,2,2014-10-07,16487,2093,1,1,0,0
698,3,2014-10-08,15695,1950,1,1,0,0
698,4,2014-10-09,16352,2089,1,1,0,0
698,5,2014-10-10,16618,2033,1,1,0,0
698,6,2014-10-11,14417,1911,1,0,0,0
698,7,2014-10-12,0,0,0,0,0,0
698,1,2014-10-13,15130,2022,1,0,0,0
698,2,2014-10-14,14666,1864,1,0,0,0
698,3,2014-10-15,12886,1777,1,0,0,0
698,4,2014-10-16,12677,1665,1,0,0,0
698,5,2014-10-17,14127,1782,1,0,0,0
698,6,2014-10-18,15240,1883,1,0,0,0
698,7,2014-10-19,0,0,0,0,0,0
698,1,2014-10-20,18728,2187,1,1,0,1
698,2,2014-10-21,15798,1957,1,1,0,1
698,3,2014-10-22,13479,1765,1,1,0,1
698,4,2014-10-23,15079,1921,1,1,0,1
698,5,2014-10-24,15277,1885,1,1,0,1
698,6,2014-10-25,13615,1689,1,0,0,0
698,7,2014-10-26,0,0,0,0,0,0
698,1,2014-10-27,14850,1980,1,0,0,1
698,2,2014-10-28,13589,1729,1,0,0,1
698,3,2014-10-29,13651,1717,1,0,0,1
698,4,2014-10-30,13911,1794,1,0,0,1
698,5,2014-10-31,16257,2045,1,0,0,1
698,6,2014-11-01,16354,1935,1,0,0,0
698,7,2014-11-02,0,0,0,0,0,0
698,1,2014-11-03,19965,2330,1,1,0,0
698,2,2014-11-04,15954,2035,1,1,0,0
698,3,2014-11-05,16387,1991,1,1,0,0
698,4,2014-11-06,15436,2006,1,1,0,0
698,5,2014-11-07,16264,2009,1,1,0,0
698,6,2014-11-08,15487,1911,1,0,0,0
698,7,2014-11-09,0,0,0,0,0,0
698,1,2014-11-10,17712,2153,1,1,0,0
698,2,2014-11-11,15976,1970,1,1,0,0
698,3,2014-11-12,15247,1926,1,1,0,0
698,4,2014-11-13,14963,1855,1,1,0,0
698,5,2014-11-14,15757,1992,1,1,0,0
698,6,2014-11-15,15263,1969,1,0,0,0
698,7,2014-11-16,0,0,0,0,0,0
698,1,2014-11-17,15011,1992,1,0,0,0
698,2,2014-11-18,13223,1767,1,0,0,0
698,3,2014-11-19,13179,1713,1,0,0,0
698,4,2014-11-20,13717,1767,1,0,0,0
698,5,2014-11-21,13758,1794,1,0,0,0
698,6,2014-11-22,15127,1920,1,0,0,0
698,7,2014-11-23,0,0,0,0,0,0
698,1,2014-11-24,17648,2133,1,1,0,0
698,2,2014-11-25,16175,1945,1,1,0,0
698,3,2014-11-26,17023,2009,1,1,0,0
698,4,2014-11-27,16447,1938,1,1,0,0
698,5,2014-11-28,19001,2144,1,1,0,0
698,6,2014-11-29,17766,1964,1,0,0,0
698,7,2014-11-30,0,0,0,0,0,0
698,1,2014-12-01,20885,2273,1,1,0,0
698,2,2014-12-02,17799,2047,1,1,0,0
698,3,2014-12-03,16848,1951,1,1,0,0
698,4,2014-12-04,16684,1929,1,1,0,0
698,5,2014-12-05,18157,2124,1,1,0,0
698,6,2014-12-06,15388,1869,1,0,0,0
698,7,2014-12-07,0,0,0,0,0,0
698,1,2014-12-08,16505,2072,1,0,0,0
698,2,2014-12-09,15183,1971,1,0,0,0
698,3,2014-12-10,13226,1757,1,0,0,0
698,4,2014-12-11,14312,1884,1,0,0,0
698,5,2014-12-12,15968,2000,1,0,0,0
698,6,2014-12-13,15580,1947,1,0,0,0
698,7,2014-12-14,0,0,0,0,0,0
698,1,2014-12-15,20518,2346,1,1,0,0
698,2,2014-12-16,20261,2213,1,1,0,0
698,3,2014-12-17,17452,2089,1,1,0,0
698,4,2014-12-18,17321,2129,1,1,0,0
698,5,2014-12-19,18499,2199,1,1,0,0
698,6,2014-12-20,16730,1965,1,0,0,0
698,7,2014-12-21,0,0,0,0,0,0
698,1,2014-12-22,18778,2158,1,0,0,1
698,2,2014-12-23,20472,2375,1,0,0,1
698,3,2014-12-24,9521,1120,1,0,0,1
698,4,2014-12-25,0,0,0,0,c,1
698,5,2014-12-26,0,0,0,0,c,1
698,6,2014-12-27,16301,1965,1,0,0,0
698,7,2014-12-28,0,0,0,0,0,0
698,1,2014-12-29,17825,2056,1,0,0,1
698,2,2014-12-30,21636,2351,1,0,0,1
698,3,2014-12-31,12204,1429,1,0,0,1
698,4,2015-01-01,0,0,0,0,a,1
698,5,2015-01-02,16735,2065,1,0,0,1
698,6,2015-01-03,15809,1926,1,0,0,0
698,7,2015-01-04,0,0,0,0,0,0
698,1,2015-01-05,20081,2327,1,1,0,0
698,2,2015-01-06,17652,2035,1,1,0,0
698,3,2015-01-07,15840,1949,1,1,0,0
698,4,2015-01-08,14560,1859,1,1,0,0
698,5,2015-01-09,13986,1735,1,1,0,0
698,6,2015-01-10,14961,1829,1,0,0,0
698,7,2015-01-11,0,0,0,0,0,0
698,1,2015-01-12,18294,2106,1,1,0,0
698,2,2015-01-13,16814,2104,1,1,0,0
698,3,2015-01-14,16142,1987,1,1,0,0
698,4,2015-01-15,15510,1964,1,1,0,0
698,5,2015-01-16,16716,2042,1,1,0,0
698,6,2015-01-17,15236,1934,1,0,0,0
698,7,2015-01-18,0,0,0,0,0,0
698,1,2015-01-19,15701,1991,1,0,0,0
698,2,2015-01-20,13019,1718,1,0,0,0
698,3,2015-01-21,13866,1713,1,0,0,0
698,4,2015-01-22,12505,1649,1,0,0,0
698,5,2015-01-23,13287,1771,1,0,0,0
698,6,2015-01-24,14280,1793,1,0,0,0
698,7,2015-01-25,0,0,0,0,0,0
698,1,2015-01-26,18043,2072,1,1,0,0
698,2,2015-01-27,15809,1961,1,1,0,0
698,3,2015-01-28,14431,1815,1,1,0,0
698,4,2015-01-29,15912,1954,1,1,0,0
698,5,2015-01-30,19602,2156,1,1,0,0
698,6,2015-01-31,16232,1914,1,0,0,0
698,7,2015-02-01,0,0,0,0,0,0
698,1,2015-02-02,20938,2357,1,1,0,1
698,2,2015-02-03,16395,2066,1,1,0,1
698,3,2015-02-04,16364,1937,1,1,0,1
698,4,2015-02-05,16302,1990,1,1,0,1
698,5,2015-02-06,16019,1965,1,1,0,1
698,6,2015-02-07,14779,1845,1,0,0,0
698,7,2015-02-08,0,0,0,0,0,0
698,1,2015-02-09,16799,2158,1,0,0,0
698,2,2015-02-10,14012,1843,1,0,0,0
698,3,2015-02-11,14780,1866,1,0,0,0
698,4,2015-02-12,12941,1767,1,0,0,0
698,5,2015-02-13,15255,1981,1,0,0,0
698,6,2015-02-14,16392,2037,1,0,0,0
698,7,2015-02-15,0,0,0,0,0,0
698,1,2015-02-16,18277,2278,1,1,0,0
698,2,2015-02-17,16645,2051,1,1,0,0
698,3,2015-02-18,16123,1966,1,1,0,0
698,4,2015-02-19,16472,1952,1,1,0,0
698,5,2015-02-20,15907,1997,1,1,0,0
698,6,2015-02-21,15396,1978,1,0,0,0
698,7,2015-02-22,0,0,0,0,0,0
698,1,2015-02-23,15000,1978,1,0,0,0
698,2,2015-02-24,14344,1943,1,0,0,0
698,3,2015-02-25,14081,1871,1,0,0,0
698,4,2015-02-26,13671,1799,1,0,0,0
698,5,2015-02-27,16885,2115,1,0,0,0
698,6,2015-02-28,16462,2011,1,0,0,0
698,7,2015-03-01,0,0,0,0,0,0
698,1,2015-03-02,22280,2560,1,1,0,0
698,2,2015-03-03,17725,2142,1,1,0,0
698,3,2015-03-04,17256,2094,1,1,0,0
698,4,2015-03-05,17599,2070,1,1,0,0
698,5,2015-03-06,16889,2130,1,1,0,0
698,6,2015-03-07,14850,1890,1,0,0,0
698,7,2015-03-08,0,0,0,0,0,0
698,1,2015-03-09,15320,2093,1,0,0,0
698,2,2015-03-10,13789,1769,1,0,0,0
698,3,2015-03-11,13666,1858,1,0,0,0
698,4,2015-03-12,13278,1802,1,0,0,0
698,5,2015-03-13,14846,1921,1,0,0,0
698,6,2015-03-14,14581,1781,1,0,0,0
698,7,2015-03-15,0,0,0,0,0,0
698,1,2015-03-16,18988,2281,1,1,0,0
698,2,2015-03-17,16834,2115,1,1,0,0
698,3,2015-03-18,16187,2096,1,1,0,0
698,4,2015-03-19,16078,2020,1,1,0,0
698,5,2015-03-20,16139,2030,1,1,0,0
698,6,2015-03-21,15251,1895,1,0,0,0
698,7,2015-03-22,0,0,0,0,0,0
698,1,2015-03-23,17115,2153,1,0,0,0
698,2,2015-03-24,13163,1809,1,0,0,0
698,3,2015-03-25,13645,1816,1,0,0,0
698,4,2015-03-26,13400,1777,1,0,0,0
698,5,2015-03-27,13827,1793,1,0,0,0
698,6,2015-03-28,15312,1933,1,0,0,0
698,7,2015-03-29,0,0,0,0,0,0
698,1,2015-03-30,20242,2238,1,1,0,1
698,2,2015-03-31,21386,2275,1,1,0,1
698,3,2015-04-01,21801,2382,1,1,0,1
698,4,2015-04-02,23275,2645,1,1,0,1
698,5,2015-04-03,0,0,0,1,b,1
698,6,2015-04-04,19373,2344,1,0,0,0
698,7,2015-04-05,0,0,0,0,0,0
698,1,2015-04-06,0,0,0,0,b,1
698,2,2015-04-07,18623,2347,1,0,0,1
698,3,2015-04-08,16314,2041,1,0,0,1
698,4,2015-04-09,15531,2005,1,0,0,1
698,5,2015-04-10,14983,1994,1,0,0,1
698,6,2015-04-11,14997,1921,1,0,0,0
698,7,2015-04-12,0,0,0,0,0,0
698,1,2015-04-13,19679,2381,1,1,0,0
698,2,2015-04-14,17347,2121,1,1,0,0
698,3,2015-04-15,16355,2022,1,1,0,0
698,4,2015-04-16,15851,2012,1,1,0,0
698,5,2015-04-17,16973,2094,1,1,0,0
698,6,2015-04-18,15748,2096,1,0,0,0
698,7,2015-04-19,0,0,0,0,0,0
698,1,2015-04-20,16334,2139,1,0,0,0
698,2,2015-04-21,14080,1924,1,0,0,0
698,3,2015-04-22,14260,1917,1,0,0,0
698,4,2015-04-23,13933,1847,1,0,0,0
698,5,2015-04-24,13713,1892,1,0,0,0
698,6,2015-04-25,15134,1929,1,0,0,0
698,7,2015-04-26,0,0,0,0,0,0
698,1,2015-04-27,19824,2254,1,1,0,0
698,2,2015-04-28,17671,2082,1,1,0,0
698,3,2015-04-29,18456,2187,1,1,0,0
698,4,2015-04-30,25067,2780,1,1,0,0
698,5,2015-05-01,0,0,0,1,a,0
698,6,2015-05-02,19170,2317,1,0,0,0
698,7,2015-05-03,0,0,0,0,0,0
698,1,2015-05-04,23205,2630,1,1,0,0
698,2,2015-05-05,17927,2136,1,1,0,0
698,3,2015-05-06,19344,2202,1,1,0,0
698,4,2015-05-07,18689,2183,1,1,0,0
698,5,2015-05-08,16932,2094,1,1,0,0
698,6,2015-05-09,17035,2051,1,0,0,0
698,7,2015-05-10,0,0,0,0,0,0
698,1,2015-05-11,16432,2149,1,0,0,0
698,2,2015-05-12,14362,1874,1,0,0,0
698,3,2015-05-13,18417,2230,1,0,0,0
698,4,2015-05-14,0,0,0,0,a,0
698,5,2015-05-15,19038,2244,1,0,0,1
698,6,2015-05-16,16055,1940,1,0,0,0
698,7,2015-05-17,0,0,0,0,0,0
698,1,2015-05-18,21297,2432,1,1,0,0
698,2,2015-05-19,16773,2037,1,1,0,0
698,3,2015-05-20,17244,2067,1,1,0,0
698,4,2015-05-21,16683,2060,1,1,0,0
698,5,2015-05-22,16438,2046,1,1,0,0
698,6,2015-05-23,16828,2029,1,0,0,0
698,7,2015-05-24,0,0,0,0,0,0
698,1,2015-05-25,0,0,0,0,a,0
698,2,2015-05-26,19164,2317,1,0,0,1
698,3,2015-05-27,15223,1960,1,0,0,0
698,4,2015-05-28,15224,1921,1,0,0,0
698,5,2015-05-29,18108,2130,1,0,0,0
698,6,2015-05-30,18457,2163,1,0,0,0
698,7,2015-05-31,0,0,0,0,0,0
698,1,2015-06-01,23371,2489,1,1,0,0
698,2,2015-06-02,21156,2327,1,1,0,0
698,3,2015-06-03,19453,2199,1,1,0,0
698,4,2015-06-04,18666,2137,1,1,0,0
698,5,2015-06-05,17884,2163,1,1,0,0
698,6,2015-06-06,14003,1856,1,0,0,0
698,7,2015-06-07,0,0,0,0,0,0
698,1,2015-06-08,17197,2167,1,0,0,0
698,2,2015-06-09,15052,1976,1,0,0,0
698,3,2015-06-10,14216,1890,1,0,0,0
698,4,2015-06-11,14026,1870,1,0,0,0
698,5,2015-06-12,14928,1906,1,0,0,0
698,6,2015-06-13,14160,1810,1,0,0,0
698,7,2015-06-14,0,0,0,0,0,0
698,1,2015-06-15,21116,2316,1,1,0,0
698,2,2015-06-16,18530,2163,1,1,0,0
698,3,2015-06-17,17053,1986,1,1,0,0
698,4,2015-06-18,15333,1869,1,1,0,0
698,5,2015-06-19,15965,1942,1,1,0,0
698,6,2015-06-20,15435,1895,1,0,0,0
698,7,2015-06-21,0,0,0,0,0,0
698,1,2015-06-22,15513,1934,1,0,0,0
698,2,2015-06-23,14064,1759,1,0,0,0
698,3,2015-06-24,15462,1912,1,0,0,0
698,4,2015-06-25,14419,1808,1,0,0,0
698,5,2015-06-26,13267,1663,1,0,0,0
698,6,2015-06-27,15836,1946,1,0,0,0
698,7,2015-06-28,0,0,0,0,0,0
698,1,2015-06-29,21469,2352,1,1,0,0
698,2,2015-06-30,23390,2334,1,1,0,0
698,3,2015-07-01,21998,2330,1,1,0,0
698,4,2015-07-02,19635,2184,1,1,0,0
698,5,2015-07-03,19376,2287,1,1,0,0
698,6,2015-07-04,14928,1839,1,0,0,0
698,7,2015-07-05,0,0,0,0,0,0
698,1,2015-07-06,19130,2248,1,0,0,0
698,2,2015-07-07,17629,2134,1,0,0,0
698,3,2015-07-08,15871,1886,1,0,0,0
698,4,2015-07-09,16513,1943,1,0,0,0
698,5,2015-07-10,15675,1874,1,0,0,0
698,6,2015-07-11,15820,1887,1,0,0,0
698,7,2015-07-12,0,0,0,0,0,0
698,1,2015-07-13,22486,2351,1,1,0,0
698,2,2015-07-14,18782,2118,1,1,0,0
698,3,2015-07-15,18387,2058,1,1,0,0
698,4,2015-07-16,18096,2071,1,1,0,1
698,5,2015-07-17,16202,1970,1,1,0,1
698,6,2015-07-18,14657,1786,1,0,0,0
698,7,2015-07-19,0,0,0,0,0,0
698,1,2015-07-20,17949,2078,1,0,0,1
698,2,2015-07-21,14845,1760,1,0,0,1
698,3,2015-07-22,13131,1741,1,0,0,1
698,4,2015-07-23,13781,1655,1,0,0,1
698,5,2015-07-24,13144,1718,1,0,0,1
698,6,2015-07-25,13867,1685,1,0,0,0
698,7,2015-07-26,0,0,0,0,0,0
698,1,2015-07-27,18104,2037,1,1,0,1
698,2,2015-07-28,16035,1846,1,1,0,1
698,3,2015-07-29,16845,1817,1,1,0,1
698,4,2015-07-30,15796,1795,1,1,0,1
698,5,2015-07-31,18308,1974,1,1,0,1
733,2,2013-01-01,10765,2377,1,0,a,1
733,3,2013-01-02,12477,3121,1,0,0,1
733,4,2013-01-03,12639,2978,1,0,0,1
733,5,2013-01-04,12078,3042,1,0,0,1
733,6,2013-01-05,10674,2694,1,0,0,0
733,7,2013-01-06,11226,2584,1,0,0,0
733,1,2013-01-07,12865,3027,1,1,0,0
733,2,2013-01-08,12577,2921,1,1,0,0
733,3,2013-01-09,12794,2906,1,1,0,0
733,4,2013-01-10,12088,2992,1,1,0,0
733,5,2013-01-11,13378,3328,1,1,0,0
733,6,2013-01-12,12378,2908,1,0,0,0
733,7,2013-01-13,12728,2761,1,0,0,0
733,1,2013-01-14,13053,3171,1,0,0,0
733,2,2013-01-15,13060,3115,1,0,0,0
733,3,2013-01-16,13041,3003,1,0,0,0
733,4,2013-01-17,13876,3139,1,0,0,0
733,5,2013-01-18,14418,3424,1,0,0,0
733,6,2013-01-19,13070,3063,1,0,0,0
733,7,2013-01-20,11968,2680,1,0,0,0
733,1,2013-01-21,14774,3401,1,1,0,0
733,2,2013-01-22,13930,3279,1,1,0,0
733,3,2013-01-23,13752,3222,1,1,0,0
733,4,2013-01-24,13472,3230,1,1,0,0
733,5,2013-01-25,14878,3673,1,1,0,0
733,6,2013-01-26,12770,3006,1,0,0,0
733,7,2013-01-27,13249,2750,1,0,0,0
733,1,2013-01-28,13665,3300,1,0,0,0
733,2,2013-01-29,13019,3175,1,0,0,0
733,3,2013-01-30,13544,3210,1,0,0,0
733,4,2013-01-31,14319,3366,1,0,0,0
733,5,2013-02-01,14853,3748,1,0,0,0
733,6,2013-02-02,14104,3336,1,0,0,0
733,7,2013-02-03,13901,3012,1,0,0,0
733,1,2013-02-04,15953,3594,1,1,0,0
733,2,2013-02-05,16075,3547,1,1,0,0
733,3,2013-02-06,17395,3847,1,1,0,0
733,4,2013-02-07,16443,4172,1,1,0,0
733,5,2013-02-08,15994,3820,1,1,0,0
733,6,2013-02-09,14293,3486,1,0,0,0
733,7,2013-02-10,15410,3536,1,0,0,0
733,1,2013-02-11,16454,3732,1,0,0,0
733,2,2013-02-12,12294,3118,1,0,0,0
733,3,2013-02-13,12958,3200,1,0,0,0
733,4,2013-02-14,14198,3310,1,0,0,0
733,5,2013-02-15,13658,3429,1,0,0,0
733,6,2013-02-16,11429,2873,1,0,0,0
733,7,2013-02-17,12462,2936,1,0,0,0
733,1,2013-02-18,14486,3280,1,1,0,0
733,2,2013-02-19,14277,3296,1,1,0,0
733,3,2013-02-20,13987,3177,1,1,0,0
733,4,2013-02-21,13812,3340,1,1,0,0
733,5,2013-02-22,15112,3565,1,1,0,0
733,6,2013-02-23,12369,3132,1,0,0,0
733,7,2013-02-24,12419,2814,1,0,0,0
733,1,2013-02-25,12612,3154,1,0,0,0
733,2,2013-02-26,11807,2984,1,0,0,0
733,3,2013-02-27,11954,3000,1,0,0,0
733,4,2013-02-28,13333,3155,1,0,0,0
733,5,2013-03-01,16076,3696,1,0,0,0
733,6,2013-03-02,14190,3219,1,0,0,0
733,7,2013-03-03,14315,3004,1,0,0,0
733,1,2013-03-04,16262,3461,1,1,0,0
733,2,2013-03-05,15157,3439,1,1,0,0
733,3,2013-03-06,14013,3359,1,1,0,0
733,4,2013-03-07,14201,3351,1,1,0,0
733,5,2013-03-08,15254,3756,1,1,0,0
733,6,2013-03-09,12019,3059,1,0,0,0
733,7,2013-03-10,13748,2943,1,0,0,0
733,1,2013-03-11,14552,3440,1,0,0,0
733,2,2013-03-12,14030,3187,1,0,0,0
733,3,2013-03-13,13867,3195,1,0,0,0
733,4,2013-03-14,15185,3483,1,0,0,0
733,5,2013-03-15,17250,3866,1,0,0,0
733,6,2013-03-16,15479,3415,1,0,0,0
733,7,2013-03-17,14567,3107,1,0,0,0
733,1,2013-03-18,13999,3187,1,1,0,0
733,2,2013-03-19,15109,3505,1,1,0,0
733,3,2013-03-20,14170,3318,1,1,0,0
733,4,2013-03-21,14453,3433,1,1,0,0
733,5,2013-03-22,15736,3800,1,1,0,0
733,6,2013-03-23,13574,3311,1,0,0,0
733,7,2013-03-24,12640,2953,1,0,0,0
733,1,2013-03-25,16476,3655,1,1,0,1
733,2,2013-03-26,15300,3439,1,1,0,1
733,3,2013-03-27,16347,3744,1,1,0,1
733,4,2013-03-28,19048,4175,1,1,0,1
733,5,2013-03-29,18431,3650,1,1,b,1
733,6,2013-03-30,16593,3536,1,0,0,0
733,7,2013-03-31,14341,2884,1,0,0,0
733,1,2013-04-01,15576,3305,1,0,b,1
733,2,2013-04-02,14426,3558,1,0,0,1
733,3,2013-04-03,13790,3364,1,0,0,1
733,4,2013-04-04,13601,3381,1,0,0,1
733,5,2013-04-05,14018,3539,1,0,0,1
733,6,2013-04-06,12755,3171,1,0,0,0
733,7,2013-04-07,12727,3033,1,0,0,0
733,1,2013-04-08,15122,3413,1,1,0,0
733,2,2013-04-09,14802,3425,1,1,0,0
733,3,2013-04-10,14129,3410,1,1,0,0
733,4,2013-04-11,14382,3421,1,1,0,0
733,5,2013-04-12,16630,3882,1,1,0,0
733,6,2013-04-13,13477,3462,1,0,0,0
733,7,2013-04-14,13309,3287,1,0,0,0
733,1,2013-04-15,13137,3488,1,0,0,0
733,2,2013-04-16,12046,3227,1,0,0,0
733,3,2013-04-17,12536,3348,1,0,0,0
733,4,2013-04-18,13164,3337,1,0,0,0
733,5,2013-04-19,14917,3857,1,0,0,0
733,6,2013-04-20,12794,3258,1,0,0,0
733,7,2013-04-21,13574,3069,1,0,0,0
733,1,2013-04-22,15177,3670,1,1,0,0
733,2,2013-04-23,14748,3425,1,1,0,0
733,3,2013-04-24,14104,3439,1,1,0,0
733,4,2013-04-25,14826,3791,1,1,0,0
733,5,2013-04-26,15722,3981,1,1,0,0
733,6,2013-04-27,13093,3203,1,0,0,0
733,7,2013-04-28,13704,3128,1,0,0,0
733,1,2013-04-29,16292,3452,1,1,0,0
733,2,2013-04-30,16450,3694,1,1,0,0
733,3,2013-05-01,14634,3043,1,1,a,0
733,4,2013-05-02,16074,3683,1,1,0,0
733,5,2013-05-03,16559,3876,1,1,0,0
733,6,2013-05-04,14012,3717,1,0,0,0
733,7,2013-05-05,13920,3382,1,0,0,0
733,1,2013-05-06,14178,3595,1,0,0,0
733,2,2013-05-07,14487,3547,1,0,0,0
733,3,2013-05-08,16719,3971,1,0,0,0
733,4,2013-05-09,15431,3435,1,0,a,0
733,5,2013-05-10,16049,3831,1,0,0,0
733,6,2013-05-11,14259,3500,1,0,0,0
733,7,2013-05-12,15679,3177,1,0,0,0
733,1,2013-05-13,16152,3529,1,1,0,0
733,2,2013-05-14,15585,3377,1,1,0,0
733,3,2013-05-15,15367,3280,1,1,0,0
733,4,2013-05-16,16128,3498,1,1,0,0
733,5,2013-05-17,16735,3878,1,1,0,0
733,6,2013-05-18,13365,3253,1,0,0,0
733,7,2013-05-19,13691,3203,1,0,0,0
733,1,2013-05-20,14793,2987,1,0,a,0
733,2,2013-05-21,13919,3386,1,0,0,1
733,3,2013-05-22,12990,3110,1,0,0,0
733,4,2013-05-23,13146,3180,1,0,0,0
733,5,2013-05-24,13555,3386,1,0,0,0
733,6,2013-05-25,11579,3027,1,0,0,0
733,7,2013-05-26,13070,2797,1,0,0,0
733,1,2013-05-27,15383,3447,1,1,0,0
733,2,2013-05-28,14060,3289,1,1,0,0
733,3,2013-05-29,17187,3919,1,1,0,0
733,4,2013-05-30,15347,3158,1,1,a,0
733,5,2013-05-31,16655,3820,1,1,0,0
733,6,2013-06-01,13824,3205,1,0,0,0
733,7,2013-06-02,13700,3131,1,0,0,0
733,1,2013-06-03,16436,3457,1,1,0,0
733,2,2013-06-04,14490,3309,1,1,0,0
733,3,2013-06-05,14865,3439,1,1,0,0
733,4,2013-06-06,14861,3643,1,1,0,0
733,5,2013-06-07,15120,3938,1,1,0,0
733,6,2013-06-08,13879,3678,1,0,0,0
733,7,2013-06-09,13356,2967,1,0,0,0
733,1,2013-06-10,14009,3257,1,0,0,0
733,2,2013-06-11,13037,3275,1,0,0,0
733,3,2013-06-12,13785,3341,1,0,0,0
733,4,2013-06-13,13719,3434,1,0,0,0
733,5,2013-06-14,14131,3572,1,0,0,0
733,6,2013-06-15,13377,3390,1,0,0,0
733,7,2013-06-16,13795,3163,1,0,0,0
733,1,2013-06-17,14487,3499,1,1,0,0
733,2,2013-06-18,14771,3798,1,1,0,0
733,3,2013-06-19,13794,3810,1,1,0,0
733,4,2013-06-20,14168,3610,1,1,0,0
733,5,2013-06-21,15169,3703,1,1,0,0
733,6,2013-06-22,13519,3407,1,0,0,0
733,7,2013-06-23,13929,3035,1,0,0,0
733,1,2013-06-24,13398,3264,1,0,0,0
733,2,2013-06-25,13129,3109,1,0,0,0
733,3,2013-06-26,12824,3112,1,0,0,0
733,4,2013-06-27,14157,3284,1,0,0,0
733,5,2013-06-28,15549,3571,1,0,0,0
733,6,2013-06-29,13222,3225,1,0,0,0
733,7,2013-06-30,15469,3074,1,0,0,0
733,1,2013-07-01,15480,3509,1,1,0,0
733,2,2013-07-02,15383,3553,1,1,0,0
733,3,2013-07-03,15154,3456,1,1,0,0
733,4,2013-07-04,15037,3449,1,1,0,0
733,5,2013-07-05,15448,3809,1,1,0,0
733,6,2013-07-06,13548,3642,1,0,0,0
733,7,2013-07-07,14235,3724,1,0,0,0
733,1,2013-07-08,14584,3733,1,0,0,0
733,2,2013-07-09,13097,3416,1,0,0,0
733,3,2013-07-10,12823,3195,1,0,0,0
733,4,2013-07-11,13088,3166,1,0,0,0
733,5,2013-07-12,14399,3451,1,0,0,0
733,6,2013-07-13,14218,3546,1,0,0,0
733,7,2013-07-14,14007,3188,1,0,0,0
733,1,2013-07-15,15486,3542,1,1,0,0
733,2,2013-07-16,15476,3643,1,1,0,0
733,3,2013-07-17,15473,3554,1,1,0,0
733,4,2013-07-18,15244,3774,1,1,0,0
733,5,2013-07-19,15923,3979,1,1,0,0
733,6,2013-07-20,12730,3246,1,0,0,0
733,7,2013-07-21,14576,3477,1,0,0,0
733,1,2013-07-22,13591,3784,1,0,0,1
733,2,2013-07-23,12871,3379,1,0,0,1
733,3,2013-07-24,12756,3213,1,0,0,1
733,4,2013-07-25,13015,3413,1,0,0,1
733,5,2013-07-26,13665,3497,1,0,0,1
733,6,2013-07-27,12321,3505,1,0,0,0
733,7,2013-07-28,12586,3073,1,0,0,0
733,1,2013-07-29,15585,3376,1,1,0,1
733,2,2013-07-30,15321,3282,1,1,0,1
733,3,2013-07-31,14775,3355,1,1,0,1
733,4,2013-08-01,14139,3558,1,1,0,1
733,5,2013-08-02,15612,4066,1,1,0,1
733,6,2013-08-03,12954,3244,1,0,0,0
733,7,2013-08-04,13392,3073,1,0,0,0
733,1,2013-08-05,12999,3375,1,0,0,1
733,2,2013-08-06,12362,3095,1,0,0,1
733,3,2013-08-07,12240,2990,1,0,0,1
733,4,2013-08-08,12394,3006,1,0,0,1
733,5,2013-08-09,13036,3287,1,0,0,1
733,6,2013-08-10,12029,2981,1,0,0,0
733,7,2013-08-11,12778,2972,1,0,0,0
733,1,2013-08-12,14650,3193,1,1,0,1
733,2,2013-08-13,13285,3068,1,1,0,1
733,3,2013-08-14,13598,3119,1,1,0,1
733,4,2013-08-15,13034,3209,1,1,0,1
733,5,2013-08-16,14006,3557,1,1,0,1
733,6,2013-08-17,11953,3241,1,0,0,0
733,7,2013-08-18,13720,2957,1,0,0,0
733,1,2013-08-19,12530,3118,1,0,0,1
733,2,2013-08-20,11896,3047,1,0,0,1
733,3,2013-08-21,11870,3188,1,0,0,1
733,4,2013-08-22,12712,3478,1,0,0,1
733,5,2013-08-23,13238,3668,1,0,0,1
733,6,2013-08-24,13461,3564,1,0,0,0
733,7,2013-08-25,14494,3294,1,0,0,0
733,1,2013-08-26,14149,3237,1,1,0,1
733,2,2013-08-27,13012,3189,1,1,0,1
733,3,2013-08-28,12821,3072,1,1,0,1
733,4,2013-08-29,13552,3265,1,1,0,1
733,5,2013-08-30,15602,3645,1,1,0,1
733,6,2013-08-31,13482,3324,1,0,0,0
733,7,2013-09-01,14740,3097,1,0,0,0
733,1,2013-09-02,13670,3343,1,0,0,1
733,2,2013-09-03,12718,3177,1,0,0,1
733,3,2013-09-04,12751,3367,1,0,0,0
733,4,2013-09-05,12500,3434,1,0,0,0
733,5,2013-09-06,14748,3972,1,0,0,0
733,6,2013-09-07,15076,3376,1,0,0,0
733,7,2013-09-08,14927,3123,1,0,0,0
733,1,2013-09-09,16523,3393,1,1,0,0
733,2,2013-09-10,17072,3436,1,1,0,0
733,3,2013-09-11,14855,3332,1,1,0,0
733,4,2013-09-12,14400,3303,1,1,0,0
733,5,2013-09-13,15248,3628,1,1,0,0
733,6,2013-09-14,12388,3091,1,0,0,0
733,7,2013-09-15,13777,2985,1,0,0,0
733,1,2013-09-16,12865,3161,1,0,0,0
733,2,2013-09-17,13260,3214,1,0,0,0
733,3,2013-09-18,13387,3350,1,0,0,0
733,4,2013-09-19,13331,3257,1,0,0,0
733,5,2013-09-20,14808,3618,1,0,0,0
733,6,2013-09-21,12823,3194,1,0,0,0
733,7,2013-09-22,14238,2984,1,0,0,0
733,1,2013-09-23,14367,3320,1,1,0,0
733,2,2013-09-24,12959,3187,1,1,0,0
733,3,2013-09-25,13776,3236,1,1,0,0
733,4,2013-09-26,13847,3252,1,1,0,0
733,5,2013-09-27,15852,3734,1,1,0,0
733,6,2013-09-28,12699,3252,1,0,0,0
733,7,2013-09-29,14334,3115,1,0,0,0
733,1,2013-09-30,14069,3370,1,0,0,0
733,2,2013-10-01,13070,3325,1,0,0,0
733,3,2013-10-02,14906,3577,1,0,0,0
733,4,2013-10-03,16400,3434,1,0,a,0
733,5,2013-10-04,17144,3676,1,0,0,0
733,6,2013-10-05,13834,3273,1,0,0,0
733,7,2013-10-06,16079,3144,1,0,0,0
733,1,2013-10-07,17285,3573,1,1,0,0
733,2,2013-10-08,16969,3324,1,1,0,0
733,3,2013-10-09,17579,3456,1,1,0,0
733,4,2013-10-10,16586,3607,1,1,0,0
733,5,2013-10-11,17885,3905,1,1,0,0
733,6,2013-10-12,14306,3334,1,0,0,0
733,7,2013-10-13,15155,3184,1,0,0,0
733,1,2013-10-14,13718,3436,1,0,0,0
733,2,2013-10-15,13689,3204,1,0,0,0
733,3,2013-10-16,13151,3109,1,0,0,0
733,4,2013-10-17,13370,3349,1,0,0,0
733,5,2013-10-18,14963,3654,1,0,0,0
733,6,2013-10-19,14234,3456,1,0,0,0
733,7,2013-10-20,15315,3179,1,0,0,0
733,1,2013-10-21,16027,3638,1,1,0,1
733,2,2013-10-22,14192,3421,1,1,0,1
733,3,2013-10-23,14252,3179,1,1,0,1
733,4,2013-10-24,13925,3398,1,1,0,1
733,5,2013-10-25,15634,3724,1,1,0,1
733,6,2013-10-26,12253,3041,1,0,0,0
733,7,2013-10-27,14388,3075,1,0,0,0
733,1,2013-10-28,13690,3279,1,0,0,1
733,2,2013-10-29,12694,3198,1,0,0,1
733,3,2013-10-30,13489,3313,1,0,0,1
733,4,2013-10-31,15846,3827,1,0,0,1
733,5,2013-11-01,17347,3450,1,0,a,1
733,6,2013-11-02,15233,3396,1,0,0,0
733,7,2013-11-03,14382,3079,1,0,0,0
733,1,2013-11-04,16404,3445,1,1,0,0
733,2,2013-11-05,15570,3482,1,1,0,0
733,3,2013-11-06,15667,3410,1,1,0,0
733,4,2013-11-07,15453,3429,1,1,0,0
733,5,2013-11-08,16530,3842,1,1,0,0
733,6,2013-11-09,13740,3277,1,0,0,0
733,7,2013-11-10,14709,3327,1,0,0,0
733,1,2013-11-11,14463,3906,1,0,0,0
733,2,2013-11-12,13566,3413,1,0,0,0
733,3,2013-11-13,13103,3183,1,0,0,0
733,4,2013-11-14,13603,3254,1,0,0,0
733,5,2013-11-15,15593,3790,1,0,0,0
733,6,2013-11-16,14206,3343,1,0,0,0
733,7,2013-11-17,15248,3207,1,0,0,0
733,1,2013-11-18,16324,3614,1,1,0,0
733,2,2013-11-19,16960,3548,1,1,0,0
733,3,2013-11-20,16774,3551,1,1,0,0
733,4,2013-11-21,16788,3530,1,1,0,0
733,5,2013-11-22,17971,4010,1,1,0,0
733,6,2013-11-23,15775,3349,1,0,0,0
733,7,2013-11-24,17052,3204,1,0,0,0
733,1,2013-11-25,14262,3442,1,0,0,0
733,2,2013-11-26,14312,3292,1,0,0,0
733,3,2013-11-27,14969,3454,1,0,0,0
733,4,2013-11-28,15320,3558,1,0,0,0
733,5,2013-11-29,19118,4139,1,0,0,0
733,6,2013-11-30,17824,3816,1,0,0,0
733,7,2013-12-01,15813,3407,1,0,0,0
733,1,2013-12-02,18194,3859,1,1,0,0
733,2,2013-12-03,18142,3713,1,1,0,0
733,3,2013-12-04,19208,3911,1,1,0,0
733,4,2013-12-05,20568,4114,1,1,0,0
733,5,2013-12-06,22137,4645,1,1,0,0
733,6,2013-12-07,17495,4045,1,0,0,0
733,7,2013-12-08,17083,3584,1,0,0,0
733,1,2013-12-09,16556,3702,1,0,0,0
733,2,2013-12-10,14734,3511,1,0,0,0
733,3,2013-12-11,15480,3527,1,0,0,0
733,4,2013-12-12,15919,3583,1,0,0,0
733,5,2013-12-13,17089,4110,1,0,0,0
733,6,2013-12-14,16851,3876,1,0,0,0
733,7,2013-12-15,17022,3499,1,0,0,0
733,1,2013-12-16,19662,4007,1,1,0,0
733,2,2013-12-17,18345,3794,1,1,0,0
733,3,2013-12-18,18293,3845,1,1,0,0
733,4,2013-12-19,19115,3979,1,1,0,0
733,5,2013-12-20,19886,4288,1,1,0,0
733,6,2013-12-21,18197,4035,1,0,0,0
733,7,2013-12-22,19652,3862,1,0,0,0
733,1,2013-12-23,20557,4178,1,0,0,1
733,2,2013-12-24,6985,1365,1,0,0,1
733,3,2013-12-25,12223,2335,1,0,c,1
733,4,2013-12-26,15117,2785,1,0,c,1
733,5,2013-12-27,16023,3394,1,0,0,1
733,6,2013-12-28,14189,3263,1,0,0,0
733,7,2013-12-29,15977,3103,1,0,0,0
733,1,2013-12-30,17506,3558,1,0,0,1
733,2,2013-12-31,10317,1903,1,0,0,1
733,3,2014-01-01,12123,2596,1,0,a,1
733,4,2014-01-02,14643,3381,1,0,0,1
733,5,2014-01-03,13299,3194,1,0,0,1
733,6,2014-01-04,13132,3016,1,0,0,0
733,7,2014-01-05,13621,2915,1,0,0,0
733,1,2014-01-06,16432,3530,1,1,0,1
733,2,2014-01-07,15071,3271,1,1,0,1
733,3,2014-01-08,13948,3052,1,1,0,0
733,4,2014-01-09,13603,3096,1,1,0,0
733,5,2014-01-10,15842,3504,1,1,0,0
733,6,2014-01-11,12356,3077,1,0,0,0
733,7,2014-01-12,14478,2893,1,0,0,0
733,1,2014-01-13,14188,3343,1,0,0,0
733,2,2014-01-14,14106,3263,1,0,0,0
733,3,2014-01-15,13405,3150,1,0,0,0
733,4,2014-01-16,13560,3159,1,0,0,0
733,5,2014-01-17,14718,3575,1,0,0,0
733,6,2014-01-18,13740,3212,1,0,0,0
733,7,2014-01-19,14469,3042,1,0,0,0
733,1,2014-01-20,15173,3392,1,1,0,0
733,2,2014-01-21,15159,3396,1,1,0,0
733,3,2014-01-22,14246,3247,1,1,0,0
733,4,2014-01-23,14173,3257,1,1,0,0
733,5,2014-01-24,15442,3634,1,1,0,0
733,6,2014-01-25,13114,2978,1,0,0,0
733,7,2014-01-26,14083,3051,1,0,0,0
733,1,2014-01-27,14137,3356,1,0,0,0
733,2,2014-01-28,13635,3170,1,0,0,0
733,3,2014-01-29,14178,3297,1,0,0,0
733,4,2014-01-30,13858,3232,1,0,0,0
733,5,2014-01-31,15298,3627,1,0,0,0
733,6,2014-02-01,13532,3193,1,0,0,0
733,7,2014-02-02,16251,3225,1,0,0,0
733,1,2014-02-03,16443,3514,1,1,0,0
733,2,2014-02-04,15670,3300,1,1,0,0
733,3,2014-02-05,14998,3381,1,1,0,0
733,4,2014-02-06,14632,3355,1,1,0,0
733,5,2014-02-07,15305,3617,1,1,0,0
733,6,2014-02-08,12763,3055,1,0,0,0
733,7,2014-02-09,14429,3135,1,0,0,0
733,1,2014-02-10,13942,3369,1,0,0,0
733,2,2014-02-11,12492,3101,1,0,0,0
733,3,2014-02-12,13010,3236,1,0,0,0
733,4,2014-02-13,13759,3371,1,0,0,0
733,5,2014-02-14,16074,3831,1,0,0,0
733,6,2014-02-15,13720,3318,1,0,0,0
733,7,2014-02-16,14539,3106,1,0,0,0
733,1,2014-02-17,15246,3379,1,1,0,0
733,2,2014-02-18,15344,3260,1,1,0,0
733,3,2014-02-19,13850,3160,1,1,0,0
733,4,2014-02-20,13774,3280,1,1,0,0
733,5,2014-02-21,16185,3677,1,1,0,0
733,6,2014-02-22,12270,3176,1,0,0,0
733,7,2014-02-23,13526,3033,1,0,0,0
733,1,2014-02-24,12907,3288,1,0,0,0
733,2,2014-02-25,13592,3308,1,0,0,0
733,3,2014-02-26,15968,3690,1,0,0,0
733,4,2014-02-27,16543,4177,1,0,0,0
733,5,2014-02-28,16239,3740,1,0,0,0
733,6,2014-03-01,15301,3642,1,0,0,0
733,7,2014-03-02,17084,3525,1,0,0,0
733,1,2014-03-03,18945,4297,1,1,0,0
733,2,2014-03-04,15771,3534,1,1,0,0
733,3,2014-03-05,15563,3446,1,1,0,0
733,4,2014-03-06,15204,3413,1,1,0,0
733,5,2014-03-07,16653,3709,1,1,0,0
733,6,2014-03-08,15881,3324,1,0,0,0
733,7,2014-03-09,16077,3330,1,0,0,0
733,1,2014-03-10,15031,3257,1,0,0,0
733,2,2014-03-11,14883,3171,1,0,0,0
733,3,2014-03-12,16275,3150,1,0,0,0
733,4,2014-03-13,12869,3056,1,0,0,0
733,5,2014-03-14,14275,3516,1,0,0,0
733,6,2014-03-15,12653,3153,1,0,0,0
733,7,2014-03-16,14594,3202,1,0,0,0
733,1,2014-03-17,15043,3326,1,1,0,0
733,2,2014-03-18,13818,3126,1,1,0,0
733,3,2014-03-19,13896,3177,1,1,0,0
733,4,2014-03-20,13332,3248,1,1,0,0
733,5,2014-03-21,16082,3586,1,1,0,0
733,6,2014-03-22,13358,3241,1,0,0,0
733,7,2014-03-23,14925,3234,1,0,0,0
733,1,2014-03-24,13726,3323,1,0,0,0
733,2,2014-03-25,12522,2968,1,0,0,0
733,3,2014-03-26,11528,2844,1,0,0,0
733,4,2014-03-27,13107,3156,1,0,0,0
733,5,2014-03-28,14093,3558,1,0,0,0
733,6,2014-03-29,13128,3297,1,0,0,0
733,7,2014-03-30,13135,2970,1,0,0,0
733,1,2014-03-31,16352,3499,1,1,0,0
733,2,2014-04-01,14788,3361,1,1,0,0
733,3,2014-04-02,15244,3466,1,1,0,0
733,4,2014-04-03,14941,3577,1,1,0,0
733,5,2014-04-04,16318,3750,1,1,0,0
733,6,2014-04-05,14163,3404,1,0,0,0
733,7,2014-04-06,17393,3312,1,0,0,0
733,1,2014-04-07,14117,3490,1,0,0,0
733,2,2014-04-08,14805,3508,1,0,0,0
733,3,2014-04-09,15210,3441,1,0,0,0
733,4,2014-04-10,13910,3417,1,0,0,0
733,5,2014-04-11,16262,3817,1,0,0,0
733,6,2014-04-12,12719,3206,1,0,0,0
733,7,2014-04-13,14736,3124,1,0,0,0
733,1,2014-04-14,17602,3779,1,1,0,1
733,2,2014-04-15,16336,3544,1,1,0,1
733,3,2014-04-16,15846,3633,1,1,0,1
733,4,2014-04-17,18186,4117,1,1,0,1
733,5,2014-04-18,18042,3607,1,1,b,1
733,6,2014-04-19,15765,3571,1,0,0,0
733,7,2014-04-20,14154,3100,1,0,0,0
733,1,2014-04-21,15047,3276,1,0,b,1
733,2,2014-04-22,13806,3484,1,0,0,1
733,3,2014-04-23,12874,3357,1,0,0,1
733,4,2014-04-24,12888,3385,1,0,0,1
733,5,2014-04-25,13636,3769,1,0,0,1
733,6,2014-04-26,11303,2941,1,0,0,0
733,7,2014-04-27,13363,2930,1,0,0,0
733,1,2014-04-28,15558,3377,1,1,0,0
733,2,2014-04-29,16007,3326,1,1,0,0
733,3,2014-04-30,18059,3940,1,1,0,0
733,4,2014-05-01,17003,3433,1,1,a,0
733,5,2014-05-02,17952,3930,1,1,0,0
733,6,2014-05-03,13946,3498,1,0,0,0
733,7,2014-05-04,15663,3381,1,0,0,0
733,1,2014-05-05,16232,3777,1,1,0,0
733,2,2014-05-06,16300,3606,1,1,0,0
733,3,2014-05-07,16244,3532,1,1,0,0
733,4,2014-05-08,16139,3570,1,1,0,0
733,5,2014-05-09,17000,3904,1,1,0,0
733,6,2014-05-10,15487,3519,1,0,0,0
733,7,2014-05-11,16740,3321,1,0,0,0
733,1,2014-05-12,15516,3570,1,0,0,0
733,2,2014-05-13,14675,3418,1,0,0,0
733,3,2014-05-14,13840,3370,1,0,0,0
733,4,2014-05-15,15104,3565,1,0,0,0
733,5,2014-05-16,15489,3825,1,0,0,0
733,6,2014-05-17,13470,3423,1,0,0,0
733,7,2014-05-18,14973,3414,1,0,0,0
733,1,2014-05-19,16249,3667,1,1,0,0
733,2,2014-05-20,15290,3635,1,1,0,0
733,3,2014-05-21,15037,3665,1,1,0,0
733,4,2014-05-22,15308,3625,1,1,0,0
733,5,2014-05-23,15907,3805,1,1,0,0
733,6,2014-05-24,12268,3134,1,0,0,0
733,7,2014-05-25,14153,3242,1,0,0,0
733,1,2014-05-26,13768,3439,1,0,0,0
733,2,2014-05-27,14416,3394,1,0,0,0
733,3,2014-05-28,17077,3825,1,0,0,0
733,4,2014-05-29,18886,3617,1,0,a,0
733,5,2014-05-30,17492,3942,1,0,0,0
733,6,2014-05-31,15426,3548,1,0,0,0
733,7,2014-06-01,16774,3525,1,0,0,0
733,1,2014-06-02,18173,3994,1,1,0,0
733,2,2014-06-03,16035,3525,1,1,0,0
733,3,2014-06-04,16266,3541,1,1,0,0
733,4,2014-06-05,16115,3530,1,1,0,0
733,5,2014-06-06,17763,4269,1,1,0,0
733,6,2014-06-07,15292,3997,1,0,0,0
733,7,2014-06-08,16757,3710,1,0,0,0
733,1,2014-06-09,16249,3541,1,0,a,0
733,2,2014-06-10,11628,2851,1,0,0,1
733,3,2014-06-11,11073,2839,1,0,0,0
733,4,2014-06-12,12300,3013,1,0,0,0
733,5,2014-06-13,14076,3587,1,0,0,0
733,6,2014-06-14,13736,3237,1,0,0,0
733,7,2014-06-15,15159,3180,1,0,0,0
733,1,2014-06-16,15854,3449,1,1,0,0
733,2,2014-06-17,15563,3525,1,1,0,0
733,3,2014-06-18,16393,3788,1,1,0,0
733,4,2014-06-19,16354,3289,1,1,a,0
733,5,2014-06-20,17265,3928,1,1,0,0
733,6,2014-06-21,12965,3209,1,0,0,0
733,7,2014-06-22,13823,3190,1,0,0,0
733,1,2014-06-23,14055,3466,1,0,0,0
733,2,2014-06-24,13961,3482,1,0,0,0
733,3,2014-06-25,13045,3304,1,0,0,0
733,4,2014-06-26,12956,3235,1,0,0,0
733,5,2014-06-27,15764,3917,1,0,0,0
733,6,2014-06-28,15219,3508,1,0,0,0
733,7,2014-06-29,15591,3135,1,0,0,0
733,1,2014-06-30,17868,3717,1,1,0,0
733,2,2014-07-01,16335,3634,1,1,0,0
733,3,2014-07-02,16690,3638,1,1,0,0
733,4,2014-07-03,16678,4036,1,1,0,0
733,5,2014-07-04,16680,4080,1,1,0,0
733,6,2014-07-05,15161,3683,1,0,0,0
733,7,2014-07-06,16369,3917,1,0,0,0
733,1,2014-07-07,15876,3757,1,0,0,1
733,2,2014-07-08,15213,3560,1,0,0,1
733,3,2014-07-09,13734,3193,1,0,0,1
733,4,2014-07-10,13653,3397,1,0,0,1
733,5,2014-07-11,14840,3555,1,0,0,1
733,6,2014-07-12,13281,3133,1,0,0,0
733,7,2014-07-13,14443,3076,1,0,0,0
733,1,2014-07-14,15229,3369,1,1,0,1
733,2,2014-07-15,14495,3306,1,1,0,1
733,3,2014-07-16,14986,3574,1,1,0,1
733,4,2014-07-17,15398,3691,1,1,0,1
733,5,2014-07-18,15690,4004,1,1,0,1
733,6,2014-07-19,16557,4614,1,0,0,0
733,7,2014-07-20,15694,3536,1,0,0,0
733,1,2014-07-21,15100,3530,1,0,0,1
733,2,2014-07-22,13376,3424,1,0,0,1
733,3,2014-07-23,13137,3512,1,0,0,1
733,4,2014-07-24,12959,3353,1,0,0,1
733,5,2014-07-25,14408,3575,1,0,0,1
733,6,2014-07-26,12721,3322,1,0,0,0
733,7,2014-07-27,15154,3552,1,0,0,0
733,1,2014-07-28,16622,3734,1,1,0,1
733,2,2014-07-29,15400,3444,1,1,0,1
733,3,2014-07-30,15427,3450,1,1,0,1
733,4,2014-07-31,16008,3831,1,1,0,1
733,5,2014-08-01,16761,3998,1,1,0,1
733,6,2014-08-02,15521,3740,1,0,0,0
733,7,2014-08-03,16139,3438,1,0,0,0
733,1,2014-08-04,16785,3508,1,1,0,1
733,2,2014-08-05,15835,3618,1,1,0,1
733,3,2014-08-06,15501,3544,1,1,0,1
733,4,2014-08-07,14774,3487,1,1,0,1
733,5,2014-08-08,15937,3836,1,1,0,1
733,6,2014-08-09,13390,3458,1,0,0,0
733,7,2014-08-10,14813,3266,1,0,0,0
733,1,2014-08-11,15218,3654,1,0,0,1
733,2,2014-08-12,13607,3423,1,0,0,1
733,3,2014-08-13,14406,3531,1,0,0,1
733,4,2014-08-14,15171,3815,1,0,0,1
733,5,2014-08-15,16875,4115,1,0,0,1
733,6,2014-08-16,15563,3777,1,0,0,0
733,7,2014-08-17,17285,3726,1,0,0,0
733,1,2014-08-18,16706,3669,1,1,0,1
733,2,2014-08-19,18005,3496,1,1,0,1
733,3,2014-08-20,15747,3492,1,1,0,0
733,4,2014-08-21,13955,3401,1,1,0,0
733,5,2014-08-22,15025,3628,1,1,0,0
733,6,2014-08-23,13896,3450,1,0,0,0
733,7,2014-08-24,15139,3393,1,0,0,0
733,1,2014-08-25,14144,3346,1,0,0,0
733,2,2014-08-26,14238,3255,1,0,0,0
733,3,2014-08-27,14333,3350,1,0,0,0
733,4,2014-08-28,14024,3300,1,0,0,0
733,5,2014-08-29,16786,3705,1,0,0,0
733,6,2014-08-30,16615,3456,1,0,0,0
733,7,2014-08-31,17903,3499,1,0,0,0
733,1,2014-09-01,17587,3509,1,1,0,0
733,2,2014-09-02,16977,3386,1,1,0,0
733,3,2014-09-03,15804,3427,1,1,0,0
733,4,2014-09-04,15477,3569,1,1,0,0
733,5,2014-09-05,16282,3882,1,1,0,0
733,6,2014-09-06,12682,3118,1,0,0,0
733,7,2014-09-07,14912,3309,1,0,0,0
733,1,2014-09-08,13670,3419,1,0,0,0
733,2,2014-09-09,14651,3339,1,0,0,0
733,3,2014-09-10,13523,3303,1,0,0,0
733,4,2014-09-11,14213,3530,1,0,0,0
733,5,2014-09-12,16107,3725,1,0,0,0
733,6,2014-09-13,14345,3429,1,0,0,0
733,7,2014-09-14,16228,3531,1,0,0,0
733,1,2014-09-15,15303,3630,1,1,0,0
733,2,2014-09-16,15423,3477,1,1,0,0
733,3,2014-09-17,15236,3579,1,1,0,0
733,4,2014-09-18,15415,3637,1,1,0,0
733,5,2014-09-19,17000,4054,1,1,0,0
733,6,2014-09-20,15224,3731,1,0,0,0
733,7,2014-09-21,17421,3651,1,0,0,0
733,1,2014-09-22,14839,3540,1,0,0,0
733,2,2014-09-23,12233,3086,1,0,0,0
733,3,2014-09-24,13698,3345,1,0,0,0
733,4,2014-09-25,13801,3392,1,0,0,0
733,5,2014-09-26,14375,3659,1,0,0,0
733,6,2014-09-27,14234,3570,1,0,0,0
733,7,2014-09-28,15089,3322,1,0,0,0
733,1,2014-09-29,16610,3567,1,1,0,0
733,2,2014-09-30,16103,3535,1,1,0,0
733,3,2014-10-01,16785,3708,1,1,0,0
733,4,2014-10-02,18013,4073,1,1,0,0
733,5,2014-10-03,20346,4144,1,1,a,0
733,6,2014-10-04,16392,3781,1,0,0,0
733,7,2014-10-05,16699,3324,1,0,0,0
733,1,2014-10-06,16243,3555,1,1,0,1
733,2,2014-10-07,15237,3445,1,1,0,1
733,3,2014-10-08,14713,3329,1,1,0,1
733,4,2014-10-09,14942,3490,1,1,0,1
733,5,2014-10-10,14957,3709,1,1,0,1
733,6,2014-10-11,12801,3259,1,0,0,0
733,7,2014-10-12,14609,3104,1,0,0,0
733,1,2014-10-13,14900,3421,1,0,0,1
733,2,2014-10-14,13238,3338,1,0,0,1
733,3,2014-10-15,11284,2623,1,0,0,1
733,4,2014-10-16,13314,3301,1,0,0,1
733,5,2014-10-17,13935,3644,1,0,0,1
733,6,2014-10-18,9433,2496,1,0,0,0
733,7,2014-10-19,13575,2819,1,0,0,0
733,1,2014-10-20,15795,3364,1,1,0,0
733,2,2014-10-21,14583,3367,1,1,0,0
733,3,2014-10-22,14339,3305,1,1,0,0
733,4,2014-10-23,14799,3378,1,1,0,0
733,5,2014-10-24,15931,3652,1,1,0,0
733,6,2014-10-25,13286,3236,1,0,0,0
733,7,2014-10-26,6838,1520,1,0,0,0
733,1,2014-10-27,14535,3460,1,0,0,0
733,2,2014-10-28,13311,3255,1,0,0,0
733,3,2014-10-29,14271,3303,1,0,0,0
733,4,2014-10-30,14343,3181,1,0,0,0
733,5,2014-10-31,18625,4167,1,0,0,0
733,6,2014-11-01,21623,3969,1,0,a,0
733,7,2014-11-02,18150,3847,1,0,0,0
733,1,2014-11-03,18396,3761,1,1,0,0
733,2,2014-11-04,16493,3507,1,1,0,0
733,3,2014-11-05,15372,3332,1,1,0,0
733,4,2014-11-06,10350,2367,1,1,0,0
733,5,2014-11-07,13435,2820,1,1,0,0
733,6,2014-11-08,10980,2577,1,0,0,0
733,7,2014-11-09,14885,2954,1,0,0,0
733,1,2014-11-10,17193,3516,1,1,0,0
733,2,2014-11-11,16756,3922,1,1,0,0
733,3,2014-11-12,17157,3600,1,1,0,0
733,4,2014-11-13,16717,3456,1,1,0,0
733,5,2014-11-14,18731,4024,1,1,0,0
733,6,2014-11-15,17046,3506,1,0,0,0
733,7,2014-11-16,17703,3358,1,0,0,0
733,1,2014-11-17,14220,3395,1,0,0,0
733,2,2014-11-18,14369,3238,1,0,0,0
733,3,2014-11-19,13051,3037,1,0,0,0
733,4,2014-11-20,13559,3161,1,0,0,0
733,5,2014-11-21,14576,3597,1,0,0,0
733,6,2014-11-22,13223,3336,1,0,0,0
733,7,2014-11-23,15597,3219,1,0,0,0
733,1,2014-11-24,15390,3428,1,1,0,0
733,2,2014-11-25,16070,3365,1,1,0,0
733,3,2014-11-26,16283,3573,1,1,0,0
733,4,2014-11-27,16747,3541,1,1,0,0
733,5,2014-11-28,19248,4097,1,1,0,0
733,6,2014-11-29,17352,3760,1,0,0,0
733,7,2014-11-30,17371,3547,1,0,0,0
733,1,2014-12-01,18003,3675,1,1,0,0
733,2,2014-12-02,17166,3579,1,1,0,0
733,3,2014-12-03,17837,3652,1,1,0,0
733,4,2014-12-04,18395,3800,1,1,0,0
733,5,2014-12-05,21114,4332,1,1,0,0
733,6,2014-12-06,17165,3942,1,0,0,0
733,7,2014-12-07,15677,3481,1,0,0,0
733,1,2014-12-08,15383,3520,1,0,0,0
733,2,2014-12-09,15233,3452,1,0,0,0
733,3,2014-12-10,14138,3407,1,0,0,0
733,4,2014-12-11,15018,3504,1,0,0,0
733,5,2014-12-12,17457,3976,1,0,0,0
733,6,2014-12-13,17625,3901,1,0,0,0
733,7,2014-12-14,17429,3370,1,0,0,0
733,1,2014-12-15,18517,3717,1,1,0,0
733,2,2014-12-16,18272,3676,1,1,0,0
733,3,2014-12-17,18861,3893,1,1,0,0
733,4,2014-12-18,17792,3756,1,1,0,0
733,5,2014-12-19,19088,4132,1,1,0,0
733,6,2014-12-20,16541,3695,1,0,0,0
733,7,2014-12-21,19142,3719,1,0,0,0
733,1,2014-12-22,18963,4041,1,0,0,1
733,2,2014-12-23,18296,3794,1,0,0,1
733,3,2014-12-24,6939,1329,1,0,0,1
733,4,2014-12-25,13361,2384,1,0,c,1
733,5,2014-12-26,15449,2719,1,0,c,1
733,6,2014-12-27,15432,3241,1,0,0,0
733,7,2014-12-28,16058,3101,1,0,0,0
733,1,2014-12-29,15217,3295,1,0,0,1
733,2,2014-12-30,15847,3311,1,0,0,1
733,3,2014-12-31,9963,1863,1,0,0,1
733,4,2015-01-01,12566,2501,1,0,a,1
733,5,2015-01-02,14651,3251,1,0,0,1
733,6,2015-01-03,13044,2908,1,0,0,0
733,7,2015-01-04,16040,3051,1,0,0,0
733,1,2015-01-05,14797,3282,1,1,0,1
733,2,2015-01-06,13768,3010,1,1,0,1
733,3,2015-01-07,13852,3091,1,1,0,0
733,4,2015-01-08,13759,3118,1,1,0,0
733,5,2015-01-09,13633,3252,1,1,0,0
733,6,2015-01-10,10445,2682,1,0,0,0
733,7,2015-01-11,13499,2783,1,0,0,0
733,1,2015-01-12,14719,3219,1,1,0,0
733,2,2015-01-13,13239,2971,1,1,0,0
733,3,2015-01-14,13465,3068,1,1,0,0
733,4,2015-01-15,14162,3219,1,1,0,0
733,5,2015-01-16,14595,3337,1,1,0,0
733,6,2015-01-17,11807,2995,1,0,0,0
733,7,2015-01-18,15737,3079,1,0,0,0
733,1,2015-01-19,14130,3240,1,0,0,0
733,2,2015-01-20,14782,3070,1,0,0,0
733,3,2015-01-21,12722,2973,1,0,0,0
733,4,2015-01-22,13809,3188,1,0,0,0
733,5,2015-01-23,15237,3481,1,0,0,0
733,6,2015-01-24,13581,3064,1,0,0,0
733,7,2015-01-25,15298,3124,1,0,0,0
733,1,2015-01-26,15736,3393,1,1,0,0
733,2,2015-01-27,14954,3235,1,1,0,0
733,3,2015-01-28,13846,3158,1,1,0,0
733,4,2015-01-29,15516,3353,1,1,0,0
733,5,2015-01-30,17015,3627,1,1,0,0
733,6,2015-01-31,14761,3244,1,0,0,0
733,7,2015-02-01,18263,3316,1,0,0,0
733,1,2015-02-02,18478,3612,1,1,0,0
733,2,2015-02-03,16302,3404,1,1,0,0
733,3,2015-02-04,16146,3370,1,1,0,0
733,4,2015-02-05,16396,3507,1,1,0,0
733,5,2015-02-06,16300,3668,1,1,0,0
733,6,2015-02-07,13622,3191,1,0,0,0
733,7,2015-02-08,15558,3187,1,0,0,0
733,1,2015-02-09,14417,3335,1,0,0,0
733,2,2015-02-10,14036,3199,1,0,0,0
733,3,2015-02-11,17265,3738,1,0,0,0
733,4,2015-02-12,16723,4046,1,0,0,0
733,5,2015-02-13,16396,3792,1,0,0,0
733,6,2015-02-14,15833,3738,1,0,0,0
733,7,2015-02-15,16323,3606,1,0,0,0
733,1,2015-02-16,16803,3886,1,1,0,0
733,2,2015-02-17,15279,3261,1,1,0,0
733,3,2015-02-18,14734,3348,1,1,0,0
733,4,2015-02-19,14605,3278,1,1,0,0
733,5,2015-02-20,15692,3547,1,1,0,0
733,6,2015-02-21,12400,3089,1,0,0,0
733,7,2015-02-22,15805,3182,1,0,0,0
733,1,2015-02-23,13879,3280,1,0,0,0
733,2,2015-02-24,13292,3117,1,0,0,0
733,3,2015-02-25,13047,3155,1,0,0,0
733,4,2015-02-26,14344,3235,1,0,0,0
733,5,2015-02-27,16083,3696,1,0,0,0
733,6,2015-02-28,14661,3306,1,0,0,0
733,7,2015-03-01,16889,3200,1,0,0,0
733,1,2015-03-02,18633,3454,1,1,0,0
733,2,2015-03-03,17439,3391,1,1,0,0
733,3,2015-03-04,17241,3383,1,1,0,0
733,4,2015-03-05,16501,3370,1,1,0,0
733,5,2015-03-06,16986,3692,1,1,0,0
733,6,2015-03-07,13509,3177,1,0,0,0
733,7,2015-03-08,16515,3391,1,0,0,0
733,1,2015-03-09,15393,3362,1,0,0,0
733,2,2015-03-10,14483,3273,1,0,0,0
733,3,2015-03-11,14900,3194,1,0,0,0
733,4,2015-03-12,16401,3327,1,0,0,0
733,5,2015-03-13,17444,3556,1,0,0,0
733,6,2015-03-14,16396,3330,1,0,0,0
733,7,2015-03-15,18503,3208,1,0,0,0
733,1,2015-03-16,16881,3625,1,1,0,0
733,2,2015-03-17,14652,3413,1,1,0,0
733,3,2015-03-18,15276,3372,1,1,0,0
733,4,2015-03-19,14459,3326,1,1,0,0
733,5,2015-03-20,15724,3614,1,1,0,0
733,6,2015-03-21,13431,3224,1,0,0,0
733,7,2015-03-22,15994,3168,1,0,0,0
733,1,2015-03-23,13751,3226,1,0,0,0
733,2,2015-03-24,14010,3285,1,0,0,0
733,3,2015-03-25,14498,3335,1,0,0,0
733,4,2015-03-26,13753,3271,1,0,0,0
733,5,2015-03-27,16437,3676,1,0,0,0
733,6,2015-03-28,15759,3433,1,0,0,0
733,7,2015-03-29,14393,3007,1,0,0,0
733,1,2015-03-30,17663,3530,1,1,0,1
733,2,2015-03-31,14162,2859,1,1,0,1
733,3,2015-04-01,18862,3642,1,1,0,1
733,4,2015-04-02,20454,3995,1,1,0,1
733,5,2015-04-03,18240,3542,1,1,b,1
733,6,2015-04-04,16999,3487,1,0,0,0
733,7,2015-04-05,16572,3148,1,0,0,0
733,1,2015-04-06,17112,3260,1,0,b,1
733,2,2015-04-07,15099,3547,1,0,0,1
733,3,2015-04-08,13853,3307,1,0,0,1
733,4,2015-04-09,14321,3519,1,0,0,1
733,5,2015-04-10,15410,3847,1,0,0,1
733,6,2015-04-11,14258,3256,1,0,0,0
733,7,2015-04-12,17108,3257,1,0,0,0
733,1,2015-04-13,16458,3488,1,1,0,0
733,2,2015-04-14,14732,3446,1,1,0,0
733,3,2015-04-15,15111,3607,1,1,0,0
733,4,2015-04-16,15416,3483,1,1,0,0
733,5,2015-04-17,16412,3718,1,1,0,0
733,6,2015-04-18,13624,3388,1,0,0,0
733,7,2015-04-19,15907,3423,1,0,0,0
733,1,2015-04-20,14168,3439,1,0,0,0
733,2,2015-04-21,13185,3300,1,0,0,0
733,3,2015-04-22,10189,2376,1,0,0,0
733,4,2015-04-23,10306,2598,1,0,0,0
733,5,2015-04-24,14836,3767,1,0,0,0
733,6,2015-04-25,13610,3423,1,0,0,0
733,7,2015-04-26,15547,3235,1,0,0,0
733,1,2015-04-27,17010,3456,1,1,0,0
733,2,2015-04-28,15481,3375,1,1,0,0
733,3,2015-04-29,17301,3594,1,1,0,0
733,4,2015-04-30,19449,4084,1,1,0,0
733,5,2015-05-01,19899,3767,1,1,a,0
733,6,2015-05-02,16986,3602,1,0,0,0
733,7,2015-05-03,17164,3380,1,0,0,0
733,1,2015-05-04,17558,3694,1,1,0,0
733,2,2015-05-05,14335,2893,1,1,0,0
733,3,2015-05-06,14043,2893,1,1,0,0
733,4,2015-05-07,14326,2939,1,1,0,0
733,5,2015-05-08,15382,3344,1,1,0,0
733,6,2015-05-09,13548,2887,1,0,0,0
733,7,2015-05-10,16143,3129,1,0,0,0
733,1,2015-05-11,14528,3596,1,0,0,0
733,2,2015-05-12,14101,3396,1,0,0,0
733,3,2015-05-13,15857,3739,1,0,0,0
733,4,2015-05-14,18051,3527,1,0,a,0
733,5,2015-05-15,16028,3818,1,0,0,0
733,6,2015-05-16,14120,3320,1,0,0,0
733,7,2015-05-17,17300,3282,1,0,0,0
733,1,2015-05-18,16095,3595,1,1,0,0
733,2,2015-05-19,16211,3406,1,1,0,0
733,3,2015-05-20,13898,2905,1,1,0,0
733,4,2015-05-21,14533,2991,1,1,0,0
733,5,2015-05-22,15919,3693,1,1,0,0
733,6,2015-05-23,13936,3193,1,0,0,0
733,7,2015-05-24,16164,3338,1,0,0,0
733,1,2015-05-25,17688,3574,1,0,a,0
733,2,2015-05-26,15221,3461,1,0,0,1
733,3,2015-05-27,14029,3204,1,0,0,0
733,4,2015-05-28,13456,3214,1,0,0,0
733,5,2015-05-29,16468,3736,1,0,0,0
733,6,2015-05-30,14538,3358,1,0,0,0
733,7,2015-05-31,18175,3410,1,0,0,0
733,1,2015-06-01,17841,3904,1,1,0,0
733,2,2015-06-02,17298,3519,1,1,0,0
733,3,2015-06-03,17705,3670,1,1,0,0
733,4,2015-06-04,19631,3799,1,1,a,0
733,5,2015-06-05,17901,4394,1,1,0,0
733,6,2015-06-06,12940,3113,1,0,0,0
733,7,2015-06-07,15892,3243,1,0,0,0
733,1,2015-06-08,15491,3388,1,0,0,0
733,2,2015-06-09,14272,3330,1,0,0,0
733,3,2015-06-10,13388,3359,1,0,0,0
733,4,2015-06-11,14492,3505,1,0,0,0
733,5,2015-06-12,15404,3921,1,0,0,0
733,6,2015-06-13,14703,3747,1,0,0,0
733,7,2015-06-14,16452,3535,1,0,0,0
733,1,2015-06-15,16710,3455,1,1,0,0
733,2,2015-06-16,16007,3397,1,1,0,0
733,3,2015-06-17,15036,3464,1,1,0,0
733,4,2015-06-18,15269,3410,1,1,0,0
733,5,2015-06-19,17254,3863,1,1,0,0
733,6,2015-06-20,13357,3160,1,0,0,0
733,7,2015-06-21,15730,3253,1,0,0,0
733,1,2015-06-22,14739,3418,1,0,0,0
733,2,2015-06-23,13682,3177,1,0,0,0
733,3,2015-06-24,13405,3222,1,0,0,0
733,4,2015-06-25,13964,3476,1,0,0,0
733,5,2015-06-26,14794,3651,1,0,0,0
733,6,2015-06-27,12905,3129,1,0,0,0
733,7,2015-06-28,15648,3358,1,0,0,0
733,1,2015-06-29,16749,3450,1,1,0,1
733,2,2015-06-30,16963,3617,1,1,0,1
733,3,2015-07-01,16906,3978,1,1,0,1
733,4,2015-07-02,16883,4180,1,1,0,1
733,5,2015-07-03,17175,4054,1,1,0,1
733,6,2015-07-04,14088,3628,1,0,0,0
733,7,2015-07-05,15412,3434,1,0,0,0
733,1,2015-07-06,14647,3536,1,0,0,1
733,2,2015-07-07,13588,3278,1,0,0,1
733,3,2015-07-08,13601,3012,1,0,0,1
733,4,2015-07-09,12909,3057,1,0,0,1
733,5,2015-07-10,13513,3436,1,0,0,1
733,6,2015-07-11,15029,3968,1,0,0,0
733,7,2015-07-12,15924,3282,1,0,0,0
733,1,2015-07-13,15964,3232,1,1,0,1
733,2,2015-07-14,13874,3096,1,1,0,1
733,3,2015-07-15,14269,3241,1,1,0,1
733,4,2015-07-16,13772,3394,1,1,0,1
733,5,2015-07-17,15016,4013,1,1,0,1
733,6,2015-07-18,13454,3378,1,0,0,0
733,7,2015-07-19,15746,3263,1,0,0,0
733,1,2015-07-20,13929,3235,1,0,0,1
733,2,2015-07-21,12978,3343,1,0,0,1
733,3,2015-07-22,12433,3146,1,0,0,1
733,4,2015-07-23,12837,3161,1,0,0,1
733,5,2015-07-24,14042,3556,1,0,0,1
733,6,2015-07-25,11992,2860,1,0,0,0
733,7,2015-07-26,16172,3352,1,0,0,0
733,1,2015-07-27,15907,3282,1,1,0,1
733,2,2015-07-28,14433,3148,1,1,0,1
733,3,2015-07-29,14145,3184,1,1,0,1
733,4,2015-07-30,14531,3145,1,1,0,1
733,5,2015-07-31,16625,3644,1,1,0,1
756,2,2013-01-01,0,0,0,0,a,1
756,3,2013-01-02,14883,2465,1,0,0,1
756,4,2013-01-03,12857,2153,1,0,0,1
756,5,2013-01-04,15286,2386,1,0,0,1
756,6,2013-01-05,17788,2761,1,0,0,0
756,7,2013-01-06,0,0,0,0,0,0
756,1,2013-01-07,18964,2321,1,1,0,0
756,2,2013-01-08,16516,2158,1,1,0,0
756,3,2013-01-09,17558,1826,1,1,0,0
756,4,2013-01-10,15346,1990,1,1,0,0
756,5,2013-01-11,14702,2099,1,1,0,0
756,6,2013-01-12,17402,2707,1,0,0,0
756,7,2013-01-13,0,0,0,0,0,0
756,1,2013-01-14,10699,1617,1,0,0,0
756,2,2013-01-15,9200,1438,1,0,0,0
756,3,2013-01-16,10708,1578,1,0,0,0
756,4,2013-01-17,10829,1609,1,0,0,0
756,5,2013-01-18,11876,1761,1,0,0,0
756,6,2013-01-19,15258,2437,1,0,0,0
756,7,2013-01-20,0,0,0,0,0,0
756,1,2013-01-21,14716,1814,1,1,0,0
756,2,2013-01-22,17410,2028,1,1,0,0
756,3,2013-01-23,15358,1906,1,1,0,0
756,4,2013-01-24,13834,1826,1,1,0,0
756,5,2013-01-25,15250,1953,1,1,0,0
756,6,2013-01-26,16500,2512,1,0,0,0
756,7,2013-01-27,0,0,0,0,0,0
756,1,2013-01-28,12080,1756,1,0,0,0
756,2,2013-01-29,11122,1577,1,0,0,0
756,3,2013-01-30,12391,1686,1,0,0,0
756,4,2013-01-31,14213,1950,1,0,0,0
756,5,2013-02-01,15747,2166,1,0,0,0
756,6,2013-02-02,19714,2904,1,0,0,0
756,7,2013-02-03,0,0,0,0,0,0
756,1,2013-02-04,19284,2330,1,1,0,0
756,2,2013-02-05,16522,2083,1,1,0,0
756,3,2013-02-06,16431,1942,1,1,0,0
756,4,2013-02-07,15899,2032,1,1,0,0
756,5,2013-02-08,16493,2297,1,1,0,0
756,6,2013-02-09,18161,2807,1,0,0,0
756,7,2013-02-10,0,0,0,0,0,0
756,1,2013-02-11,4033,576,1,0,0,0
756,2,2013-02-12,13590,2067,1,0,0,0
756,3,2013-02-13,12871,1919,1,0,0,0
756,4,2013-02-14,12334,1839,1,0,0,0
756,5,2013-02-15,11942,1901,1,0,0,0
756,6,2013-02-16,16887,2674,1,0,0,0
756,7,2013-02-17,0,0,0,0,0,0
756,1,2013-02-18,19849,2378,1,1,0,0
756,2,2013-02-19,13751,1836,1,1,0,0
756,3,2013-02-20,15295,1984,1,1,0,0
756,4,2013-02-21,13169,1831,1,1,0,0
756,5,2013-02-22,14192,1971,1,1,0,0
756,6,2013-02-23,14410,2248,1,0,0,0
756,7,2013-02-24,0,0,0,0,0,0
756,1,2013-02-25,9805,1556,1,0,0,0
756,2,2013-02-26,11243,1659,1,0,0,0
756,3,2013-02-27,12105,1687,1,0,0,0
756,4,2013-02-28,14833,2022,1,0,0,0
756,5,2013-03-01,15553,2192,1,0,0,0
756,6,2013-03-02,20350,3039,1,0,0,0
756,7,2013-03-03,0,0,0,0,0,0
756,1,2013-03-04,20834,2539,1,1,0,0
756,2,2013-03-05,17478,2340,1,1,0,0
756,3,2013-03-06,16114,2201,1,1,0,0
756,4,2013-03-07,15012,2094,1,1,0,0
756,5,2013-03-08,16367,2327,1,1,0,0
756,6,2013-03-09,16134,2505,1,0,0,0
756,7,2013-03-10,0,0,0,0,0,0
756,1,2013-03-11,10753,1708,1,0,0,0
756,2,2013-03-12,9761,1500,1,0,0,0
756,3,2013-03-13,13046,1922,1,0,0,0
756,4,2013-03-14,11131,1724,1,0,0,0
756,5,2013-03-15,14181,2095,1,0,0,0
756,6,2013-03-16,17341,2899,1,0,0,0
756,7,2013-03-17,0,0,0,0,0,0
756,1,2013-03-18,19350,2418,1,1,0,0
756,2,2013-03-19,16533,2122,1,1,0,0
756,3,2013-03-20,12767,1673,1,1,0,0
756,4,2013-03-21,15048,2077,1,1,0,0
756,5,2013-03-22,16777,2230,1,1,0,0
756,6,2013-03-23,16882,2524,1,0,0,0
756,7,2013-03-24,0,0,0,0,0,0
756,1,2013-03-25,20675,2554,1,1,0,1
756,2,2013-03-26,19198,2539,1,1,0,1
756,3,2013-03-27,19147,2578,1,1,0,1
756,4,2013-03-28,23622,2916,1,1,0,1
756,5,2013-03-29,0,0,0,1,b,1
756,6,2013-03-30,24908,3456,1,0,0,0
756,7,2013-03-31,0,0,0,0,0,0
756,1,2013-04-01,0,0,0,0,b,1
756,2,2013-04-02,16817,2700,1,0,0,1
756,3,2013-04-03,15121,2353,1,0,0,1
756,4,2013-04-04,14494,2263,1,0,0,1
756,5,2013-04-05,13953,2173,1,0,0,1
756,6,2013-04-06,17448,2724,1,0,0,0
756,7,2013-04-07,0,0,0,0,0,0
756,1,2013-04-08,18497,2335,1,1,0,0
756,2,2013-04-09,14829,2121,1,1,0,0
756,3,2013-04-10,14979,2013,1,1,0,0
756,4,2013-04-11,14953,2075,1,1,0,0
756,5,2013-04-12,16030,2267,1,1,0,0
756,6,2013-04-13,17972,2850,1,0,0,0
756,7,2013-04-14,0,0,0,0,0,0
756,1,2013-04-15,12437,1959,1,0,0,0
756,2,2013-04-16,11440,1826,1,0,0,0
756,3,2013-04-17,11076,1796,1,0,0,0
756,4,2013-04-18,11509,1843,1,0,0,0
756,5,2013-04-19,12777,1922,1,0,0,0
756,6,2013-04-20,16615,2594,1,0,0,0
756,7,2013-04-21,0,0,0,0,0,0
756,1,2013-04-22,16683,2311,1,1,0,0
756,2,2013-04-23,13777,1971,1,1,0,0
756,3,2013-04-24,12993,2006,1,1,0,0
756,4,2013-04-25,13589,2065,1,1,0,0
756,5,2013-04-26,13706,2007,1,1,0,0
756,6,2013-04-27,17812,2721,1,0,0,0
756,7,2013-04-28,0,0,0,0,0,0
756,1,2013-04-29,19357,2444,1,1,0,0
756,2,2013-04-30,21001,2656,1,1,0,0
756,3,2013-05-01,0,0,0,1,a,0
756,4,2013-05-02,20548,2781,1,1,0,0
756,5,2013-05-03,18453,2573,1,1,0,0
756,6,2013-05-04,18961,3007,1,0,0,0
756,7,2013-05-05,0,0,0,0,0,0
756,1,2013-05-06,14040,2255,1,0,0,0
756,2,2013-05-07,13471,2089,1,0,0,0
756,3,2013-05-08,15631,2310,1,0,0,0
756,4,2013-05-09,0,0,0,0,a,0
756,5,2013-05-10,19932,3092,1,0,0,0
756,6,2013-05-11,19515,2946,1,0,0,0
756,7,2013-05-12,0,0,0,0,0,0
756,1,2013-05-13,15878,2206,1,1,0,0
756,2,2013-05-14,16032,2209,1,1,0,0
756,3,2013-05-15,15877,2200,1,1,0,0
756,4,2013-05-16,15096,2172,1,1,0,0
756,5,2013-05-17,15860,2218,1,1,0,0
756,6,2013-05-18,17385,2727,1,0,0,0
756,7,2013-05-19,0,0,0,0,0,0
756,1,2013-05-20,0,0,0,0,a,0
756,2,2013-05-21,16055,2413,1,0,0,1
756,3,2013-05-22,11516,1755,1,0,0,0
756,4,2013-05-23,10649,1626,1,0,0,0
756,5,2013-05-24,13054,2129,1,0,0,0
756,6,2013-05-25,12111,2062,1,0,0,0
756,7,2013-05-26,0,0,0,0,0,0
756,1,2013-05-27,17778,2254,1,1,0,0
756,2,2013-05-28,15730,2227,1,1,0,0
756,3,2013-05-29,15886,2063,1,1,0,0
756,4,2013-05-30,0,0,0,1,a,0
756,5,2013-05-31,27654,3579,1,1,0,0
756,6,2013-06-01,19702,2942,1,0,0,0
756,7,2013-06-02,0,0,0,0,0,0
756,1,2013-06-03,21131,2616,1,1,0,0
756,2,2013-06-04,16687,2344,1,1,0,0
756,3,2013-06-05,15696,2294,1,1,0,0
756,4,2013-06-06,15080,2198,1,1,0,0
756,5,2013-06-07,15846,2338,1,1,0,0
756,6,2013-06-08,16050,2661,1,0,0,0
756,7,2013-06-09,0,0,0,0,0,0
756,1,2013-06-10,13302,2002,1,0,0,0
756,2,2013-06-11,13253,1922,1,0,0,0
756,3,2013-06-12,12043,1858,1,0,0,0
756,4,2013-06-13,11235,1805,1,0,0,0
756,5,2013-06-14,13682,2134,1,0,0,0
756,6,2013-06-15,18221,2773,1,0,0,0
756,7,2013-06-16,0,0,0,0,0,0
756,1,2013-06-17,18108,2450,1,1,0,0
756,2,2013-06-18,13449,2039,1,1,0,0
756,3,2013-06-19,12450,1960,1,1,0,0
756,4,2013-06-20,11780,1779,1,1,0,0
756,5,2013-06-21,17699,2278,1,1,0,0
756,6,2013-06-22,17665,2833,1,0,0,0
756,7,2013-06-23,0,0,0,0,0,0
756,1,2013-06-24,11338,1840,1,0,0,0
756,2,2013-06-25,12485,1754,1,0,0,0
756,3,2013-06-26,12067,1827,1,0,0,0
756,4,2013-06-27,13078,1898,1,0,0,0
756,5,2013-06-28,15566,2109,1,0,0,0
756,6,2013-06-29,22795,3167,1,0,0,0
756,7,2013-06-30,0,0,0,0,0,0
756,1,2013-07-01,18343,2529,1,1,0,0
756,2,2013-07-02,16435,2411,1,1,0,0
756,3,2013-07-03,16168,2225,1,1,0,0
756,4,2013-07-04,17373,2383,1,1,0,0
756,5,2013-07-05,17346,2423,1,1,0,0
756,6,2013-07-06,16170,2640,1,0,0,0
756,7,2013-07-07,0,0,0,0,0,0
756,1,2013-07-08,13371,2128,1,0,0,0
756,2,2013-07-09,11569,1872,1,0,0,0
756,3,2013-07-10,12496,1870,1,0,0,0
756,4,2013-07-11,12229,1879,1,0,0,0
756,5,2013-07-12,13836,2077,1,0,0,0
756,6,2013-07-13,16840,2513,1,0,0,0
756,7,2013-07-14,0,0,0,0,0,0
756,1,2013-07-15,21437,2628,1,1,0,0
756,2,2013-07-16,17487,2351,1,1,0,0
756,3,2013-07-17,16793,2283,1,1,0,0
756,4,2013-07-18,16620,2383,1,1,0,0
756,5,2013-07-19,16670,2381,1,1,0,0
756,6,2013-07-20,18157,2657,1,0,0,0
756,7,2013-07-21,0,0,0,0,0,0
756,1,2013-07-22,12632,2089,1,0,0,1
756,2,2013-07-23,12038,1837,1,0,0,1
756,3,2013-07-24,11855,1922,1,0,0,1
756,4,2013-07-25,11645,1905,1,0,0,1
756,5,2013-07-26,12674,2114,1,0,0,1
756,6,2013-07-27,12706,2136,1,0,0,0
756,7,2013-07-28,0,0,0,0,0,0
756,1,2013-07-29,21184,2619,1,1,0,1
756,2,2013-07-30,19033,2410,1,1,0,1
756,3,2013-07-31,21349,2724,1,1,0,1
756,4,2013-08-01,17260,2492,1,1,0,1
756,5,2013-08-02,14437,2166,1,1,0,1
756,6,2013-08-03,17013,2579,1,0,0,0
756,7,2013-08-04,0,0,0,0,0,0
756,1,2013-08-05,14244,2195,1,0,0,1
756,2,2013-08-06,14115,2079,1,0,0,1
756,3,2013-08-07,13108,2046,1,0,0,1
756,4,2013-08-08,11994,1870,1,0,0,1
756,5,2013-08-09,12704,2043,1,0,0,1
756,6,2013-08-10,15863,2444,1,0,0,0
756,7,2013-08-11,0,0,0,0,0,0
756,1,2013-08-12,20866,2588,1,1,0,1
756,2,2013-08-13,17674,2310,1,1,0,1
756,3,2013-08-14,16108,2298,1,1,0,1
756,4,2013-08-15,15314,2239,1,1,0,1
756,5,2013-08-16,15952,2188,1,1,0,1
756,6,2013-08-17,14311,2386,1,0,0,0
756,7,2013-08-18,0,0,0,0,0,0
756,1,2013-08-19,12899,2044,1,0,0,1
756,2,2013-08-20,12620,1946,1,0,0,1
756,3,2013-08-21,11850,1886,1,0,0,1
756,4,2013-08-22,11653,1823,1,0,0,1
756,5,2013-08-23,12193,1908,1,0,0,1
756,6,2013-08-24,14312,2309,1,0,0,0
756,7,2013-08-25,0,0,0,0,0,0
756,1,2013-08-26,17542,2326,1,1,0,1
756,2,2013-08-27,16208,2239,1,1,0,1
756,3,2013-08-28,15779,2184,1,1,0,1
756,4,2013-08-29,15475,2174,1,1,0,1
756,5,2013-08-30,20757,2694,1,1,0,1
756,6,2013-08-31,17463,2559,1,0,0,0
756,7,2013-09-01,0,0,0,0,0,0
756,1,2013-09-02,16650,2533,1,0,0,1
756,2,2013-09-03,14594,2342,1,0,0,1
756,3,2013-09-04,13722,2215,1,0,0,0
756,4,2013-09-05,10901,1815,1,0,0,0
756,5,2013-09-06,12042,1957,1,0,0,0
756,6,2013-09-07,15565,2506,1,0,0,0
756,7,2013-09-08,0,0,0,0,0,0
756,1,2013-09-09,19675,2432,1,1,0,0
756,2,2013-09-10,14912,1910,1,1,0,0
756,3,2013-09-11,15610,2085,1,1,0,0
756,4,2013-09-12,16170,2269,1,1,0,0
756,5,2013-09-13,17592,2435,1,1,0,0
756,6,2013-09-14,16863,2754,1,0,0,0
756,7,2013-09-15,0,0,0,0,0,0
756,1,2013-09-16,12993,1968,1,0,0,0
756,2,2013-09-17,12098,1879,1,0,0,0
756,3,2013-09-18,11352,1804,1,0,0,0
756,4,2013-09-19,11410,1781,1,0,0,0
756,5,2013-09-20,11934,1910,1,0,0,0
756,6,2013-09-21,16706,2775,1,0,0,0
756,7,2013-09-22,0,0,0,0,0,0
756,1,2013-09-23,17158,2212,1,1,0,0
756,2,2013-09-24,15253,2108,1,1,0,0
756,3,2013-09-25,16091,2022,1,1,0,0
756,4,2013-09-26,14990,2008,1,1,0,0
756,5,2013-09-27,16828,2319,1,1,0,0
756,6,2013-09-28,18156,2834,1,0,0,0
756,7,2013-09-29,0,0,0,0,0,0
756,1,2013-09-30,18651,2413,1,0,0,0
756,2,2013-10-01,13547,2137,1,0,0,0
756,3,2013-10-02,15193,2287,1,0,0,0
756,4,2013-10-03,0,0,0,0,a,0
756,5,2013-10-04,20902,3087,1,0,0,0
756,6,2013-10-05,18866,2989,1,0,0,0
756,7,2013-10-06,0,0,0,0,0,0
756,1,2013-10-07,21020,2504,1,1,0,0
756,2,2013-10-08,16781,2258,1,1,0,0
756,3,2013-10-09,15496,2077,1,1,0,0
756,4,2013-10-10,16532,2222,1,1,0,0
756,5,2013-10-11,15926,2121,1,1,0,0
756,6,2013-10-12,19013,2903,1,0,0,0
756,7,2013-10-13,0,0,0,0,0,0
756,1,2013-10-14,13859,2046,1,0,0,0
756,2,2013-10-15,11465,1761,1,0,0,0
756,3,2013-10-16,12573,1912,1,0,0,0
756,4,2013-10-17,11820,1881,1,0,0,0
756,5,2013-10-18,13639,2084,1,0,0,0
756,6,2013-10-19,16844,2776,1,0,0,0
756,7,2013-10-20,0,0,0,0,0,0
756,1,2013-10-21,18670,2608,1,1,0,1
756,2,2013-10-22,15848,2428,1,1,0,1
756,3,2013-10-23,16859,2292,1,1,0,1
756,4,2013-10-24,15099,2319,1,1,0,1
756,5,2013-10-25,14457,2195,1,1,0,1
756,6,2013-10-26,14397,2477,1,0,0,0
756,7,2013-10-27,0,0,0,0,0,0
756,1,2013-10-28,11943,1961,1,0,0,1
756,2,2013-10-29,12972,2080,1,0,0,1
756,3,2013-10-30,15960,2367,1,0,0,1
756,4,2013-10-31,17435,2609,1,0,0,1
756,5,2013-11-01,0,0,0,0,a,1
756,6,2013-11-02,23491,3332,1,0,0,0
756,7,2013-11-03,0,0,0,0,0,0
756,1,2013-11-04,18186,2265,1,1,0,0
756,2,2013-11-05,16836,2255,1,1,0,0
756,3,2013-11-06,15823,2062,1,1,0,0
756,4,2013-11-07,14432,1961,1,1,0,0
756,5,2013-11-08,19329,2388,1,1,0,0
756,6,2013-11-09,18232,2829,1,0,0,0
756,7,2013-11-10,0,0,0,0,0,0
756,1,2013-11-11,12882,1950,1,0,0,0
756,2,2013-11-12,12750,1883,1,0,0,0
756,3,2013-11-13,12321,1932,1,0,0,0
756,4,2013-11-14,12263,1879,1,0,0,0
756,5,2013-11-15,12776,2006,1,0,0,0
756,6,2013-11-16,19465,2987,1,0,0,0
756,7,2013-11-17,0,0,0,0,0,0
756,1,2013-11-18,18066,2301,1,1,0,0
756,2,2013-11-19,17782,2190,1,1,0,0
756,3,2013-11-20,17038,2234,1,1,0,0
756,4,2013-11-21,16123,2214,1,1,0,0
756,5,2013-11-22,17302,2373,1,1,0,0
756,6,2013-11-23,19975,2991,1,0,0,0
756,7,2013-11-24,0,0,0,0,0,0
756,1,2013-11-25,14396,2125,1,0,0,0
756,2,2013-11-26,13473,2030,1,0,0,0
756,3,2013-11-27,13834,2083,1,0,0,0
756,4,2013-11-28,14130,2099,1,0,0,0
756,5,2013-11-29,19443,2712,1,0,0,0
756,6,2013-11-30,24488,3804,1,0,0,0
756,7,2013-12-01,0,0,0,0,0,0
756,1,2013-12-02,26243,3100,1,1,0,0
756,2,2013-12-03,23780,2860,1,1,0,0
756,3,2013-12-04,21590,2753,1,1,0,0
756,4,2013-12-05,18880,2338,1,1,0,0
756,5,2013-12-06,21122,2807,1,1,0,0
756,6,2013-12-07,23367,3580,1,0,0,0
756,7,2013-12-08,0,0,0,0,0,0
756,1,2013-12-09,17765,2641,1,0,0,0
756,2,2013-12-10,18156,2684,1,0,0,0
756,3,2013-12-11,18315,2678,1,0,0,0
756,4,2013-12-12,17642,2669,1,0,0,0
756,5,2013-12-13,19739,2849,1,0,0,0
756,6,2013-12-14,26639,3919,1,0,0,0
756,7,2013-12-15,0,0,0,0,0,0
756,1,2013-12-16,33668,3643,1,1,0,0
756,2,2013-12-17,29250,3491,1,1,0,0
756,3,2013-12-18,28062,3462,1,1,0,0
756,4,2013-12-19,26594,3506,1,1,0,0
756,5,2013-12-20,30826,3863,1,1,0,0
756,6,2013-12-21,29471,4077,1,0,0,0
756,7,2013-12-22,0,0,0,0,0,0
756,1,2013-12-23,31899,4180,1,0,0,1
756,2,2013-12-24,7495,1051,1,0,0,1
756,3,2013-12-25,0,0,0,0,c,1
756,4,2013-12-26,0,0,0,0,c,1
756,5,2013-12-27,21574,3183,1,0,0,1
756,6,2013-12-28,20252,3091,1,0,0,0
756,7,2013-12-29,0,0,0,0,0,0
756,1,2013-12-30,25193,3328,1,0,0,1
756,2,2013-12-31,8127,1085,1,0,0,1
756,3,2014-01-01,0,0,0,0,a,1
756,4,2014-01-02,16841,2650,1,0,0,1
756,5,2014-01-03,17113,2630,1,0,0,1
756,6,2014-01-04,18378,2817,1,0,0,0
756,7,2014-01-05,0,0,0,0,0,0
756,1,2014-01-06,21949,2747,1,1,0,1
756,2,2014-01-07,18942,2515,1,1,0,1
756,3,2014-01-08,17709,2220,1,1,0,0
756,4,2014-01-09,13951,1885,1,1,0,0
756,5,2014-01-10,16452,2314,1,1,0,0
756,6,2014-01-11,17445,2684,1,0,0,0
756,7,2014-01-12,0,0,0,0,0,0
756,1,2014-01-13,12891,1954,1,0,0,0
756,2,2014-01-14,12346,1890,1,0,0,0
756,3,2014-01-15,11355,1692,1,0,0,0
756,4,2014-01-16,11878,1769,1,0,0,0
756,5,2014-01-17,12838,2008,1,0,0,0
756,6,2014-01-18,18518,2824,1,0,0,0
756,7,2014-01-19,0,0,0,0,0,0
756,1,2014-01-20,18209,2249,1,1,0,0
756,2,2014-01-21,15729,2042,1,1,0,0
756,3,2014-01-22,16840,2135,1,1,0,0
756,4,2014-01-23,14042,1936,1,1,0,0
756,5,2014-01-24,15963,2194,1,1,0,0
756,6,2014-01-25,17859,2767,1,0,0,0
756,7,2014-01-26,0,0,0,0,0,0
756,1,2014-01-27,11639,1834,1,0,0,0
756,2,2014-01-28,11332,1806,1,0,0,0
756,3,2014-01-29,11528,1767,1,0,0,0
756,4,2014-01-30,11771,1772,1,0,0,0
756,5,2014-01-31,17428,2416,1,0,0,0
756,6,2014-02-01,19160,2839,1,0,0,0
756,7,2014-02-02,0,0,0,0,0,0
756,1,2014-02-03,21342,2645,1,1,0,0
756,2,2014-02-04,18849,2470,1,1,0,0
756,3,2014-02-05,16319,2211,1,1,0,0
756,4,2014-02-06,16320,2230,1,1,0,0
756,5,2014-02-07,16629,2226,1,1,0,0
756,6,2014-02-08,18755,2844,1,0,0,0
756,7,2014-02-09,0,0,0,0,0,0
756,1,2014-02-10,13529,2122,1,0,0,0
756,2,2014-02-11,12793,2015,1,0,0,0
756,3,2014-02-12,12616,1929,1,0,0,0
756,4,2014-02-13,11634,1828,1,0,0,0
756,5,2014-02-14,13215,2115,1,0,0,0
756,6,2014-02-15,17109,2798,1,0,0,0
756,7,2014-02-16,0,0,0,0,0,0
756,1,2014-02-17,20281,2504,1,1,0,0
756,2,2014-02-18,17630,2205,1,1,0,0
756,3,2014-02-19,15462,2134,1,1,0,0
756,4,2014-02-20,15393,2116,1,1,0,0
756,5,2014-02-21,15975,2238,1,1,0,0
756,6,2014-02-22,16565,2593,1,0,0,0
756,7,2014-02-23,0,0,0,0,0,0
756,1,2014-02-24,12364,1981,1,0,0,0
756,2,2014-02-25,11278,1804,1,0,0,0
756,3,2014-02-26,11583,1829,1,0,0,0
756,4,2014-02-27,12040,1831,1,0,0,0
756,5,2014-02-28,18226,2560,1,0,0,0
756,6,2014-03-01,20835,3167,1,0,0,0
756,7,2014-03-02,0,0,0,0,0,0
756,1,2014-03-03,7566,917,1,1,0,0
756,2,2014-03-04,23030,2914,1,1,0,0
756,3,2014-03-05,18990,2444,1,1,0,0
756,4,2014-03-06,18059,2407,1,1,0,0
756,5,2014-03-07,18654,2629,1,1,0,0
756,6,2014-03-08,18404,3008,1,0,0,0
756,7,2014-03-09,0,0,0,0,0,0
756,1,2014-03-10,13565,2078,1,0,0,0
756,2,2014-03-11,12545,1923,1,0,0,0
756,3,2014-03-12,12808,1976,1,0,0,0
756,4,2014-03-13,12143,1975,1,0,0,0
756,5,2014-03-14,14613,2191,1,0,0,0
756,6,2014-03-15,18225,2845,1,0,0,0
756,7,2014-03-16,0,0,0,0,0,0
756,1,2014-03-17,19498,2452,1,1,0,0
756,2,2014-03-18,12144,1638,1,1,0,0
756,3,2014-03-19,17147,2272,1,1,0,0
756,4,2014-03-20,15134,2208,1,1,0,0
756,5,2014-03-21,14551,2073,1,1,0,0
756,6,2014-03-22,15976,2623,1,0,0,0
756,7,2014-03-23,0,0,0,0,0,0
756,1,2014-03-24,12295,1891,1,0,0,0
756,2,2014-03-25,12534,1913,1,0,0,0
756,3,2014-03-26,9346,1422,1,0,0,0
756,4,2014-03-27,9974,1595,1,0,0,0
756,5,2014-03-28,15061,2279,1,0,0,0
756,6,2014-03-29,18512,2890,1,0,0,0
756,7,2014-03-30,0,0,0,0,0,0
756,1,2014-03-31,27773,3028,1,1,0,0
756,2,2014-04-01,17564,2501,1,1,0,0
756,3,2014-04-02,17302,2432,1,1,0,0
756,4,2014-04-03,16532,2297,1,1,0,0
756,5,2014-04-04,17952,2513,1,1,0,0
756,6,2014-04-05,19143,2871,1,0,0,0
756,7,2014-04-06,0,0,0,0,0,0
756,1,2014-04-07,14604,2226,1,0,0,0
756,2,2014-04-08,11560,1770,1,0,0,0
756,3,2014-04-09,13304,2084,1,0,0,0
756,4,2014-04-10,13411,2023,1,0,0,0
756,5,2014-04-11,14631,2163,1,0,0,0
756,6,2014-04-12,18933,2958,1,0,0,0
756,7,2014-04-13,0,0,0,0,0,0
756,1,2014-04-14,22031,2684,1,1,0,1
756,2,2014-04-15,20744,2787,1,1,0,1
756,3,2014-04-16,19832,2751,1,1,0,1
756,4,2014-04-17,19111,2701,1,1,0,1
756,5,2014-04-18,0,0,0,1,b,1
756,6,2014-04-19,20647,3233,1,0,0,0
756,7,2014-04-20,0,0,0,0,0,0
756,1,2014-04-21,0,0,0,0,b,1
756,2,2014-04-22,15932,2546,1,0,0,1
756,3,2014-04-23,13929,2366,1,0,0,1
756,4,2014-04-24,12623,2186,1,0,0,1
756,5,2014-04-25,13641,2282,1,0,0,1
756,6,2014-04-26,17166,2658,1,0,0,0
756,7,2014-04-27,0,0,0,0,0,0
756,1,2014-04-28,18914,2326,1,1,0,0
756,2,2014-04-29,16494,2133,1,1,0,0
756,3,2014-04-30,23256,2833,1,1,0,0
756,4,2014-05-01,0,0,0,1,a,0
756,5,2014-05-02,26073,3273,1,1,0,0
756,6,2014-05-03,20359,3055,1,0,0,0
756,7,2014-05-04,0,0,0,0,0,0
756,1,2014-05-05,20273,2641,1,1,0,0
756,2,2014-05-06,17327,2271,1,1,0,0
756,3,2014-05-07,17368,2249,1,1,0,0
756,4,2014-05-08,16010,2104,1,1,0,0
756,5,2014-05-09,16923,2324,1,1,0,0
756,6,2014-05-10,18471,2868,1,0,0,0
756,7,2014-05-11,0,0,0,0,0,0
756,1,2014-05-12,12286,1885,1,0,0,0
756,2,2014-05-13,12578,1926,1,0,0,0
756,3,2014-05-14,12290,1949,1,0,0,0
756,4,2014-05-15,12513,1911,1,0,0,0
756,5,2014-05-16,14204,2174,1,0,0,0
756,6,2014-05-17,14859,2468,1,0,0,0
756,7,2014-05-18,0,0,0,0,0,0
756,1,2014-05-19,19328,2499,1,1,0,0
756,2,2014-05-20,16538,2330,1,1,0,0
756,3,2014-05-21,15659,2209,1,1,0,0
756,4,2014-05-22,14816,2153,1,1,0,0
756,5,2014-05-23,15061,2148,1,1,0,0
756,6,2014-05-24,17819,2775,1,0,0,0
756,7,2014-05-25,0,0,0,0,0,0
756,1,2014-05-26,11669,1901,1,0,0,0
756,2,2014-05-27,10973,1707,1,0,0,0
756,3,2014-05-28,14294,2046,1,0,0,0
756,4,2014-05-29,0,0,0,0,a,0
756,5,2014-05-30,25355,3461,1,0,0,0
756,6,2014-05-31,20550,3171,1,0,0,0
756,7,2014-06-01,0,0,0,0,0,0
756,1,2014-06-02,22655,2700,1,1,0,0
756,2,2014-06-03,19822,2541,1,1,0,0
756,3,2014-06-04,18641,2398,1,1,0,0
756,4,2014-06-05,17074,2300,1,1,0,0
756,5,2014-06-06,19853,2730,1,1,0,0
756,6,2014-06-07,17690,2927,1,0,0,0
756,7,2014-06-08,0,0,0,0,0,0
756,1,2014-06-09,0,0,0,0,a,0
756,2,2014-06-10,14451,2466,1,0,0,1
756,3,2014-06-11,13429,2133,1,0,0,0
756,4,2014-06-12,13829,2153,1,0,0,0
756,5,2014-06-13,14211,2174,1,0,0,0
756,6,2014-06-14,18039,2823,1,0,0,0
756,7,2014-06-15,0,0,0,0,0,0
756,1,2014-06-16,18846,2276,1,1,0,0
756,2,2014-06-17,18750,2439,1,1,0,0
756,3,2014-06-18,19755,2602,1,1,0,0
756,4,2014-06-19,0,0,0,1,a,0
756,5,2014-06-20,23080,3145,1,1,0,0
756,6,2014-06-21,17312,2730,1,0,0,0
756,7,2014-06-22,0,0,0,0,0,0
756,1,2014-06-23,13827,2171,1,0,0,0
756,2,2014-06-24,13695,2086,1,0,0,0
756,3,2014-06-25,13319,1951,1,0,0,0
756,4,2014-06-26,12289,1836,1,0,0,0
756,5,2014-06-27,15071,2175,1,0,0,0
756,6,2014-06-28,19338,2687,1,0,0,0
756,7,2014-06-29,0,0,0,0,0,0
756,1,2014-06-30,31477,3046,1,1,0,0
756,2,2014-07-01,18058,2448,1,1,0,0
756,3,2014-07-02,19169,2534,1,1,0,0
756,4,2014-07-03,18303,2457,1,1,0,0
756,5,2014-07-04,15978,2307,1,1,0,0
756,6,2014-07-05,18111,2691,1,0,0,0
756,7,2014-07-06,0,0,0,0,0,0
756,1,2014-07-07,16361,2423,1,0,0,1
756,2,2014-07-08,10619,1658,1,0,0,1
756,3,2014-07-09,10692,1524,1,0,0,1
756,4,2014-07-10,14963,2233,1,0,0,1
756,5,2014-07-11,13990,2057,1,0,0,1
756,6,2014-07-12,18161,2711,1,0,0,0
756,7,2014-07-13,0,0,0,0,0,0
756,1,2014-07-14,18193,2292,1,1,0,1
756,2,2014-07-15,18730,2307,1,1,0,1
756,3,2014-07-16,17689,2330,1,1,0,1
756,4,2014-07-17,17171,2322,1,1,0,1
756,5,2014-07-18,16899,2298,1,1,0,1
756,6,2014-07-19,13198,2234,1,0,0,0
756,7,2014-07-20,0,0,0,0,0,0
756,1,2014-07-21,12516,1834,1,0,0,1
756,2,2014-07-22,14316,2180,1,0,0,1
756,3,2014-07-23,12629,1965,1,0,0,1
756,4,2014-07-24,12440,1918,1,0,0,1
756,5,2014-07-25,13470,2030,1,0,0,1
756,6,2014-07-26,15443,2397,1,0,0,0
756,7,2014-07-27,0,0,0,0,0,0
756,1,2014-07-28,18596,2355,1,1,0,1
756,2,2014-07-29,17753,2369,1,1,0,1
756,3,2014-07-30,18370,2442,1,1,0,1
756,4,2014-07-31,20971,2655,1,1,0,1
756,5,2014-08-01,19200,2720,1,1,0,1
756,6,2014-08-02,17031,2591,1,0,0,0
756,7,2014-08-03,0,0,0,0,0,0
756,1,2014-08-04,21676,2766,1,1,0,1
756,2,2014-08-05,19041,2485,1,1,0,1
756,3,2014-08-06,16991,2364,1,1,0,1
756,4,2014-08-07,16952,2319,1,1,0,1
756,5,2014-08-08,17419,2335,1,1,0,1
756,6,2014-08-09,17000,2682,1,0,0,0
756,7,2014-08-10,0,0,0,0,0,0
756,1,2014-08-11,14835,2325,1,0,0,1
756,2,2014-08-12,13752,2121,1,0,0,1
756,3,2014-08-13,13971,2146,1,0,0,1
756,4,2014-08-14,14675,2212,1,0,0,1
756,5,2014-08-15,14088,2153,1,0,0,1
756,6,2014-08-16,18205,2718,1,0,0,0
756,7,2014-08-17,0,0,0,0,0,0
756,1,2014-08-18,23076,2771,1,1,0,1
756,2,2014-08-19,18994,2464,1,1,0,1
756,3,2014-08-20,19498,2587,1,1,0,0
756,4,2014-08-21,17148,2313,1,1,0,0
756,5,2014-08-22,16319,2357,1,1,0,0
756,6,2014-08-23,18193,2842,1,0,0,0
756,7,2014-08-24,0,0,0,0,0,0
756,1,2014-08-25,13933,2106,1,0,0,0
756,2,2014-08-26,11305,1662,1,0,0,0
756,3,2014-08-27,13137,2029,1,0,0,0
756,4,2014-08-28,13450,2089,1,0,0,0
756,5,2014-08-29,17893,2502,1,0,0,0
756,6,2014-08-30,20522,3033,1,0,0,0
756,7,2014-08-31,0,0,0,0,0,0
756,1,2014-09-01,23197,2752,1,1,0,0
756,2,2014-09-02,19542,2454,1,1,0,0
756,3,2014-09-03,18634,2415,1,1,0,0
756,4,2014-09-04,17635,2408,1,1,0,0
756,5,2014-09-05,17309,2451,1,1,0,0
756,6,2014-09-06,17276,2809,1,0,0,0
756,7,2014-09-07,0,0,0,0,0,0
756,1,2014-09-08,13248,2049,1,0,0,0
756,2,2014-09-09,12345,1855,1,0,0,0
756,3,2014-09-10,13376,2024,1,0,0,0
756,4,2014-09-11,12779,1926,1,0,0,0
756,5,2014-09-12,13712,2135,1,0,0,0
756,6,2014-09-13,16617,2631,1,0,0,0
756,7,2014-09-14,0,0,0,0,0,0
756,1,2014-09-15,19141,2405,1,1,0,0
756,2,2014-09-16,16820,2288,1,1,0,0
756,3,2014-09-17,15590,2134,1,1,0,0
756,4,2014-09-18,14126,2010,1,1,0,0
756,5,2014-09-19,14651,2179,1,1,0,0
756,6,2014-09-20,16418,2509,1,0,0,0
756,7,2014-09-21,0,0,0,0,0,0
756,1,2014-09-22,13204,1958,1,0,0,0
756,2,2014-09-23,12865,1948,1,0,0,0
756,3,2014-09-24,11379,1771,1,0,0,0
756,4,2014-09-25,12519,1895,1,0,0,0
756,5,2014-09-26,13637,1997,1,0,0,0
756,6,2014-09-27,16343,2608,1,0,0,0
756,7,2014-09-28,0,0,0,0,0,0
756,1,2014-09-29,21589,2626,1,1,0,0
756,2,2014-09-30,24922,2748,1,1,0,0
756,3,2014-10-01,17216,2431,1,1,0,0
756,4,2014-10-02,19362,2639,1,1,0,0
756,5,2014-10-03,0,0,0,1,a,0
756,6,2014-10-04,22813,3434,1,0,0,0
756,7,2014-10-05,0,0,0,0,0,0
756,1,2014-10-06,21286,2810,1,1,0,1
756,2,2014-10-07,17676,2413,1,1,0,1
756,3,2014-10-08,16217,2355,1,1,0,1
756,4,2014-10-09,16488,2336,1,1,0,1
756,5,2014-10-10,18278,2633,1,1,0,1
756,6,2014-10-11,17038,2760,1,0,0,0
756,7,2014-10-12,0,0,0,0,0,0
756,1,2014-10-13,13779,2189,1,0,0,1
756,2,2014-10-14,13764,2211,1,0,0,1
756,3,2014-10-15,13217,2039,1,0,0,1
756,4,2014-10-16,12715,2047,1,0,0,1
756,5,2014-10-17,13618,2180,1,0,0,1
756,6,2014-10-18,16847,2634,1,0,0,0
756,7,2014-10-19,0,0,0,0,0,0
756,1,2014-10-20,17401,2359,1,1,0,0
756,2,2014-10-21,14225,1952,1,1,0,0
756,3,2014-10-22,14145,1996,1,1,0,0
756,4,2014-10-23,14933,2126,1,1,0,0
756,5,2014-10-24,15827,2361,1,1,0,0
756,6,2014-10-25,15517,2603,1,0,0,0
756,7,2014-10-26,0,0,0,0,0,0
756,1,2014-10-27,13150,2071,1,0,0,0
756,2,2014-10-28,12121,1895,1,0,0,0
756,3,2014-10-29,11001,1840,1,0,0,0
756,4,2014-10-30,14955,2256,1,0,0,0
756,5,2014-10-31,18982,2832,1,0,0,0
756,6,2014-11-01,0,0,0,0,a,0
756,7,2014-11-02,0,0,0,0,0,0
756,1,2014-11-03,23222,2734,1,1,0,0
756,2,2014-11-04,16906,2269,1,1,0,0
756,3,2014-11-05,17335,2388,1,1,0,0
756,4,2014-11-06,16422,2218,1,1,0,0
756,5,2014-11-07,16976,2388,1,1,0,0
756,6,2014-11-08,20918,3032,1,0,0,0
756,7,2014-11-09,0,0,0,0,0,0
756,1,2014-11-10,18853,2439,1,1,0,0
756,2,2014-11-11,16006,2253,1,1,0,0
756,3,2014-11-12,15642,2212,1,1,0,0
756,4,2014-11-13,15971,2251,1,1,0,0
756,5,2014-11-14,18073,2449,1,1,0,0
756,6,2014-11-15,19781,3025,1,0,0,0
756,7,2014-11-16,0,0,0,0,0,0
756,1,2014-11-17,13780,2138,1,0,0,0
756,2,2014-11-18,12858,1953,1,0,0,0
756,3,2014-11-19,13774,1976,1,0,0,0
756,4,2014-11-20,12587,2015,1,0,0,0
756,5,2014-11-21,15179,2309,1,0,0,0
756,6,2014-11-22,19946,3344,1,0,0,0
756,7,2014-11-23,0,0,0,0,0,0
756,1,2014-11-24,20169,2628,1,1,0,0
756,2,2014-11-25,18432,2451,1,1,0,0
756,3,2014-11-26,17793,2427,1,1,0,0
756,4,2014-11-27,18192,2427,1,1,0,0
756,5,2014-11-28,24640,3168,1,1,0,0
756,6,2014-11-29,26059,3724,1,0,0,0
756,7,2014-11-30,0,0,0,0,0,0
756,1,2014-12-01,24869,2966,1,1,0,0
756,2,2014-12-02,22798,2889,1,1,0,0
756,3,2014-12-03,20796,2604,1,1,0,0
756,4,2014-12-04,21080,2771,1,1,0,0
756,5,2014-12-05,23740,3261,1,1,0,0
756,6,2014-12-06,23341,3772,1,0,0,0
756,7,2014-12-07,0,0,0,0,0,0
756,1,2014-12-08,17316,2471,1,0,0,0
756,2,2014-12-09,15888,2357,1,0,0,0
756,3,2014-12-10,15736,2292,1,0,0,0
756,4,2014-12-11,15186,2328,1,0,0,0
756,5,2014-12-12,15256,2226,1,0,0,0
756,6,2014-12-13,24971,3741,1,0,0,0
756,7,2014-12-14,0,0,0,0,0,0
756,1,2014-12-15,28491,3230,1,1,0,0
756,2,2014-12-16,28584,3353,1,1,0,0
756,3,2014-12-17,25267,3168,1,1,0,0
756,4,2014-12-18,28073,3416,1,1,0,0
756,5,2014-12-19,24657,3209,1,1,0,0
756,6,2014-12-20,27452,3928,1,0,0,0
756,7,2014-12-21,0,0,0,0,0,0
756,1,2014-12-22,31141,4086,1,0,0,1
756,2,2014-12-23,28215,3708,1,0,0,1
756,3,2014-12-24,8503,1086,1,0,0,1
756,4,2014-12-25,0,0,0,0,c,1
756,5,2014-12-26,0,0,0,0,c,1
756,6,2014-12-27,21384,3251,1,0,0,0
756,7,2014-12-28,0,0,0,0,0,0
756,1,2014-12-29,24057,3359,1,0,0,1
756,2,2014-12-30,24315,3196,1,0,0,1
756,3,2014-12-31,8296,1116,1,0,0,1
756,4,2015-01-01,0,0,0,0,a,1
756,5,2015-01-02,17596,2710,1,0,0,1
756,6,2015-01-03,15047,2530,1,0,0,0
756,7,2015-01-04,0,0,0,0,0,0
756,1,2015-01-05,20299,2795,1,1,0,1
756,2,2015-01-06,18311,2474,1,1,0,1
756,3,2015-01-07,15902,2094,1,1,0,0
756,4,2015-01-08,13329,1795,1,1,0,0
756,5,2015-01-09,16075,2101,1,1,0,0
756,6,2015-01-10,15793,2279,1,0,0,0
756,7,2015-01-11,0,0,0,0,0,0
756,1,2015-01-12,18345,2201,1,1,0,0
756,2,2015-01-13,14426,1991,1,1,0,0
756,3,2015-01-14,16602,2091,1,1,0,0
756,4,2015-01-15,14911,1987,1,1,0,0
756,5,2015-01-16,17809,2402,1,1,0,0
756,6,2015-01-17,18367,2786,1,0,0,0
756,7,2015-01-18,0,0,0,0,0,0
756,1,2015-01-19,12181,1877,1,0,0,0
756,2,2015-01-20,11565,1736,1,0,0,0
756,3,2015-01-21,12172,1848,1,0,0,0
756,4,2015-01-22,11036,1658,1,0,0,0
756,5,2015-01-23,11988,1882,1,0,0,0
756,6,2015-01-24,13706,2088,1,0,0,0
756,7,2015-01-25,0,0,0,0,0,0
756,1,2015-01-26,16566,2008,1,1,0,0
756,2,2015-01-27,16407,2189,1,1,0,0
756,3,2015-01-28,14600,2010,1,1,0,0
756,4,2015-01-29,16049,2106,1,1,0,0
756,5,2015-01-30,20363,2531,1,1,0,0
756,6,2015-01-31,20856,2998,1,0,0,0
756,7,2015-02-01,0,0,0,0,0,0
756,1,2015-02-02,19806,2515,1,1,0,0
756,2,2015-02-03,17754,2305,1,1,0,0
756,3,2015-02-04,16727,2207,1,1,0,0
756,4,2015-02-05,15071,1977,1,1,0,0
756,5,2015-02-06,17059,2283,1,1,0,0
756,6,2015-02-07,18190,2723,1,0,0,0
756,7,2015-02-08,0,0,0,0,0,0
756,1,2015-02-09,12657,1883,1,0,0,0
756,2,2015-02-10,12681,1988,1,0,0,0
756,3,2015-02-11,13904,2049,1,0,0,0
756,4,2015-02-12,13289,1951,1,0,0,0
756,5,2015-02-13,15360,2397,1,0,0,0
756,6,2015-02-14,18747,2981,1,0,0,0
756,7,2015-02-15,0,0,0,0,0,0
756,1,2015-02-16,6509,828,1,1,0,0
756,2,2015-02-17,19099,2435,1,1,0,0
756,3,2015-02-18,18121,2386,1,1,0,0
756,4,2015-02-19,15871,2171,1,1,0,0
756,5,2015-02-20,15570,2086,1,1,0,0
756,6,2015-02-21,17142,2606,1,0,0,0
756,7,2015-02-22,0,0,0,0,0,0
756,1,2015-02-23,11453,1802,1,0,0,0
756,2,2015-02-24,11585,1777,1,0,0,0
756,3,2015-02-25,11546,1865,1,0,0,0
756,4,2015-02-26,13491,1996,1,0,0,0
756,5,2015-02-27,17862,2452,1,0,0,0
756,6,2015-02-28,20482,2934,1,0,0,0
756,7,2015-03-01,0,0,0,0,0,0
756,1,2015-03-02,20542,2628,1,1,0,0
756,2,2015-03-03,17676,2274,1,1,0,0
756,3,2015-03-04,16607,2250,1,1,0,0
756,4,2015-03-05,17245,2282,1,1,0,0
756,5,2015-03-06,17216,2413,1,1,0,0
756,6,2015-03-07,18966,3000,1,0,0,0
756,7,2015-03-08,0,0,0,0,0,0
756,1,2015-03-09,13684,2052,1,0,0,0
756,2,2015-03-10,12609,1987,1,0,0,0
756,3,2015-03-11,12897,2088,1,0,0,0
756,4,2015-03-12,12403,1958,1,0,0,0
756,5,2015-03-13,14093,2132,1,0,0,0
756,6,2015-03-14,17181,2692,1,0,0,0
756,7,2015-03-15,0,0,0,0,0,0
756,1,2015-03-16,20290,2600,1,1,0,0
756,2,2015-03-17,18755,2443,1,1,0,0
756,3,2015-03-18,16586,2249,1,1,0,0
756,4,2015-03-19,16700,2235,1,1,0,0
756,5,2015-03-20,17686,2345,1,1,0,0
756,6,2015-03-21,17494,2631,1,0,0,0
756,7,2015-03-22,0,0,0,0,0,0
756,1,2015-03-23,14621,2163,1,0,0,0
756,2,2015-03-24,13102,1935,1,0,0,0
756,3,2015-03-25,11701,1878,1,0,0,0
756,4,2015-03-26,12535,1872,1,0,0,0
756,5,2015-03-27,12473,1936,1,0,0,0
756,6,2015-03-28,15220,2249,1,0,0,0
756,7,2015-03-29,0,0,0,0,0,0
756,1,2015-03-30,25487,2910,1,1,0,1
756,2,2015-03-31,25209,2544,1,1,0,1
756,3,2015-04-01,20380,2596,1,1,0,1
756,4,2015-04-02,22044,2910,1,1,0,1
756,5,2015-04-03,0,0,0,1,b,1
756,6,2015-04-04,22770,3290,1,0,0,0
756,7,2015-04-05,0,0,0,0,0,0
756,1,2015-04-06,0,0,0,0,b,1
756,2,2015-04-07,18227,2878,1,0,0,1
756,3,2015-04-08,15375,2437,1,0,0,1
756,4,2015-04-09,15632,2506,1,0,0,1
756,5,2015-04-10,15371,2447,1,0,0,1
756,6,2015-04-11,17364,2693,1,0,0,0
756,7,2015-04-12,0,0,0,0,0,0
756,1,2015-04-13,21077,2555,1,1,0,0
756,2,2015-04-14,18252,2349,1,1,0,0
756,3,2015-04-15,16967,2302,1,1,0,0
756,4,2015-04-16,17285,2259,1,1,0,0
756,5,2015-04-17,18068,2419,1,1,0,0
756,6,2015-04-18,17301,2708,1,0,0,0
756,7,2015-04-19,0,0,0,0,0,0
756,1,2015-04-20,13562,2155,1,0,0,0
756,2,2015-04-21,12386,1933,1,0,0,0
756,3,2015-04-22,12819,1861,1,0,0,0
756,4,2015-04-23,12202,1869,1,0,0,0
756,5,2015-04-24,13475,2115,1,0,0,0
756,6,2015-04-25,15901,2538,1,0,0,0
756,7,2015-04-26,0,0,0,0,0,0
756,1,2015-04-27,19748,2293,1,1,0,0
756,2,2015-04-28,17994,2222,1,1,0,0
756,3,2015-04-29,18779,2340,1,1,0,0
756,4,2015-04-30,23716,2881,1,1,0,0
756,5,2015-05-01,0,0,0,1,a,0
756,6,2015-05-02,26312,3676,1,0,0,0
756,7,2015-05-03,0,0,0,0,0,0
756,1,2015-05-04,22054,2760,1,1,0,0
756,2,2015-05-05,19420,2393,1,1,0,0
756,3,2015-05-06,18820,2482,1,1,0,0
756,4,2015-05-07,16624,2292,1,1,0,0
756,5,2015-05-08,19345,2637,1,1,0,0
756,6,2015-05-09,20313,3050,1,0,0,0
756,7,2015-05-10,0,0,0,0,0,0
756,1,2015-05-11,15772,2244,1,0,0,0
756,2,2015-05-12,14383,2217,1,0,0,0
756,3,2015-05-13,17047,2421,1,0,0,0
756,4,2015-05-14,0,0,0,0,a,0
756,5,2015-05-15,22255,3194,1,0,0,0
756,6,2015-05-16,17732,2678,1,0,0,0
756,7,2015-05-17,0,0,0,0,0,0
756,1,2015-05-18,21170,2625,1,1,0,0
756,2,2015-05-19,17417,2298,1,1,0,0
756,3,2015-05-20,19332,2294,1,1,0,0
756,4,2015-05-21,17736,2242,1,1,0,0
756,5,2015-05-22,16495,2319,1,1,0,0
756,6,2015-05-23,17897,2744,1,0,0,0
756,7,2015-05-24,0,0,0,0,0,0
756,1,2015-05-25,0,0,0,0,a,0
756,2,2015-05-26,17176,2446,1,0,0,1
756,3,2015-05-27,14620,2150,1,0,0,0
756,4,2015-05-28,13349,2008,1,0,0,0
756,5,2015-05-29,19245,2543,1,0,0,0
756,6,2015-05-30,18194,2705,1,0,0,0
756,7,2015-05-31,0,0,0,0,0,0
756,1,2015-06-01,25256,2856,1,1,0,0
756,2,2015-06-02,20813,2532,1,1,0,0
756,3,2015-06-03,20611,2616,1,1,0,0
756,4,2015-06-04,0,0,0,1,a,0
756,5,2015-06-05,23569,3223,1,1,0,0
756,6,2015-06-06,19225,2887,1,0,0,0
756,7,2015-06-07,0,0,0,0,0,0
756,1,2015-06-08,15849,2249,1,0,0,0
756,2,2015-06-09,14767,2066,1,0,0,0
756,3,2015-06-10,14173,2136,1,0,0,0
756,4,2015-06-11,14208,2158,1,0,0,0
756,5,2015-06-12,14566,2190,1,0,0,0
756,6,2015-06-13,19195,2940,1,0,0,0
756,7,2015-06-14,0,0,0,0,0,0
756,1,2015-06-15,22698,2671,1,1,0,0
756,2,2015-06-16,19445,2391,1,1,0,0
756,3,2015-06-17,19288,2468,1,1,0,0
756,4,2015-06-18,17356,2260,1,1,0,0
756,5,2015-06-19,17557,2239,1,1,0,0
756,6,2015-06-20,18820,2771,1,0,0,0
756,7,2015-06-21,0,0,0,0,0,0
756,1,2015-06-22,13551,1894,1,0,0,0
756,2,2015-06-23,12554,1869,1,0,0,0
756,3,2015-06-24,13702,2046,1,0,0,0
756,4,2015-06-25,14245,2113,1,0,0,0
756,5,2015-06-26,15119,2243,1,0,0,0
756,6,2015-06-27,19401,2875,1,0,0,0
756,7,2015-06-28,0,0,0,0,0,0
756,1,2015-06-29,27268,3002,1,1,0,1
756,2,2015-06-30,29007,3128,1,1,0,1
756,3,2015-07-01,16738,2399,1,1,0,1
756,4,2015-07-02,15544,2251,1,1,0,1
756,5,2015-07-03,16013,2287,1,1,0,1
756,6,2015-07-04,13808,2144,1,0,0,0
756,7,2015-07-05,0,0,0,0,0,0
756,1,2015-07-06,16154,2413,1,0,0,1
756,2,2015-07-07,12460,2018,1,0,0,1
756,3,2015-07-08,15107,2079,1,0,0,1
756,4,2015-07-09,14902,2068,1,0,0,1
756,5,2015-07-10,15257,2249,1,0,0,1
756,6,2015-07-11,17442,2658,1,0,0,0
756,7,2015-07-12,0,0,0,0,0,0
756,1,2015-07-13,20808,2469,1,1,0,1
756,2,2015-07-14,17742,2256,1,1,0,1
756,3,2015-07-15,19975,2405,1,1,0,1
756,4,2015-07-16,18426,2415,1,1,0,1
756,5,2015-07-17,16296,2265,1,1,0,1
756,6,2015-07-18,17531,2597,1,0,0,0
756,7,2015-07-19,0,0,0,0,0,0
756,1,2015-07-20,16306,2247,1,0,0,1
756,2,2015-07-21,13549,2067,1,0,0,1
756,3,2015-07-22,13464,2008,1,0,0,1
756,4,2015-07-23,13879,1992,1,0,0,1
756,5,2015-07-24,13099,2083,1,0,0,1
756,6,2015-07-25,12827,1848,1,0,0,0
756,7,2015-07-26,0,0,0,0,0,0
756,1,2015-07-27,20328,2400,1,1,0,1
756,2,2015-07-28,18939,2297,1,1,0,1
756,3,2015-07-29,16762,2162,1,1,0,1
756,4,2015-07-30,18741,2292,1,1,0,1
756,5,2015-07-31,25280,2901,1,1,0,1
768,2,2013-01-01,0,0,0,0,a,1
768,3,2013-01-02,11803,1315,1,0,0,1
768,4,2013-01-03,10823,1207,1,0,0,1
768,5,2013-01-04,10781,1158,1,0,0,1
768,6,2013-01-05,10051,1168,1,0,0,0
768,7,2013-01-06,0,0,0,0,0,0
768,1,2013-01-07,20564,1890,1,1,0,0
768,2,2013-01-08,14936,1444,1,1,0,0
768,3,2013-01-09,12470,1261,1,1,0,0
768,4,2013-01-10,13560,1407,1,1,0,0
768,5,2013-01-11,12482,1309,1,1,0,0
768,6,2013-01-12,9244,1098,1,0,0,0
768,7,2013-01-13,0,0,0,0,0,0
768,1,2013-01-14,8981,1155,1,0,0,0
768,2,2013-01-15,8722,1059,1,0,0,0
768,3,2013-01-16,8606,1060,1,0,0,0
768,4,2013-01-17,9356,1112,1,0,0,0
768,5,2013-01-18,9691,1082,1,0,0,0
768,6,2013-01-19,9415,1107,1,0,0,0
768,7,2013-01-20,0,0,0,0,0,0
768,1,2013-01-21,18585,1701,1,1,0,0
768,2,2013-01-22,14656,1486,1,1,0,0
768,3,2013-01-23,11777,1202,1,1,0,0
768,4,2013-01-24,12400,1316,1,1,0,0
768,5,2013-01-25,12253,1302,1,1,0,0
768,6,2013-01-26,8648,1029,1,0,0,0
768,7,2013-01-27,0,0,0,0,0,0
768,1,2013-01-28,8989,1099,1,0,0,0
768,2,2013-01-29,8065,1017,1,0,0,0
768,3,2013-01-30,9100,1028,1,0,0,0
768,4,2013-01-31,12571,1314,1,0,0,0
768,5,2013-02-01,12488,1325,1,0,0,0
768,6,2013-02-02,11901,1251,1,0,0,0
768,7,2013-02-03,0,0,0,0,0,0
768,1,2013-02-04,19152,1734,1,1,0,0
768,2,2013-02-05,14870,1442,1,1,0,0
768,3,2013-02-06,13529,1378,1,1,0,0
768,4,2013-02-07,12739,1362,1,1,0,0
768,5,2013-02-08,11996,1300,1,1,0,0
768,6,2013-02-09,9795,1103,1,0,0,0
768,7,2013-02-10,0,0,0,0,0,0
768,1,2013-02-11,10309,1272,1,0,0,0
768,2,2013-02-12,7940,974,1,0,0,0
768,3,2013-02-13,9300,1177,1,0,0,0
768,4,2013-02-14,10730,1234,1,0,0,0
768,5,2013-02-15,9792,1151,1,0,0,0
768,6,2013-02-16,10562,1185,1,0,0,0
768,7,2013-02-17,0,0,0,0,0,0
768,1,2013-02-18,19670,1801,1,1,0,0
768,2,2013-02-19,13590,1374,1,1,0,0
768,3,2013-02-20,12216,1246,1,1,0,0
768,4,2013-02-21,12727,1332,1,1,0,0
768,5,2013-02-22,12355,1314,1,1,0,0
768,6,2013-02-23,9470,1113,1,0,0,0
768,7,2013-02-24,0,0,0,0,0,0
768,1,2013-02-25,8431,1077,1,0,0,0
768,2,2013-02-26,8701,1073,1,0,0,0
768,3,2013-02-27,9630,1123,1,0,0,0
768,4,2013-02-28,12179,1303,1,0,0,0
768,5,2013-03-01,11962,1285,1,0,0,0
768,6,2013-03-02,10644,1138,1,0,0,0
768,7,2013-03-03,0,0,0,0,0,0
768,1,2013-03-04,18120,1780,1,1,0,0
768,2,2013-03-05,13985,1424,1,1,0,0
768,3,2013-03-06,13205,1337,1,1,0,0
768,4,2013-03-07,12756,1335,1,1,0,0
768,5,2013-03-08,14047,1413,1,1,0,0
768,6,2013-03-09,10012,1112,1,0,0,0
768,7,2013-03-10,0,0,0,0,0,0
768,1,2013-03-11,5672,724,1,0,0,0
768,2,2013-03-12,8380,1005,1,0,0,0
768,3,2013-03-13,8649,1005,1,0,0,0
768,4,2013-03-14,9964,1108,1,0,0,0
768,5,2013-03-15,11186,1213,1,0,0,0
768,6,2013-03-16,11186,1245,1,0,0,0
768,7,2013-03-17,0,0,0,0,0,0
768,1,2013-03-18,15403,1407,1,1,0,0
768,2,2013-03-19,13289,1250,1,1,0,0
768,3,2013-03-20,13163,1251,1,1,0,0
768,4,2013-03-21,13827,1358,1,1,0,0
768,5,2013-03-22,12880,1311,1,1,0,0
768,6,2013-03-23,9769,1118,1,0,0,0
768,7,2013-03-24,0,0,0,0,0,0
768,1,2013-03-25,18269,1719,1,1,0,1
768,2,2013-03-26,15263,1462,1,1,0,1
768,3,2013-03-27,16083,1517,1,1,0,1
768,4,2013-03-28,20736,1897,1,1,0,1
768,5,2013-03-29,0,0,0,1,b,1
768,6,2013-03-30,17001,1756,1,0,0,0
768,7,2013-03-31,0,0,0,0,0,0
768,1,2013-04-01,0,0,0,0,b,1
768,2,2013-04-02,11757,1338,1,0,0,1
768,3,2013-04-03,10361,1180,1,0,0,1
768,4,2013-04-04,10021,1185,1,0,0,1
768,5,2013-04-05,10473,1184,1,0,0,1
768,6,2013-04-06,10691,1185,1,0,0,0
768,7,2013-04-07,0,0,0,0,0,0
768,1,2013-04-08,19470,1807,1,1,0,1
768,2,2013-04-09,13793,1430,1,1,0,1
768,3,2013-04-10,12901,1228,1,1,0,0
768,4,2013-04-11,13698,1409,1,1,0,0
768,5,2013-04-12,13524,1413,1,1,0,0
768,6,2013-04-13,9399,1055,1,0,0,0
768,7,2013-04-14,0,0,0,0,0,0
768,1,2013-04-15,8813,1146,1,0,0,0
768,2,2013-04-16,8045,1013,1,0,0,0
768,3,2013-04-17,9318,1150,1,0,0,0
768,4,2013-04-18,9596,1130,1,0,0,0
768,5,2013-04-19,10387,1159,1,0,0,0
768,6,2013-04-20,9643,1153,1,0,0,0
768,7,2013-04-21,0,0,0,0,0,0
768,1,2013-04-22,16750,1621,1,1,0,0
768,2,2013-04-23,13019,1348,1,1,0,0
768,3,2013-04-24,12405,1236,1,1,0,0
768,4,2013-04-25,11762,1286,1,1,0,0
768,5,2013-04-26,11616,1208,1,1,0,0
768,6,2013-04-27,10388,1194,1,0,0,0
768,7,2013-04-28,0,0,0,0,0,0
768,1,2013-04-29,16905,1622,1,1,0,0
768,2,2013-04-30,18619,1803,1,1,0,0
768,3,2013-05-01,0,0,0,1,a,0
768,4,2013-05-02,17472,1710,1,1,0,0
768,5,2013-05-03,14751,1492,1,1,0,0
768,6,2013-05-04,11628,1242,1,0,0,0
768,7,2013-05-05,0,0,0,0,0,0
768,1,2013-05-06,11797,1377,1,0,0,0
768,2,2013-05-07,10563,1166,1,0,0,0
768,3,2013-05-08,12193,1390,1,0,0,0
768,4,2013-05-09,0,0,0,0,a,0
768,5,2013-05-10,12646,1401,1,0,0,1
768,6,2013-05-11,11090,1225,1,0,0,0
768,7,2013-05-12,0,0,0,0,0,0
768,1,2013-05-13,17843,1715,1,1,0,0
768,2,2013-05-14,13607,1413,1,1,0,0
768,3,2013-05-15,12499,1311,1,1,0,0
768,4,2013-05-16,12896,1370,1,1,0,0
768,5,2013-05-17,13044,1353,1,1,0,0
768,6,2013-05-18,11630,1287,1,0,0,0
768,7,2013-05-19,0,0,0,0,0,0
768,1,2013-05-20,0,0,0,0,a,0
768,2,2013-05-21,10726,1282,1,0,0,0
768,3,2013-05-22,9192,1025,1,0,0,0
768,4,2013-05-23,10373,1256,1,0,0,0
768,5,2013-05-24,10033,1185,1,0,0,0
768,6,2013-05-25,9086,1011,1,0,0,0
768,7,2013-05-26,0,0,0,0,0,0
768,1,2013-05-27,18467,1681,1,1,0,0
768,2,2013-05-28,14110,1365,1,1,0,0
768,3,2013-05-29,13443,1315,1,1,0,0
768,4,2013-05-30,14203,1366,1,1,0,0
768,5,2013-05-31,16914,1632,1,1,0,0
768,6,2013-06-01,12045,1315,1,0,0,0
768,7,2013-06-02,0,0,0,0,0,0
768,1,2013-06-03,17631,1629,1,1,0,0
768,2,2013-06-04,14234,1370,1,1,0,0
768,3,2013-06-05,13255,1322,1,1,0,0
768,4,2013-06-06,12852,1332,1,1,0,0
768,5,2013-06-07,13369,1420,1,1,0,0
768,6,2013-06-08,10616,1169,1,0,0,0
768,7,2013-06-09,0,0,0,0,0,0
768,1,2013-06-10,11391,1308,1,0,0,0
768,2,2013-06-11,10554,1153,1,0,0,0
768,3,2013-06-12,10312,1172,1,0,0,0
768,4,2013-06-13,10843,1191,1,0,0,0
768,5,2013-06-14,10737,1231,1,0,0,0
768,6,2013-06-15,10068,1157,1,0,0,0
768,7,2013-06-16,0,0,0,0,0,0
768,1,2013-06-17,18606,1703,1,1,0,0
768,2,2013-06-18,14533,1406,1,1,0,0
768,3,2013-06-19,11740,1214,1,1,0,0
768,4,2013-06-20,13154,1324,1,1,0,0
768,5,2013-06-21,13723,1381,1,1,0,0
768,6,2013-06-22,10253,1177,1,0,0,0
768,7,2013-06-23,0,0,0,0,0,0
768,1,2013-06-24,10219,1173,1,0,0,1
768,2,2013-06-25,9440,1100,1,0,0,1
768,3,2013-06-26,10321,1124,1,0,0,1
768,4,2013-06-27,10718,1153,1,0,0,1
768,5,2013-06-28,12622,1325,1,0,0,1
768,6,2013-06-29,11680,1204,1,0,0,0
768,7,2013-06-30,0,0,0,0,0,0
768,1,2013-07-01,21660,1869,1,1,0,1
768,2,2013-07-02,15338,1440,1,1,0,1
768,3,2013-07-03,13715,1334,1,1,0,1
768,4,2013-07-04,14036,1381,1,1,0,1
768,5,2013-07-05,13413,1394,1,1,0,1
768,6,2013-07-06,9059,1045,1,0,0,0
768,7,2013-07-07,0,0,0,0,0,0
768,1,2013-07-08,10289,1194,1,0,0,1
768,2,2013-07-09,9634,1092,1,0,0,1
768,3,2013-07-10,10054,1178,1,0,0,1
768,4,2013-07-11,10783,1151,1,0,0,1
768,5,2013-07-12,10582,1242,1,0,0,1
768,6,2013-07-13,8819,1070,1,0,0,0
768,7,2013-07-14,0,0,0,0,0,0
768,1,2013-07-15,21560,1890,1,1,0,1
768,2,2013-07-16,14791,1437,1,1,0,1
768,3,2013-07-17,12686,1333,1,1,0,1
768,4,2013-07-18,12936,1366,1,1,0,1
768,5,2013-07-19,13821,1402,1,1,0,1
768,6,2013-07-20,9579,1044,1,0,0,0
768,7,2013-07-21,0,0,0,0,0,0
768,1,2013-07-22,9784,1137,1,0,0,1
768,2,2013-07-23,8880,1001,1,0,0,1
768,3,2013-07-24,9261,1070,1,0,0,1
768,4,2013-07-25,10077,1112,1,0,0,1
768,5,2013-07-26,9887,1114,1,0,0,1
768,6,2013-07-27,9195,1048,1,0,0,0
768,7,2013-07-28,0,0,0,0,0,0
768,1,2013-07-29,21667,1839,1,1,0,1
768,2,2013-07-30,16994,1519,1,1,0,1
768,3,2013-07-31,19826,1708,1,1,0,1
768,4,2013-08-01,17388,1643,1,1,0,1
768,5,2013-08-02,14801,1466,1,1,0,1
768,6,2013-08-03,12731,1368,1,0,0,0
768,7,2013-08-04,0,0,0,0,0,0
768,1,2013-08-05,16983,1786,1,0,0,0
768,2,2013-08-06,13570,1510,1,0,0,0
768,3,2013-08-07,12128,1413,1,0,0,0
768,4,2013-08-08,12054,1390,1,0,0,0
768,5,2013-08-09,10933,1303,1,0,0,0
768,6,2013-08-10,11291,1306,1,0,0,0
768,7,2013-08-11,0,0,0,0,0,0
768,1,2013-08-12,20935,2028,1,1,0,0
768,2,2013-08-13,14384,1477,1,1,0,0
768,3,2013-08-14,14546,1489,1,1,0,0
768,4,2013-08-15,14080,1422,1,1,0,0
768,5,2013-08-16,13098,1429,1,1,0,0
768,6,2013-08-17,9420,1155,1,0,0,0
768,7,2013-08-18,0,0,0,0,0,0
768,1,2013-08-19,10581,1311,1,0,0,0
768,2,2013-08-20,9387,1139,1,0,0,0
768,3,2013-08-21,9189,1126,1,0,0,0
768,4,2013-08-22,9180,1133,1,0,0,0
768,5,2013-08-23,9498,1157,1,0,0,0
768,6,2013-08-24,9498,1054,1,0,0,0
768,7,2013-08-25,0,0,0,0,0,0
768,1,2013-08-26,17976,1757,1,1,0,0
768,2,2013-08-27,14734,1447,1,1,0,0
768,3,2013-08-28,13021,1323,1,1,0,0
768,4,2013-08-29,14243,1417,1,1,0,0
768,5,2013-08-30,17518,1599,1,1,0,0
768,6,2013-08-31,11772,1231,1,0,0,0
768,7,2013-09-01,0,0,0,0,0,0
768,1,2013-09-02,10730,1221,1,0,0,0
768,2,2013-09-03,10682,1269,1,0,0,0
768,3,2013-09-04,9726,1174,1,0,0,0
768,4,2013-09-05,9681,1139,1,0,0,0
768,5,2013-09-06,9681,1176,1,0,0,0
768,6,2013-09-07,10104,1169,1,0,0,0
768,7,2013-09-08,0,0,0,0,0,0
768,1,2013-09-09,19814,1743,1,1,0,0
768,2,2013-09-10,15898,1531,1,1,0,0
768,3,2013-09-11,13523,1327,1,1,0,0
768,4,2013-09-12,12620,1376,1,1,0,0
768,5,2013-09-13,13689,1438,1,1,0,0
768,6,2013-09-14,9461,1117,1,0,0,0
768,7,2013-09-15,0,0,0,0,0,0
768,1,2013-09-16,9627,1209,1,0,0,0
768,2,2013-09-17,8036,1040,1,0,0,0
768,3,2013-09-18,9459,1071,1,0,0,0
768,4,2013-09-19,8791,1138,1,0,0,0
768,5,2013-09-20,9671,1125,1,0,0,0
768,6,2013-09-21,9073,1083,1,0,0,0
768,7,2013-09-22,0,0,0,0,0,0
768,1,2013-09-23,15905,1563,1,1,0,0
768,2,2013-09-24,13264,1328,1,1,0,0
768,3,2013-09-25,11886,1214,1,1,0,0
768,4,2013-09-26,13020,1375,1,1,0,0
768,5,2013-09-27,12761,1276,1,1,0,0
768,6,2013-09-28,10495,1162,1,0,0,0
768,7,2013-09-29,0,0,0,0,0,0
768,1,2013-09-30,13602,1493,1,0,0,0
768,2,2013-10-01,11725,1291,1,0,0,0
768,3,2013-10-02,12746,1387,1,0,0,0
768,4,2013-10-03,0,0,0,0,a,0
768,5,2013-10-04,13134,1402,1,0,0,1
768,6,2013-10-05,9899,1091,1,0,0,0
768,7,2013-10-06,0,0,0,0,0,0
768,1,2013-10-07,19253,1729,1,1,0,1
768,2,2013-10-08,14601,1391,1,1,0,1
768,3,2013-10-09,12896,1263,1,1,0,1
768,4,2013-10-10,13439,1352,1,1,0,1
768,5,2013-10-11,12973,1371,1,1,0,1
768,6,2013-10-12,9109,1002,1,0,0,0
768,7,2013-10-13,0,0,0,0,0,0
768,1,2013-10-14,10301,1188,1,0,0,1
768,2,2013-10-15,8914,1000,1,0,0,1
768,3,2013-10-16,8744,1046,1,0,0,1
768,4,2013-10-17,7953,978,1,0,0,1
768,5,2013-10-18,9657,1171,1,0,0,1
768,6,2013-10-19,10357,1161,1,0,0,0
768,7,2013-10-20,0,0,0,0,0,0
768,1,2013-10-21,17781,1731,1,1,0,0
768,2,2013-10-22,13667,1389,1,1,0,0
768,3,2013-10-23,12367,1297,1,1,0,0
768,4,2013-10-24,11922,1303,1,1,0,0
768,5,2013-10-25,12043,1305,1,1,0,0
768,6,2013-10-26,9331,1107,1,0,0,0
768,7,2013-10-27,0,0,0,0,0,0
768,1,2013-10-28,9003,1027,1,0,0,0
768,2,2013-10-29,9905,1113,1,0,0,0
768,3,2013-10-30,11298,1291,1,0,0,0
768,4,2013-10-31,12148,1365,1,0,0,0
768,5,2013-11-01,13055,1359,1,0,0,0
768,6,2013-11-02,11301,1200,1,0,0,0
768,7,2013-11-03,0,0,0,0,0,0
768,1,2013-11-04,15852,1454,1,1,0,0
768,2,2013-11-05,16059,1559,1,1,0,0
768,3,2013-11-06,14407,1450,1,1,0,0
768,4,2013-11-07,13386,1358,1,1,0,0
768,5,2013-11-08,13898,1424,1,1,0,0
768,6,2013-11-09,11642,1184,1,0,0,0
768,7,2013-11-10,0,0,0,0,0,0
768,1,2013-11-11,11308,1327,1,0,0,0
768,2,2013-11-12,9882,1121,1,0,0,0
768,3,2013-11-13,10497,1191,1,0,0,0
768,4,2013-11-14,10763,1209,1,0,0,0
768,5,2013-11-15,10412,1155,1,0,0,0
768,6,2013-11-16,10247,1195,1,0,0,0
768,7,2013-11-17,0,0,0,0,0,0
768,1,2013-11-18,19402,1766,1,1,0,0
768,2,2013-11-19,14737,1429,1,1,0,0
768,3,2013-11-20,13611,1359,1,1,0,0
768,4,2013-11-21,13017,1352,1,1,0,0
768,5,2013-11-22,13415,1393,1,1,0,0
768,6,2013-11-23,11472,1274,1,0,0,0
768,7,2013-11-24,0,0,0,0,0,0
768,1,2013-11-25,11868,1273,1,0,0,0
768,2,2013-11-26,11029,1155,1,0,0,0
768,3,2013-11-27,11023,1130,1,0,0,0
768,4,2013-11-28,13677,1343,1,0,0,0
768,5,2013-11-29,14758,1434,1,0,0,0
768,6,2013-11-30,15577,1502,1,0,0,0
768,7,2013-12-01,0,0,0,0,0,0
768,1,2013-12-02,22827,2000,1,1,0,0
768,2,2013-12-03,19080,1678,1,1,0,0
768,3,2013-12-04,18253,1601,1,1,0,0
768,4,2013-12-05,17864,1571,1,1,0,0
768,5,2013-12-06,13833,1349,1,1,0,0
768,6,2013-12-07,11491,1260,1,0,0,0
768,7,2013-12-08,0,0,0,0,0,0
768,1,2013-12-09,13082,1408,1,0,0,0
768,2,2013-12-10,12080,1308,1,0,0,0
768,3,2013-12-11,11690,1235,1,0,0,0
768,4,2013-12-12,12694,1269,1,0,0,0
768,5,2013-12-13,13471,1348,1,0,0,0
768,6,2013-12-14,12949,1300,1,0,0,0
768,7,2013-12-15,0,0,0,0,0,0
768,1,2013-12-16,26426,2171,1,1,0,0
768,2,2013-12-17,21578,1813,1,1,0,0
768,3,2013-12-18,19118,1687,1,1,0,0
768,4,2013-12-19,20017,1783,1,1,0,0
768,5,2013-12-20,19858,1793,1,1,0,0
768,6,2013-12-21,17314,1726,1,0,0,0
768,7,2013-12-22,0,0,0,0,0,0
768,1,2013-12-23,23247,2366,1,0,0,1
768,2,2013-12-24,7683,909,1,0,0,1
768,3,2013-12-25,0,0,0,0,c,1
768,4,2013-12-26,0,0,0,0,c,1
768,5,2013-12-27,13088,1445,1,0,0,1
768,6,2013-12-28,10842,1211,1,0,0,0
768,7,2013-12-29,0,0,0,0,0,0
768,1,2013-12-30,16389,1705,1,0,0,1
768,2,2013-12-31,8932,1021,1,0,0,1
768,3,2014-01-01,0,0,0,0,a,1
768,4,2014-01-02,11946,1357,1,0,0,1
768,5,2014-01-03,11307,1236,1,0,0,1
768,6,2014-01-04,11731,1247,1,0,0,0
768,7,2014-01-05,0,0,0,0,0,0
768,1,2014-01-06,22703,1908,1,1,0,1
768,2,2014-01-07,17507,1634,1,1,0,0
768,3,2014-01-08,14090,1371,1,1,0,0
768,4,2014-01-09,13683,1418,1,1,0,0
768,5,2014-01-10,13953,1443,1,1,0,0
768,6,2014-01-11,10207,1130,1,0,0,0
768,7,2014-01-12,0,0,0,0,0,0
768,1,2014-01-13,9897,1169,1,0,0,0
768,2,2014-01-14,8795,1086,1,0,0,0
768,3,2014-01-15,9984,1148,1,0,0,0
768,4,2014-01-16,9345,1066,1,0,0,0
768,5,2014-01-17,10639,1230,1,0,0,0
768,6,2014-01-18,10740,1179,1,0,0,0
768,7,2014-01-19,0,0,0,0,0,0
768,1,2014-01-20,20716,1786,1,1,0,0
768,2,2014-01-21,13018,1225,1,1,0,0
768,3,2014-01-22,13995,1263,1,1,0,0
768,4,2014-01-23,13236,1315,1,1,0,0
768,5,2014-01-24,12533,1316,1,1,0,0
768,6,2014-01-25,9734,1073,1,0,0,0
768,7,2014-01-26,0,0,0,0,0,0
768,1,2014-01-27,8906,1100,1,0,0,0
768,2,2014-01-28,9026,1048,1,0,0,0
768,3,2014-01-29,8958,1022,1,0,0,0
768,4,2014-01-30,10517,1103,1,0,0,0
768,5,2014-01-31,14388,1370,1,0,0,0
768,6,2014-02-01,12259,1206,1,0,0,0
768,7,2014-02-02,0,0,0,0,0,0
768,1,2014-02-03,22496,1933,1,1,0,0
768,2,2014-02-04,16284,1542,1,1,0,0
768,3,2014-02-05,15219,1477,1,1,0,0
768,4,2014-02-06,13747,1386,1,1,0,0
768,5,2014-02-07,13253,1362,1,1,0,0
768,6,2014-02-08,10793,1227,1,0,0,0
768,7,2014-02-09,0,0,0,0,0,0
768,1,2014-02-10,10473,1260,1,0,0,0
768,2,2014-02-11,9414,1189,1,0,0,0
768,3,2014-02-12,10240,1185,1,0,0,0
768,4,2014-02-13,11029,1290,1,0,0,0
768,5,2014-02-14,11328,1278,1,0,0,0
768,6,2014-02-15,10254,1135,1,0,0,0
768,7,2014-02-16,0,0,0,0,0,0
768,1,2014-02-17,19053,1821,1,1,0,0
768,2,2014-02-18,14209,1413,1,1,0,0
768,3,2014-02-19,12613,1236,1,1,0,0
768,4,2014-02-20,12672,1389,1,1,0,0
768,5,2014-02-21,12760,1359,1,1,0,0
768,6,2014-02-22,9821,1202,1,0,0,0
768,7,2014-02-23,0,0,0,0,0,0
768,1,2014-02-24,9368,1181,1,0,0,0
768,2,2014-02-25,8724,1116,1,0,0,0
768,3,2014-02-26,9775,1137,1,0,0,0
768,4,2014-02-27,10220,1174,1,0,0,0
768,5,2014-02-28,13865,1456,1,0,0,0
768,6,2014-03-01,12426,1338,1,0,0,0
768,7,2014-03-02,0,0,0,0,0,0
768,1,2014-03-03,18700,1781,1,1,0,0
768,2,2014-03-04,15205,1475,1,1,0,0
768,3,2014-03-05,14138,1414,1,1,0,0
768,4,2014-03-06,12521,1377,1,1,0,0
768,5,2014-03-07,12834,1362,1,1,0,0
768,6,2014-03-08,9384,1139,1,0,0,0
768,7,2014-03-09,0,0,0,0,0,0
768,1,2014-03-10,10401,1256,1,0,0,0
768,2,2014-03-11,9348,1166,1,0,0,0
768,3,2014-03-12,9189,1145,1,0,0,0
768,4,2014-03-13,10245,1214,1,0,0,0
768,5,2014-03-14,10693,1236,1,0,0,0
768,6,2014-03-15,10857,1216,1,0,0,0
768,7,2014-03-16,0,0,0,0,0,0
768,1,2014-03-17,17728,1735,1,1,0,0
768,2,2014-03-18,13875,1406,1,1,0,0
768,3,2014-03-19,13619,1375,1,1,0,0
768,4,2014-03-20,12132,1322,1,1,0,0
768,5,2014-03-21,11583,1206,1,1,0,0
768,6,2014-03-22,10442,1190,1,0,0,0
768,7,2014-03-23,0,0,0,0,0,0
768,1,2014-03-24,10027,1233,1,0,0,0
768,2,2014-03-25,9435,1141,1,0,0,0
768,3,2014-03-26,9189,1090,1,0,0,0
768,4,2014-03-27,9671,1129,1,0,0,0
768,5,2014-03-28,11282,1188,1,0,0,0
768,6,2014-03-29,10802,1185,1,0,0,0
768,7,2014-03-30,0,0,0,0,0,0
768,1,2014-03-31,21760,1904,1,1,0,0
768,2,2014-04-01,17431,1600,1,1,0,0
768,3,2014-04-02,15371,1528,1,1,0,0
768,4,2014-04-03,14081,1441,1,1,0,0
768,5,2014-04-04,13307,1370,1,1,0,0
768,6,2014-04-05,11067,1181,1,0,0,0
768,7,2014-04-06,0,0,0,0,0,0
768,1,2014-04-07,10986,1341,1,0,0,0
768,2,2014-04-08,9498,1144,1,0,0,0
768,3,2014-04-09,10942,1254,1,0,0,0
768,4,2014-04-10,10301,1233,1,0,0,0
768,5,2014-04-11,11021,1268,1,0,0,0
768,6,2014-04-12,10780,1170,1,0,0,0
768,7,2014-04-13,0,0,0,0,0,0
768,1,2014-04-14,21215,1863,1,1,0,0
768,2,2014-04-15,18535,1716,1,1,0,0
768,3,2014-04-16,17055,1663,1,1,0,1
768,4,2014-04-17,18675,1874,1,1,0,1
768,5,2014-04-18,0,0,0,1,b,1
768,6,2014-04-19,14720,1597,1,0,0,0
768,7,2014-04-20,0,0,0,0,0,0
768,1,2014-04-21,0,0,0,0,b,1
768,2,2014-04-22,10397,1244,1,0,0,1
768,3,2014-04-23,10423,1193,1,0,0,1
768,4,2014-04-24,9486,1141,1,0,0,1
768,5,2014-04-25,9522,1152,1,0,0,1
768,6,2014-04-26,9285,1064,1,0,0,0
768,7,2014-04-27,0,0,0,0,0,0
768,1,2014-04-28,17591,1631,1,1,0,1
768,2,2014-04-29,16901,1533,1,1,0,1
768,3,2014-04-30,20475,1823,1,1,0,1
768,4,2014-05-01,0,0,0,1,a,1
768,5,2014-05-02,19252,1911,1,1,0,1
768,6,2014-05-03,12039,1312,1,0,0,0
768,7,2014-05-04,0,0,0,0,0,0
768,1,2014-05-05,19378,1796,1,1,0,0
768,2,2014-05-06,15892,1493,1,1,0,0
768,3,2014-05-07,14921,1449,1,1,0,0
768,4,2014-05-08,12827,1306,1,1,0,0
768,5,2014-05-09,14260,1472,1,1,0,0
768,6,2014-05-10,12374,1360,1,0,0,0
768,7,2014-05-11,0,0,0,0,0,0
768,1,2014-05-12,11230,1321,1,0,0,0
768,2,2014-05-13,9927,1182,1,0,0,0
768,3,2014-05-14,10711,1207,1,0,0,0
768,4,2014-05-15,10763,1239,1,0,0,0
768,5,2014-05-16,10979,1253,1,0,0,0
768,6,2014-05-17,9547,1095,1,0,0,0
768,7,2014-05-18,0,0,0,0,0,0
768,1,2014-05-19,19366,1847,1,1,0,0
768,2,2014-05-20,14620,1477,1,1,0,0
768,3,2014-05-21,11857,1286,1,1,0,0
768,4,2014-05-22,13237,1372,1,1,0,0
768,5,2014-05-23,13226,1326,1,1,0,0
768,6,2014-05-24,9392,1032,1,0,0,0
768,7,2014-05-25,0,0,0,0,0,0
768,1,2014-05-26,10125,1212,1,0,0,0
768,2,2014-05-27,10615,1148,1,0,0,0
768,3,2014-05-28,13388,1442,1,0,0,0
768,4,2014-05-29,0,0,0,0,a,0
768,5,2014-05-30,17076,1681,1,0,0,1
768,6,2014-05-31,11349,1268,1,0,0,0
768,7,2014-06-01,0,0,0,0,0,0
768,1,2014-06-02,21826,1972,1,1,0,0
768,2,2014-06-03,17606,1598,1,1,0,0
768,3,2014-06-04,14419,1395,1,1,0,0
768,4,2014-06-05,15254,1461,1,1,0,0
768,5,2014-06-06,15979,1541,1,1,0,0
768,6,2014-06-07,11225,1225,1,0,0,0
768,7,2014-06-08,0,0,0,0,0,0
768,1,2014-06-09,0,0,0,0,a,0
768,2,2014-06-10,13507,1475,1,0,0,0
768,3,2014-06-11,10922,1239,1,0,0,0
768,4,2014-06-12,12011,1306,1,0,0,0
768,5,2014-06-13,12185,1290,1,0,0,0
768,6,2014-06-14,11395,1250,1,0,0,0
768,7,2014-06-15,0,0,0,0,0,0
768,1,2014-06-16,19386,1748,1,1,0,0
768,2,2014-06-17,15393,1456,1,1,0,0
768,3,2014-06-18,14025,1381,1,1,0,0
768,4,2014-06-19,13019,1310,1,1,0,0
768,5,2014-06-20,14020,1424,1,1,0,0
768,6,2014-06-21,9773,1134,1,0,0,0
768,7,2014-06-22,0,0,0,0,0,0
768,1,2014-06-23,10059,1219,1,0,0,0
768,2,2014-06-24,8019,1031,1,0,0,0
768,3,2014-06-25,9507,1117,1,0,0,0
768,4,2014-06-26,10031,1117,1,0,0,0
768,5,2014-06-27,11882,1259,1,0,0,0
768,6,2014-06-28,10952,1196,1,0,0,0
768,7,2014-06-29,0,0,0,0,0,0
768,1,2014-06-30,22276,1916,1,1,0,0
768,2,2014-07-01,17689,1651,1,1,0,0
768,3,2014-07-02,15849,1543,1,1,0,0
768,4,2014-07-03,14027,1485,1,1,0,0
768,5,2014-07-04,11782,1271,1,1,0,0
768,6,2014-07-05,10422,1078,1,0,0,0
768,7,2014-07-06,0,0,0,0,0,0
768,1,2014-07-07,12776,1432,1,0,0,0
768,2,2014-07-08,11000,1219,1,0,0,0
768,3,2014-07-09,10766,1235,1,0,0,0
768,4,2014-07-10,11359,1284,1,0,0,0
768,5,2014-07-11,10849,1247,1,0,0,0
768,6,2014-07-12,11208,1201,1,0,0,0
768,7,2014-07-13,0,0,0,0,0,0
768,1,2014-07-14,17885,1691,1,1,0,1
768,2,2014-07-15,15963,1495,1,1,0,1
768,3,2014-07-16,14298,1398,1,1,0,1
768,4,2014-07-17,13574,1402,1,1,0,1
768,5,2014-07-18,12540,1343,1,1,0,1
768,6,2014-07-19,8919,1008,1,0,0,0
768,7,2014-07-20,0,0,0,0,0,0
768,1,2014-07-21,10093,1225,1,0,0,1
768,2,2014-07-22,9501,1098,1,0,0,1
768,3,2014-07-23,9154,1066,1,0,0,1
768,4,2014-07-24,9571,1129,1,0,0,1
768,5,2014-07-25,9974,1125,1,0,0,1
768,6,2014-07-26,9655,1086,1,0,0,0
768,7,2014-07-27,0,0,0,0,0,0
768,1,2014-07-28,16467,1483,1,1,0,1
768,2,2014-07-29,13525,1314,1,1,0,1
768,3,2014-07-30,15039,1391,1,1,0,1
768,4,2014-07-31,18456,1635,1,1,0,1
768,5,2014-08-01,14757,1437,1,1,0,1
768,6,2014-08-02,11538,1185,1,0,0,0
768,7,2014-08-03,0,0,0,0,0,0
768,1,2014-08-04,19578,1787,1,1,0,1
768,2,2014-08-05,13558,1324,1,1,0,1
768,3,2014-08-06,13039,1275,1,1,0,1
768,4,2014-08-07,13596,1376,1,1,0,1
768,5,2014-08-08,12117,1284,1,1,0,1
768,6,2014-08-09,9762,1120,1,0,0,0
768,7,2014-08-10,0,0,0,0,0,0
768,1,2014-08-11,11866,1300,1,0,0,1
768,2,2014-08-12,9906,1146,1,0,0,1
768,3,2014-08-13,9962,1109,1,0,0,1
768,4,2014-08-14,10744,1204,1,0,0,1
768,5,2014-08-15,10214,1187,1,0,0,1
768,6,2014-08-16,10428,1129,1,0,0,0
768,7,2014-08-17,0,0,0,0,0,0
768,1,2014-08-18,20962,1848,1,1,0,1
768,2,2014-08-19,14915,1447,1,1,0,1
768,3,2014-08-20,13525,1316,1,1,0,1
768,4,2014-08-21,15050,1472,1,1,0,1
768,5,2014-08-22,15003,1426,1,1,0,1
768,6,2014-08-23,11621,1193,1,0,0,0
768,7,2014-08-24,0,0,0,0,0,0
768,1,2014-08-25,15154,1701,1,0,0,0
768,2,2014-08-26,12220,1442,1,0,0,0
768,3,2014-08-27,10835,1263,1,0,0,0
768,4,2014-08-28,11159,1304,1,0,0,0
768,5,2014-08-29,13683,1460,1,0,0,0
768,6,2014-08-30,13397,1372,1,0,0,0
768,7,2014-08-31,0,0,0,0,0,0
768,1,2014-09-01,23891,2112,1,1,0,0
768,2,2014-09-02,17187,1673,1,1,0,0
768,3,2014-09-03,15448,1536,1,1,0,0
768,4,2014-09-04,14735,1536,1,1,0,0
768,5,2014-09-05,13371,1405,1,1,0,0
768,6,2014-09-06,9659,1143,1,0,0,0
768,7,2014-09-07,0,0,0,0,0,0
768,1,2014-09-08,10795,1313,1,0,0,0
768,2,2014-09-09,10041,1245,1,0,0,0
768,3,2014-09-10,10790,1212,1,0,0,0
768,4,2014-09-11,10170,1199,1,0,0,0
768,5,2014-09-12,10691,1238,1,0,0,0
768,6,2014-09-13,10459,1149,1,0,0,0
768,7,2014-09-14,0,0,0,0,0,0
768,1,2014-09-15,19043,1760,1,1,0,0
768,2,2014-09-16,14181,1409,1,1,0,0
768,3,2014-09-17,12207,1318,1,1,0,0
768,4,2014-09-18,12970,1328,1,1,0,0
768,5,2014-09-19,12198,1279,1,1,0,0
768,6,2014-09-20,10099,1192,1,0,0,0
768,7,2014-09-21,0,0,0,0,0,0
768,1,2014-09-22,10143,1154,1,0,0,0
768,2,2014-09-23,9431,1170,1,0,0,0
768,3,2014-09-24,10137,1172,1,0,0,0
768,4,2014-09-25,9475,1162,1,0,0,0
768,5,2014-09-26,11199,1241,1,0,0,0
768,6,2014-09-27,9711,1124,1,0,0,0
768,7,2014-09-28,0,0,0,0,0,0
768,1,2014-09-29,18226,1668,1,1,0,0
768,2,2014-09-30,19470,1811,1,1,0,0
768,3,2014-10-01,17075,1607,1,1,0,0
768,4,2014-10-02,16425,1681,1,1,0,0
768,5,2014-10-03,0,0,0,1,a,0
768,6,2014-10-04,12689,1397,1,0,0,0
768,7,2014-10-05,0,0,0,0,0,0
768,1,2014-10-06,18367,1717,1,1,0,0
768,2,2014-10-07,14269,1367,1,1,0,0
768,3,2014-10-08,13743,1360,1,1,0,0
768,4,2014-10-09,13892,1393,1,1,0,0
768,5,2014-10-10,13953,1517,1,1,0,0
768,6,2014-10-11,10493,1200,1,0,0,0
768,7,2014-10-12,0,0,0,0,0,0
768,1,2014-10-13,10016,1215,1,0,0,1
768,2,2014-10-14,9926,1142,1,0,0,1
768,3,2014-10-15,10110,1159,1,0,0,1
768,4,2014-10-16,10000,1144,1,0,0,1
768,5,2014-10-17,9873,1150,1,0,0,1
768,6,2014-10-18,9940,1116,1,0,0,0
768,7,2014-10-19,0,0,0,0,0,0
768,1,2014-10-20,15491,1537,1,1,0,1
768,2,2014-10-21,13333,1293,1,1,0,1
768,3,2014-10-22,11254,1244,1,1,0,1
768,4,2014-10-23,12611,1325,1,1,0,1
768,5,2014-10-24,12155,1256,1,1,0,1
768,6,2014-10-25,9748,1098,1,0,0,0
768,7,2014-10-26,0,0,0,0,0,0
768,1,2014-10-27,10176,1225,1,0,0,0
768,2,2014-10-28,9299,1119,1,0,0,0
768,3,2014-10-29,9838,1043,1,0,0,0
768,4,2014-10-30,11418,1303,1,0,0,0
768,5,2014-10-31,14375,1515,1,0,0,0
768,6,2014-11-01,11225,1223,1,0,0,0
768,7,2014-11-02,0,0,0,0,0,0
768,1,2014-11-03,20091,1798,1,1,0,0
768,2,2014-11-04,16593,1530,1,1,0,0
768,3,2014-11-05,13625,1360,1,1,0,0
768,4,2014-11-06,14367,1439,1,1,0,0
768,5,2014-11-07,15491,1487,1,1,0,0
768,6,2014-11-08,11748,1250,1,0,0,0
768,7,2014-11-09,0,0,0,0,0,0
768,1,2014-11-10,17081,1676,1,1,0,0
768,2,2014-11-11,13689,1396,1,1,0,0
768,3,2014-11-12,13422,1337,1,1,0,0
768,4,2014-11-13,14148,1416,1,1,0,0
768,5,2014-11-14,12860,1392,1,1,0,0
768,6,2014-11-15,11300,1197,1,0,0,0
768,7,2014-11-16,0,0,0,0,0,0
768,1,2014-11-17,11972,1366,1,0,0,0
768,2,2014-11-18,10104,1147,1,0,0,0
768,3,2014-11-19,10252,1196,1,0,0,0
768,4,2014-11-20,10815,1173,1,0,0,0
768,5,2014-11-21,11352,1224,1,0,0,0
768,6,2014-11-22,10584,1187,1,0,0,0
768,7,2014-11-23,0,0,0,0,0,0
768,1,2014-11-24,18640,1732,1,1,0,0
768,2,2014-11-25,15161,1431,1,1,0,0
768,3,2014-11-26,15118,1429,1,1,0,0
768,4,2014-11-27,15445,1465,1,1,0,0
768,5,2014-11-28,18165,1585,1,1,0,0
768,6,2014-11-29,14801,1440,1,0,0,0
768,7,2014-11-30,0,0,0,0,0,0
768,1,2014-12-01,23146,1919,1,1,0,0
768,2,2014-12-02,17969,1536,1,1,0,0
768,3,2014-12-03,15343,1390,1,1,0,0
768,4,2014-12-04,16934,1481,1,1,0,0
768,5,2014-12-05,21079,1826,1,1,0,0
768,6,2014-12-06,13481,1325,1,0,0,0
768,7,2014-12-07,0,0,0,0,0,0
768,1,2014-12-08,12604,1399,1,0,0,0
768,2,2014-12-09,12354,1278,1,0,0,0
768,3,2014-12-10,11784,1227,1,0,0,0
768,4,2014-12-11,12542,1354,1,0,0,0
768,5,2014-12-12,11153,1124,1,0,0,0
768,6,2014-12-13,14103,1370,1,0,0,0
768,7,2014-12-14,0,0,0,0,0,0
768,1,2014-12-15,23979,2044,1,1,0,0
768,2,2014-12-16,21511,1773,1,1,0,0
768,3,2014-12-17,18757,1635,1,1,0,0
768,4,2014-12-18,18774,1702,1,1,0,0
768,5,2014-12-19,18096,1673,1,1,0,0
768,6,2014-12-20,14373,1343,1,0,0,0
768,7,2014-12-21,0,0,0,0,0,0
768,1,2014-12-22,18500,1772,1,0,0,1
768,2,2014-12-23,20730,1995,1,0,0,1
768,3,2014-12-24,9295,985,1,0,0,1
768,4,2014-12-25,0,0,0,0,c,1
768,5,2014-12-26,0,0,0,0,c,1
768,6,2014-12-27,12366,1356,1,0,0,0
768,7,2014-12-28,0,0,0,0,0,0
768,1,2014-12-29,15508,1562,1,0,0,1
768,2,2014-12-30,15436,1567,1,0,0,1
768,3,2014-12-31,8837,995,1,0,0,1
768,4,2015-01-01,0,0,0,0,a,1
768,5,2015-01-02,12366,1313,1,0,0,1
768,6,2015-01-03,10491,1159,1,0,0,0
768,7,2015-01-04,0,0,0,0,0,0
768,1,2015-01-05,20769,1854,1,1,0,1
768,2,2015-01-06,15851,1459,1,1,0,1
768,3,2015-01-07,13968,1407,1,1,0,0
768,4,2015-01-08,12652,1245,1,1,0,0
768,5,2015-01-09,12355,1190,1,1,0,0
768,6,2015-01-10,10598,1127,1,0,0,0
768,7,2015-01-11,0,0,0,0,0,0
768,1,2015-01-12,18045,1627,1,1,0,0
768,2,2015-01-13,12559,1279,1,1,0,0
768,3,2015-01-14,13745,1420,1,1,0,0
768,4,2015-01-15,12504,1312,1,1,0,0
768,5,2015-01-16,14516,1500,1,1,0,0
768,6,2015-01-17,10314,1217,1,0,0,0
768,7,2015-01-18,0,0,0,0,0,0
768,1,2015-01-19,10341,1284,1,0,0,0
768,2,2015-01-20,9771,1165,1,0,0,0
768,3,2015-01-21,9848,1123,1,0,0,0
768,4,2015-01-22,9238,1107,1,0,0,0
768,5,2015-01-23,10197,1166,1,0,0,0
768,6,2015-01-24,10459,1126,1,0,0,0
768,7,2015-01-25,0,0,0,0,0,0
768,1,2015-01-26,16002,1631,1,1,0,0
768,2,2015-01-27,14355,1464,1,1,0,0
768,3,2015-01-28,12496,1244,1,1,0,0
768,4,2015-01-29,13024,1295,1,1,0,0
768,5,2015-01-30,18203,1678,1,1,0,0
768,6,2015-01-31,13328,1413,1,0,0,0
768,7,2015-02-01,0,0,0,0,0,0
768,1,2015-02-02,18397,1767,1,1,0,0
768,2,2015-02-03,14789,1466,1,1,0,0
768,3,2015-02-04,13466,1330,1,1,0,0
768,4,2015-02-05,14326,1429,1,1,0,0
768,5,2015-02-06,13378,1370,1,1,0,0
768,6,2015-02-07,10933,1191,1,0,0,0
768,7,2015-02-08,0,0,0,0,0,0
768,1,2015-02-09,11026,1333,1,0,0,0
768,2,2015-02-10,10237,1223,1,0,0,0
768,3,2015-02-11,10458,1213,1,0,0,0
768,4,2015-02-12,10748,1209,1,0,0,0
768,5,2015-02-13,11246,1240,1,0,0,0
768,6,2015-02-14,10863,1252,1,0,0,0
768,7,2015-02-15,0,0,0,0,0,0
768,1,2015-02-16,17334,1648,1,1,0,0
768,2,2015-02-17,13049,1354,1,1,0,0
768,3,2015-02-18,13193,1339,1,1,0,0
768,4,2015-02-19,12626,1348,1,1,0,0
768,5,2015-02-20,12130,1287,1,1,0,0
768,6,2015-02-21,9815,1129,1,0,0,0
768,7,2015-02-22,0,0,0,0,0,0
768,1,2015-02-23,10543,1245,1,0,0,0
768,2,2015-02-24,9868,1182,1,0,0,0
768,3,2015-02-25,9626,1137,1,0,0,0
768,4,2015-02-26,10594,1187,1,0,0,0
768,5,2015-02-27,12945,1351,1,0,0,0
768,6,2015-02-28,13062,1391,1,0,0,0
768,7,2015-03-01,0,0,0,0,0,0
768,1,2015-03-02,18665,1734,1,1,0,0
768,2,2015-03-03,14905,1481,1,1,0,0
768,3,2015-03-04,14305,1430,1,1,0,0
768,4,2015-03-05,14249,1484,1,1,0,0
768,5,2015-03-06,14286,1442,1,1,0,0
768,6,2015-03-07,10860,1191,1,0,0,0
768,7,2015-03-08,0,0,0,0,0,0
768,1,2015-03-09,11609,1305,1,0,0,0
768,2,2015-03-10,9726,1144,1,0,0,0
768,3,2015-03-11,11553,1225,1,0,0,0
768,4,2015-03-12,10023,1191,1,0,0,0
768,5,2015-03-13,10772,1206,1,0,0,0
768,6,2015-03-14,11349,1220,1,0,0,0
768,7,2015-03-15,0,0,0,0,0,0
768,1,2015-03-16,18746,1790,1,1,0,0
768,2,2015-03-17,15092,1450,1,1,0,0
768,3,2015-03-18,12923,1317,1,1,0,0
768,4,2015-03-19,13091,1343,1,1,0,0
768,5,2015-03-20,12975,1381,1,1,0,0
768,6,2015-03-21,9813,1091,1,0,0,0
768,7,2015-03-22,0,0,0,0,0,0
768,1,2015-03-23,10812,1269,1,0,0,0
768,2,2015-03-24,9461,1125,1,0,0,0
768,3,2015-03-25,9559,1139,1,0,0,0
768,4,2015-03-26,9980,1136,1,0,0,0
768,5,2015-03-27,10884,1209,1,0,0,0
768,6,2015-03-28,11781,1257,1,0,0,0
768,7,2015-03-29,0,0,0,0,0,0
768,1,2015-03-30,19985,1632,1,1,0,0
768,2,2015-03-31,20407,1640,1,1,0,0
768,3,2015-04-01,20496,1753,1,1,0,1
768,4,2015-04-02,21954,1928,1,1,0,1
768,5,2015-04-03,0,0,0,1,b,1
768,6,2015-04-04,17709,1826,1,0,0,0
768,7,2015-04-05,0,0,0,0,0,0
768,1,2015-04-06,0,0,0,0,b,1
768,2,2015-04-07,12556,1448,1,0,0,1
768,3,2015-04-08,10795,1244,1,0,0,1
768,4,2015-04-09,11078,1228,1,0,0,1
768,5,2015-04-10,10535,1181,1,0,0,1
768,6,2015-04-11,10396,1129,1,0,0,0
768,7,2015-04-12,0,0,0,0,0,0
768,1,2015-04-13,19712,1826,1,1,0,1
768,2,2015-04-14,17404,1543,1,1,0,1
768,3,2015-04-15,13559,1365,1,1,0,1
768,4,2015-04-16,13715,1361,1,1,0,1
768,5,2015-04-17,13666,1396,1,1,0,1
768,6,2015-04-18,10546,1151,1,0,0,0
768,7,2015-04-19,0,0,0,0,0,0
768,1,2015-04-20,10999,1300,1,0,0,0
768,2,2015-04-21,9160,1107,1,0,0,0
768,3,2015-04-22,9865,1128,1,0,0,0
768,4,2015-04-23,9410,1139,1,0,0,0
768,5,2015-04-24,10327,1145,1,0,0,0
768,6,2015-04-25,10093,1160,1,0,0,0
768,7,2015-04-26,0,0,0,0,0,0
768,1,2015-04-27,19277,1729,1,1,0,0
768,2,2015-04-28,15659,1490,1,1,0,0
768,3,2015-04-29,16204,1551,1,1,0,0
768,4,2015-04-30,19956,1833,1,1,0,0
768,5,2015-05-01,0,0,0,1,a,0
768,6,2015-05-02,15064,1584,1,0,0,0
768,7,2015-05-03,0,0,0,0,0,0
768,1,2015-05-04,19041,1783,1,1,0,0
768,2,2015-05-05,14581,1442,1,1,0,0
768,3,2015-05-06,15222,1483,1,1,0,0
768,4,2015-05-07,15782,1460,1,1,0,0
768,5,2015-05-08,15363,1527,1,1,0,0
768,6,2015-05-09,11923,1300,1,0,0,0
768,7,2015-05-10,0,0,0,0,0,0
768,1,2015-05-11,10494,1284,1,0,0,0
768,2,2015-05-12,10695,1265,1,0,0,0
768,3,2015-05-13,13391,1463,1,0,0,0
768,4,2015-05-14,0,0,0,0,a,0
768,5,2015-05-15,12922,1440,1,0,0,1
768,6,2015-05-16,11080,1209,1,0,0,0
768,7,2015-05-17,0,0,0,0,0,0
768,1,2015-05-18,19260,1813,1,1,0,0
768,2,2015-05-19,13801,1361,1,1,0,0
768,3,2015-05-20,13616,1407,1,1,0,0
768,4,2015-05-21,12823,1363,1,1,0,0
768,5,2015-05-22,13301,1381,1,1,0,0
768,6,2015-05-23,11019,1212,1,0,0,0
768,7,2015-05-24,0,0,0,0,0,0
768,1,2015-05-25,0,0,0,0,a,0
768,2,2015-05-26,12396,1332,1,0,0,0
768,3,2015-05-27,10382,1194,1,0,0,0
768,4,2015-05-28,11221,1166,1,0,0,0
768,5,2015-05-29,16366,1536,1,0,0,0
768,6,2015-05-30,13329,1335,1,0,0,0
768,7,2015-05-31,0,0,0,0,0,0
768,1,2015-06-01,21428,1864,1,1,0,0
768,2,2015-06-02,16286,1446,1,1,0,0
768,3,2015-06-03,15407,1467,1,1,0,0
768,4,2015-06-04,13492,1311,1,1,0,0
768,5,2015-06-05,13463,1350,1,1,0,0
768,6,2015-06-06,10409,1145,1,0,0,0
768,7,2015-06-07,0,0,0,0,0,0
768,1,2015-06-08,11385,1296,1,0,0,0
768,2,2015-06-09,10618,1229,1,0,0,0
768,3,2015-06-10,10704,1198,1,0,0,0
768,4,2015-06-11,10018,1196,1,0,0,0
768,5,2015-06-12,11689,1219,1,0,0,0
768,6,2015-06-13,10511,1136,1,0,0,0
768,7,2015-06-14,0,0,0,0,0,0
768,1,2015-06-15,21293,1872,1,1,0,0
768,2,2015-06-16,16231,1511,1,1,0,0
768,3,2015-06-17,13871,1365,1,1,0,0
768,4,2015-06-18,13993,1351,1,1,0,0
768,5,2015-06-19,13694,1367,1,1,0,0
768,6,2015-06-20,10360,1110,1,0,0,0
768,7,2015-06-21,0,0,0,0,0,0
768,1,2015-06-22,10721,1229,1,0,0,0
768,2,2015-06-23,9996,1150,1,0,0,0
768,3,2015-06-24,10022,1118,1,0,0,0
768,4,2015-06-25,9964,1153,1,0,0,0
768,5,2015-06-26,11026,1210,1,0,0,0
768,6,2015-06-27,10604,1102,1,0,0,0
768,7,2015-06-28,0,0,0,0,0,0
768,1,2015-06-29,20939,1736,1,1,0,0
768,2,2015-06-30,20304,1742,1,1,0,0
768,3,2015-07-01,17013,1516,1,1,0,0
768,4,2015-07-02,15563,1490,1,1,0,0
768,5,2015-07-03,15588,1440,1,1,0,0
768,6,2015-07-04,11355,1146,1,0,0,0
768,7,2015-07-05,0,0,0,0,0,0
768,1,2015-07-06,13527,1399,1,0,0,0
768,2,2015-07-07,11315,1224,1,0,0,0
768,3,2015-07-08,13034,1273,1,0,0,0
768,4,2015-07-09,11862,1252,1,0,0,0
768,5,2015-07-10,11799,1272,1,0,0,0
768,6,2015-07-11,9992,1130,1,0,0,0
768,7,2015-07-12,0,0,0,0,0,0
768,1,2015-07-13,20098,1795,1,1,0,0
768,2,2015-07-14,16487,1477,1,1,0,0
768,3,2015-07-15,15913,1485,1,1,0,0
768,4,2015-07-16,15365,1447,1,1,0,0
768,5,2015-07-17,13882,1397,1,1,0,0
768,6,2015-07-18,11647,1163,1,0,0,0
768,7,2015-07-19,0,0,0,0,0,0
768,1,2015-07-20,11863,1317,1,0,0,1
768,2,2015-07-21,9777,1071,1,0,0,1
768,3,2015-07-22,10113,1143,1,0,0,1
768,4,2015-07-23,9718,1091,1,0,0,1
768,5,2015-07-24,10068,1145,1,0,0,1
768,6,2015-07-25,9407,1005,1,0,0,0
768,7,2015-07-26,0,0,0,0,0,0
768,1,2015-07-27,18808,1633,1,1,0,1
768,2,2015-07-28,15595,1328,1,1,0,1
768,3,2015-07-29,13835,1312,1,1,0,1
768,4,2015-07-30,14590,1323,1,1,0,1
768,5,2015-07-31,19274,1713,1,1,0,1
769,2,2013-01-01,5035,1248,1,0,a,1
769,3,2013-01-02,7276,2339,1,0,0,1
769,4,2013-01-03,6972,2228,1,0,0,1
769,5,2013-01-04,7374,2287,1,0,0,1
769,6,2013-01-05,6877,2187,1,0,0,0
769,7,2013-01-06,6995,1764,1,0,0,0
769,1,2013-01-07,8313,2392,1,1,0,0
769,2,2013-01-08,7659,2295,1,1,0,0
769,3,2013-01-09,8253,2334,1,1,0,0
769,4,2013-01-10,7750,2328,1,1,0,0
769,5,2013-01-11,8486,2569,1,1,0,0
769,6,2013-01-12,7299,2310,1,0,0,0
769,7,2013-01-13,6797,1866,1,0,0,0
769,1,2013-01-14,7589,2340,1,0,0,0
769,2,2013-01-15,7782,2356,1,0,0,0
769,3,2013-01-16,7867,2464,1,0,0,0
769,4,2013-01-17,8473,2598,1,0,0,0
769,5,2013-01-18,8446,2654,1,0,0,0
769,6,2013-01-19,8217,2528,1,0,0,0
769,7,2013-01-20,6674,1722,1,0,0,0
769,1,2013-01-21,9441,2572,1,1,0,0
769,2,2013-01-22,8367,2453,1,1,0,0
769,3,2013-01-23,8635,2468,1,1,0,0
769,4,2013-01-24,8414,2522,1,1,0,0
769,5,2013-01-25,10011,2965,1,1,0,0
769,6,2013-01-26,7383,2319,1,0,0,0
769,7,2013-01-27,7563,2008,1,0,0,0
769,1,2013-01-28,8005,2473,1,0,0,0
769,2,2013-01-29,7875,2441,1,0,0,0
769,3,2013-01-30,8427,2458,1,0,0,0
769,4,2013-01-31,9244,2742,1,0,0,0
769,5,2013-02-01,10112,2991,1,0,0,0
769,6,2013-02-02,8775,2572,1,0,0,0
769,7,2013-02-03,9230,2255,1,0,0,0
769,1,2013-02-04,9042,2553,1,1,0,0
769,2,2013-02-05,9332,2602,1,1,0,0
769,3,2013-02-06,9710,2528,1,1,0,0
769,4,2013-02-07,9141,2664,1,1,0,0
769,5,2013-02-08,10086,2871,1,1,0,0
769,6,2013-02-09,10438,2971,1,0,0,0
769,7,2013-02-10,8417,2216,1,0,0,0
769,1,2013-02-11,9117,2588,1,0,0,0
769,2,2013-02-12,7907,2475,1,0,0,0
769,3,2013-02-13,7953,2432,1,0,0,0
769,4,2013-02-14,8502,2557,1,0,0,0
769,5,2013-02-15,9813,2654,1,0,0,0
769,6,2013-02-16,8891,2896,1,0,0,0
769,7,2013-02-17,7466,2119,1,0,0,0
769,1,2013-02-18,8631,2499,1,1,0,0
769,2,2013-02-19,8053,2413,1,1,0,0
769,3,2013-02-20,8789,2442,1,1,0,0
769,4,2013-02-21,8435,2464,1,1,0,0
769,5,2013-02-22,9636,2925,1,1,0,0
769,6,2013-02-23,7260,2399,1,0,0,0
769,7,2013-02-24,7917,2174,1,0,0,0
769,1,2013-02-25,7812,2409,1,0,0,0
769,2,2013-02-26,7245,2323,1,0,0,0
769,3,2013-02-27,7960,2431,1,0,0,0
769,4,2013-02-28,9125,2760,1,0,0,0
769,5,2013-03-01,10278,3011,1,0,0,0
769,6,2013-03-02,10609,3043,1,0,0,0
769,7,2013-03-03,9373,2254,1,0,0,0
769,1,2013-03-04,9508,2619,1,1,0,0
769,2,2013-03-05,8675,2740,1,1,0,0
769,3,2013-03-06,8624,2688,1,1,0,0
769,4,2013-03-07,8928,2682,1,1,0,0
769,5,2013-03-08,9990,3001,1,1,0,0
769,6,2013-03-09,9553,2971,1,0,0,0
769,7,2013-03-10,7813,2083,1,0,0,0
769,1,2013-03-11,8245,2549,1,0,0,0
769,2,2013-03-12,8121,2507,1,0,0,0
769,3,2013-03-13,8349,2673,1,0,0,0
769,4,2013-03-14,8869,2784,1,0,0,0
769,5,2013-03-15,9803,2957,1,0,0,0
769,6,2013-03-16,10025,3113,1,0,0,0
769,7,2013-03-17,8425,2219,1,0,0,0
769,1,2013-03-18,9510,2558,1,1,0,0
769,2,2013-03-19,8307,2550,1,1,0,0
769,3,2013-03-20,11320,2708,1,1,0,0
769,4,2013-03-21,8649,2687,1,1,0,0
769,5,2013-03-22,9034,2749,1,1,0,0
769,6,2013-03-23,8146,2529,1,0,0,0
769,7,2013-03-24,8314,2133,1,0,0,0
769,1,2013-03-25,10317,2707,1,1,0,1
769,2,2013-03-26,8974,2639,1,1,0,1
769,3,2013-03-27,9467,2758,1,1,0,1
769,4,2013-03-28,12351,3150,1,1,0,1
769,5,2013-03-29,10489,2296,1,1,b,1
769,6,2013-03-30,10191,2624,1,0,0,0
769,7,2013-03-31,8360,1911,1,0,0,0
769,1,2013-04-01,10377,2431,1,0,b,1
769,2,2013-04-02,8703,2842,1,0,0,1
769,3,2013-04-03,9339,2734,1,0,0,1
769,4,2013-04-04,8304,2652,1,0,0,1
769,5,2013-04-05,9221,2705,1,0,0,1
769,6,2013-04-06,9353,3043,1,0,0,0
769,7,2013-04-07,7705,2156,1,0,0,0
769,1,2013-04-08,11075,2735,1,1,0,0
769,2,2013-04-09,9370,2896,1,1,0,0
769,3,2013-04-10,8716,2677,1,1,0,0
769,4,2013-04-11,9076,2820,1,1,0,0
769,5,2013-04-12,10187,3047,1,1,0,0
769,6,2013-04-13,8259,2789,1,0,0,0
769,7,2013-04-14,7713,2262,1,0,0,0
769,1,2013-04-15,9168,2889,1,0,0,0
769,2,2013-04-16,8121,2652,1,0,0,0
769,3,2013-04-17,9167,2777,1,0,0,0
769,4,2013-04-18,8049,2790,1,0,0,0
769,5,2013-04-19,9397,2930,1,0,0,0
769,6,2013-04-20,9422,3007,1,0,0,0
769,7,2013-04-21,7983,2150,1,0,0,0
769,1,2013-04-22,9902,2812,1,1,0,0
769,2,2013-04-23,8311,2635,1,1,0,0
769,3,2013-04-24,9130,3078,1,1,0,0
769,4,2013-04-25,8547,3037,1,1,0,0
769,5,2013-04-26,11025,3123,1,1,0,0
769,6,2013-04-27,8550,2793,1,0,0,0
769,7,2013-04-28,8147,2311,1,0,0,0
769,1,2013-04-29,10206,2865,1,1,0,0
769,2,2013-04-30,11612,3276,1,1,0,0
769,3,2013-05-01,9517,2430,1,1,a,0
769,4,2013-05-02,9901,3132,1,1,0,0
769,5,2013-05-03,10237,3079,1,1,0,0
769,6,2013-05-04,9707,3271,1,0,0,0
769,7,2013-05-05,8863,2454,1,0,0,0
769,1,2013-05-06,10671,3081,1,0,0,0
769,2,2013-05-07,8577,2778,1,0,0,0
769,3,2013-05-08,11322,3269,1,0,0,0
769,4,2013-05-09,9962,2540,1,0,a,0
769,5,2013-05-10,10027,3021,1,0,0,0
769,6,2013-05-11,9252,2830,1,0,0,0
769,7,2013-05-12,9196,2349,1,0,0,0
769,1,2013-05-13,9981,2913,1,1,0,0
769,2,2013-05-14,9203,2796,1,1,0,0
769,3,2013-05-15,11161,2871,1,1,0,0
769,4,2013-05-16,8931,2886,1,1,0,0
769,5,2013-05-17,11968,3123,1,1,0,0
769,6,2013-05-18,10037,3220,1,0,0,0
769,7,2013-05-19,9128,2318,1,0,0,0
769,1,2013-05-20,10153,2405,1,0,a,0
769,2,2013-05-21,8512,2800,1,0,0,1
769,3,2013-05-22,8928,2608,1,0,0,0
769,4,2013-05-23,8535,2751,1,0,0,0
769,5,2013-05-24,9538,2797,1,0,0,0
769,6,2013-05-25,12726,3273,1,0,0,0
769,7,2013-05-26,8843,2437,1,0,0,0
769,1,2013-05-27,9592,2781,1,1,0,0
769,2,2013-05-28,8445,2721,1,1,0,0
769,3,2013-05-29,10803,3047,1,1,0,0
769,4,2013-05-30,10045,2447,1,1,a,0
769,5,2013-05-31,11699,3344,1,1,0,0
769,6,2013-06-01,9046,2779,1,0,0,0
769,7,2013-06-02,9747,2424,1,0,0,0
769,1,2013-06-03,10846,2995,1,1,0,0
769,2,2013-06-04,9134,2865,1,1,0,0
769,3,2013-06-05,10117,3096,1,1,0,0
769,4,2013-06-06,9737,3241,1,1,0,0
769,5,2013-06-07,11969,3401,1,1,0,0
769,6,2013-06-08,8380,2805,1,0,0,0
769,7,2013-06-09,8911,2266,1,0,0,0
769,1,2013-06-10,10294,2803,1,0,0,0
769,2,2013-06-11,8854,2908,1,0,0,0
769,3,2013-06-12,9797,2784,1,0,0,0
769,4,2013-06-13,9123,2951,1,0,0,0
769,5,2013-06-14,10109,3190,1,0,0,0
769,6,2013-06-15,9475,2966,1,0,0,0
769,7,2013-06-16,9013,2453,1,0,0,0
769,1,2013-06-17,11001,3157,1,1,0,0
769,2,2013-06-18,10126,3521,1,1,0,0
769,3,2013-06-19,10447,3339,1,1,0,0
769,4,2013-06-20,9670,3037,1,1,0,0
769,5,2013-06-21,11053,3092,1,1,0,0
769,6,2013-06-22,8270,2735,1,0,0,0
769,7,2013-06-23,8354,2164,1,0,0,0
769,1,2013-06-24,9413,2735,1,0,0,0
769,2,2013-06-25,7905,2603,1,0,0,0
769,3,2013-06-26,8861,2662,1,0,0,0
769,4,2013-06-27,8827,2782,1,0,0,0
769,5,2013-06-28,12024,3239,1,0,0,0
769,6,2013-06-29,10225,3048,1,0,0,0
769,7,2013-06-30,10266,2553,1,0,0,0
769,1,2013-07-01,11294,3137,1,1,0,0
769,2,2013-07-02,9856,3135,1,1,0,0
769,3,2013-07-03,10116,3012,1,1,0,0
769,4,2013-07-04,10114,3151,1,1,0,0
769,5,2013-07-05,10194,3308,1,1,0,0
769,6,2013-07-06,11197,3908,1,0,0,0
769,7,2013-07-07,9159,2707,1,0,0,0
769,1,2013-07-08,9206,3048,1,0,0,0
769,2,2013-07-09,8285,2806,1,0,0,0
769,3,2013-07-10,8453,2727,1,0,0,0
769,4,2013-07-11,8598,2619,1,0,0,0
769,5,2013-07-12,9395,2940,1,0,0,0
769,6,2013-07-13,8395,2710,1,0,0,0
769,7,2013-07-14,9620,2295,1,0,0,0
769,1,2013-07-15,10052,2981,1,1,0,0
769,2,2013-07-16,9520,3069,1,1,0,0
769,3,2013-07-17,9990,3031,1,1,0,0
769,4,2013-07-18,9979,3361,1,1,0,0
769,5,2013-07-19,9992,3137,1,1,0,0
769,6,2013-07-20,8102,2689,1,0,0,0
769,7,2013-07-21,9237,2694,1,0,0,0
769,1,2013-07-22,8830,3166,1,0,0,1
769,2,2013-07-23,7645,2761,1,0,0,1
769,3,2013-07-24,11694,2586,1,0,0,1
769,4,2013-07-25,8239,2865,1,0,0,1
769,5,2013-07-26,9658,2781,1,0,0,1
769,6,2013-07-27,10462,3627,1,0,0,0
769,7,2013-07-28,8367,2284,1,0,0,0
769,1,2013-07-29,10513,2761,1,1,0,1
769,2,2013-07-30,8864,2582,1,1,0,1
769,3,2013-07-31,10368,2845,1,1,0,1
769,4,2013-08-01,9852,3141,1,1,0,1
769,5,2013-08-02,11746,3560,1,1,0,1
769,6,2013-08-03,8312,2773,1,0,0,0
769,7,2013-08-04,8890,2453,1,0,0,0
769,1,2013-08-05,10910,3016,1,0,0,1
769,2,2013-08-06,7686,2539,1,0,0,1
769,3,2013-08-07,9787,2497,1,0,0,1
769,4,2013-08-08,7715,2482,1,0,0,1
769,5,2013-08-09,11054,2823,1,0,0,1
769,6,2013-08-10,8187,2630,1,0,0,0
769,7,2013-08-11,8453,2175,1,0,0,0
769,1,2013-08-12,11076,2642,1,1,0,1
769,2,2013-08-13,8724,2533,1,1,0,1
769,3,2013-08-14,9463,2458,1,1,0,1
769,4,2013-08-15,8703,2666,1,1,0,1
769,5,2013-08-16,11458,2990,1,1,0,1
769,6,2013-08-17,8067,2632,1,0,0,0
769,7,2013-08-18,10287,2739,1,0,0,0
769,1,2013-08-19,9182,2522,1,0,0,1
769,2,2013-08-20,7840,2485,1,0,0,1
769,3,2013-08-21,8116,2555,1,0,0,1
769,4,2013-08-22,7428,2702,1,0,0,1
769,5,2013-08-23,14475,3162,1,0,0,1
769,6,2013-08-24,8191,2731,1,0,0,0
769,7,2013-08-25,8399,2195,1,0,0,0
769,1,2013-08-26,10270,2533,1,1,0,1
769,2,2013-08-27,8347,2651,1,1,0,1
769,3,2013-08-28,8749,2597,1,1,0,1
769,4,2013-08-29,8633,2784,1,1,0,1
769,5,2013-08-30,10919,3105,1,1,0,1
769,6,2013-08-31,8643,2657,1,0,0,0
769,7,2013-09-01,9354,2324,1,0,0,0
769,1,2013-09-02,10832,2820,1,0,0,1
769,2,2013-09-03,9188,2955,1,0,0,1
769,3,2013-09-04,9043,2896,1,0,0,0
769,4,2013-09-05,9127,3141,1,0,0,0
769,5,2013-09-06,13749,3462,1,0,0,0
769,6,2013-09-07,9279,2871,1,0,0,0
769,7,2013-09-08,9443,2388,1,0,0,0
769,1,2013-09-09,11540,2802,1,1,0,0
769,2,2013-09-10,9169,2710,1,1,0,0
769,3,2013-09-11,13316,2702,1,1,0,0
769,4,2013-09-12,9044,2790,1,1,0,0
769,5,2013-09-13,13825,3150,1,1,0,0
769,6,2013-09-14,11074,3402,1,0,0,0
769,7,2013-09-15,9089,2480,1,0,0,0
769,1,2013-09-16,10154,2726,1,0,0,0
769,2,2013-09-17,8143,2634,1,0,0,0
769,3,2013-09-18,10397,2626,1,0,0,0
769,4,2013-09-19,8217,2686,1,0,0,0
769,5,2013-09-20,11108,3016,1,0,0,0
769,6,2013-09-21,8587,2705,1,0,0,0
769,7,2013-09-22,8006,2310,1,0,0,0
769,1,2013-09-23,9361,2822,1,1,0,0
769,2,2013-09-24,8486,2680,1,1,0,0
769,3,2013-09-25,10876,2859,1,1,0,0
769,4,2013-09-26,9275,2850,1,1,0,0
769,5,2013-09-27,10925,3130,1,1,0,0
769,6,2013-09-28,10709,3334,1,0,0,0
769,7,2013-09-29,8934,2331,1,0,0,0
769,1,2013-09-30,11063,3029,1,0,0,0
769,2,2013-10-01,9674,3059,1,0,0,0
769,3,2013-10-02,12031,3280,1,0,0,0
769,4,2013-10-03,10781,2632,1,0,a,0
769,5,2013-10-04,10604,3267,1,0,0,0
769,6,2013-10-05,10276,3095,1,0,0,0
769,7,2013-10-06,9018,2518,1,0,0,0
769,1,2013-10-07,11376,3121,1,1,0,0
769,2,2013-10-08,9438,2891,1,1,0,0
769,3,2013-10-09,10238,2875,1,1,0,0
769,4,2013-10-10,9921,3031,1,1,0,0
769,5,2013-10-11,13697,3221,1,1,0,0
769,6,2013-10-12,9114,2834,1,0,0,0
769,7,2013-10-13,9108,2401,1,0,0,0
769,1,2013-10-14,9569,2979,1,0,0,0
769,2,2013-10-15,9479,2850,1,0,0,0
769,3,2013-10-16,9824,2951,1,0,0,0
769,4,2013-10-17,9390,2976,1,0,0,0
769,5,2013-10-18,9846,3079,1,0,0,0
769,6,2013-10-19,11057,3311,1,0,0,0
769,7,2013-10-20,9553,2351,1,0,0,0
769,1,2013-10-21,15499,2926,1,1,0,1
769,2,2013-10-22,9515,3008,1,1,0,1
769,3,2013-10-23,12392,2861,1,1,0,1
769,4,2013-10-24,10919,3008,1,1,0,1
769,5,2013-10-25,11134,3171,1,1,0,1
769,6,2013-10-26,9416,2962,1,0,0,0
769,7,2013-10-27,8819,2356,1,0,0,0
769,1,2013-10-28,8985,2878,1,0,0,1
769,2,2013-10-29,8811,2808,1,0,0,1
769,3,2013-10-30,10562,2866,1,0,0,1
769,4,2013-10-31,13273,3462,1,0,0,1
769,5,2013-11-01,12811,3134,1,0,a,1
769,6,2013-11-02,10057,3022,1,0,0,0
769,7,2013-11-03,9455,2566,1,0,0,0
769,1,2013-11-04,13092,2978,1,1,0,0
769,2,2013-11-05,11533,3112,1,1,0,0
769,3,2013-11-06,11826,3261,1,1,0,0
769,4,2013-11-07,10842,3206,1,1,0,0
769,5,2013-11-08,11866,3315,1,1,0,0
769,6,2013-11-09,10028,2963,1,0,0,0
769,7,2013-11-10,9275,2346,1,0,0,0
769,1,2013-11-11,9900,2963,1,0,0,0
769,2,2013-11-12,9672,2883,1,0,0,0
769,3,2013-11-13,9565,2897,1,0,0,0
769,4,2013-11-14,10199,3006,1,0,0,0
769,5,2013-11-15,11013,3348,1,0,0,0
769,6,2013-11-16,9310,2827,1,0,0,0
769,7,2013-11-17,10187,2357,1,0,0,0
769,1,2013-11-18,11174,3066,1,1,0,0
769,2,2013-11-19,9849,2924,1,1,0,0
769,3,2013-11-20,10607,3027,1,1,0,0
769,4,2013-11-21,10527,3028,1,1,0,0
769,5,2013-11-22,11495,3413,1,1,0,0
769,6,2013-11-23,11496,3508,1,0,0,0
769,7,2013-11-24,10130,2621,1,0,0,0
769,1,2013-11-25,10312,3023,1,0,0,0
769,2,2013-11-26,9076,2939,1,0,0,0
769,3,2013-11-27,10275,2996,1,0,0,0
769,4,2013-11-28,10452,3079,1,0,0,0
769,5,2013-11-29,14058,3726,1,0,0,0
769,6,2013-11-30,13622,3744,1,0,0,0
769,7,2013-12-01,10950,2847,1,0,0,0
769,1,2013-12-02,12568,3359,1,1,0,0
769,2,2013-12-03,12475,3212,1,1,0,0
769,3,2013-12-04,12534,3355,1,1,0,0
769,4,2013-12-05,13337,3497,1,1,0,0
769,5,2013-12-06,15284,3929,1,1,0,0
769,6,2013-12-07,13898,3950,1,0,0,0
769,7,2013-12-08,11730,2825,1,0,0,0
769,1,2013-12-09,10589,3171,1,0,0,0
769,2,2013-12-10,10733,3133,1,0,0,0
769,3,2013-12-11,10464,3081,1,0,0,0
769,4,2013-12-12,11694,3303,1,0,0,0
769,5,2013-12-13,12419,3683,1,0,0,0
769,6,2013-12-14,13411,3716,1,0,0,0
769,7,2013-12-15,11235,2796,1,0,0,0
769,1,2013-12-16,12765,3409,1,1,0,0
769,2,2013-12-17,12732,3531,1,1,0,0
769,3,2013-12-18,12007,3319,1,1,0,0
769,4,2013-12-19,12870,3439,1,1,0,0
769,5,2013-12-20,13098,3662,1,1,0,0
769,6,2013-12-21,14307,3941,1,0,0,0
769,7,2013-12-22,11713,2775,1,0,0,0
769,1,2013-12-23,13191,3322,1,0,0,1
769,2,2013-12-24,6183,1274,1,0,0,1
769,3,2013-12-25,10033,2055,1,0,c,1
769,4,2013-12-26,10922,2348,1,0,c,1
769,5,2013-12-27,9957,2884,1,0,0,1
769,6,2013-12-28,9496,2686,1,0,0,0
769,7,2013-12-29,9500,2170,1,0,0,0
769,1,2013-12-30,12245,3003,1,0,0,1
769,2,2013-12-31,6355,1383,1,0,0,1
769,3,2014-01-01,6792,1568,1,0,a,1
769,4,2014-01-02,9209,2775,1,0,0,1
769,5,2014-01-03,9053,2723,1,0,0,1
769,6,2014-01-04,8755,2635,1,0,0,0
769,7,2014-01-05,9546,2309,1,0,0,0
769,1,2014-01-06,11464,3106,1,1,0,1
769,2,2014-01-07,9794,2812,1,1,0,1
769,3,2014-01-08,9457,2773,1,1,0,0
769,4,2014-01-09,9868,2884,1,1,0,0
769,5,2014-01-10,10826,3062,1,1,0,0
769,6,2014-01-11,9010,2607,1,0,0,0
769,7,2014-01-12,9029,2305,1,0,0,0
769,1,2014-01-13,9298,2829,1,0,0,0
769,2,2014-01-14,9404,2884,1,0,0,0
769,3,2014-01-15,9018,2791,1,0,0,0
769,4,2014-01-16,9358,3030,1,0,0,0
769,5,2014-01-17,10036,3117,1,0,0,0
769,6,2014-01-18,8049,2657,1,0,0,0
769,7,2014-01-19,9285,2384,1,0,0,0
769,1,2014-01-20,10475,2955,1,1,0,0
769,2,2014-01-21,10166,2833,1,1,0,0
769,3,2014-01-22,9677,2898,1,1,0,0
769,4,2014-01-23,10170,2963,1,1,0,0
769,5,2014-01-24,10757,3096,1,1,0,0
769,6,2014-01-25,9933,3126,1,0,0,0
769,7,2014-01-26,8808,2293,1,0,0,0
769,1,2014-01-27,8731,2726,1,0,0,0
769,2,2014-01-28,8901,2736,1,0,0,0
769,3,2014-01-29,9388,2797,1,0,0,0
769,4,2014-01-30,10080,2974,1,0,0,0
769,5,2014-01-31,12495,3557,1,0,0,0
769,6,2014-02-01,10501,3054,1,0,0,0
769,7,2014-02-02,11603,2699,1,0,0,0
769,1,2014-02-03,11491,3266,1,1,0,0
769,2,2014-02-04,11160,3139,1,1,0,0
769,3,2014-02-05,11333,3224,1,1,0,0
769,4,2014-02-06,10581,3252,1,1,0,0
769,5,2014-02-07,11576,3521,1,1,0,0
769,6,2014-02-08,10247,3143,1,0,0,0
769,7,2014-02-09,10071,2482,1,0,0,0
769,1,2014-02-10,10114,3037,1,0,0,0
769,2,2014-02-11,9288,2924,1,0,0,0
769,3,2014-02-12,9514,2906,1,0,0,0
769,4,2014-02-13,10164,3100,1,0,0,0
769,5,2014-02-14,12648,3666,1,0,0,0
769,6,2014-02-15,10677,3303,1,0,0,0
769,7,2014-02-16,10272,2612,1,0,0,0
769,1,2014-02-17,10819,3070,1,1,0,0
769,2,2014-02-18,10352,3023,1,1,0,0
769,3,2014-02-19,9686,2936,1,1,0,0
769,4,2014-02-20,10061,2922,1,1,0,0
769,5,2014-02-21,11127,3328,1,1,0,0
769,6,2014-02-22,8948,2807,1,0,0,0
769,7,2014-02-23,9716,2408,1,0,0,0
769,1,2014-02-24,8658,2823,1,0,0,0
769,2,2014-02-25,9168,2864,1,0,0,0
769,3,2014-02-26,9127,2903,1,0,0,0
769,4,2014-02-27,10810,3236,1,0,0,0
769,5,2014-02-28,12303,3571,1,0,0,0
769,6,2014-03-01,12708,3699,1,0,0,0
769,7,2014-03-02,12315,2850,1,0,0,0
769,1,2014-03-03,13735,3527,1,1,0,0
769,2,2014-03-04,11262,3235,1,1,0,0
769,3,2014-03-05,11186,3129,1,1,0,0
769,4,2014-03-06,10506,3072,1,1,0,0
769,5,2014-03-07,11656,3450,1,1,0,0
769,6,2014-03-08,10000,3119,1,0,0,0
769,7,2014-03-09,9897,2844,1,0,0,0
769,1,2014-03-10,10394,3242,1,0,0,0
769,2,2014-03-11,9497,2951,1,0,0,0
769,3,2014-03-12,9538,3022,1,0,0,0
769,4,2014-03-13,9195,3139,1,0,0,0
769,5,2014-03-14,11041,3483,1,0,0,0
769,6,2014-03-15,12073,3591,1,0,0,0
769,7,2014-03-16,10195,2553,1,0,0,0
769,1,2014-03-17,11705,3285,1,1,0,0
769,2,2014-03-18,9238,2807,1,1,0,0
769,3,2014-03-19,11546,3447,1,1,0,0
769,4,2014-03-20,10534,3369,1,1,0,0
769,5,2014-03-21,11609,3494,1,1,0,0
769,6,2014-03-22,10220,3230,1,0,0,0
769,7,2014-03-23,10217,2753,1,0,0,0
769,1,2014-03-24,9948,3067,1,0,0,0
769,2,2014-03-25,9998,3362,1,0,0,0
769,3,2014-03-26,8995,2828,1,0,0,0
769,4,2014-03-27,9107,2904,1,0,0,0
769,5,2014-03-28,11582,3721,1,0,0,0
769,6,2014-03-29,10106,3369,1,0,0,0
769,7,2014-03-30,9766,2533,1,0,0,0
769,1,2014-03-31,13243,3674,1,1,0,0
769,2,2014-04-01,11189,3450,1,1,0,0
769,3,2014-04-02,11123,3332,1,1,0,0
769,4,2014-04-03,11188,3411,1,1,0,0
769,5,2014-04-04,12522,3757,1,1,0,0
769,6,2014-04-05,11743,3568,1,0,0,0
769,7,2014-04-06,10581,2762,1,0,0,0
769,1,2014-04-07,10831,3422,1,0,0,0
769,2,2014-04-08,10964,3504,1,0,0,0
769,3,2014-04-09,10681,3315,1,0,0,0
769,4,2014-04-10,10759,3402,1,0,0,0
769,5,2014-04-11,12046,3646,1,0,0,0
769,6,2014-04-12,10381,3336,1,0,0,0
769,7,2014-04-13,10821,2890,1,0,0,0
769,1,2014-04-14,11665,3268,1,1,0,1
769,2,2014-04-15,11582,3496,1,1,0,1
769,3,2014-04-16,11152,3364,1,1,0,1
769,4,2014-04-17,13197,3811,1,1,0,1
769,5,2014-04-18,11440,2635,1,1,b,1
769,6,2014-04-19,12408,3492,1,0,0,0
769,7,2014-04-20,9312,2399,1,0,0,0
769,1,2014-04-21,11343,2689,1,0,b,1
769,2,2014-04-22,10125,3374,1,0,0,1
769,3,2014-04-23,9360,3130,1,0,0,1
769,4,2014-04-24,9677,3203,1,0,0,1
769,5,2014-04-25,10333,3485,1,0,0,1
769,6,2014-04-26,9745,2995,1,0,0,0
769,7,2014-04-27,9662,2451,1,0,0,0
769,1,2014-04-28,11444,3224,1,1,0,0
769,2,2014-04-29,11434,3179,1,1,0,0
769,3,2014-04-30,15236,4083,1,1,0,0
769,4,2014-05-01,12971,2901,1,1,a,0
769,5,2014-05-02,13239,3521,1,1,0,0
769,6,2014-05-03,12069,3642,1,0,0,0
769,7,2014-05-04,10806,2746,1,0,0,0
769,1,2014-05-05,12143,3555,1,1,0,0
769,2,2014-05-06,11261,3377,1,1,0,0
769,3,2014-05-07,11919,3433,1,1,0,0
769,4,2014-05-08,12116,3430,1,1,0,0
769,5,2014-05-09,13472,3797,1,1,0,0
769,6,2014-05-10,10845,3156,1,0,0,0
769,7,2014-05-11,11469,2811,1,0,0,0
769,1,2014-05-12,11044,3288,1,0,0,0
769,2,2014-05-13,10881,3145,1,0,0,0
769,3,2014-05-14,10657,3158,1,0,0,0
769,4,2014-05-15,10346,3198,1,0,0,0
769,5,2014-05-16,12076,3622,1,0,0,0
769,6,2014-05-17,14450,4029,1,0,0,0
769,7,2014-05-18,10228,2893,1,0,0,0
769,1,2014-05-19,12067,3620,1,1,0,0
769,2,2014-05-20,11147,3680,1,1,0,0
769,3,2014-05-21,10618,3574,1,1,0,0
769,4,2014-05-22,10731,3515,1,1,0,0
769,5,2014-05-23,12730,3622,1,1,0,0
769,6,2014-05-24,9024,2904,1,0,0,0
769,7,2014-05-25,9174,2565,1,0,0,0
769,1,2014-05-26,10605,3192,1,0,0,0
769,2,2014-05-27,10528,3172,1,0,0,0
769,3,2014-05-28,12976,3550,1,0,0,0
769,4,2014-05-29,13972,2956,1,0,a,0
769,5,2014-05-30,13782,3761,1,0,0,0
769,6,2014-05-31,11702,3410,1,0,0,0
769,7,2014-06-01,12268,2935,1,0,0,0
769,1,2014-06-02,13206,3705,1,1,0,0
769,2,2014-06-03,11501,3579,1,1,0,0
769,3,2014-06-04,12790,3545,1,1,0,0
769,4,2014-06-05,12322,3425,1,1,0,0
769,5,2014-06-06,13366,4032,1,1,0,0
769,6,2014-06-07,12001,3746,1,0,0,0
769,7,2014-06-08,12623,3214,1,0,0,0
769,1,2014-06-09,13598,3404,1,0,a,0
769,2,2014-06-10,7313,2640,1,0,0,1
769,3,2014-06-11,7990,2402,1,0,0,0
769,4,2014-06-12,8056,2501,1,0,0,0
769,5,2014-06-13,9921,2887,1,0,0,0
769,6,2014-06-14,8220,2491,1,0,0,0
769,7,2014-06-15,10384,2488,1,0,0,0
769,1,2014-06-16,11202,3124,1,1,0,0
769,2,2014-06-17,10857,3148,1,1,0,0
769,3,2014-06-18,12700,3737,1,1,0,0
769,4,2014-06-19,12254,2750,1,1,a,0
769,5,2014-06-20,11795,3365,1,1,0,0
769,6,2014-06-21,8900,2871,1,0,0,0
769,7,2014-06-22,9952,2722,1,0,0,0
769,1,2014-06-23,11157,3366,1,0,0,0
769,2,2014-06-24,10094,3272,1,0,0,0
769,3,2014-06-25,10206,3094,1,0,0,0
769,4,2014-06-26,11168,3461,1,0,0,0
769,5,2014-06-27,12414,3841,1,0,0,0
769,6,2014-06-28,9948,2876,1,0,0,0
769,7,2014-06-29,10925,2480,1,0,0,0
769,1,2014-06-30,14912,3718,1,1,0,0
769,2,2014-07-01,12204,3477,1,1,0,0
769,3,2014-07-02,12477,3580,1,1,0,0
769,4,2014-07-03,12260,3858,1,1,0,0
769,5,2014-07-04,13841,4246,1,1,0,0
769,6,2014-07-05,10765,3204,1,0,0,0
769,7,2014-07-06,11142,2897,1,0,0,0
769,1,2014-07-07,11369,3332,1,0,0,1
769,2,2014-07-08,11296,3058,1,0,0,1
769,3,2014-07-09,10309,2920,1,0,0,1
769,4,2014-07-10,10889,3322,1,0,0,1
769,5,2014-07-11,10565,3213,1,0,0,1
769,6,2014-07-12,10021,3087,1,0,0,0
769,7,2014-07-13,13000,3019,1,0,0,0
769,1,2014-07-14,11625,3140,1,1,0,1
769,2,2014-07-15,11252,3012,1,1,0,1
769,3,2014-07-16,11076,3278,1,1,0,1
769,4,2014-07-17,11373,3441,1,1,0,1
769,5,2014-07-18,12640,3967,1,1,0,1
769,6,2014-07-19,11308,3911,1,0,0,0
769,7,2014-07-20,11137,2854,1,0,0,0
769,1,2014-07-21,10821,2989,1,0,0,1
769,2,2014-07-22,9786,3083,1,0,0,1
769,3,2014-07-23,9851,3087,1,0,0,1
769,4,2014-07-24,9294,3065,1,0,0,1
769,5,2014-07-25,10526,3047,1,0,0,1
769,6,2014-07-26,11089,3831,1,0,0,0
769,7,2014-07-27,9851,2540,1,0,0,0
769,1,2014-07-28,10958,3116,1,1,0,1
769,2,2014-07-29,10338,3093,1,1,0,1
769,3,2014-07-30,10533,3050,1,1,0,1
769,4,2014-07-31,12586,3575,1,1,0,1
769,5,2014-08-01,12640,3710,1,1,0,1
769,6,2014-08-02,10893,3367,1,0,0,0
769,7,2014-08-03,11572,2877,1,0,0,0
769,1,2014-08-04,10955,2995,1,1,0,1
769,2,2014-08-05,10117,2951,1,1,0,1
769,3,2014-08-06,10024,2899,1,1,0,1
769,4,2014-08-07,9711,2787,1,1,0,1
769,5,2014-08-08,10814,3070,1,1,0,1
769,6,2014-08-09,10760,3447,1,0,0,0
769,7,2014-08-10,10347,2756,1,0,0,0
769,1,2014-08-11,9798,2950,1,0,0,1
769,2,2014-08-12,9111,2893,1,0,0,1
769,3,2014-08-13,11809,3670,1,0,0,1
769,4,2014-08-14,10506,3176,1,0,0,1
769,5,2014-08-15,11729,3282,1,0,0,1
769,6,2014-08-16,10485,3027,1,0,0,0
769,7,2014-08-17,10729,2662,1,0,0,0
769,1,2014-08-18,11719,3086,1,1,0,1
769,2,2014-08-19,10844,3038,1,1,0,1
769,3,2014-08-20,10222,2954,1,1,0,0
769,4,2014-08-21,9803,2968,1,1,0,0
769,5,2014-08-22,11951,3375,1,1,0,0
769,6,2014-08-23,10807,3423,1,0,0,0
769,7,2014-08-24,10642,2655,1,0,0,0
769,1,2014-08-25,10110,2944,1,0,0,0
769,2,2014-08-26,10050,2888,1,0,0,0
769,3,2014-08-27,10637,3021,1,0,0,0
769,4,2014-08-28,9934,3078,1,0,0,0
769,5,2014-08-29,12431,3514,1,0,0,0
769,6,2014-08-30,11102,3086,1,0,0,0
769,7,2014-08-31,11490,2679,1,0,0,0
769,1,2014-09-01,12630,3265,1,1,0,0
769,2,2014-09-02,11534,3113,1,1,0,0
769,3,2014-09-03,10794,3161,1,1,0,0
769,4,2014-09-04,10813,3293,1,1,0,0
769,5,2014-09-05,11080,3327,1,1,0,0
769,6,2014-09-06,10620,3359,1,0,0,0
769,7,2014-09-07,11710,2989,1,0,0,0
769,1,2014-09-08,11309,3354,1,0,0,0
769,2,2014-09-09,9826,2919,1,0,0,0
769,3,2014-09-10,9886,2938,1,0,0,0
769,4,2014-09-11,9821,3092,1,0,0,0
769,5,2014-09-12,11617,3430,1,0,0,0
769,6,2014-09-13,11423,3594,1,0,0,0
769,7,2014-09-14,10685,2673,1,0,0,0
769,1,2014-09-15,11689,3397,1,1,0,0
769,2,2014-09-16,11959,3482,1,1,0,0
769,3,2014-09-17,10555,3387,1,1,0,0
769,4,2014-09-18,11083,3369,1,1,0,0
769,5,2014-09-19,12135,3651,1,1,0,0
769,6,2014-09-20,10358,3153,1,0,0,0
769,7,2014-09-21,11262,2697,1,0,0,0
769,1,2014-09-22,10860,3127,1,0,0,0
769,2,2014-09-23,9729,3040,1,0,0,0
769,3,2014-09-24,10857,3334,1,0,0,0
769,4,2014-09-25,9556,3104,1,0,0,0
769,5,2014-09-26,11500,3361,1,0,0,0
769,6,2014-09-27,11525,3429,1,0,0,0
769,7,2014-09-28,10644,2715,1,0,0,0
769,1,2014-09-29,12227,3415,1,1,0,0
769,2,2014-09-30,13365,3646,1,1,0,0
769,3,2014-10-01,13453,3631,1,1,0,0
769,4,2014-10-02,14167,4071,1,1,0,0
769,5,2014-10-03,14145,3371,1,1,a,0
769,6,2014-10-04,14708,4110,1,0,0,0
769,7,2014-10-05,11175,3059,1,0,0,0
769,1,2014-10-06,12288,3546,1,1,0,1
769,2,2014-10-07,11379,3313,1,1,0,1
769,3,2014-10-08,10439,3150,1,1,0,1
769,4,2014-10-09,10826,3266,1,1,0,1
769,5,2014-10-10,11881,3499,1,1,0,1
769,6,2014-10-11,9501,3054,1,0,0,0
769,7,2014-10-12,10918,2692,1,0,0,0
769,1,2014-10-13,10719,3287,1,0,0,1
769,2,2014-10-14,11017,3351,1,0,0,1
769,3,2014-10-15,8160,2628,1,0,0,1
769,4,2014-10-16,10888,3402,1,0,0,1
769,5,2014-10-17,10557,3436,1,0,0,1
769,6,2014-10-18,7290,2328,1,0,0,0
769,7,2014-10-19,9440,2353,1,0,0,0
769,1,2014-10-20,12117,3435,1,1,0,0
769,2,2014-10-21,11769,3375,1,1,0,0
769,3,2014-10-22,11337,3304,1,1,0,0
769,4,2014-10-23,10725,3317,1,1,0,0
769,5,2014-10-24,11984,3735,1,1,0,0
769,6,2014-10-25,11853,3608,1,0,0,0
769,7,2014-10-26,11666,3014,1,0,0,0
769,1,2014-10-27,10699,3354,1,0,0,0
769,2,2014-10-28,10526,3356,1,0,0,0
769,3,2014-10-29,10945,3294,1,0,0,0
769,4,2014-10-30,11882,3611,1,0,0,0
769,5,2014-10-31,15577,4076,1,0,0,0
769,6,2014-11-01,16663,3455,1,0,a,0
769,7,2014-11-02,13543,3408,1,0,0,0
769,1,2014-11-03,14369,3723,1,1,0,0
769,2,2014-11-04,13587,3682,1,1,0,0
769,3,2014-11-05,12653,3452,1,1,0,0
769,4,2014-11-06,8604,2468,1,1,0,0
769,5,2014-11-07,10580,2940,1,1,0,0
769,6,2014-11-08,8282,2541,1,0,0,0
769,7,2014-11-09,11144,2854,1,0,0,0
769,1,2014-11-10,12744,3550,1,1,0,0
769,2,2014-11-11,11844,3418,1,1,0,0
769,3,2014-11-12,12218,3466,1,1,0,0
769,4,2014-11-13,11469,3390,1,1,0,0
769,5,2014-11-14,13027,3748,1,1,0,0
769,6,2014-11-15,10240,3169,1,0,0,0
769,7,2014-11-16,10637,2564,1,0,0,0
769,1,2014-11-17,11513,3396,1,0,0,0
769,2,2014-11-18,11332,3259,1,0,0,0
769,3,2014-11-19,9902,3204,1,0,0,0
769,4,2014-11-20,10187,3418,1,0,0,0
769,5,2014-11-21,12404,3729,1,0,0,0
769,6,2014-11-22,11910,3649,1,0,0,0
769,7,2014-11-23,11429,2844,1,0,0,0
769,1,2014-11-24,12903,3567,1,1,0,0
769,2,2014-11-25,11462,3380,1,1,0,0
769,3,2014-11-26,11748,3380,1,1,0,0
769,4,2014-11-27,11752,3477,1,1,0,0
769,5,2014-11-28,15975,4234,1,1,0,0
769,6,2014-11-29,14339,3970,1,0,0,0
769,7,2014-11-30,14047,3161,1,0,0,0
769,1,2014-12-01,14283,3767,1,1,0,0
769,2,2014-12-02,13357,3584,1,1,0,0
769,3,2014-12-03,13598,3547,1,1,0,0
769,4,2014-12-04,13838,3613,1,1,0,0
769,5,2014-12-05,17200,4536,1,1,0,0
769,6,2014-12-06,15028,4175,1,0,0,0
769,7,2014-12-07,11799,2940,1,0,0,0
769,1,2014-12-08,12558,3570,1,0,0,0
769,2,2014-12-09,11287,3350,1,0,0,0
769,3,2014-12-10,11863,3413,1,0,0,0
769,4,2014-12-11,12205,3688,1,0,0,0
769,5,2014-12-12,14416,4003,1,0,0,0
769,6,2014-12-13,13972,4014,1,0,0,0
769,7,2014-12-14,12213,3054,1,0,0,0
769,1,2014-12-15,14941,3839,1,1,0,0
769,2,2014-12-16,13571,3647,1,1,0,0
769,3,2014-12-17,15313,4138,1,1,0,0
769,4,2014-12-18,14085,3863,1,1,0,0
769,5,2014-12-19,14580,4002,1,1,0,0
769,6,2014-12-20,13456,3789,1,0,0,0
769,7,2014-12-21,12842,2985,1,0,0,0
769,1,2014-12-22,13647,3601,1,0,0,1
769,2,2014-12-23,13574,3404,1,0,0,1
769,3,2014-12-24,7096,1447,1,0,0,1
769,4,2014-12-25,10666,2185,1,0,c,1
769,5,2014-12-26,13954,2834,1,0,c,1
769,6,2014-12-27,11195,3044,1,0,0,0
769,7,2014-12-28,10524,2570,1,0,0,0
769,1,2014-12-29,11580,3114,1,0,0,1
769,2,2014-12-30,13020,3239,1,0,0,1
769,3,2014-12-31,8061,1525,1,0,0,1
769,4,2015-01-01,7538,1686,1,0,a,1
769,5,2015-01-02,10061,2849,1,0,0,1
769,6,2015-01-03,9541,2732,1,0,0,0
769,7,2015-01-04,10435,2502,1,0,0,0
769,1,2015-01-05,13136,3440,1,1,0,1
769,2,2015-01-06,10695,3070,1,1,0,1
769,3,2015-01-07,11026,3061,1,1,0,0
769,4,2015-01-08,11452,3236,1,1,0,0
769,5,2015-01-09,11784,3353,1,1,0,0
769,6,2015-01-10,9320,2727,1,0,0,0
769,7,2015-01-11,10188,2493,1,0,0,0
769,1,2015-01-12,12337,3327,1,1,0,0
769,2,2015-01-13,11859,3396,1,1,0,0
769,3,2015-01-14,11549,3305,1,1,0,0
769,4,2015-01-15,11834,3431,1,1,0,0
769,5,2015-01-16,12306,3590,1,1,0,0
769,6,2015-01-17,9721,2917,1,0,0,0
769,7,2015-01-18,10822,2700,1,0,0,0
769,1,2015-01-19,10706,3255,1,0,0,0
769,2,2015-01-20,10260,3165,1,0,0,0
769,3,2015-01-21,10573,3187,1,0,0,0
769,4,2015-01-22,10876,3273,1,0,0,0
769,5,2015-01-23,11364,3443,1,0,0,0
769,6,2015-01-24,9609,2839,1,0,0,0
769,7,2015-01-25,10839,2644,1,0,0,0
769,1,2015-01-26,12373,3453,1,1,0,0
769,2,2015-01-27,11346,3206,1,1,0,0
769,3,2015-01-28,11962,3324,1,1,0,0
769,4,2015-01-29,11647,3435,1,1,0,0
769,5,2015-01-30,14486,3937,1,1,0,0
769,6,2015-01-31,12597,3502,1,0,0,0
769,7,2015-02-01,13823,2954,1,0,0,0
769,1,2015-02-02,13249,3600,1,1,0,0
769,2,2015-02-03,12382,3435,1,1,0,0
769,3,2015-02-04,13126,3838,1,1,0,0
769,4,2015-02-05,12744,3514,1,1,0,0
769,5,2015-02-06,14015,3730,1,1,0,0
769,6,2015-02-07,10450,3089,1,0,0,0
769,7,2015-02-08,11581,2608,1,0,0,0
769,1,2015-02-09,11262,3345,1,0,0,0
769,2,2015-02-10,10688,3208,1,0,0,0
769,3,2015-02-11,12139,3338,1,0,0,0
769,4,2015-02-12,11411,3464,1,0,0,0
769,5,2015-02-13,13478,3920,1,0,0,0
769,6,2015-02-14,10916,3289,1,0,0,0
769,7,2015-02-15,12537,2861,1,0,0,0
769,1,2015-02-16,14515,3656,1,1,0,0
769,2,2015-02-17,11075,3247,1,1,0,0
769,3,2015-02-18,11743,3321,1,1,0,0
769,4,2015-02-19,11234,3289,1,1,0,0
769,5,2015-02-20,13310,3570,1,1,0,0
769,6,2015-02-21,9932,2887,1,0,0,0
769,7,2015-02-22,10610,2721,1,0,0,0
769,1,2015-02-23,10692,3216,1,0,0,0
769,2,2015-02-24,9817,3026,1,0,0,0
769,3,2015-02-25,10769,3256,1,0,0,0
769,4,2015-02-26,11168,3364,1,0,0,0
769,5,2015-02-27,15343,3975,1,0,0,0
769,6,2015-02-28,14725,4017,1,0,0,0
769,7,2015-03-01,13081,2973,1,0,0,0
769,1,2015-03-02,13812,3655,1,1,0,0
769,2,2015-03-03,12819,3508,1,1,0,0
769,3,2015-03-04,12812,3340,1,1,0,0
769,4,2015-03-05,11747,3332,1,1,0,0
769,5,2015-03-06,13379,3649,1,1,0,0
769,6,2015-03-07,11318,3450,1,0,0,0
769,7,2015-03-08,11789,3110,1,0,0,0
769,1,2015-03-09,11156,3211,1,0,0,0
769,2,2015-03-10,10373,3177,1,0,0,0
769,3,2015-03-11,10670,3285,1,0,0,0
769,4,2015-03-12,10669,3386,1,0,0,0
769,5,2015-03-13,12664,3711,1,0,0,0
769,6,2015-03-14,12618,3761,1,0,0,0
769,7,2015-03-15,11678,2892,1,0,0,0
769,1,2015-03-16,12844,3621,1,1,0,0
769,2,2015-03-17,12953,3472,1,1,0,0
769,3,2015-03-18,12490,3597,1,1,0,0
769,4,2015-03-19,11346,3463,1,1,0,0
769,5,2015-03-20,12979,3708,1,1,0,0
769,6,2015-03-21,11878,3405,1,0,0,0
769,7,2015-03-22,12466,2938,1,0,0,0
769,1,2015-03-23,11628,3393,1,0,0,0
769,2,2015-03-24,10111,3225,1,0,0,0
769,3,2015-03-25,10475,3261,1,0,0,0
769,4,2015-03-26,10681,3193,1,0,0,0
769,5,2015-03-27,13371,3731,1,0,0,0
769,6,2015-03-28,8992,2799,1,0,0,0
769,7,2015-03-29,10961,2635,1,0,0,0
769,1,2015-03-30,13780,3548,1,1,0,1
769,2,2015-03-31,11286,2863,1,1,0,1
769,3,2015-04-01,14697,3611,1,1,0,1
769,4,2015-04-02,15627,3997,1,1,0,1
769,5,2015-04-03,14139,3054,1,1,b,1
769,6,2015-04-04,13596,3679,1,0,0,0
769,7,2015-04-05,11612,2688,1,0,0,0
769,1,2015-04-06,14090,3187,1,0,b,1
769,2,2015-04-07,13110,3921,1,0,0,1
769,3,2015-04-08,12080,3640,1,0,0,1
769,4,2015-04-09,10756,3658,1,0,0,1
769,5,2015-04-10,11875,3775,1,0,0,1
769,6,2015-04-11,11537,3409,1,0,0,0
769,7,2015-04-12,12460,3147,1,0,0,0
769,1,2015-04-13,13472,3668,1,1,0,0
769,2,2015-04-14,11861,3552,1,1,0,0
769,3,2015-04-15,13303,3868,1,1,0,0
769,4,2015-04-16,12554,3613,1,1,0,0
769,5,2015-04-17,14008,3868,1,1,0,0
769,6,2015-04-18,12058,3654,1,0,0,0
769,7,2015-04-19,11644,3022,1,0,0,0
769,1,2015-04-20,11359,3582,1,0,0,0
769,2,2015-04-21,10720,3450,1,0,0,0
769,3,2015-04-22,9434,2674,1,0,0,0
769,4,2015-04-23,9282,2873,1,0,0,0
769,5,2015-04-24,12136,3793,1,0,0,0
769,6,2015-04-25,11640,3623,1,0,0,0
769,7,2015-04-26,11400,2837,1,0,0,0
769,1,2015-04-27,13099,3577,1,1,0,0
769,2,2015-04-28,12716,3541,1,1,0,0
769,3,2015-04-29,14383,3661,1,1,0,0
769,4,2015-04-30,18177,4510,1,1,0,0
769,5,2015-05-01,15302,3353,1,1,a,0
769,6,2015-05-02,12299,3562,1,0,0,0
769,7,2015-05-03,12387,2951,1,0,0,0
769,1,2015-05-04,14179,3968,1,1,0,0
769,2,2015-05-05,11783,3201,1,1,0,0
769,3,2015-05-06,12078,3161,1,1,0,0
769,4,2015-05-07,12405,3292,1,1,0,0
769,5,2015-05-08,11886,3564,1,1,0,0
769,6,2015-05-09,11731,3541,1,0,0,0
769,7,2015-05-10,11893,2853,1,0,0,0
769,1,2015-05-11,12348,3954,1,0,0,0
769,2,2015-05-12,11195,3611,1,0,0,0
769,3,2015-05-13,14492,4160,1,0,0,0
769,4,2015-05-14,13929,3270,1,0,a,0
769,5,2015-05-15,12032,3661,1,0,0,0
769,6,2015-05-16,10702,3126,1,0,0,0
769,7,2015-05-17,11332,2944,1,0,0,0
769,1,2015-05-18,13560,3878,1,1,0,0
769,2,2015-05-19,12496,3594,1,1,0,0
769,3,2015-05-20,11770,3218,1,1,0,0
769,4,2015-05-21,11160,3246,1,1,0,0
769,5,2015-05-22,14140,3843,1,1,0,0
769,6,2015-05-23,13654,3758,1,0,0,0
769,7,2015-05-24,14155,3201,1,0,0,0
769,1,2015-05-25,13676,3124,1,0,a,0
769,2,2015-05-26,12150,3598,1,0,0,1
769,3,2015-05-27,10928,3425,1,0,0,0
769,4,2015-05-28,11760,3473,1,0,0,0
769,5,2015-05-29,14120,4023,1,0,0,0
769,6,2015-05-30,16575,4360,1,0,0,0
769,7,2015-05-31,14316,3324,1,0,0,0
769,1,2015-06-01,14012,3857,1,1,0,0
769,2,2015-06-02,13097,3658,1,1,0,0
769,3,2015-06-03,14939,4050,1,1,0,0
769,4,2015-06-04,13810,3303,1,1,a,0
769,5,2015-06-05,14128,4382,1,1,0,0
769,6,2015-06-06,10217,3178,1,0,0,0
769,7,2015-06-07,12288,3059,1,0,0,0
769,1,2015-06-08,12127,3644,1,0,0,0
769,2,2015-06-09,12268,3371,1,0,0,0
769,3,2015-06-10,11077,3456,1,0,0,0
769,4,2015-06-11,11834,3747,1,0,0,0
769,5,2015-06-12,13268,4256,1,0,0,0
769,6,2015-06-13,10940,3359,1,0,0,0
769,7,2015-06-14,11952,2930,1,0,0,0
769,1,2015-06-15,13623,3751,1,1,0,0
769,2,2015-06-16,12450,3488,1,1,0,0
769,3,2015-06-17,12982,3712,1,1,0,0
769,4,2015-06-18,11388,3410,1,1,0,0
769,5,2015-06-19,12692,3556,1,1,0,0
769,6,2015-06-20,9986,2984,1,0,0,0
769,7,2015-06-21,11078,2697,1,0,0,0
769,1,2015-06-22,11729,3286,1,0,0,0
769,2,2015-06-23,11138,3314,1,0,0,0
769,3,2015-06-24,11741,3436,1,0,0,0
769,4,2015-06-25,11453,3591,1,0,0,0
769,5,2015-06-26,13728,3725,1,0,0,0
769,6,2015-06-27,11246,3171,1,0,0,0
769,7,2015-06-28,12117,2769,1,0,0,0
769,1,2015-06-29,14566,3865,1,1,0,1
769,2,2015-06-30,15979,3901,1,1,0,1
769,3,2015-07-01,14985,4424,1,1,0,1
769,4,2015-07-02,14635,4582,1,1,0,1
769,5,2015-07-03,14553,4300,1,1,0,1
769,6,2015-07-04,12477,4136,1,0,0,0
769,7,2015-07-05,11731,2768,1,0,0,0
769,1,2015-07-06,11751,3531,1,0,0,1
769,2,2015-07-07,11273,3579,1,0,0,1
769,3,2015-07-08,11463,3267,1,0,0,1
769,4,2015-07-09,11141,3196,1,0,0,1
769,5,2015-07-10,11010,3444,1,0,0,1
769,6,2015-07-11,10284,3263,1,0,0,0
769,7,2015-07-12,12004,2635,1,0,0,0
769,1,2015-07-13,12218,3268,1,1,0,1
769,2,2015-07-14,16458,3302,1,1,0,1
769,3,2015-07-15,13615,3246,1,1,0,1
769,4,2015-07-16,11760,3464,1,1,0,1
769,5,2015-07-17,14323,4050,1,1,0,1
769,6,2015-07-18,11720,3150,1,0,0,0
769,7,2015-07-19,11885,2826,1,0,0,0
769,1,2015-07-20,11011,3274,1,0,0,1
769,2,2015-07-21,10084,3156,1,0,0,1
769,3,2015-07-22,11993,3096,1,0,0,1
769,4,2015-07-23,9945,3132,1,0,0,1
769,5,2015-07-24,11966,3786,1,0,0,1
769,6,2015-07-25,10723,2873,1,0,0,0
769,7,2015-07-26,11075,2783,1,0,0,0
769,1,2015-07-27,13290,3105,1,1,0,1
769,2,2015-07-28,10411,2955,1,1,0,1
769,3,2015-07-29,10717,2892,1,1,0,1
769,4,2015-07-30,11231,3099,1,1,0,1
769,5,2015-07-31,13738,3630,1,1,0,1
788,2,2013-01-01,0,0,0,0,a,1
788,3,2013-01-02,17934,1791,1,0,0,1
788,4,2013-01-03,16016,1622,1,0,0,1
788,5,2013-01-04,15499,1481,1,0,0,1
788,6,2013-01-05,15622,1476,1,0,0,0
788,7,2013-01-06,0,0,0,0,0,0
788,1,2013-01-07,26008,2270,1,1,0,0
788,2,2013-01-08,19143,1834,1,1,0,0
788,3,2013-01-09,17709,1728,1,1,0,0
788,4,2013-01-10,17391,1640,1,1,0,0
788,5,2013-01-11,20030,1885,1,1,0,0
788,6,2013-01-12,15724,1433,1,0,0,0
788,7,2013-01-13,0,0,0,0,0,0
788,1,2013-01-14,15501,1631,1,0,0,0
788,2,2013-01-15,15053,1623,1,0,0,0
788,3,2013-01-16,14498,1521,1,0,0,0
788,4,2013-01-17,15101,1565,1,0,0,0
788,5,2013-01-18,14421,1500,1,0,0,0
788,6,2013-01-19,14434,1329,1,0,0,0
788,7,2013-01-20,0,0,0,0,0,0
788,1,2013-01-21,20820,1922,1,1,0,0
788,2,2013-01-22,18396,1718,1,1,0,0
788,3,2013-01-23,17521,1672,1,1,0,0
788,4,2013-01-24,17426,1684,1,1,0,0
788,5,2013-01-25,18063,1767,1,1,0,0
788,6,2013-01-26,15473,1375,1,0,0,0
788,7,2013-01-27,0,0,0,0,0,0
788,1,2013-01-28,16483,1768,1,0,0,0
788,2,2013-01-29,14081,1467,1,0,0,0
788,3,2013-01-30,15055,1540,1,0,0,0
788,4,2013-01-31,17134,1724,1,0,0,0
788,5,2013-02-01,19072,1812,1,0,0,0
788,6,2013-02-02,16803,1433,1,0,0,0
788,7,2013-02-03,0,0,0,0,0,0
788,1,2013-02-04,23034,2034,1,1,0,1
788,2,2013-02-05,20427,1901,1,1,0,1
788,3,2013-02-06,19937,1829,1,1,0,1
788,4,2013-02-07,17327,1707,1,1,0,1
788,5,2013-02-08,17017,1623,1,1,0,1
788,6,2013-02-09,14237,1341,1,0,0,0
788,7,2013-02-10,0,0,0,0,0,0
788,1,2013-02-11,17536,1755,1,0,0,0
788,2,2013-02-12,15174,1670,1,0,0,0
788,3,2013-02-13,16340,1681,1,0,0,0
788,4,2013-02-14,15599,1638,1,0,0,0
788,5,2013-02-15,15367,1601,1,0,0,0
788,6,2013-02-16,15052,1411,1,0,0,0
788,7,2013-02-17,0,0,0,0,0,0
788,1,2013-02-18,23505,2130,1,1,0,0
788,2,2013-02-19,18202,1716,1,1,0,0
788,3,2013-02-20,17231,1660,1,1,0,0
788,4,2013-02-21,17609,1763,1,1,0,0
788,5,2013-02-22,18521,1743,1,1,0,0
788,6,2013-02-23,13550,1309,1,0,0,0
788,7,2013-02-24,0,0,0,0,0,0
788,1,2013-02-25,16644,1718,1,0,0,0
788,2,2013-02-26,14797,1568,1,0,0,0
788,3,2013-02-27,15318,1580,1,0,0,0
788,4,2013-02-28,17404,1780,1,0,0,0
788,5,2013-03-01,17315,1795,1,0,0,0
788,6,2013-03-02,17253,1515,1,0,0,0
788,7,2013-03-03,0,0,0,0,0,0
788,1,2013-03-04,25439,2312,1,1,0,0
788,2,2013-03-05,22504,2020,1,1,0,0
788,3,2013-03-06,19484,1899,1,1,0,0
788,4,2013-03-07,18529,1814,1,1,0,0
788,5,2013-03-08,17680,1720,1,1,0,0
788,6,2013-03-09,15344,1386,1,0,0,0
788,7,2013-03-10,0,0,0,0,0,0
788,1,2013-03-11,15634,1672,1,0,0,0
788,2,2013-03-12,16401,1710,1,0,0,0
788,3,2013-03-13,15432,1633,1,0,0,0
788,4,2013-03-14,15116,1571,1,0,0,0
788,5,2013-03-15,15930,1575,1,0,0,0
788,6,2013-03-16,15771,1421,1,0,0,0
788,7,2013-03-17,0,0,0,0,0,0
788,1,2013-03-18,22090,1975,1,1,0,0
788,2,2013-03-19,16934,1620,1,1,0,0
788,3,2013-03-20,18425,1778,1,1,0,0
788,4,2013-03-21,15930,1582,1,1,0,0
788,5,2013-03-22,18311,1771,1,1,0,0
788,6,2013-03-23,14926,1338,1,0,0,0
788,7,2013-03-24,0,0,0,0,0,0
788,1,2013-03-25,23546,2095,1,1,0,1
788,2,2013-03-26,20498,1928,1,1,0,1
788,3,2013-03-27,19393,1862,1,1,0,1
788,4,2013-03-28,23822,2197,1,1,0,1
788,5,2013-03-29,0,0,0,1,b,1
788,6,2013-03-30,18650,1689,1,0,0,0
788,7,2013-03-31,0,0,0,0,0,0
788,1,2013-04-01,0,0,0,0,b,1
788,2,2013-04-02,17940,1834,1,0,0,1
788,3,2013-04-03,16627,1620,1,0,0,1
788,4,2013-04-04,15600,1569,1,0,0,1
788,5,2013-04-05,15309,1534,1,0,0,1
788,6,2013-04-06,13764,1313,1,0,0,0
788,7,2013-04-07,0,0,0,0,0,0
788,1,2013-04-08,22034,2195,1,1,0,0
788,2,2013-04-09,18746,1879,1,1,0,0
788,3,2013-04-10,17501,1729,1,1,0,0
788,4,2013-04-11,15822,1627,1,1,0,0
788,5,2013-04-12,18047,1729,1,1,0,0
788,6,2013-04-13,14035,1338,1,0,0,0
788,7,2013-04-14,0,0,0,0,0,0
788,1,2013-04-15,16063,1730,1,0,0,0
788,2,2013-04-16,14780,1597,1,0,0,0
788,3,2013-04-17,15092,1640,1,0,0,0
788,4,2013-04-18,13504,1488,1,0,0,0
788,5,2013-04-19,15456,1585,1,0,0,0
788,6,2013-04-20,14776,1338,1,0,0,0
788,7,2013-04-21,0,0,0,0,0,0
788,1,2013-04-22,23523,2227,1,1,0,0
788,2,2013-04-23,18827,1830,1,1,0,0
788,3,2013-04-24,17834,1831,1,1,0,0
788,4,2013-04-25,16542,1690,1,1,0,0
788,5,2013-04-26,16444,1703,1,1,0,0
788,6,2013-04-27,14096,1320,1,0,0,0
788,7,2013-04-28,0,0,0,0,0,0
788,1,2013-04-29,23679,2166,1,1,0,0
788,2,2013-04-30,23523,2187,1,1,0,0
788,3,2013-05-01,0,0,0,1,a,0
788,4,2013-05-02,22004,2160,1,1,0,0
788,5,2013-05-03,21633,2013,1,1,0,0
788,6,2013-05-04,15004,1490,1,0,0,0
788,7,2013-05-05,0,0,0,0,0,0
788,1,2013-05-06,17640,1853,1,0,0,0
788,2,2013-05-07,16008,1671,1,0,0,0
788,3,2013-05-08,18138,1823,1,0,0,0
788,4,2013-05-09,0,0,0,0,a,0
788,5,2013-05-10,19800,1879,1,0,0,1
788,6,2013-05-11,14621,1407,1,0,0,0
788,7,2013-05-12,0,0,0,0,0,0
788,1,2013-05-13,23247,2152,1,1,0,0
788,2,2013-05-14,19375,1846,1,1,0,0
788,3,2013-05-15,18285,1804,1,1,0,0
788,4,2013-05-16,18181,1820,1,1,0,0
788,5,2013-05-17,18486,1806,1,1,0,0
788,6,2013-05-18,15058,1320,1,0,0,0
788,7,2013-05-19,0,0,0,0,0,0
788,1,2013-05-20,0,0,0,0,a,0
788,2,2013-05-21,20118,1968,1,0,0,1
788,3,2013-05-22,13549,1434,1,0,0,0
788,4,2013-05-23,16100,1671,1,0,0,0
788,5,2013-05-24,15587,1575,1,0,0,0
788,6,2013-05-25,13900,1204,1,0,0,0
788,7,2013-05-26,0,0,0,0,0,0
788,1,2013-05-27,22529,2116,1,1,0,0
788,2,2013-05-28,19459,1825,1,1,0,0
788,3,2013-05-29,17686,1688,1,1,0,0
788,4,2013-05-30,18563,1759,1,1,0,0
788,5,2013-05-31,19750,1799,1,1,0,0
788,6,2013-06-01,17313,1514,1,0,0,0
788,7,2013-06-02,0,0,0,0,0,0
788,1,2013-06-03,24181,2191,1,1,0,0
788,2,2013-06-04,19945,1922,1,1,0,0
788,3,2013-06-05,18995,1786,1,1,0,0
788,4,2013-06-06,17595,1745,1,1,0,0
788,5,2013-06-07,17539,1764,1,1,0,0
788,6,2013-06-08,13962,1333,1,0,0,0
788,7,2013-06-09,0,0,0,0,0,0
788,1,2013-06-10,17346,1770,1,0,0,0
788,2,2013-06-11,15969,1681,1,0,0,0
788,3,2013-06-12,15519,1617,1,0,0,0
788,4,2013-06-13,13951,1528,1,0,0,0
788,5,2013-06-14,15289,1577,1,0,0,0
788,6,2013-06-15,16539,1483,1,0,0,0
788,7,2013-06-16,0,0,0,0,0,0
788,1,2013-06-17,23780,2163,1,1,0,0
788,2,2013-06-18,19712,1865,1,1,0,0
788,3,2013-06-19,17452,1660,1,1,0,1
788,4,2013-06-20,17637,1677,1,1,0,1
788,5,2013-06-21,19170,1746,1,1,0,1
788,6,2013-06-22,14272,1337,1,0,0,0
788,7,2013-06-23,0,0,0,0,0,0
788,1,2013-06-24,18154,1813,1,0,0,1
788,2,2013-06-25,11649,1161,1,0,0,1
788,3,2013-06-26,16629,1603,1,0,0,1
788,4,2013-06-27,15254,1487,1,0,0,1
788,5,2013-06-28,16427,1654,1,0,0,1
788,6,2013-06-29,16187,1417,1,0,0,0
788,7,2013-06-30,0,0,0,0,0,0
788,1,2013-07-01,24383,2207,1,1,0,1
788,2,2013-07-02,20675,1894,1,1,0,1
788,3,2013-07-03,18478,1783,1,1,0,1
788,4,2013-07-04,18332,1759,1,1,0,1
788,5,2013-07-05,17871,1679,1,1,0,1
788,6,2013-07-06,13817,1251,1,0,0,0
788,7,2013-07-07,0,0,0,0,0,0
788,1,2013-07-08,16197,1670,1,0,0,1
788,2,2013-07-09,13972,1492,1,0,0,1
788,3,2013-07-10,15063,1606,1,0,0,1
788,4,2013-07-11,13370,1428,1,0,0,1
788,5,2013-07-12,14482,1422,1,0,0,1
788,6,2013-07-13,13748,1241,1,0,0,0
788,7,2013-07-14,0,0,0,0,0,0
788,1,2013-07-15,23927,2079,1,1,0,1
788,2,2013-07-16,19279,1742,1,1,0,1
788,3,2013-07-17,17933,1698,1,1,0,1
788,4,2013-07-18,15927,1590,1,1,0,1
788,5,2013-07-19,17341,1697,1,1,0,1
788,6,2013-07-20,13363,1228,1,0,0,0
788,7,2013-07-21,0,0,0,0,0,0
788,1,2013-07-22,14165,1530,1,0,0,1
788,2,2013-07-23,13510,1436,1,0,0,1
788,3,2013-07-24,13123,1441,1,0,0,1
788,4,2013-07-25,12282,1368,1,0,0,1
788,5,2013-07-26,12995,1381,1,0,0,1
788,6,2013-07-27,11661,1134,1,0,0,0
788,7,2013-07-28,0,0,0,0,0,0
788,1,2013-07-29,22293,1992,1,1,0,1
788,2,2013-07-30,20387,1852,1,1,0,1
788,3,2013-07-31,23214,2048,1,1,0,1
788,4,2013-08-01,19788,1977,1,1,0,1
788,5,2013-08-02,17880,1722,1,1,0,1
788,6,2013-08-03,14914,1413,1,0,0,0
788,7,2013-08-04,0,0,0,0,0,0
788,1,2013-08-05,18792,1987,1,0,0,0
788,2,2013-08-06,15301,1713,1,0,0,0
788,3,2013-08-07,15867,1695,1,0,0,0
788,4,2013-08-08,14555,1560,1,0,0,0
788,5,2013-08-09,15500,1595,1,0,0,0
788,6,2013-08-10,14193,1369,1,0,0,0
788,7,2013-08-11,0,0,0,0,0,0
788,1,2013-08-12,23563,2230,1,1,0,0
788,2,2013-08-13,20372,2047,1,1,0,0
788,3,2013-08-14,20108,1970,1,1,0,0
788,4,2013-08-15,17873,1852,1,1,0,0
788,5,2013-08-16,19029,1890,1,1,0,0
788,6,2013-08-17,14604,1371,1,0,0,0
788,7,2013-08-18,0,0,0,0,0,0
788,1,2013-08-19,15658,1733,1,0,0,0
788,2,2013-08-20,14840,1664,1,0,0,0
788,3,2013-08-21,14260,1560,1,0,0,0
788,4,2013-08-22,14801,1611,1,0,0,0
788,5,2013-08-23,13491,1508,1,0,0,0
788,6,2013-08-24,12918,1306,1,0,0,0
788,7,2013-08-25,0,0,0,0,0,0
788,1,2013-08-26,22758,2115,1,1,0,0
788,2,2013-08-27,18761,1902,1,1,0,0
788,3,2013-08-28,18625,1844,1,1,0,0
788,4,2013-08-29,17875,1747,1,1,0,0
788,5,2013-08-30,20087,1928,1,1,0,0
788,6,2013-08-31,14492,1327,1,0,0,0
788,7,2013-09-01,0,0,0,0,0,0
788,1,2013-09-02,16064,1721,1,0,0,0
788,2,2013-09-03,15681,1659,1,0,0,0
788,3,2013-09-04,15696,1678,1,0,0,0
788,4,2013-09-05,14958,1619,1,0,0,0
788,5,2013-09-06,14898,1552,1,0,0,0
788,6,2013-09-07,13648,1333,1,0,0,0
788,7,2013-09-08,0,0,0,0,0,0
788,1,2013-09-09,19112,1874,1,1,0,0
788,2,2013-09-10,20077,1844,1,1,0,0
788,3,2013-09-11,19316,1823,1,1,0,0
788,4,2013-09-12,18597,1798,1,1,0,0
788,5,2013-09-13,19811,1881,1,1,0,0
788,6,2013-09-14,13933,1302,1,0,0,0
788,7,2013-09-15,0,0,0,0,0,0
788,1,2013-09-16,15656,1756,1,0,0,0
788,2,2013-09-17,15767,1713,1,0,0,0
788,3,2013-09-18,12590,1339,1,0,0,0
788,4,2013-09-19,14511,1546,1,0,0,0
788,5,2013-09-20,13949,1456,1,0,0,0
788,6,2013-09-21,14873,1344,1,0,0,0
788,7,2013-09-22,0,0,0,0,0,0
788,1,2013-09-23,21719,1968,1,1,0,0
788,2,2013-09-24,16628,1643,1,1,0,0
788,3,2013-09-25,19438,1855,1,1,0,0
788,4,2013-09-26,17509,1722,1,1,0,0
788,5,2013-09-27,18235,1825,1,1,0,0
788,6,2013-09-28,15702,1411,1,0,0,0
788,7,2013-09-29,0,0,0,0,0,0
788,1,2013-09-30,18596,1900,1,0,0,1
788,2,2013-10-01,16698,1701,1,0,0,1
788,3,2013-10-02,16557,1737,1,0,0,1
788,4,2013-10-03,0,0,0,0,a,1
788,5,2013-10-04,17613,1741,1,0,0,1
788,6,2013-10-05,14692,1356,1,0,0,0
788,7,2013-10-06,0,0,0,0,0,0
788,1,2013-10-07,23986,2207,1,1,0,1
788,2,2013-10-08,20199,1901,1,1,0,1
788,3,2013-10-09,18678,1818,1,1,0,1
788,4,2013-10-10,16346,1531,1,1,0,1
788,5,2013-10-11,18962,1854,1,1,0,1
788,6,2013-10-12,14447,1349,1,0,0,0
788,7,2013-10-13,0,0,0,0,0,0
788,1,2013-10-14,17408,1874,1,0,0,0
788,2,2013-10-15,13992,1520,1,0,0,0
788,3,2013-10-16,15274,1692,1,0,0,0
788,4,2013-10-17,14402,1531,1,0,0,0
788,5,2013-10-18,15727,1653,1,0,0,0
788,6,2013-10-19,15868,1431,1,0,0,0
788,7,2013-10-20,0,0,0,0,0,0
788,1,2013-10-21,23139,2282,1,1,0,0
788,2,2013-10-22,17796,1813,1,1,0,0
788,3,2013-10-23,18209,1799,1,1,0,0
788,4,2013-10-24,18078,1799,1,1,0,0
788,5,2013-10-25,18503,1809,1,1,0,0
788,6,2013-10-26,14737,1393,1,0,0,0
788,7,2013-10-27,0,0,0,0,0,0
788,1,2013-10-28,14890,1598,1,0,0,0
788,2,2013-10-29,16320,1671,1,0,0,0
788,3,2013-10-30,16894,1755,1,0,0,0
788,4,2013-10-31,17882,1858,1,0,0,0
788,5,2013-11-01,17717,1777,1,0,0,0
788,6,2013-11-02,17143,1538,1,0,0,0
788,7,2013-11-03,0,0,0,0,0,0
788,1,2013-11-04,22954,2101,1,1,0,0
788,2,2013-11-05,22165,2058,1,1,0,0
788,3,2013-11-06,18629,1884,1,1,0,0
788,4,2013-11-07,18542,1889,1,1,0,0
788,5,2013-11-08,18924,1851,1,1,0,0
788,6,2013-11-09,16604,1515,1,0,0,0
788,7,2013-11-10,0,0,0,0,0,0
788,1,2013-11-11,15840,1736,1,0,0,0
788,2,2013-11-12,15944,1686,1,0,0,0
788,3,2013-11-13,16012,1670,1,0,0,0
788,4,2013-11-14,15037,1595,1,0,0,0
788,5,2013-11-15,16695,1617,1,0,0,0
788,6,2013-11-16,16051,1405,1,0,0,0
788,7,2013-11-17,0,0,0,0,0,0
788,1,2013-11-18,23827,2182,1,1,0,0
788,2,2013-11-19,20538,1930,1,1,0,0
788,3,2013-11-20,15520,1499,1,1,0,0
788,4,2013-11-21,19572,1899,1,1,0,0
788,5,2013-11-22,18044,1676,1,1,0,0
788,6,2013-11-23,16670,1473,1,0,0,0
788,7,2013-11-24,0,0,0,0,0,0
788,1,2013-11-25,18859,1841,1,0,0,0
788,2,2013-11-26,17147,1724,1,0,0,0
788,3,2013-11-27,16694,1616,1,0,0,0
788,4,2013-11-28,17541,1755,1,0,0,0
788,5,2013-11-29,20129,1803,1,0,0,0
788,6,2013-11-30,20126,1733,1,0,0,0
788,7,2013-12-01,0,0,0,0,0,0
788,1,2013-12-02,28050,2426,1,1,0,0
788,2,2013-12-03,23123,2132,1,1,0,0
788,3,2013-12-04,21972,1876,1,1,0,0
788,4,2013-12-05,23506,1981,1,1,0,0
788,5,2013-12-06,15921,1528,1,1,0,0
788,6,2013-12-07,16106,1432,1,0,0,0
788,7,2013-12-08,0,0,0,0,0,0
788,1,2013-12-09,17735,1739,1,0,0,0
788,2,2013-12-10,17909,1756,1,0,0,0
788,3,2013-12-11,17242,1687,1,0,0,0
788,4,2013-12-12,16484,1618,1,0,0,0
788,5,2013-12-13,17879,1707,1,0,0,0
788,6,2013-12-14,18266,1508,1,0,0,0
788,7,2013-12-15,0,0,0,0,0,0
788,1,2013-12-16,32170,2625,1,1,0,0
788,2,2013-12-17,26153,2255,1,1,0,0
788,3,2013-12-18,24254,2097,1,1,0,0
788,4,2013-12-19,23673,2111,1,1,0,0
788,5,2013-12-20,26189,2238,1,1,0,0
788,6,2013-12-21,20254,1777,1,0,0,0
788,7,2013-12-22,0,0,0,0,0,0
788,1,2013-12-23,28448,2643,1,0,0,1
788,2,2013-12-24,11151,1092,1,0,0,1
788,3,2013-12-25,0,0,0,0,c,1
788,4,2013-12-26,0,0,0,0,c,1
788,5,2013-12-27,17575,1773,1,0,0,1
788,6,2013-12-28,14956,1366,1,0,0,0
788,7,2013-12-29,0,0,0,0,0,0
788,1,2013-12-30,25179,2251,1,0,0,1
788,2,2013-12-31,10408,1119,1,0,0,1
788,3,2014-01-01,0,0,0,0,a,1
788,4,2014-01-02,18016,1773,1,0,0,1
788,5,2014-01-03,16788,1715,1,0,0,1
788,6,2014-01-04,14948,1445,1,0,0,0
788,7,2014-01-05,0,0,0,0,0,0
788,1,2014-01-06,24962,2202,1,1,0,0
788,2,2014-01-07,22797,2080,1,1,0,0
788,3,2014-01-08,20410,1905,1,1,0,0
788,4,2014-01-09,17968,1799,1,1,0,0
788,5,2014-01-10,18544,1815,1,1,0,0
788,6,2014-01-11,15157,1488,1,0,0,0
788,7,2014-01-12,0,0,0,0,0,0
788,1,2014-01-13,16013,1725,1,0,0,0
788,2,2014-01-14,14927,1619,1,0,0,0
788,3,2014-01-15,14244,1550,1,0,0,0
788,4,2014-01-16,12743,1359,1,0,0,0
788,5,2014-01-17,15790,1641,1,0,0,0
788,6,2014-01-18,15898,1479,1,0,0,0
788,7,2014-01-19,0,0,0,0,0,0
788,1,2014-01-20,19931,1706,1,1,0,0
788,2,2014-01-21,19000,1735,1,1,0,0
788,3,2014-01-22,18520,1703,1,1,0,0
788,4,2014-01-23,17401,1710,1,1,0,0
788,5,2014-01-24,18339,1671,1,1,0,0
788,6,2014-01-25,14611,1296,1,0,0,0
788,7,2014-01-26,0,0,0,0,0,0
788,1,2014-01-27,13610,1466,1,0,0,0
788,2,2014-01-28,15617,1601,1,0,0,0
788,3,2014-01-29,14850,1559,1,0,0,0
788,4,2014-01-30,14925,1514,1,0,0,0
788,5,2014-01-31,18480,1804,1,0,0,0
788,6,2014-02-01,17507,1530,1,0,0,0
788,7,2014-02-02,0,0,0,0,0,0
788,1,2014-02-03,25218,2174,1,1,0,1
788,2,2014-02-04,22290,1974,1,1,0,1
788,3,2014-02-05,19745,1829,1,1,0,1
788,4,2014-02-06,18121,1746,1,1,0,1
788,5,2014-02-07,18520,1745,1,1,0,1
788,6,2014-02-08,15228,1402,1,0,0,0
788,7,2014-02-09,0,0,0,0,0,0
788,1,2014-02-10,16663,1815,1,0,0,0
788,2,2014-02-11,15147,1627,1,0,0,0
788,3,2014-02-12,16544,1728,1,0,0,0
788,4,2014-02-13,15962,1643,1,0,0,0
788,5,2014-02-14,15942,1644,1,0,0,0
788,6,2014-02-15,14419,1349,1,0,0,0
788,7,2014-02-16,0,0,0,0,0,0
788,1,2014-02-17,24766,2259,1,1,0,0
788,2,2014-02-18,20802,1965,1,1,0,0
788,3,2014-02-19,18395,1740,1,1,0,0
788,4,2014-02-20,18464,1789,1,1,0,0
788,5,2014-02-21,17628,1715,1,1,0,0
788,6,2014-02-22,15508,1421,1,0,0,0
788,7,2014-02-23,0,0,0,0,0,0
788,1,2014-02-24,16680,1827,1,0,0,0
788,2,2014-02-25,15680,1761,1,0,0,0
788,3,2014-02-26,14740,1604,1,0,0,0
788,4,2014-02-27,15000,1687,1,0,0,0
788,5,2014-02-28,18668,1825,1,0,0,0
788,6,2014-03-01,17975,1561,1,0,0,0
788,7,2014-03-02,0,0,0,0,0,0
788,1,2014-03-03,25533,2342,1,1,0,0
788,2,2014-03-04,21487,2014,1,1,0,0
788,3,2014-03-05,20218,1963,1,1,0,0
788,4,2014-03-06,19393,1898,1,1,0,0
788,5,2014-03-07,19357,1880,1,1,0,0
788,6,2014-03-08,16055,1466,1,0,0,0
788,7,2014-03-09,0,0,0,0,0,0
788,1,2014-03-10,16698,1790,1,0,0,0
788,2,2014-03-11,15719,1735,1,0,0,0
788,3,2014-03-12,15168,1635,1,0,0,0
788,4,2014-03-13,14203,1592,1,0,0,0
788,5,2014-03-14,15502,1597,1,0,0,0
788,6,2014-03-15,14657,1356,1,0,0,0
788,7,2014-03-16,0,0,0,0,0,0
788,1,2014-03-17,23679,2162,1,1,0,0
788,2,2014-03-18,18936,1923,1,1,0,0
788,3,2014-03-19,18552,1783,1,1,0,0
788,4,2014-03-20,16716,1730,1,1,0,0
788,5,2014-03-21,17455,1716,1,1,0,0
788,6,2014-03-22,16063,1423,1,0,0,0
788,7,2014-03-23,0,0,0,0,0,0
788,1,2014-03-24,17752,1847,1,0,0,0
788,2,2014-03-25,14216,1569,1,0,0,0
788,3,2014-03-26,16463,1786,1,0,0,0
788,4,2014-03-27,16018,1638,1,0,0,0
788,5,2014-03-28,16491,1644,1,0,0,0
788,6,2014-03-29,15173,1382,1,0,0,0
788,7,2014-03-30,0,0,0,0,0,0
788,1,2014-03-31,26910,2407,1,1,0,0
788,2,2014-04-01,23515,2094,1,1,0,0
788,3,2014-04-02,20739,1977,1,1,0,0
788,4,2014-04-03,19098,1825,1,1,0,0
788,5,2014-04-04,20887,1915,1,1,0,0
788,6,2014-04-05,15817,1413,1,0,0,0
788,7,2014-04-06,0,0,0,0,0,0
788,1,2014-04-07,18238,1875,1,0,0,0
788,2,2014-04-08,16276,1671,1,0,0,0
788,3,2014-04-09,16046,1622,1,0,0,0
788,4,2014-04-10,16964,1681,1,0,0,0
788,5,2014-04-11,16674,1705,1,0,0,0
788,6,2014-04-12,16704,1468,1,0,0,0
788,7,2014-04-13,0,0,0,0,0,0
788,1,2014-04-14,23049,2045,1,1,0,1
788,2,2014-04-15,23387,2076,1,1,0,1
788,3,2014-04-16,22581,2066,1,1,0,1
788,4,2014-04-17,23408,2180,1,1,0,1
788,5,2014-04-18,0,0,0,1,b,1
788,6,2014-04-19,17456,1649,1,0,0,0
788,7,2014-04-20,0,0,0,0,0,0
788,1,2014-04-21,0,0,0,0,b,1
788,2,2014-04-22,18065,1869,1,0,0,1
788,3,2014-04-23,15193,1584,1,0,0,1
788,4,2014-04-24,14879,1551,1,0,0,1
788,5,2014-04-25,15222,1526,1,0,0,1
788,6,2014-04-26,14680,1362,1,0,0,0
788,7,2014-04-27,0,0,0,0,0,0
788,1,2014-04-28,25571,2272,1,1,0,0
788,2,2014-04-29,21814,2068,1,1,0,0
788,3,2014-04-30,25187,2303,1,1,0,0
788,4,2014-05-01,0,0,0,1,a,0
788,5,2014-05-02,24051,2125,1,1,0,1
788,6,2014-05-03,17771,1602,1,0,0,0
788,7,2014-05-04,0,0,0,0,0,0
788,1,2014-05-05,25275,2212,1,1,0,0
788,2,2014-05-06,21534,1988,1,1,0,0
788,3,2014-05-07,20672,1909,1,1,0,0
788,4,2014-05-08,19713,1878,1,1,0,0
788,5,2014-05-09,19087,1794,1,1,0,0
788,6,2014-05-10,16487,1510,1,0,0,0
788,7,2014-05-11,0,0,0,0,0,0
788,1,2014-05-12,16456,1739,1,0,0,0
788,2,2014-05-13,16478,1778,1,0,0,0
788,3,2014-05-14,15324,1600,1,0,0,0
788,4,2014-05-15,14576,1568,1,0,0,0
788,5,2014-05-16,15302,1586,1,0,0,0
788,6,2014-05-17,15175,1380,1,0,0,0
788,7,2014-05-18,0,0,0,0,0,0
788,1,2014-05-19,23981,2213,1,1,0,0
788,2,2014-05-20,19349,1894,1,1,0,0
788,3,2014-05-21,18470,1805,1,1,0,0
788,4,2014-05-22,18832,1802,1,1,0,0
788,5,2014-05-23,18246,1771,1,1,0,0
788,6,2014-05-24,15751,1375,1,0,0,0
788,7,2014-05-25,0,0,0,0,0,0
788,1,2014-05-26,17499,1803,1,0,0,0
788,2,2014-05-27,15097,1574,1,0,0,0
788,3,2014-05-28,16707,1594,1,0,0,0
788,4,2014-05-29,0,0,0,0,a,0
788,5,2014-05-30,23510,2151,1,0,0,1
788,6,2014-05-31,16797,1465,1,0,0,0
788,7,2014-06-01,0,0,0,0,0,0
788,1,2014-06-02,28091,2468,1,1,0,0
788,2,2014-06-03,23900,2112,1,1,0,0
788,3,2014-06-04,20052,1890,1,1,0,0
788,4,2014-06-05,20711,1905,1,1,0,0
788,5,2014-06-06,20736,1984,1,1,0,0
788,6,2014-06-07,16450,1519,1,0,0,0
788,7,2014-06-08,0,0,0,0,0,0
788,1,2014-06-09,0,0,0,0,a,0
788,2,2014-06-10,19361,2040,1,0,0,0
788,3,2014-06-11,15650,1573,1,0,0,0
788,4,2014-06-12,18892,1868,1,0,0,0
788,5,2014-06-13,16541,1629,1,0,0,0
788,6,2014-06-14,15405,1369,1,0,0,0
788,7,2014-06-15,0,0,0,0,0,0
788,1,2014-06-16,23702,2089,1,1,0,0
788,2,2014-06-17,21725,1999,1,1,0,0
788,3,2014-06-18,19711,1956,1,1,0,0
788,4,2014-06-19,18793,1788,1,1,0,0
788,5,2014-06-20,18443,1773,1,1,0,0
788,6,2014-06-21,15624,1369,1,0,0,0
788,7,2014-06-22,0,0,0,0,0,0
788,1,2014-06-23,18373,1888,1,0,0,0
788,2,2014-06-24,15704,1692,1,0,0,0
788,3,2014-06-25,11690,1270,1,0,0,0
788,4,2014-06-26,14546,1521,1,0,0,0
788,5,2014-06-27,16288,1628,1,0,0,0
788,6,2014-06-28,15843,1433,1,0,0,0
788,7,2014-06-29,0,0,0,0,0,0
788,1,2014-06-30,27792,2435,1,1,0,0
788,2,2014-07-01,23796,2091,1,1,0,0
788,3,2014-07-02,21637,2017,1,1,0,0
788,4,2014-07-03,20178,1946,1,1,0,0
788,5,2014-07-04,17100,1699,1,1,0,0
788,6,2014-07-05,16531,1411,1,0,0,0
788,7,2014-07-06,0,0,0,0,0,0
788,1,2014-07-07,19405,1895,1,0,0,0
788,2,2014-07-08,14910,1499,1,0,0,0
788,3,2014-07-09,16979,1660,1,0,0,1
788,4,2014-07-10,17997,1749,1,0,0,1
788,5,2014-07-11,17053,1617,1,0,0,1
788,6,2014-07-12,17411,1487,1,0,0,0
788,7,2014-07-13,0,0,0,0,0,0
788,1,2014-07-14,22475,2014,1,1,0,1
788,2,2014-07-15,20178,1783,1,1,0,1
788,3,2014-07-16,18685,1828,1,1,0,1
788,4,2014-07-17,17583,1689,1,1,0,1
788,5,2014-07-18,16870,1615,1,1,0,1
788,6,2014-07-19,13770,1218,1,0,0,0
788,7,2014-07-20,0,0,0,0,0,0
788,1,2014-07-21,17671,1743,1,0,0,1
788,2,2014-07-22,14325,1450,1,0,0,1
788,3,2014-07-23,15102,1562,1,0,0,1
788,4,2014-07-24,13602,1374,1,0,0,1
788,5,2014-07-25,13738,1330,1,0,0,1
788,6,2014-07-26,13191,1224,1,0,0,0
788,7,2014-07-27,0,0,0,0,0,0
788,1,2014-07-28,21306,1871,1,1,0,1
788,2,2014-07-29,17652,1652,1,1,0,1
788,3,2014-07-30,19328,1769,1,1,0,1
788,4,2014-07-31,21765,1942,1,1,0,1
788,5,2014-08-01,18702,1729,1,1,0,1
788,6,2014-08-02,15185,1331,1,0,0,0
788,7,2014-08-03,0,0,0,0,0,0
788,1,2014-08-04,21596,1976,1,1,0,1
788,2,2014-08-05,18517,1717,1,1,0,1
788,3,2014-08-06,18185,1737,1,1,0,1
788,4,2014-08-07,17558,1720,1,1,0,1
788,5,2014-08-08,18148,1688,1,1,0,1
788,6,2014-08-09,13071,1219,1,0,0,0
788,7,2014-08-10,0,0,0,0,0,0
788,1,2014-08-11,16536,1766,1,0,0,1
788,2,2014-08-12,14473,1559,1,0,0,1
788,3,2014-08-13,14301,1480,1,0,0,1
788,4,2014-08-14,14666,1519,1,0,0,1
788,5,2014-08-15,14532,1529,1,0,0,1
788,6,2014-08-16,13688,1280,1,0,0,0
788,7,2014-08-17,0,0,0,0,0,0
788,1,2014-08-18,22787,2031,1,1,0,1
788,2,2014-08-19,20710,1854,1,1,0,1
788,3,2014-08-20,19281,1806,1,1,0,1
788,4,2014-08-21,16824,1647,1,1,0,1
788,5,2014-08-22,17931,1686,1,1,0,1
788,6,2014-08-23,15140,1321,1,0,0,0
788,7,2014-08-24,0,0,0,0,0,0
788,1,2014-08-25,18870,1962,1,0,0,0
788,2,2014-08-26,16029,1757,1,0,0,0
788,3,2014-08-27,15982,1647,1,0,0,0
788,4,2014-08-28,15170,1639,1,0,0,0
788,5,2014-08-29,17322,1763,1,0,0,0
788,6,2014-08-30,16061,1431,1,0,0,0
788,7,2014-08-31,0,0,0,0,0,0
788,1,2014-09-01,26030,2363,1,1,0,0
788,2,2014-09-02,22459,2137,1,1,0,0
788,3,2014-09-03,20915,1938,1,1,0,0
788,4,2014-09-04,18893,1805,1,1,0,0
788,5,2014-09-05,18878,1772,1,1,0,0
788,6,2014-09-06,15037,1398,1,0,0,0
788,7,2014-09-07,0,0,0,0,0,0
788,1,2014-09-08,17489,1849,1,0,0,0
788,2,2014-09-09,15658,1666,1,0,0,0
788,3,2014-09-10,14587,1526,1,0,0,0
788,4,2014-09-11,14778,1650,1,0,0,0
788,5,2014-09-12,14850,1516,1,0,0,0
788,6,2014-09-13,14617,1370,1,0,0,0
788,7,2014-09-14,0,0,0,0,0,0
788,1,2014-09-15,22298,2111,1,1,0,0
788,2,2014-09-16,18484,1811,1,1,0,0
788,3,2014-09-17,17044,1788,1,1,0,0
788,4,2014-09-18,18098,1765,1,1,0,0
788,5,2014-09-19,17187,1676,1,1,0,0
788,6,2014-09-20,14421,1324,1,0,0,0
788,7,2014-09-21,0,0,0,0,0,0
788,1,2014-09-22,15887,1661,1,0,0,0
788,2,2014-09-23,16465,1681,1,0,0,0
788,3,2014-09-24,14597,1552,1,0,0,0
788,4,2014-09-25,13910,1461,1,0,0,0
788,5,2014-09-26,14493,1525,1,0,0,0
788,6,2014-09-27,14719,1404,1,0,0,0
788,7,2014-09-28,0,0,0,0,0,0
788,1,2014-09-29,21348,2012,1,1,0,0
788,2,2014-09-30,23348,1994,1,1,0,0
788,3,2014-10-01,21809,1970,1,1,0,0
788,4,2014-10-02,20937,1992,1,1,0,0
788,5,2014-10-03,0,0,0,1,a,0
788,6,2014-10-04,17628,1574,1,0,0,0
788,7,2014-10-05,0,0,0,0,0,0
788,1,2014-10-06,22980,2066,1,1,0,0
788,2,2014-10-07,19768,1921,1,1,0,0
788,3,2014-10-08,18993,1816,1,1,0,0
788,4,2014-10-09,17259,1762,1,1,0,0
788,5,2014-10-10,18638,1819,1,1,0,0
788,6,2014-10-11,14977,1381,1,0,0,0
788,7,2014-10-12,0,0,0,0,0,0
788,1,2014-10-13,17337,1870,1,0,0,0
788,2,2014-10-14,17016,1709,1,0,0,0
788,3,2014-10-15,16144,1706,1,0,0,0
788,4,2014-10-16,15138,1510,1,0,0,0
788,5,2014-10-17,16564,1673,1,0,0,0
788,6,2014-10-18,16312,1461,1,0,0,0
788,7,2014-10-19,0,0,0,0,0,0
788,1,2014-10-20,20836,1965,1,1,0,1
788,2,2014-10-21,19489,1838,1,1,0,1
788,3,2014-10-22,14371,1413,1,1,0,1
788,4,2014-10-23,17259,1684,1,1,0,1
788,5,2014-10-24,16363,1614,1,1,0,1
788,6,2014-10-25,13851,1300,1,0,0,0
788,7,2014-10-26,0,0,0,0,0,0
788,1,2014-10-27,15965,1624,1,0,0,1
788,2,2014-10-28,15344,1557,1,0,0,1
788,3,2014-10-29,15885,1576,1,0,0,1
788,4,2014-10-30,15537,1620,1,0,0,1
788,5,2014-10-31,17209,1735,1,0,0,1
788,6,2014-11-01,16337,1497,1,0,0,0
788,7,2014-11-02,0,0,0,0,0,0
788,1,2014-11-03,22524,2117,1,1,0,0
788,2,2014-11-04,21946,2017,1,1,0,0
788,3,2014-11-05,19739,1883,1,1,0,0
788,4,2014-11-06,19326,1855,1,1,0,0
788,5,2014-11-07,20212,1915,1,1,0,0
788,6,2014-11-08,16133,1460,1,0,0,0
788,7,2014-11-09,0,0,0,0,0,0
788,1,2014-11-10,21092,1937,1,1,0,0
788,2,2014-11-11,18903,1786,1,1,0,0
788,3,2014-11-12,19222,1730,1,1,0,0
788,4,2014-11-13,17468,1737,1,1,0,0
788,5,2014-11-14,17630,1725,1,1,0,0
788,6,2014-11-15,16445,1465,1,0,0,0
788,7,2014-11-16,0,0,0,0,0,0
788,1,2014-11-17,18069,1892,1,0,0,0
788,2,2014-11-18,16326,1664,1,0,0,0
788,3,2014-11-19,15013,1536,1,0,0,0
788,4,2014-11-20,15391,1604,1,0,0,0
788,5,2014-11-21,16125,1617,1,0,0,0
788,6,2014-11-22,17068,1480,1,0,0,0
788,7,2014-11-23,0,0,0,0,0,0
788,1,2014-11-24,20532,1852,1,1,0,0
788,2,2014-11-25,20536,1842,1,1,0,0
788,3,2014-11-26,21359,1897,1,1,0,0
788,4,2014-11-27,20421,1822,1,1,0,0
788,5,2014-11-28,21305,1907,1,1,0,0
788,6,2014-11-29,19508,1638,1,0,0,0
788,7,2014-11-30,0,0,0,0,0,0
788,1,2014-12-01,24450,2098,1,1,0,0
788,2,2014-12-02,22139,1974,1,1,0,0
788,3,2014-12-03,22371,1946,1,1,0,0
788,4,2014-12-04,22778,1973,1,1,0,0
788,5,2014-12-05,23549,2022,1,1,0,0
788,6,2014-12-06,17754,1502,1,0,0,0
788,7,2014-12-07,0,0,0,0,0,0
788,1,2014-12-08,19286,1842,1,0,0,0
788,2,2014-12-09,19416,1794,1,0,0,0
788,3,2014-12-10,16222,1542,1,0,0,0
788,4,2014-12-11,16340,1596,1,0,0,0
788,5,2014-12-12,17213,1653,1,0,0,0
788,6,2014-12-13,17534,1499,1,0,0,0
788,7,2014-12-14,0,0,0,0,0,0
788,1,2014-12-15,26813,2281,1,1,0,0
788,2,2014-12-16,24785,2070,1,1,0,0
788,3,2014-12-17,22665,1897,1,1,0,0
788,4,2014-12-18,23540,2032,1,1,0,0
788,5,2014-12-19,22784,1890,1,1,0,0
788,6,2014-12-20,20851,1621,1,0,0,0
788,7,2014-12-21,0,0,0,0,0,0
788,1,2014-12-22,25167,2252,1,0,0,1
788,2,2014-12-23,26675,2346,1,0,0,1
788,3,2014-12-24,11834,1102,1,0,0,1
788,4,2014-12-25,0,0,0,0,c,1
788,5,2014-12-26,0,0,0,0,c,1
788,6,2014-12-27,16398,1453,1,0,0,0
788,7,2014-12-28,0,0,0,0,0,0
788,1,2014-12-29,19288,1779,1,0,0,1
788,2,2014-12-30,20132,1778,1,0,0,1
788,3,2014-12-31,11730,1137,1,0,0,1
788,4,2015-01-01,0,0,0,0,a,1
788,5,2015-01-02,18327,1702,1,0,0,1
788,6,2015-01-03,15638,1386,1,0,0,0
788,7,2015-01-04,0,0,0,0,0,0
788,1,2015-01-05,22220,1970,1,1,0,0
788,2,2015-01-06,19728,1846,1,1,0,0
788,3,2015-01-07,17600,1715,1,1,0,0
788,4,2015-01-08,16747,1611,1,1,0,0
788,5,2015-01-09,14408,1387,1,1,0,0
788,6,2015-01-10,16554,1408,1,0,0,0
788,7,2015-01-11,0,0,0,0,0,0
788,1,2015-01-12,18909,1841,1,1,0,0
788,2,2015-01-13,19522,1895,1,1,0,0
788,3,2015-01-14,18352,1707,1,1,0,0
788,4,2015-01-15,16381,1498,1,1,0,0
788,5,2015-01-16,18775,1783,1,1,0,0
788,6,2015-01-17,15908,1427,1,0,0,0
788,7,2015-01-18,0,0,0,0,0,0
788,1,2015-01-19,16106,1639,1,0,0,0
788,2,2015-01-20,14191,1501,1,0,0,0
788,3,2015-01-21,14629,1576,1,0,0,0
788,4,2015-01-22,14730,1516,1,0,0,0
788,5,2015-01-23,15747,1576,1,0,0,0
788,6,2015-01-24,15997,1398,1,0,0,0
788,7,2015-01-25,0,0,0,0,0,0
788,1,2015-01-26,20563,1881,1,1,0,0
788,2,2015-01-27,18372,1743,1,1,0,0
788,3,2015-01-28,18920,1760,1,1,0,0
788,4,2015-01-29,17787,1686,1,1,0,0
788,5,2015-01-30,20731,1872,1,1,0,0
788,6,2015-01-31,17822,1466,1,0,0,0
788,7,2015-02-01,0,0,0,0,0,0
788,1,2015-02-02,21997,1936,1,1,0,1
788,2,2015-02-03,18558,1711,1,1,0,1
788,3,2015-02-04,16461,1584,1,1,0,1
788,4,2015-02-05,16992,1658,1,1,0,1
788,5,2015-02-06,16903,1600,1,1,0,1
788,6,2015-02-07,15514,1316,1,0,0,0
788,7,2015-02-08,0,0,0,0,0,0
788,1,2015-02-09,17362,1727,1,0,0,0
788,2,2015-02-10,15959,1679,1,0,0,0
788,3,2015-02-11,14554,1519,1,0,0,0
788,4,2015-02-12,15219,1605,1,0,0,0
788,5,2015-02-13,16895,1680,1,0,0,0
788,6,2015-02-14,17186,1601,1,0,0,0
788,7,2015-02-15,0,0,0,0,0,0
788,1,2015-02-16,22375,1981,1,1,0,0
788,2,2015-02-17,18740,1826,1,1,0,0
788,3,2015-02-18,18228,1772,1,1,0,0
788,4,2015-02-19,18506,1729,1,1,0,0
788,5,2015-02-20,18255,1778,1,1,0,0
788,6,2015-02-21,15868,1437,1,0,0,0
788,7,2015-02-22,0,0,0,0,0,0
788,1,2015-02-23,15281,1547,1,0,0,0
788,2,2015-02-24,15822,1681,1,0,0,0
788,3,2015-02-25,15667,1608,1,0,0,0
788,4,2015-02-26,16238,1617,1,0,0,0
788,5,2015-02-27,17145,1722,1,0,0,0
788,6,2015-02-28,18202,1584,1,0,0,0
788,7,2015-03-01,0,0,0,0,0,0
788,1,2015-03-02,24521,2158,1,1,0,0
788,2,2015-03-03,21803,1979,1,1,0,0
788,3,2015-03-04,18871,1727,1,1,0,0
788,4,2015-03-05,18099,1729,1,1,0,0
788,5,2015-03-06,18417,1750,1,1,0,0
788,6,2015-03-07,15636,1412,1,0,0,0
788,7,2015-03-08,0,0,0,0,0,0
788,1,2015-03-09,17770,1817,1,0,0,0
788,2,2015-03-10,15755,1670,1,0,0,0
788,3,2015-03-11,15993,1622,1,0,0,0
788,4,2015-03-12,15190,1524,1,0,0,0
788,5,2015-03-13,16312,1621,1,0,0,0
788,6,2015-03-14,16599,1390,1,0,0,0
788,7,2015-03-15,0,0,0,0,0,0
788,1,2015-03-16,24864,2186,1,1,0,0
788,2,2015-03-17,20890,1936,1,1,0,0
788,3,2015-03-18,19325,1812,1,1,0,0
788,4,2015-03-19,18492,1767,1,1,0,0
788,5,2015-03-20,19043,1727,1,1,0,0
788,6,2015-03-21,16417,1384,1,0,0,0
788,7,2015-03-22,0,0,0,0,0,0
788,1,2015-03-23,18441,1850,1,0,0,0
788,2,2015-03-24,16725,1659,1,0,0,0
788,3,2015-03-25,16120,1633,1,0,0,0
788,4,2015-03-26,14462,1387,1,0,0,0
788,5,2015-03-27,16338,1569,1,0,0,0
788,6,2015-03-28,17799,1485,1,0,0,0
788,7,2015-03-29,0,0,0,0,0,0
788,1,2015-03-30,24015,1987,1,1,0,1
788,2,2015-03-31,20988,1774,1,1,0,1
788,3,2015-04-01,24133,2038,1,1,0,1
788,4,2015-04-02,24788,2121,1,1,0,1
788,5,2015-04-03,0,0,0,1,b,1
788,6,2015-04-04,19127,1752,1,0,0,0
788,7,2015-04-05,0,0,0,0,0,0
788,1,2015-04-06,0,0,0,0,b,1
788,2,2015-04-07,19142,1932,1,0,0,1
788,3,2015-04-08,16536,1606,1,0,0,1
788,4,2015-04-09,14818,1563,1,0,0,1
788,5,2015-04-10,14696,1461,1,0,0,1
788,6,2015-04-11,14577,1314,1,0,0,0
788,7,2015-04-12,0,0,0,0,0,0
788,1,2015-04-13,24970,2168,1,1,0,0
788,2,2015-04-14,22080,1974,1,1,0,0
788,3,2015-04-15,18632,1679,1,1,0,0
788,4,2015-04-16,19110,1752,1,1,0,0
788,5,2015-04-17,19254,1728,1,1,0,0
788,6,2015-04-18,15995,1449,1,0,0,0
788,7,2015-04-19,0,0,0,0,0,0
788,1,2015-04-20,18110,1849,1,0,0,0
788,2,2015-04-21,15972,1633,1,0,0,0
788,3,2015-04-22,15779,1617,1,0,0,0
788,4,2015-04-23,15793,1611,1,0,0,0
788,5,2015-04-24,16063,1582,1,0,0,0
788,6,2015-04-25,15592,1423,1,0,0,0
788,7,2015-04-26,0,0,0,0,0,0
788,1,2015-04-27,23121,2026,1,1,0,0
788,2,2015-04-28,20233,1843,1,1,0,0
788,3,2015-04-29,21189,1895,1,1,0,0
788,4,2015-04-30,23636,2170,1,1,0,0
788,5,2015-05-01,0,0,0,1,a,0
788,6,2015-05-02,20237,1701,1,0,0,0
788,7,2015-05-03,0,0,0,0,0,0
788,1,2015-05-04,25880,2277,1,1,0,0
788,2,2015-05-05,20763,1980,1,1,0,0
788,3,2015-05-06,20937,1943,1,1,0,0
788,4,2015-05-07,20138,1842,1,1,0,0
788,5,2015-05-08,20289,1855,1,1,0,0
788,6,2015-05-09,16532,1431,1,0,0,0
788,7,2015-05-10,0,0,0,0,0,0
788,1,2015-05-11,17301,1731,1,0,0,0
788,2,2015-05-12,16517,1637,1,0,0,0
788,3,2015-05-13,19726,1913,1,0,0,0
788,4,2015-05-14,0,0,0,0,a,0
788,5,2015-05-15,20123,1876,1,0,0,1
788,6,2015-05-16,14919,1323,1,0,0,0
788,7,2015-05-17,0,0,0,0,0,0
788,1,2015-05-18,24900,2163,1,1,0,0
788,2,2015-05-19,18977,1819,1,1,0,0
788,3,2015-05-20,20338,1917,1,1,0,0
788,4,2015-05-21,18837,1773,1,1,0,0
788,5,2015-05-22,18173,1718,1,1,0,0
788,6,2015-05-23,16839,1473,1,0,0,0
788,7,2015-05-24,0,0,0,0,0,0
788,1,2015-05-25,0,0,0,0,a,0
788,2,2015-05-26,19031,1861,1,0,0,1
788,3,2015-05-27,16335,1627,1,0,0,0
788,4,2015-05-28,16574,1629,1,0,0,0
788,5,2015-05-29,18954,1788,1,0,0,0
788,6,2015-05-30,18180,1509,1,0,0,0
788,7,2015-05-31,0,0,0,0,0,0
788,1,2015-06-01,22753,2036,1,1,0,0
788,2,2015-06-02,22792,2043,1,1,0,0
788,3,2015-06-03,21062,1888,1,1,0,0
788,4,2015-06-04,20256,1894,1,1,0,0
788,5,2015-06-05,18990,1785,1,1,0,0
788,6,2015-06-06,15823,1380,1,0,0,0
788,7,2015-06-07,0,0,0,0,0,0
788,1,2015-06-08,18570,1806,1,0,0,0
788,2,2015-06-09,17197,1637,1,0,0,0
788,3,2015-06-10,16101,1641,1,0,0,0
788,4,2015-06-11,16253,1604,1,0,0,0
788,5,2015-06-12,14911,1517,1,0,0,0
788,6,2015-06-13,15417,1335,1,0,0,0
788,7,2015-06-14,0,0,0,0,0,0
788,1,2015-06-15,25268,2168,1,1,0,0
788,2,2015-06-16,20593,1885,1,1,0,0
788,3,2015-06-17,18965,1765,1,1,0,0
788,4,2015-06-18,18575,1658,1,1,0,0
788,5,2015-06-19,18367,1708,1,1,0,0
788,6,2015-06-20,15718,1359,1,0,0,0
788,7,2015-06-21,0,0,0,0,0,0
788,1,2015-06-22,15682,1600,1,0,0,0
788,2,2015-06-23,13394,1400,1,0,0,0
788,3,2015-06-24,14702,1537,1,0,0,0
788,4,2015-06-25,15320,1574,1,0,0,0
788,5,2015-06-26,15484,1514,1,0,0,0
788,6,2015-06-27,16351,1392,1,0,0,0
788,7,2015-06-28,0,0,0,0,0,0
788,1,2015-06-29,24629,2067,1,1,0,0
788,2,2015-06-30,23323,2050,1,1,0,0
788,3,2015-07-01,21409,1876,1,1,0,0
788,4,2015-07-02,19503,1831,1,1,0,0
788,5,2015-07-03,20158,1771,1,1,0,0
788,6,2015-07-04,14375,1257,1,0,0,0
788,7,2015-07-05,0,0,0,0,0,0
788,1,2015-07-06,19122,1826,1,0,0,0
788,2,2015-07-07,16577,1697,1,0,0,0
788,3,2015-07-08,17760,1687,1,0,0,0
788,4,2015-07-09,15299,1548,1,0,0,0
788,5,2015-07-10,16880,1659,1,0,0,0
788,6,2015-07-11,16277,1375,1,0,0,0
788,7,2015-07-12,0,0,0,0,0,0
788,1,2015-07-13,22598,2020,1,1,0,0
788,2,2015-07-14,21223,1795,1,1,0,0
788,3,2015-07-15,23043,1992,1,1,0,0
788,4,2015-07-16,19880,1765,1,1,0,1
788,5,2015-07-17,18889,1705,1,1,0,1
788,6,2015-07-18,15404,1321,1,0,0,0
788,7,2015-07-19,0,0,0,0,0,0
788,1,2015-07-20,17973,1764,1,0,0,1
788,2,2015-07-21,14919,1436,1,0,0,1
788,3,2015-07-22,13723,1445,1,0,0,1
788,4,2015-07-23,14169,1437,1,0,0,1
788,5,2015-07-24,14023,1466,1,0,0,1
788,6,2015-07-25,14397,1174,1,0,0,0
788,7,2015-07-26,0,0,0,0,0,0
788,1,2015-07-27,21319,1866,1,1,0,1
788,2,2015-07-28,17880,1644,1,1,0,1
788,3,2015-07-29,18228,1572,1,1,0,1
788,4,2015-07-30,16693,1586,1,1,0,1
788,5,2015-07-31,18700,1727,1,1,0,1
817,2,2013-01-01,0,0,0,0,a,1
817,3,2013-01-02,25357,3462,1,0,0,1
817,4,2013-01-03,23303,3307,1,0,0,1
817,5,2013-01-04,21996,3105,1,0,0,1
817,6,2013-01-05,15442,2269,1,0,0,0
817,7,2013-01-06,0,0,0,0,0,0
817,1,2013-01-07,32263,4065,1,1,0,0
817,2,2013-01-08,28050,3862,1,1,0,0
817,3,2013-01-09,26550,3680,1,1,0,0
817,4,2013-01-10,24880,3577,1,1,0,0
817,5,2013-01-11,24788,3477,1,1,0,0
817,6,2013-01-12,15156,2245,1,0,0,0
817,7,2013-01-13,0,0,0,0,0,0
817,1,2013-01-14,23674,3515,1,0,0,0
817,2,2013-01-15,23425,3611,1,0,0,0
817,3,2013-01-16,23861,3521,1,0,0,0
817,4,2013-01-17,22756,3499,1,0,0,0
817,5,2013-01-18,21760,3253,1,0,0,0
817,6,2013-01-19,14763,2124,1,0,0,0
817,7,2013-01-20,0,0,0,0,0,0
817,1,2013-01-21,30667,3900,1,1,0,0
817,2,2013-01-22,27190,7388,1,1,0,0
817,3,2013-01-23,26463,3717,1,1,0,0
817,4,2013-01-24,25940,3670,1,1,0,0
817,5,2013-01-25,26322,3560,1,1,0,0
817,6,2013-01-26,15612,2217,1,0,0,0
817,7,2013-01-27,0,0,0,0,0,0
817,1,2013-01-28,23163,3552,1,0,0,0
817,2,2013-01-29,23969,3611,1,0,0,0
817,3,2013-01-30,23950,3526,1,0,0,0
817,4,2013-01-31,25161,3710,1,0,0,0
817,5,2013-02-01,23040,3415,1,0,0,0
817,6,2013-02-02,16066,2231,1,0,0,0
817,7,2013-02-03,0,0,0,0,0,0
817,1,2013-02-04,31649,4067,1,1,0,1
817,2,2013-02-05,29477,3931,1,1,0,1
817,3,2013-02-06,26511,3799,1,1,0,1
817,4,2013-02-07,24683,3617,1,1,0,1
817,5,2013-02-08,23753,3413,1,1,0,1
817,6,2013-02-09,15518,2267,1,0,0,0
817,7,2013-02-10,0,0,0,0,0,0
817,1,2013-02-11,24953,3788,1,0,0,0
817,2,2013-02-12,22438,3612,1,0,0,0
817,3,2013-02-13,23973,3599,1,0,0,0
817,4,2013-02-14,24113,3621,1,0,0,0
817,5,2013-02-15,21698,3382,1,0,0,0
817,6,2013-02-16,16287,2470,1,0,0,0
817,7,2013-02-17,0,0,0,0,0,0
817,1,2013-02-18,30708,3904,1,1,0,0
817,2,2013-02-19,27274,3706,1,1,0,0
817,3,2013-02-20,26492,3523,1,1,0,0
817,4,2013-02-21,25263,3472,1,1,0,0
817,5,2013-02-22,23655,3274,1,1,0,0
817,6,2013-02-23,14057,2057,1,0,0,0
817,7,2013-02-24,0,0,0,0,0,0
817,1,2013-02-25,22607,3401,1,0,0,0
817,2,2013-02-26,21533,3300,1,0,0,0
817,3,2013-02-27,22299,3339,1,0,0,0
817,4,2013-02-28,23407,3535,1,0,0,0
817,5,2013-03-01,22038,3197,1,0,0,0
817,6,2013-03-02,17195,2523,1,0,0,0
817,7,2013-03-03,0,0,0,0,0,0
817,1,2013-03-04,32469,4095,1,1,0,0
817,2,2013-03-05,30246,3976,1,1,0,0
817,3,2013-03-06,26855,3814,1,1,0,0
817,4,2013-03-07,26104,3722,1,1,0,0
817,5,2013-03-08,24881,3471,1,1,0,0
817,6,2013-03-09,14587,2154,1,0,0,0
817,7,2013-03-10,0,0,0,0,0,0
817,1,2013-03-11,22310,3307,1,0,0,0
817,2,2013-03-12,21474,3334,1,0,0,0
817,3,2013-03-13,21840,3443,1,0,0,0
817,4,2013-03-14,21693,3387,1,0,0,0
817,5,2013-03-15,21821,3217,1,0,0,0
817,6,2013-03-16,15501,2354,1,0,0,0
817,7,2013-03-17,0,0,0,0,0,0
817,1,2013-03-18,29598,3843,1,1,0,0
817,2,2013-03-19,26596,3579,1,1,0,0
817,3,2013-03-20,28101,3692,1,1,0,0
817,4,2013-03-21,25699,3539,1,1,0,0
817,5,2013-03-22,25591,3456,1,1,0,0
817,6,2013-03-23,16259,2308,1,0,0,0
817,7,2013-03-24,0,0,0,0,0,0
817,1,2013-03-25,31383,4134,1,1,0,1
817,2,2013-03-26,30729,4051,1,1,0,1
817,3,2013-03-27,30693,4037,1,1,0,1
817,4,2013-03-28,32529,4018,1,1,0,1
817,5,2013-03-29,0,0,0,1,b,1
817,6,2013-03-30,19228,2709,1,0,0,0
817,7,2013-03-31,0,0,0,0,0,0
817,1,2013-04-01,0,0,0,0,b,1
817,2,2013-04-02,23987,3542,1,0,0,1
817,3,2013-04-03,21956,3364,1,0,0,1
817,4,2013-04-04,23032,3420,1,0,0,1
817,5,2013-04-05,21983,3193,1,0,0,1
817,6,2013-04-06,16049,2399,1,0,0,0
817,7,2013-04-07,0,0,0,0,0,0
817,1,2013-04-08,31263,4166,1,1,0,0
817,2,2013-04-09,28054,3982,1,1,0,0
817,3,2013-04-10,25959,3766,1,1,0,0
817,4,2013-04-11,25126,3832,1,1,0,0
817,5,2013-04-12,24385,3597,1,1,0,0
817,6,2013-04-13,15384,2387,1,0,0,0
817,7,2013-04-14,0,0,0,0,0,0
817,1,2013-04-15,23552,3827,1,0,0,0
817,2,2013-04-16,23765,3841,1,0,0,0
817,3,2013-04-17,23816,3756,1,0,0,0
817,4,2013-04-18,23064,3706,1,0,0,0
817,5,2013-04-19,22214,3503,1,0,0,0
817,6,2013-04-20,15551,2384,1,0,0,0
817,7,2013-04-21,0,0,0,0,0,0
817,1,2013-04-22,30330,4149,1,1,0,0
817,2,2013-04-23,28741,4109,1,1,0,0
817,3,2013-04-24,27510,3984,1,1,0,0
817,4,2013-04-25,25554,3874,1,1,0,0
817,5,2013-04-26,25758,3719,1,1,0,0
817,6,2013-04-27,16756,2356,1,0,0,0
817,7,2013-04-28,0,0,0,0,0,0
817,1,2013-04-29,31533,4144,1,1,0,0
817,2,2013-04-30,31375,4245,1,1,0,0
817,3,2013-05-01,0,0,0,1,a,0
817,4,2013-05-02,29875,4084,1,1,0,0
817,5,2013-05-03,28638,3943,1,1,0,0
817,6,2013-05-04,18232,2619,1,0,0,0
817,7,2013-05-05,0,0,0,0,0,0
817,1,2013-05-06,26638,4015,1,0,0,0
817,2,2013-05-07,26481,3981,1,0,0,0
817,3,2013-05-08,25488,3782,1,0,0,0
817,4,2013-05-09,0,0,0,0,a,0
817,5,2013-05-10,23925,3564,1,0,0,1
817,6,2013-05-11,16245,2418,1,0,0,0
817,7,2013-05-12,0,0,0,0,0,0
817,1,2013-05-13,30993,4291,1,1,0,0
817,2,2013-05-14,28845,4098,1,1,0,0
817,3,2013-05-15,28151,3983,1,1,0,0
817,4,2013-05-16,26919,4081,1,1,0,0
817,5,2013-05-17,26753,3905,1,1,0,0
817,6,2013-05-18,16646,2374,1,0,0,0
817,7,2013-05-19,0,0,0,0,0,0
817,1,2013-05-20,0,0,0,0,a,0
817,2,2013-05-21,27783,4268,1,0,0,1
817,3,2013-05-22,24547,3889,1,0,0,0
817,4,2013-05-23,25265,3929,1,0,0,0
817,5,2013-05-24,22458,3574,1,0,0,0
817,6,2013-05-25,15081,2177,1,0,0,0
817,7,2013-05-26,0,0,0,0,0,0
817,1,2013-05-27,32461,4435,1,1,0,0
817,2,2013-05-28,30517,4208,1,1,0,0
817,3,2013-05-29,28446,4110,1,1,0,0
817,4,2013-05-30,29343,4222,1,1,0,0
817,5,2013-05-31,28106,4088,1,1,0,0
817,6,2013-06-01,18328,2783,1,0,0,0
817,7,2013-06-02,0,0,0,0,0,0
817,1,2013-06-03,31778,4469,1,1,0,0
817,2,2013-06-04,29614,4344,1,1,0,0
817,3,2013-06-05,28326,4238,1,1,0,0
817,4,2013-06-06,27766,4172,1,1,0,0
817,5,2013-06-07,25921,4026,1,1,0,0
817,6,2013-06-08,16038,2723,1,0,0,0
817,7,2013-06-09,0,0,0,0,0,0
817,1,2013-06-10,26359,4232,1,0,0,0
817,2,2013-06-11,24764,4020,1,0,0,0
817,3,2013-06-12,24783,4072,1,0,0,0
817,4,2013-06-13,23222,3912,1,0,0,0
817,5,2013-06-14,23015,3608,1,0,0,0
817,6,2013-06-15,16281,2573,1,0,0,0
817,7,2013-06-16,0,0,0,0,0,0
817,1,2013-06-17,34001,4589,1,1,0,0
817,2,2013-06-18,30331,4547,1,1,0,0
817,3,2013-06-19,26010,4438,1,1,0,1
817,4,2013-06-20,27028,4216,1,1,0,1
817,5,2013-06-21,25232,3840,1,1,0,1
817,6,2013-06-22,15930,2625,1,0,0,0
817,7,2013-06-23,0,0,0,0,0,0
817,1,2013-06-24,24537,3911,1,0,0,1
817,2,2013-06-25,21704,3451,1,0,0,1
817,3,2013-06-26,25135,3834,1,0,0,1
817,4,2013-06-27,23389,3659,1,0,0,1
817,5,2013-06-28,23340,3558,1,0,0,1
817,6,2013-06-29,16724,2437,1,0,0,0
817,7,2013-06-30,0,0,0,0,0,0
817,1,2013-07-01,32671,4448,1,1,0,1
817,2,2013-07-02,30042,4334,1,1,0,1
817,3,2013-07-03,28016,4315,1,1,0,1
817,4,2013-07-04,26577,4024,1,1,0,1
817,5,2013-07-05,23555,3627,1,1,0,1
817,6,2013-07-06,14321,2434,1,0,0,0
817,7,2013-07-07,0,0,0,0,0,0
817,1,2013-07-08,23769,3944,1,0,0,1
817,2,2013-07-09,22464,3670,1,0,0,1
817,3,2013-07-10,21420,3401,1,0,0,1
817,4,2013-07-11,21334,3354,1,0,0,1
817,5,2013-07-12,20459,3166,1,0,0,1
817,6,2013-07-13,14321,2498,1,0,0,0
817,7,2013-07-14,0,0,0,0,0,0
817,1,2013-07-15,29860,3980,1,1,0,1
817,2,2013-07-16,25435,3777,1,1,0,1
817,3,2013-07-17,23733,3688,1,1,0,1
817,4,2013-07-18,23682,3631,1,1,0,1
817,5,2013-07-19,22598,3413,1,1,0,1
817,6,2013-07-20,13556,2235,1,0,0,0
817,7,2013-07-21,0,0,0,0,0,0
817,1,2013-07-22,21165,3614,1,0,0,1
817,2,2013-07-23,20233,3445,1,0,0,1
817,3,2013-07-24,19996,3331,1,0,0,1
817,4,2013-07-25,19061,3300,1,0,0,1
817,5,2013-07-26,18140,3141,1,0,0,1
817,6,2013-07-27,13821,2416,1,0,0,0
817,7,2013-07-28,0,0,0,0,0,0
817,1,2013-07-29,26552,3710,1,1,0,1
817,2,2013-07-30,26653,3675,1,1,0,1
817,3,2013-07-31,26180,3568,1,1,0,1
817,4,2013-08-01,25013,3738,1,1,0,1
817,5,2013-08-02,22870,3658,1,1,0,1
817,6,2013-08-03,13737,2522,1,0,0,0
817,7,2013-08-04,0,0,0,0,0,0
817,1,2013-08-05,22368,3625,1,0,0,0
817,2,2013-08-06,22071,3725,1,0,0,0
817,3,2013-08-07,20501,3488,1,0,0,0
817,4,2013-08-08,19581,3332,1,0,0,0
817,5,2013-08-09,20785,3292,1,0,0,0
817,6,2013-08-10,16981,2854,1,0,0,0
817,7,2013-08-11,0,0,0,0,0,0
817,1,2013-08-12,30983,4252,1,1,0,0
817,2,2013-08-13,29722,4185,1,1,0,0
817,3,2013-08-14,28127,3999,1,1,0,0
817,4,2013-08-15,23842,3596,1,1,0,0
817,5,2013-08-16,23244,3633,1,1,0,0
817,6,2013-08-17,14724,2529,1,0,0,0
817,7,2013-08-18,0,0,0,0,0,0
817,1,2013-08-19,21627,3402,1,0,0,0
817,2,2013-08-20,20373,3252,1,0,0,0
817,3,2013-08-21,21361,3357,1,0,0,0
817,4,2013-08-22,19171,3257,1,0,0,0
817,5,2013-08-23,19016,3236,1,0,0,0
817,6,2013-08-24,15417,2501,1,0,0,0
817,7,2013-08-25,0,0,0,0,0,0
817,1,2013-08-26,26343,3695,1,1,0,0
817,2,2013-08-27,25192,3595,1,1,0,0
817,3,2013-08-28,24517,3394,1,1,0,0
817,4,2013-08-29,22726,3320,1,1,0,0
817,5,2013-08-30,22477,3345,1,1,0,0
817,6,2013-08-31,15020,2334,1,0,0,0
817,7,2013-09-01,0,0,0,0,0,0
817,1,2013-09-02,20325,3167,1,0,0,0
817,2,2013-09-03,19727,3080,1,0,0,0
817,3,2013-09-04,19731,3174,1,0,0,0
817,4,2013-09-05,20046,3144,1,0,0,0
817,5,2013-09-06,19073,3075,1,0,0,0
817,6,2013-09-07,13757,2235,1,0,0,0
817,7,2013-09-08,0,0,0,0,0,0
817,1,2013-09-09,26971,3499,1,1,0,0
817,2,2013-09-10,24658,3448,1,1,0,0
817,3,2013-09-11,23839,3327,1,1,0,0
817,4,2013-09-12,22292,3229,1,1,0,0
817,5,2013-09-13,21742,3123,1,1,0,0
817,6,2013-09-14,14182,2233,1,0,0,0
817,7,2013-09-15,0,0,0,0,0,0
817,1,2013-09-16,20531,3094,1,0,0,0
817,2,2013-09-17,20082,3108,1,0,0,0
817,3,2013-09-18,18679,2854,1,0,0,0
817,4,2013-09-19,18771,2962,1,0,0,0
817,5,2013-09-20,18132,2721,1,0,0,0
817,6,2013-09-21,14298,2140,1,0,0,0
817,7,2013-09-22,0,0,0,0,0,0
817,1,2013-09-23,23244,3247,1,1,0,0
817,2,2013-09-24,21381,3073,1,1,0,0
817,3,2013-09-25,25114,3403,1,1,0,0
817,4,2013-09-26,22034,3113,1,1,0,0
817,5,2013-09-27,21975,3146,1,1,0,0
817,6,2013-09-28,15868,2395,1,0,0,0
817,7,2013-09-29,0,0,0,0,0,0
817,1,2013-09-30,21514,3163,1,0,0,1
817,2,2013-10-01,21950,3075,1,0,0,1
817,3,2013-10-02,20095,3013,1,0,0,1
817,4,2013-10-03,0,0,0,0,a,1
817,5,2013-10-04,21134,3042,1,0,0,1
817,6,2013-10-05,15132,2236,1,0,0,0
817,7,2013-10-06,0,0,0,0,0,0
817,1,2013-10-07,27818,3568,1,1,0,1
817,2,2013-10-08,24664,3408,1,1,0,1
817,3,2013-10-09,22784,3221,1,1,0,1
817,4,2013-10-10,21880,3139,1,1,0,1
817,5,2013-10-11,22065,3134,1,1,0,1
817,6,2013-10-12,14675,2171,1,0,0,0
817,7,2013-10-13,0,0,0,0,0,0
817,1,2013-10-14,22213,3349,1,0,0,0
817,2,2013-10-15,22149,3496,1,0,0,0
817,3,2013-10-16,20837,3300,1,0,0,0
817,4,2013-10-17,20028,3144,1,0,0,0
817,5,2013-10-18,19835,3032,1,0,0,0
817,6,2013-10-19,15757,2354,1,0,0,0
817,7,2013-10-20,0,0,0,0,0,0
817,1,2013-10-21,27429,3705,1,1,0,0
817,2,2013-10-22,25056,3716,1,1,0,0
817,3,2013-10-23,22838,3425,1,1,0,0
817,4,2013-10-24,22774,3429,1,1,0,0
817,5,2013-10-25,21856,3223,1,1,0,0
817,6,2013-10-26,14778,2297,1,0,0,0
817,7,2013-10-27,0,0,0,0,0,0
817,1,2013-10-28,21632,3427,1,0,0,0
817,2,2013-10-29,21938,3361,1,0,0,0
817,3,2013-10-30,21950,3296,1,0,0,0
817,4,2013-10-31,23289,3505,1,0,0,0
817,5,2013-11-01,21131,3228,1,0,0,0
817,6,2013-11-02,14992,2319,1,0,0,0
817,7,2013-11-03,0,0,0,0,0,0
817,1,2013-11-04,26795,3546,1,1,0,0
817,2,2013-11-05,26452,3665,1,1,0,0
817,3,2013-11-06,22624,3199,1,1,0,0
817,4,2013-11-07,23624,3426,1,1,0,0
817,5,2013-11-08,22250,3191,1,1,0,0
817,6,2013-11-09,14561,2179,1,0,0,0
817,7,2013-11-10,0,0,0,0,0,0
817,1,2013-11-11,21598,3331,1,0,0,0
817,2,2013-11-12,21956,3308,1,0,0,0
817,3,2013-11-13,20199,3221,1,0,0,0
817,4,2013-11-14,20292,3291,1,0,0,0
817,5,2013-11-15,20381,2981,1,0,0,0
817,6,2013-11-16,15806,2206,1,0,0,0
817,7,2013-11-17,0,0,0,0,0,0
817,1,2013-11-18,26700,3609,1,1,0,0
817,2,2013-11-19,25444,3477,1,1,0,0
817,3,2013-11-20,22317,3161,1,1,0,0
817,4,2013-11-21,23142,3208,1,1,0,0
817,5,2013-11-22,23485,3231,1,1,0,0
817,6,2013-11-23,16257,2323,1,0,0,0
817,7,2013-11-24,0,0,0,0,0,0
817,1,2013-11-25,21553,3218,1,0,0,0
817,2,2013-11-26,21764,3187,1,0,0,0
817,3,2013-11-27,21383,3116,1,0,0,0
817,4,2013-11-28,23229,3330,1,0,0,0
817,5,2013-11-29,24805,3290,1,0,0,0
817,6,2013-11-30,18488,2482,1,0,0,0
817,7,2013-12-01,0,0,0,0,0,0
817,1,2013-12-02,31266,3796,1,1,0,0
817,2,2013-12-03,31406,3810,1,1,0,0
817,3,2013-12-04,28401,3633,1,1,0,0
817,4,2013-12-05,31073,3724,1,1,0,0
817,5,2013-12-06,22699,3049,1,1,0,0
817,6,2013-12-07,16218,2350,1,0,0,0
817,7,2013-12-08,0,0,0,0,0,0
817,1,2013-12-09,23112,3368,1,0,0,0
817,2,2013-12-10,23226,3424,1,0,0,0
817,3,2013-12-11,22938,3439,1,0,0,0
817,4,2013-12-12,23398,3475,1,0,0,0
817,5,2013-12-13,23413,3305,1,0,0,0
817,6,2013-12-14,18343,2566,1,0,0,0
817,7,2013-12-15,0,0,0,0,0,0
817,1,2013-12-16,38025,4381,1,1,0,0
817,2,2013-12-17,32764,4113,1,1,0,0
817,3,2013-12-18,32149,4061,1,1,0,0
817,4,2013-12-19,31000,4007,1,1,0,0
817,5,2013-12-20,29930,3935,1,1,0,0
817,6,2013-12-21,21539,2914,1,0,0,0
817,7,2013-12-22,0,0,0,0,0,0
817,1,2013-12-23,28046,3635,1,0,0,1
817,2,2013-12-24,6513,850,1,0,0,1
817,3,2013-12-25,0,0,0,0,c,1
817,4,2013-12-26,0,0,0,0,c,1
817,5,2013-12-27,18976,2590,1,0,0,1
817,6,2013-12-28,16235,2320,1,0,0,0
817,7,2013-12-29,0,0,0,0,0,0
817,1,2013-12-30,23728,3372,1,0,0,1
817,2,2013-12-31,8061,1111,1,0,0,1
817,3,2014-01-01,0,0,0,0,a,1
817,4,2014-01-02,21370,3025,1,0,0,1
817,5,2014-01-03,19226,2743,1,0,0,1
817,6,2014-01-04,15246,2255,1,0,0,0
817,7,2014-01-05,0,0,0,0,0,0
817,1,2014-01-06,26911,3473,1,1,0,0
817,2,2014-01-07,23923,3329,1,1,0,0
817,3,2014-01-08,22235,3113,1,1,0,0
817,4,2014-01-09,22906,3192,1,1,0,0
817,5,2014-01-10,21017,2835,1,1,0,0
817,6,2014-01-11,12641,1975,1,0,0,0
817,7,2014-01-12,0,0,0,0,0,0
817,1,2014-01-13,20105,3113,1,0,0,0
817,2,2014-01-14,19364,2988,1,0,0,0
817,3,2014-01-15,19583,3093,1,0,0,0
817,4,2014-01-16,17952,2843,1,0,0,0
817,5,2014-01-17,18393,2872,1,0,0,0
817,6,2014-01-18,14483,2133,1,0,0,0
817,7,2014-01-19,0,0,0,0,0,0
817,1,2014-01-20,22881,2976,1,1,0,0
817,2,2014-01-21,23315,3017,1,1,0,0
817,3,2014-01-22,23210,3098,1,1,0,0
817,4,2014-01-23,23190,3223,1,1,0,0
817,5,2014-01-24,22185,2957,1,1,0,0
817,6,2014-01-25,13125,1899,1,0,0,0
817,7,2014-01-26,0,0,0,0,0,0
817,1,2014-01-27,18934,2860,1,0,0,0
817,2,2014-01-28,20143,3000,1,0,0,0
817,3,2014-01-29,19820,2851,1,0,0,0
817,4,2014-01-30,20368,2988,1,0,0,0
817,5,2014-01-31,20478,3019,1,0,0,0
817,6,2014-02-01,15844,2220,1,0,0,0
817,7,2014-02-02,0,0,0,0,0,0
817,1,2014-02-03,27600,3526,1,1,0,1
817,2,2014-02-04,25765,3492,1,1,0,1
817,3,2014-02-05,24189,3348,1,1,0,1
817,4,2014-02-06,22556,3268,1,1,0,1
817,5,2014-02-07,21847,3111,1,1,0,1
817,6,2014-02-08,14771,2294,1,0,0,0
817,7,2014-02-09,0,0,0,0,0,0
817,1,2014-02-10,21186,3292,1,0,0,0
817,2,2014-02-11,20413,3198,1,0,0,0
817,3,2014-02-12,20459,3208,1,0,0,0
817,4,2014-02-13,21230,3240,1,0,0,0
817,5,2014-02-14,20747,3171,1,0,0,0
817,6,2014-02-15,15277,2224,1,0,0,0
817,7,2014-02-16,0,0,0,0,0,0
817,1,2014-02-17,27223,3588,1,1,0,0
817,2,2014-02-18,25009,3359,1,1,0,0
817,3,2014-02-19,22607,3164,1,1,0,0
817,4,2014-02-20,23443,3249,1,1,0,0
817,5,2014-02-21,20576,3005,1,1,0,0
817,6,2014-02-22,14536,2182,1,0,0,0
817,7,2014-02-23,0,0,0,0,0,0
817,1,2014-02-24,20207,3029,1,0,0,0
817,2,2014-02-25,20103,3058,1,0,0,0
817,3,2014-02-26,18600,2841,1,0,0,0
817,4,2014-02-27,19365,2930,1,0,0,0
817,5,2014-02-28,20689,2956,1,0,0,0
817,6,2014-03-01,15976,2273,1,0,0,0
817,7,2014-03-02,0,0,0,0,0,0
817,1,2014-03-03,27373,3478,1,1,0,0
817,2,2014-03-04,25364,3395,1,1,0,0
817,3,2014-03-05,23917,3236,1,1,0,0
817,4,2014-03-06,23619,3271,1,1,0,0
817,5,2014-03-07,21675,3069,1,1,0,0
817,6,2014-03-08,14985,2206,1,0,0,0
817,7,2014-03-09,0,0,0,0,0,0
817,1,2014-03-10,20137,3124,1,0,0,0
817,2,2014-03-11,19765,3153,1,0,0,0
817,3,2014-03-12,19088,3109,1,0,0,0
817,4,2014-03-13,19090,2923,1,0,0,0
817,5,2014-03-14,19791,2978,1,0,0,0
817,6,2014-03-15,14721,2121,1,0,0,0
817,7,2014-03-16,0,0,0,0,0,0
817,1,2014-03-17,26329,3469,1,1,0,0
817,2,2014-03-18,24632,3330,1,1,0,0
817,3,2014-03-19,22651,3223,1,1,0,0
817,4,2014-03-20,21497,3178,1,1,0,0
817,5,2014-03-21,20980,3083,1,1,0,0
817,6,2014-03-22,14736,2195,1,0,0,0
817,7,2014-03-23,0,0,0,0,0,0
817,1,2014-03-24,21389,3207,1,0,0,0
817,2,2014-03-25,18625,2872,1,0,0,0
817,3,2014-03-26,19347,2993,1,0,0,0
817,4,2014-03-27,19539,2959,1,0,0,0
817,5,2014-03-28,19610,2903,1,0,0,0
817,6,2014-03-29,14364,2257,1,0,0,0
817,7,2014-03-30,0,0,0,0,0,0
817,1,2014-03-31,28179,3606,1,1,0,0
817,2,2014-04-01,25602,3427,1,1,0,0
817,3,2014-04-02,24422,3267,1,1,0,0
817,4,2014-04-03,23302,3188,1,1,0,0
817,5,2014-04-04,23104,3155,1,1,0,0
817,6,2014-04-05,14814,2218,1,0,0,0
817,7,2014-04-06,0,0,0,0,0,0
817,1,2014-04-07,21889,3238,1,0,0,0
817,2,2014-04-08,21311,3192,1,0,0,0
817,3,2014-04-09,21017,3070,1,0,0,0
817,4,2014-04-10,21403,3023,1,0,0,0
817,5,2014-04-11,20461,3001,1,0,0,0
817,6,2014-04-12,15352,2281,1,0,0,0
817,7,2014-04-13,0,0,0,0,0,0
817,1,2014-04-14,29215,3761,1,1,0,1
817,2,2014-04-15,31842,4071,1,1,0,1
817,3,2014-04-16,29944,3876,1,1,0,1
817,4,2014-04-17,28562,3803,1,1,0,1
817,5,2014-04-18,0,0,0,1,b,1
817,6,2014-04-19,16861,2489,1,0,0,0
817,7,2014-04-20,0,0,0,0,0,0
817,1,2014-04-21,0,0,0,0,b,1
817,2,2014-04-22,22607,3501,1,0,0,1
817,3,2014-04-23,21695,3254,1,0,0,1
817,4,2014-04-24,20390,3233,1,0,0,1
817,5,2014-04-25,18612,3025,1,0,0,1
817,6,2014-04-26,13705,2143,1,0,0,0
817,7,2014-04-27,0,0,0,0,0,0
817,1,2014-04-28,27558,3734,1,1,0,0
817,2,2014-04-29,25249,3537,1,1,0,0
817,3,2014-04-30,26995,3654,1,1,0,0
817,4,2014-05-01,0,0,0,1,a,0
817,5,2014-05-02,25579,3268,1,1,0,1
817,6,2014-05-03,14560,2278,1,0,0,0
817,7,2014-05-04,0,0,0,0,0,0
817,1,2014-05-05,28628,3762,1,1,0,0
817,2,2014-05-06,26093,3550,1,1,0,0
817,3,2014-05-07,26373,3599,1,1,0,0
817,4,2014-05-08,24797,3478,1,1,0,0
817,5,2014-05-09,23380,3257,1,1,0,0
817,6,2014-05-10,14221,2131,1,0,0,0
817,7,2014-05-11,0,0,0,0,0,0
817,1,2014-05-12,20935,3267,1,0,0,0
817,2,2014-05-13,21085,3183,1,0,0,0
817,3,2014-05-14,19944,3083,1,0,0,0
817,4,2014-05-15,19386,3128,1,0,0,0
817,5,2014-05-16,19262,2967,1,0,0,0
817,6,2014-05-17,13405,2056,1,0,0,0
817,7,2014-05-18,0,0,0,0,0,0
817,1,2014-05-19,28659,3746,1,1,0,0
817,2,2014-05-20,23784,3494,1,1,0,0
817,3,2014-05-21,23884,3581,1,1,0,0
817,4,2014-05-22,22743,3572,1,1,0,0
817,5,2014-05-23,21262,3137,1,1,0,0
817,6,2014-05-24,14598,2175,1,0,0,0
817,7,2014-05-25,0,0,0,0,0,0
817,1,2014-05-26,22792,3381,1,0,0,0
817,2,2014-05-27,20992,3099,1,0,0,0
817,3,2014-05-28,21155,3121,1,0,0,0
817,4,2014-05-29,0,0,0,0,a,0
817,5,2014-05-30,22715,3359,1,0,0,1
817,6,2014-05-31,15528,2328,1,0,0,0
817,7,2014-06-01,0,0,0,0,0,0
817,1,2014-06-02,31185,3858,1,1,0,0
817,2,2014-06-03,27734,3724,1,1,0,0
817,3,2014-06-04,26506,3635,1,1,0,0
817,4,2014-06-05,25018,3544,1,1,0,0
817,5,2014-06-06,23547,3434,1,1,0,0
817,6,2014-06-07,16479,2622,1,0,0,0
817,7,2014-06-08,0,0,0,0,0,0
817,1,2014-06-09,0,0,0,0,a,0
817,2,2014-06-10,23985,3721,1,0,0,0
817,3,2014-06-11,21743,3365,1,0,0,0
817,4,2014-06-12,23929,3375,1,0,0,0
817,5,2014-06-13,20119,2996,1,0,0,0
817,6,2014-06-14,14158,2169,1,0,0,0
817,7,2014-06-15,0,0,0,0,0,0
817,1,2014-06-16,27538,3722,1,1,0,0
817,2,2014-06-17,26648,3627,1,1,0,0
817,3,2014-06-18,25029,3440,1,1,0,0
817,4,2014-06-19,24291,3509,1,1,0,0
817,5,2014-06-20,23895,3409,1,1,0,0
817,6,2014-06-21,14744,2138,1,0,0,0
817,7,2014-06-22,0,0,0,0,0,0
817,1,2014-06-23,22696,3383,1,0,0,0
817,2,2014-06-24,22633,3402,1,0,0,0
817,3,2014-06-25,20998,3149,1,0,0,0
817,4,2014-06-26,19756,3061,1,0,0,0
817,5,2014-06-27,20157,3170,1,0,0,0
817,6,2014-06-28,15333,2274,1,0,0,0
817,7,2014-06-29,0,0,0,0,0,0
817,1,2014-06-30,29378,3752,1,1,0,0
817,2,2014-07-01,26850,3657,1,1,0,0
817,3,2014-07-02,28002,3672,1,1,0,0
817,4,2014-07-03,24525,3515,1,1,0,0
817,5,2014-07-04,21485,3283,1,1,0,0
817,6,2014-07-05,14831,2306,1,0,0,0
817,7,2014-07-06,0,0,0,0,0,0
817,1,2014-07-07,23187,3612,1,0,0,0
817,2,2014-07-08,20430,3218,1,0,0,0
817,3,2014-07-09,21512,3325,1,0,0,1
817,4,2014-07-10,22017,3456,1,0,0,1
817,5,2014-07-11,21030,3175,1,0,0,1
817,6,2014-07-12,15563,2210,1,0,0,0
817,7,2014-07-13,0,0,0,0,0,0
817,1,2014-07-14,23941,3423,1,1,0,1
817,2,2014-07-15,23855,3964,1,1,0,1
817,3,2014-07-16,24971,3540,1,1,0,1
817,4,2014-07-17,23473,3456,1,1,0,1
817,5,2014-07-18,21686,3182,1,1,0,1
817,6,2014-07-19,12756,2203,1,0,0,0
817,7,2014-07-20,0,0,0,0,0,0
817,1,2014-07-21,19986,3143,1,0,0,1
817,2,2014-07-22,19750,3193,1,0,0,1
817,3,2014-07-23,18791,3043,1,0,0,1
817,4,2014-07-24,18185,2679,1,0,0,1
817,5,2014-07-25,17778,2618,1,0,0,1
817,6,2014-07-26,13336,2151,1,0,0,0
817,7,2014-07-27,0,0,0,0,0,0
817,1,2014-07-28,26056,3417,1,1,0,1
817,2,2014-07-29,22881,3213,1,1,0,1
817,3,2014-07-30,22648,3134,1,1,0,1
817,4,2014-07-31,22816,3189,1,1,0,1
817,5,2014-08-01,20597,2962,1,1,0,1
817,6,2014-08-02,14220,2249,1,0,0,0
817,7,2014-08-03,0,0,0,0,0,0
817,1,2014-08-04,24243,3259,1,1,0,1
817,2,2014-08-05,22498,3184,1,1,0,1
817,3,2014-08-06,21409,3232,1,1,0,1
817,4,2014-08-07,20471,3049,1,1,0,1
817,5,2014-08-08,19131,2925,1,1,0,1
817,6,2014-08-09,13726,2224,1,0,0,0
817,7,2014-08-10,0,0,0,0,0,0
817,1,2014-08-11,20486,3138,1,0,0,1
817,2,2014-08-12,19419,2984,1,0,0,1
817,3,2014-08-13,19142,2912,1,0,0,1
817,4,2014-08-14,19304,2860,1,0,0,1
817,5,2014-08-15,18434,2794,1,0,0,1
817,6,2014-08-16,13299,2067,1,0,0,0
817,7,2014-08-17,0,0,0,0,0,0
817,1,2014-08-18,25826,3359,1,1,0,1
817,2,2014-08-19,23675,3205,1,1,0,1
817,3,2014-08-20,22668,3102,1,1,0,1
817,4,2014-08-21,20262,2969,1,1,0,1
817,5,2014-08-22,19461,2859,1,1,0,1
817,6,2014-08-23,13111,2167,1,0,0,0
817,7,2014-08-24,0,0,0,0,0,0
817,1,2014-08-25,21612,3177,1,0,0,0
817,2,2014-08-26,20619,3066,1,0,0,0
817,3,2014-08-27,18389,2911,1,0,0,0
817,4,2014-08-28,18852,3011,1,0,0,0
817,5,2014-08-29,20236,3000,1,0,0,0
817,6,2014-08-30,14620,2217,1,0,0,0
817,7,2014-08-31,0,0,0,0,0,0
817,1,2014-09-01,26015,3318,1,1,0,0
817,2,2014-09-02,25228,3327,1,1,0,0
817,3,2014-09-03,22965,3121,1,1,0,0
817,4,2014-09-04,23351,3244,1,1,0,0
817,5,2014-09-05,21395,2994,1,1,0,0
817,6,2014-09-06,13357,2038,1,0,0,0
817,7,2014-09-07,0,0,0,0,0,0
817,1,2014-09-08,20656,3047,1,0,0,0
817,2,2014-09-09,20284,2992,1,0,0,0
817,3,2014-09-10,18587,2896,1,0,0,0
817,4,2014-09-11,19077,2830,1,0,0,0
817,5,2014-09-12,18707,2694,1,0,0,0
817,6,2014-09-13,14235,2109,1,0,0,0
817,7,2014-09-14,0,0,0,0,0,0
817,1,2014-09-15,24312,3410,1,1,0,0
817,2,2014-09-16,22275,3187,1,1,0,0
817,3,2014-09-17,21559,3135,1,1,0,0
817,4,2014-09-18,21386,3053,1,1,0,0
817,5,2014-09-19,20232,2934,1,1,0,0
817,6,2014-09-20,13246,2016,1,0,0,0
817,7,2014-09-21,0,0,0,0,0,0
817,1,2014-09-22,19741,2924,1,0,0,0
817,2,2014-09-23,19233,2894,1,0,0,0
817,3,2014-09-24,18836,2855,1,0,0,0
817,4,2014-09-25,17667,2705,1,0,0,0
817,5,2014-09-26,17677,2628,1,0,0,0
817,6,2014-09-27,16081,2319,1,0,0,0
817,7,2014-09-28,0,0,0,0,0,0
817,1,2014-09-29,24719,3261,1,1,0,0
817,2,2014-09-30,24663,3234,1,1,0,0
817,3,2014-10-01,23659,3159,1,1,0,0
817,4,2014-10-02,23266,3126,1,1,0,0
817,5,2014-10-03,0,0,0,1,a,0
817,6,2014-10-04,16269,2458,1,0,0,0
817,7,2014-10-05,0,0,0,0,0,0
817,1,2014-10-06,23936,3253,1,1,0,0
817,2,2014-10-07,24070,3328,1,1,0,0
817,3,2014-10-08,22940,3136,1,1,0,0
817,4,2014-10-09,22773,3121,1,1,0,0
817,5,2014-10-10,21864,3089,1,1,0,0
817,6,2014-10-11,15195,2153,1,0,0,0
817,7,2014-10-12,0,0,0,0,0,0
817,1,2014-10-13,23570,3356,1,0,0,0
817,2,2014-10-14,23052,3398,1,0,0,0
817,3,2014-10-15,19318,2923,1,0,0,0
817,4,2014-10-16,21429,3171,1,0,0,0
817,5,2014-10-17,20446,2930,1,0,0,0
817,6,2014-10-18,12553,1824,1,0,0,0
817,7,2014-10-19,0,0,0,0,0,0
817,1,2014-10-20,25650,3445,1,1,0,1
817,2,2014-10-21,23980,3323,1,1,0,1
817,3,2014-10-22,21740,3091,1,1,0,1
817,4,2014-10-23,22501,3295,1,1,0,1
817,5,2014-10-24,20658,2915,1,1,0,1
817,6,2014-10-25,13860,2029,1,0,0,0
817,7,2014-10-26,0,0,0,0,0,0
817,1,2014-10-27,21645,3194,1,0,0,1
817,2,2014-10-28,20367,3069,1,0,0,1
817,3,2014-10-29,20086,3061,1,0,0,1
817,4,2014-10-30,19997,3036,1,0,0,1
817,5,2014-10-31,20416,2964,1,0,0,1
817,6,2014-11-01,12478,1957,1,0,0,0
817,7,2014-11-02,0,0,0,0,0,0
817,1,2014-11-03,25829,3472,1,1,0,0
817,2,2014-11-04,24777,3417,1,1,0,0
817,3,2014-11-05,24580,3359,1,1,0,0
817,4,2014-11-06,19114,2630,1,1,0,0
817,5,2014-11-07,19266,2643,1,1,0,0
817,6,2014-11-08,14951,2233,1,0,0,0
817,7,2014-11-09,0,0,0,0,0,0
817,1,2014-11-10,24904,3337,1,1,0,0
817,2,2014-11-11,24478,3263,1,1,0,0
817,3,2014-11-12,22975,3174,1,1,0,0
817,4,2014-11-13,22366,3152,1,1,0,0
817,5,2014-11-14,22721,3020,1,1,0,0
817,6,2014-11-15,14471,2059,1,0,0,0
817,7,2014-11-16,0,0,0,0,0,0
817,1,2014-11-17,21752,3100,1,0,0,0
817,2,2014-11-18,21042,2954,1,0,0,0
817,3,2014-11-19,19679,2821,1,0,0,0
817,4,2014-11-20,20875,2932,1,0,0,0
817,5,2014-11-21,19448,2892,1,0,0,0
817,6,2014-11-22,13989,2095,1,0,0,0
817,7,2014-11-23,0,0,0,0,0,0
817,1,2014-11-24,25842,3330,1,1,0,0
817,2,2014-11-25,25953,3447,1,1,0,0
817,3,2014-11-26,25341,3293,1,1,0,0
817,4,2014-11-27,26013,3311,1,1,0,0
817,5,2014-11-28,26943,3289,1,1,0,0
817,6,2014-11-29,17596,2383,1,0,0,0
817,7,2014-11-30,0,0,0,0,0,0
817,1,2014-12-01,30638,3589,1,1,0,0
817,2,2014-12-02,30530,3580,1,1,0,0
817,3,2014-12-03,27687,3523,1,1,0,0
817,4,2014-12-04,27174,3517,1,1,0,0
817,5,2014-12-05,30569,3769,1,1,0,0
817,6,2014-12-06,16959,2376,1,0,0,0
817,7,2014-12-07,0,0,0,0,0,0
817,1,2014-12-08,24199,3401,1,0,0,0
817,2,2014-12-09,22830,3400,1,0,0,0
817,3,2014-12-10,20893,3071,1,0,0,0
817,4,2014-12-11,22119,3161,1,0,0,0
817,5,2014-12-12,22474,3031,1,0,0,0
817,6,2014-12-13,18394,2586,1,0,0,0
817,7,2014-12-14,0,0,0,0,0,0
817,1,2014-12-15,33684,3879,1,1,0,0
817,2,2014-12-16,31609,3885,1,1,0,0
817,3,2014-12-17,29816,3633,1,1,0,0
817,4,2014-12-18,28661,3622,1,1,0,0
817,5,2014-12-19,27120,3454,1,1,0,0
817,6,2014-12-20,18132,2438,1,0,0,0
817,7,2014-12-21,0,0,0,0,0,0
817,1,2014-12-22,28666,3642,1,0,0,1
817,2,2014-12-23,26157,3240,1,0,0,1
817,3,2014-12-24,6052,738,1,0,0,1
817,4,2014-12-25,0,0,0,0,c,1
817,5,2014-12-26,0,0,0,0,c,1
817,6,2014-12-27,14928,2029,1,0,0,0
817,7,2014-12-28,0,0,0,0,0,0
817,1,2014-12-29,20363,2652,1,0,0,1
817,2,2014-12-30,19825,2666,1,0,0,1
817,3,2014-12-31,6979,876,1,0,0,1
817,4,2015-01-01,0,0,0,0,a,1
817,5,2015-01-02,18370,2509,1,0,0,1
817,6,2015-01-03,14621,1978,1,0,0,0
817,7,2015-01-04,0,0,0,0,0,0
817,1,2015-01-05,24867,3279,1,1,0,0
817,2,2015-01-06,23307,3079,1,1,0,0
817,3,2015-01-07,20704,2886,1,1,0,0
817,4,2015-01-08,19052,2685,1,1,0,0
817,5,2015-01-09,18174,2597,1,1,0,0
817,6,2015-01-10,10310,1681,1,0,0,0
817,7,2015-01-11,0,0,0,0,0,0
817,1,2015-01-12,23898,3268,1,1,0,0
817,2,2015-01-13,21924,3046,1,1,0,0
817,3,2015-01-14,21206,3043,1,1,0,0
817,4,2015-01-15,20851,2903,1,1,0,0
817,5,2015-01-16,20263,2799,1,1,0,0
817,6,2015-01-17,13200,1897,1,0,0,0
817,7,2015-01-18,0,0,0,0,0,0
817,1,2015-01-19,18913,2839,1,0,0,0
817,2,2015-01-20,18484,2801,1,0,0,0
817,3,2015-01-21,16981,2667,1,0,0,0
817,4,2015-01-22,18117,2715,1,0,0,0
817,5,2015-01-23,17185,2452,1,0,0,0
817,6,2015-01-24,11985,1743,1,0,0,0
817,7,2015-01-25,0,0,0,0,0,0
817,1,2015-01-26,21887,3038,1,1,0,0
817,2,2015-01-27,22552,3011,1,1,0,0
817,3,2015-01-28,21931,2946,1,1,0,0
817,4,2015-01-29,22102,3038,1,1,0,0
817,5,2015-01-30,20883,2887,1,1,0,0
817,6,2015-01-31,13026,1878,1,0,0,0
817,7,2015-02-01,0,0,0,0,0,0
817,1,2015-02-02,24894,3197,1,1,0,1
817,2,2015-02-03,22139,2987,1,1,0,1
817,3,2015-02-04,20452,2927,1,1,0,1
817,4,2015-02-05,20977,2948,1,1,0,1
817,5,2015-02-06,19151,2675,1,1,0,1
817,6,2015-02-07,12608,1801,1,0,0,0
817,7,2015-02-08,0,0,0,0,0,0
817,1,2015-02-09,20634,2994,1,0,0,0
817,2,2015-02-10,20233,2977,1,0,0,0
817,3,2015-02-11,19231,2890,1,0,0,0
817,4,2015-02-12,19574,2951,1,0,0,0
817,5,2015-02-13,18708,2738,1,0,0,0
817,6,2015-02-14,14495,2147,1,0,0,0
817,7,2015-02-15,0,0,0,0,0,0
817,1,2015-02-16,23566,3010,1,1,0,0
817,2,2015-02-17,22111,2924,1,1,0,0
817,3,2015-02-18,19701,2794,1,1,0,0
817,4,2015-02-19,20422,2856,1,1,0,0
817,5,2015-02-20,19850,2764,1,1,0,0
817,6,2015-02-21,12273,1807,1,0,0,0
817,7,2015-02-22,0,0,0,0,0,0
817,1,2015-02-23,17605,2649,1,0,0,0
817,2,2015-02-24,18209,2710,1,0,0,0
817,3,2015-02-25,17369,2666,1,0,0,0
817,4,2015-02-26,17333,2624,1,0,0,0
817,5,2015-02-27,18179,2637,1,0,0,0
817,6,2015-02-28,13587,1869,1,0,0,0
817,7,2015-03-01,0,0,0,0,0,0
817,1,2015-03-02,24530,3071,1,1,0,0
817,2,2015-03-03,24297,3124,1,1,0,0
817,3,2015-03-04,21293,2846,1,1,0,0
817,4,2015-03-05,21282,2861,1,1,0,0
817,5,2015-03-06,20649,2732,1,1,0,0
817,6,2015-03-07,13079,1939,1,0,0,0
817,7,2015-03-08,0,0,0,0,0,0
817,1,2015-03-09,17311,2714,1,0,0,0
817,2,2015-03-10,18356,2661,1,0,0,0
817,3,2015-03-11,18039,2625,1,0,0,0
817,4,2015-03-12,18611,2667,1,0,0,0
817,5,2015-03-13,16904,2538,1,0,0,0
817,6,2015-03-14,13062,1794,1,0,0,0
817,7,2015-03-15,0,0,0,0,0,0
817,1,2015-03-16,23672,3138,1,1,0,0
817,2,2015-03-17,21524,2942,1,1,0,0
817,3,2015-03-18,20383,2920,1,1,0,0
817,4,2015-03-19,21487,2973,1,1,0,0
817,5,2015-03-20,19842,2820,1,1,0,0
817,6,2015-03-21,11543,1654,1,0,0,0
817,7,2015-03-22,0,0,0,0,0,0
817,1,2015-03-23,19616,2813,1,0,0,0
817,2,2015-03-24,18084,2719,1,0,0,0
817,3,2015-03-25,18033,2717,1,0,0,0
817,4,2015-03-26,19145,2802,1,0,0,0
817,5,2015-03-27,18171,2654,1,0,0,0
817,6,2015-03-28,14921,2082,1,0,0,0
817,7,2015-03-29,0,0,0,0,0,0
817,1,2015-03-30,26301,3224,1,1,0,1
817,2,2015-03-31,24361,2923,1,1,0,1
817,3,2015-04-01,27057,3265,1,1,0,1
817,4,2015-04-02,26833,3173,1,1,0,1
817,5,2015-04-03,0,0,0,1,b,1
817,6,2015-04-04,17202,2330,1,0,0,0
817,7,2015-04-05,0,0,0,0,0,0
817,1,2015-04-06,0,0,0,0,b,1
817,2,2015-04-07,20980,2890,1,0,0,1
817,3,2015-04-08,19265,2740,1,0,0,1
817,4,2015-04-09,19580,2860,1,0,0,1
817,5,2015-04-10,17770,2725,1,0,0,1
817,6,2015-04-11,12578,2000,1,0,0,0
817,7,2015-04-12,0,0,0,0,0,0
817,1,2015-04-13,26072,3335,1,1,0,0
817,2,2015-04-14,23663,3301,1,1,0,0
817,3,2015-04-15,21998,3165,1,1,0,0
817,4,2015-04-16,22631,3170,1,1,0,0
817,5,2015-04-17,21524,2977,1,1,0,0
817,6,2015-04-18,13319,1949,1,0,0,0
817,7,2015-04-19,0,0,0,0,0,0
817,1,2015-04-20,21277,3223,1,0,0,0
817,2,2015-04-21,19156,3102,1,0,0,0
817,3,2015-04-22,16265,2604,1,0,0,0
817,4,2015-04-23,17520,2676,1,0,0,0
817,5,2015-04-24,19292,2922,1,0,0,0
817,6,2015-04-25,12166,2020,1,0,0,0
817,7,2015-04-26,0,0,0,0,0,0
817,1,2015-04-27,25498,3306,1,1,0,0
817,2,2015-04-28,25161,3303,1,1,0,0
817,3,2015-04-29,24525,3249,1,1,0,0
817,4,2015-04-30,25979,3458,1,1,0,0
817,5,2015-05-01,0,0,0,1,a,0
817,6,2015-05-02,17160,2437,1,0,0,0
817,7,2015-05-03,0,0,0,0,0,0
817,1,2015-05-04,28072,3663,1,1,0,0
817,2,2015-05-05,21962,2941,1,1,0,0
817,3,2015-05-06,21646,3054,1,1,0,0
817,4,2015-05-07,21387,2905,1,1,0,0
817,5,2015-05-08,20153,2681,1,1,0,0
817,6,2015-05-09,11984,1843,1,0,0,0
817,7,2015-05-10,0,0,0,0,0,0
817,1,2015-05-11,22361,3203,1,0,0,0
817,2,2015-05-12,21100,3131,1,0,0,0
817,3,2015-05-13,22672,3177,1,0,0,0
817,4,2015-05-14,0,0,0,0,a,0
817,5,2015-05-15,20642,2940,1,0,0,1
817,6,2015-05-16,13821,2029,1,0,0,0
817,7,2015-05-17,0,0,0,0,0,0
817,1,2015-05-18,26705,3587,1,1,0,0
817,2,2015-05-19,25232,3345,1,1,0,0
817,3,2015-05-20,20748,2925,1,1,0,0
817,4,2015-05-21,22520,3013,1,1,0,0
817,5,2015-05-22,22397,3144,1,1,0,0
817,6,2015-05-23,14827,2141,1,0,0,0
817,7,2015-05-24,0,0,0,0,0,0
817,1,2015-05-25,0,0,0,0,a,0
817,2,2015-05-26,22840,3216,1,0,0,1
817,3,2015-05-27,21900,3201,1,0,0,0
817,4,2015-05-28,19957,3021,1,0,0,0
817,5,2015-05-29,20771,3022,1,0,0,0
817,6,2015-05-30,13920,2024,1,0,0,0
817,7,2015-05-31,0,0,0,0,0,0
817,1,2015-06-01,29475,3499,1,1,0,0
817,2,2015-06-02,26627,3495,1,1,0,0
817,3,2015-06-03,26953,3476,1,1,0,0
817,4,2015-06-04,25051,3415,1,1,0,0
817,5,2015-06-05,22762,3373,1,1,0,0
817,6,2015-06-06,13590,2221,1,0,0,0
817,7,2015-06-07,0,0,0,0,0,0
817,1,2015-06-08,22076,3268,1,0,0,0
817,2,2015-06-09,20205,3106,1,0,0,0
817,3,2015-06-10,21379,3188,1,0,0,0
817,4,2015-06-11,21053,3224,1,0,0,0
817,5,2015-06-12,19520,3063,1,0,0,0
817,6,2015-06-13,11943,2049,1,0,0,0
817,7,2015-06-14,0,0,0,0,0,0
817,1,2015-06-15,28545,3609,1,1,0,0
817,2,2015-06-16,25085,3289,1,1,0,0
817,3,2015-06-17,24332,3330,1,1,0,0
817,4,2015-06-18,23337,3169,1,1,0,0
817,5,2015-06-19,22946,2996,1,1,0,0
817,6,2015-06-20,14658,2053,1,0,0,0
817,7,2015-06-21,0,0,0,0,0,0
817,1,2015-06-22,21859,3240,1,0,0,0
817,2,2015-06-23,19446,2906,1,0,0,0
817,3,2015-06-24,21898,3157,1,0,0,0
817,4,2015-06-25,19451,2887,1,0,0,0
817,5,2015-06-26,19273,2843,1,0,0,0
817,6,2015-06-27,13108,2041,1,0,0,0
817,7,2015-06-28,0,0,0,0,0,0
817,1,2015-06-29,28456,3605,1,1,0,0
817,2,2015-06-30,27140,3555,1,1,0,0
817,3,2015-07-01,24957,3509,1,1,0,0
817,4,2015-07-02,24384,3552,1,1,0,0
817,5,2015-07-03,22937,3359,1,1,0,0
817,6,2015-07-04,13001,2284,1,0,0,0
817,7,2015-07-05,0,0,0,0,0,0
817,1,2015-07-06,22403,3440,1,0,0,0
817,2,2015-07-07,20064,3315,1,0,0,0
817,3,2015-07-08,21079,3128,1,0,0,0
817,4,2015-07-09,21279,3066,1,0,0,0
817,5,2015-07-10,20231,2905,1,0,0,0
817,6,2015-07-11,13111,1995,1,0,0,0
817,7,2015-07-12,0,0,0,0,0,0
817,1,2015-07-13,27178,3437,1,1,0,0
817,2,2015-07-14,25460,3466,1,1,0,0
817,3,2015-07-15,24210,3301,1,1,0,0
817,4,2015-07-16,23899,3324,1,1,0,1
817,5,2015-07-17,21685,3182,1,1,0,1
817,6,2015-07-18,13536,2079,1,0,0,0
817,7,2015-07-19,0,0,0,0,0,0
817,1,2015-07-20,22258,3201,1,0,0,1
817,2,2015-07-21,19339,3030,1,0,0,1
817,3,2015-07-22,18046,2969,1,0,0,1
817,4,2015-07-23,19532,2913,1,0,0,1
817,5,2015-07-24,17420,2735,1,0,0,1
817,6,2015-07-25,13558,2032,1,0,0,0
817,7,2015-07-26,0,0,0,0,0,0
817,1,2015-07-27,23932,3113,1,1,0,1
817,2,2015-07-28,23248,2998,1,1,0,1
817,3,2015-07-29,21556,2872,1,1,0,1
817,4,2015-07-30,22177,2941,1,1,0,1
817,5,2015-07-31,23093,2884,1,1,0,1
842,2,2013-01-01,0,0,0,0,a,1
842,3,2013-01-02,20355,1257,1,0,0,1
842,4,2013-01-03,18995,1107,1,0,0,1
842,5,2013-01-04,17815,1126,1,0,0,1
842,6,2013-01-05,16646,1043,1,0,0,0
842,7,2013-01-06,0,0,0,0,a,0
842,1,2013-01-07,19536,1294,1,1,0,0
842,2,2013-01-08,17591,1163,1,1,0,0
842,3,2013-01-09,16437,1041,1,1,0,0
842,4,2013-01-10,16979,1075,1,1,0,0
842,5,2013-01-11,18417,1201,1,1,0,0
842,6,2013-01-12,18096,1113,1,0,0,0
842,7,2013-01-13,0,0,0,0,0,0
842,1,2013-01-14,12255,852,1,0,0,0
842,2,2013-01-15,14839,987,1,0,0,0
842,3,2013-01-16,11665,818,1,0,0,0
842,4,2013-01-17,7769,567,1,0,0,0
842,5,2013-01-18,15632,1011,1,0,0,0
842,6,2013-01-19,17540,1091,1,0,0,0
842,7,2013-01-20,0,0,0,0,0,0
842,1,2013-01-21,18571,1162,1,1,0,0
842,2,2013-01-22,16319,1118,1,1,0,0
842,3,2013-01-23,16301,1024,1,1,0,0
842,4,2013-01-24,15810,1039,1,1,0,0
842,5,2013-01-25,19071,1185,1,1,0,0
842,6,2013-01-26,17631,1107,1,0,0,0
842,7,2013-01-27,0,0,0,0,0,0
842,1,2013-01-28,11214,841,1,0,0,0
842,2,2013-01-29,11150,788,1,0,0,0
842,3,2013-01-30,12568,898,1,0,0,0
842,4,2013-01-31,13649,959,1,0,0,0
842,5,2013-02-01,19271,1172,1,0,0,0
842,6,2013-02-02,19472,1192,1,0,0,0
842,7,2013-02-03,0,0,0,0,0,0
842,1,2013-02-04,19622,1206,1,1,0,0
842,2,2013-02-05,16647,1079,1,1,0,0
842,3,2013-02-06,15106,1017,1,1,0,0
842,4,2013-02-07,16634,1097,1,1,0,0
842,5,2013-02-08,18807,1170,1,1,0,0
842,6,2013-02-09,19065,1204,1,0,0,0
842,7,2013-02-10,0,0,0,0,0,0
842,1,2013-02-11,14167,986,1,0,0,1
842,2,2013-02-12,8976,631,1,0,0,1
842,3,2013-02-13,14337,951,1,0,0,1
842,4,2013-02-14,14632,1021,1,0,0,1
842,5,2013-02-15,16182,1086,1,0,0,1
842,6,2013-02-16,19897,1183,1,0,0,0
842,7,2013-02-17,0,0,0,0,0,0
842,1,2013-02-18,20734,1328,1,1,0,0
842,2,2013-02-19,17618,1109,1,1,0,0
842,3,2013-02-20,14621,949,1,1,0,0
842,4,2013-02-21,16195,1068,1,1,0,0
842,5,2013-02-22,17060,1127,1,1,0,0
842,6,2013-02-23,17007,1092,1,0,0,0
842,7,2013-02-24,0,0,0,0,0,0
842,1,2013-02-25,13039,945,1,0,0,0
842,2,2013-02-26,9770,700,1,0,0,0
842,3,2013-02-27,13892,934,1,0,0,0
842,4,2013-02-28,13625,929,1,0,0,0
842,5,2013-03-01,17305,1126,1,0,0,0
842,6,2013-03-02,18696,1160,1,0,0,0
842,7,2013-03-03,0,0,0,0,0,0
842,1,2013-03-04,21041,1338,1,1,0,0
842,2,2013-03-05,16233,1053,1,1,0,0
842,3,2013-03-06,16222,1093,1,1,0,0
842,4,2013-03-07,16312,1068,1,1,0,0
842,5,2013-03-08,18448,1196,1,1,0,0
842,6,2013-03-09,17970,1139,1,0,0,0
842,7,2013-03-10,0,0,0,0,0,0
842,1,2013-03-11,16018,1067,1,0,0,0
842,2,2013-03-12,13368,898,1,0,0,0
842,3,2013-03-13,13185,908,1,0,0,0
842,4,2013-03-14,12638,904,1,0,0,0
842,5,2013-03-15,18818,1171,1,0,0,0
842,6,2013-03-16,19592,1225,1,0,0,0
842,7,2013-03-17,0,0,0,0,0,0
842,1,2013-03-18,20336,1280,1,1,0,0
842,2,2013-03-19,18055,1090,1,1,0,0
842,3,2013-03-20,16879,1085,1,1,0,0
842,4,2013-03-21,16806,1102,1,1,0,0
842,5,2013-03-22,17465,1192,1,1,0,0
842,6,2013-03-23,18069,1148,1,0,0,0
842,7,2013-03-24,0,0,0,0,0,0
842,1,2013-03-25,20809,1265,1,1,0,1
842,2,2013-03-26,17610,1064,1,1,0,1
842,3,2013-03-27,22329,1325,1,1,0,1
842,4,2013-03-28,22713,1440,1,1,0,1
842,5,2013-03-29,0,0,0,1,b,1
842,6,2013-03-30,25924,1597,1,0,0,0
842,7,2013-03-31,0,0,0,0,0,0
842,1,2013-04-01,0,0,0,0,b,1
842,2,2013-04-02,18101,1193,1,0,0,1
842,3,2013-04-03,16676,1048,1,0,0,1
842,4,2013-04-04,13683,936,1,0,0,1
842,5,2013-04-05,16440,1094,1,0,0,1
842,6,2013-04-06,19357,1234,1,0,0,0
842,7,2013-04-07,0,0,0,0,0,0
842,1,2013-04-08,18808,1280,1,1,0,0
842,2,2013-04-09,17056,1069,1,1,0,0
842,3,2013-04-10,17168,1096,1,1,0,0
842,4,2013-04-11,15331,1056,1,1,0,0
842,5,2013-04-12,18338,1221,1,1,0,0
842,6,2013-04-13,16653,1108,1,0,0,0
842,7,2013-04-14,0,0,0,0,0,0
842,1,2013-04-15,12811,854,1,0,0,0
842,2,2013-04-16,12860,870,1,0,0,0
842,3,2013-04-17,11740,872,1,0,0,0
842,4,2013-04-18,11783,882,1,0,0,0
842,5,2013-04-19,17868,1153,1,0,0,0
842,6,2013-04-20,19269,1159,1,0,0,0
842,7,2013-04-21,0,0,0,0,0,0
842,1,2013-04-22,18608,1204,1,1,0,0
842,2,2013-04-23,14813,999,1,1,0,0
842,3,2013-04-24,13340,914,1,1,0,0
842,4,2013-04-25,13705,897,1,1,0,0
842,5,2013-04-26,15271,1102,1,1,0,0
842,6,2013-04-27,16856,1148,1,0,0,0
842,7,2013-04-28,0,0,0,0,0,0
842,1,2013-04-29,22113,1370,1,1,0,0
842,2,2013-04-30,20206,1285,1,1,0,0
842,3,2013-05-01,0,0,0,1,a,0
842,4,2013-05-02,22302,1367,1,1,0,0
842,5,2013-05-03,21682,1351,1,1,0,0
842,6,2013-05-04,18964,1297,1,0,0,0
842,7,2013-05-05,0,0,0,0,0,0
842,1,2013-05-06,14750,1021,1,0,0,0
842,2,2013-05-07,17389,1073,1,0,0,0
842,3,2013-05-08,15231,1087,1,0,0,0
842,4,2013-05-09,0,0,0,0,a,0
842,5,2013-05-10,26459,1616,1,0,0,0
842,6,2013-05-11,20683,1333,1,0,0,0
842,7,2013-05-12,0,0,0,0,0,0
842,1,2013-05-13,20224,1314,1,1,0,0
842,2,2013-05-14,16029,1116,1,1,0,0
842,3,2013-05-15,16321,1061,1,1,0,0
842,4,2013-05-16,17781,1188,1,1,0,0
842,5,2013-05-17,20046,1291,1,1,0,0
842,6,2013-05-18,17868,1220,1,0,0,0
842,7,2013-05-19,0,0,0,0,0,0
842,1,2013-05-20,0,0,0,0,a,0
842,2,2013-05-21,18444,1117,1,0,0,1
842,3,2013-05-22,14069,960,1,0,0,1
842,4,2013-05-23,15735,989,1,0,0,1
842,5,2013-05-24,16777,1123,1,0,0,1
842,6,2013-05-25,19844,1188,1,0,0,0
842,7,2013-05-26,0,0,0,0,0,0
842,1,2013-05-27,19889,1158,1,1,0,1
842,2,2013-05-28,17239,1074,1,1,0,1
842,3,2013-05-29,20257,1241,1,1,0,1
842,4,2013-05-30,0,0,0,1,a,1
842,5,2013-05-31,28693,1632,1,1,0,1
842,6,2013-06-01,20601,1284,1,0,0,0
842,7,2013-06-02,0,0,0,0,0,0
842,1,2013-06-03,11704,801,1,1,0,0
842,2,2013-06-04,15505,1034,1,1,0,0
842,3,2013-06-05,16610,1042,1,1,0,0
842,4,2013-06-06,15885,1001,1,1,0,0
842,5,2013-06-07,19950,1251,1,1,0,0
842,6,2013-06-08,17073,1141,1,0,0,0
842,7,2013-06-09,0,0,0,0,0,0
842,1,2013-06-10,17425,1098,1,0,0,0
842,2,2013-06-11,14501,956,1,0,0,0
842,3,2013-06-12,14479,969,1,0,0,0
842,4,2013-06-13,13824,893,1,0,0,0
842,5,2013-06-14,18597,1187,1,0,0,0
842,6,2013-06-15,18794,1175,1,0,0,0
842,7,2013-06-16,0,0,0,0,0,0
842,1,2013-06-17,18201,1175,1,1,0,0
842,2,2013-06-18,15063,973,1,1,0,0
842,3,2013-06-19,14286,917,1,1,0,0
842,4,2013-06-20,12858,866,1,1,0,0
842,5,2013-06-21,20289,1280,1,1,0,0
842,6,2013-06-22,19716,1216,1,0,0,0
842,7,2013-06-23,0,0,0,0,0,0
842,1,2013-06-24,16517,1075,1,0,0,0
842,2,2013-06-25,14469,952,1,0,0,0
842,3,2013-06-26,14575,941,1,0,0,0
842,4,2013-06-27,13833,951,1,0,0,0
842,5,2013-06-28,18038,1205,1,0,0,0
842,6,2013-06-29,19609,1215,1,0,0,0
842,7,2013-06-30,0,0,0,0,0,0
842,1,2013-07-01,20196,1315,1,1,0,0
842,2,2013-07-02,19645,1163,1,1,0,0
842,3,2013-07-03,20098,1185,1,1,0,0
842,4,2013-07-04,19244,1193,1,1,0,0
842,5,2013-07-05,20660,1298,1,1,0,0
842,6,2013-07-06,19859,1180,1,0,0,0
842,7,2013-07-07,0,0,0,0,0,0
842,1,2013-07-08,15651,1041,1,0,0,0
842,2,2013-07-09,14773,971,1,0,0,0
842,3,2013-07-10,13885,921,1,0,0,0
842,4,2013-07-11,17205,1107,1,0,0,0
842,5,2013-07-12,18854,1163,1,0,0,0
842,6,2013-07-13,17538,1076,1,0,0,0
842,7,2013-07-14,0,0,0,0,0,0
842,1,2013-07-15,27777,1515,1,1,0,0
842,2,2013-07-16,19080,1177,1,1,0,0
842,3,2013-07-17,17964,1144,1,1,0,0
842,4,2013-07-18,17220,1124,1,1,0,0
842,5,2013-07-19,19628,1262,1,1,0,0
842,6,2013-07-20,16892,1088,1,0,0,0
842,7,2013-07-21,0,0,0,0,0,0
842,1,2013-07-22,16163,1035,1,0,0,0
842,2,2013-07-23,13312,878,1,0,0,0
842,3,2013-07-24,15928,980,1,0,0,0
842,4,2013-07-25,15347,948,1,0,0,0
842,5,2013-07-26,16098,1049,1,0,0,0
842,6,2013-07-27,16560,1040,1,0,0,0
842,7,2013-07-28,0,0,0,0,0,0
842,1,2013-07-29,23996,1487,1,1,0,0
842,2,2013-07-30,21253,1282,1,1,0,0
842,3,2013-07-31,20337,1260,1,1,0,1
842,4,2013-08-01,19075,1192,1,1,0,1
842,5,2013-08-02,19175,1154,1,1,0,1
842,6,2013-08-03,15774,1047,1,0,0,0
842,7,2013-08-04,0,0,0,0,0,0
842,1,2013-08-05,17132,1070,1,0,0,1
842,2,2013-08-06,14773,930,1,0,0,1
842,3,2013-08-07,15369,1007,1,0,0,1
842,4,2013-08-08,17163,1074,1,0,0,1
842,5,2013-08-09,19549,1229,1,0,0,1
842,6,2013-08-10,18862,1189,1,0,0,0
842,7,2013-08-11,0,0,0,0,0,0
842,1,2013-08-12,22599,1420,1,1,0,1
842,2,2013-08-13,20913,1316,1,1,0,1
842,3,2013-08-14,21827,1397,1,1,0,1
842,4,2013-08-15,0,0,0,1,a,1
842,5,2013-08-16,24440,1504,1,1,0,1
842,6,2013-08-17,16606,1032,1,0,0,0
842,7,2013-08-18,0,0,0,0,0,0
842,1,2013-08-19,17710,1107,1,0,0,1
842,2,2013-08-20,16856,1044,1,0,0,1
842,3,2013-08-21,14884,973,1,0,0,1
842,4,2013-08-22,14521,934,1,0,0,1
842,5,2013-08-23,16074,1086,1,0,0,1
842,6,2013-08-24,15793,1038,1,0,0,0
842,7,2013-08-25,0,0,0,0,0,0
842,1,2013-08-26,23970,1417,1,1,0,1
842,2,2013-08-27,18061,1175,1,1,0,1
842,3,2013-08-28,17349,1096,1,1,0,1
842,4,2013-08-29,16108,1070,1,1,0,1
842,5,2013-08-30,18284,1207,1,1,0,1
842,6,2013-08-31,18202,1137,1,0,0,0
842,7,2013-09-01,0,0,0,0,0,0
842,1,2013-09-02,16628,1086,1,0,0,1
842,2,2013-09-03,14827,955,1,0,0,1
842,3,2013-09-04,13354,948,1,0,0,1
842,4,2013-09-05,13262,918,1,0,0,1
842,5,2013-09-06,15653,1043,1,0,0,1
842,6,2013-09-07,16322,1105,1,0,0,0
842,7,2013-09-08,0,0,0,0,0,0
842,1,2013-09-09,21772,1328,1,1,0,1
842,2,2013-09-10,21535,1229,1,1,0,1
842,3,2013-09-11,17525,1091,1,1,0,1
842,4,2013-09-12,18273,1187,1,1,0,0
842,5,2013-09-13,20170,1270,1,1,0,0
842,6,2013-09-14,18366,1209,1,0,0,0
842,7,2013-09-15,0,0,0,0,0,0
842,1,2013-09-16,14648,984,1,0,0,0
842,2,2013-09-17,15119,1020,1,0,0,0
842,3,2013-09-18,13451,895,1,0,0,0
842,4,2013-09-19,14156,995,1,0,0,0
842,5,2013-09-20,16198,1055,1,0,0,0
842,6,2013-09-21,19199,1204,1,0,0,0
842,7,2013-09-22,0,0,0,0,0,0
842,1,2013-09-23,17784,1154,1,1,0,0
842,2,2013-09-24,15246,988,1,1,0,0
842,3,2013-09-25,15121,998,1,1,0,0
842,4,2013-09-26,15786,1005,1,1,0,0
842,5,2013-09-27,19432,1260,1,1,0,0
842,6,2013-09-28,18240,1123,1,0,0,0
842,7,2013-09-29,0,0,0,0,0,0
842,1,2013-09-30,15220,1018,1,0,0,0
842,2,2013-10-01,15164,999,1,0,0,0
842,3,2013-10-02,15040,1013,1,0,0,0
842,4,2013-10-03,0,0,0,0,a,0
842,5,2013-10-04,20667,1304,1,0,0,0
842,6,2013-10-05,19195,1211,1,0,0,0
842,7,2013-10-06,0,0,0,0,0,0
842,1,2013-10-07,20937,1299,1,1,0,0
842,2,2013-10-08,17264,1099,1,1,0,0
842,3,2013-10-09,19742,1155,1,1,0,0
842,4,2013-10-10,16432,1064,1,1,0,0
842,5,2013-10-11,19710,1212,1,1,0,0
842,6,2013-10-12,18813,1172,1,0,0,0
842,7,2013-10-13,0,0,0,0,0,0
842,1,2013-10-14,13297,903,1,0,0,0
842,2,2013-10-15,14693,909,1,0,0,0
842,3,2013-10-16,15567,966,1,0,0,0
842,4,2013-10-17,13733,908,1,0,0,0
842,5,2013-10-18,14542,1042,1,0,0,0
842,6,2013-10-19,19085,1145,1,0,0,0
842,7,2013-10-20,0,0,0,0,0,0
842,1,2013-10-21,18331,1179,1,1,0,0
842,2,2013-10-22,17184,1102,1,1,0,0
842,3,2013-10-23,16333,1091,1,1,0,0
842,4,2013-10-24,16319,1083,1,1,0,0
842,5,2013-10-25,18757,1213,1,1,0,0
842,6,2013-10-26,20735,1281,1,0,0,0
842,7,2013-10-27,0,0,0,0,0,0
842,1,2013-10-28,14084,953,1,0,0,1
842,2,2013-10-29,15618,962,1,0,0,1
842,3,2013-10-30,15953,1012,1,0,0,1
842,4,2013-10-31,19312,1214,1,0,0,1
842,5,2013-11-01,0,0,0,0,a,0
842,6,2013-11-02,26694,1531,1,0,0,0
842,7,2013-11-03,0,0,0,0,0,0
842,1,2013-11-04,23152,1394,1,1,0,0
842,2,2013-11-05,19815,1191,1,1,0,0
842,3,2013-11-06,18494,1157,1,1,0,0
842,4,2013-11-07,17121,1137,1,1,0,0
842,5,2013-11-08,21268,1311,1,1,0,0
842,6,2013-11-09,22424,1309,1,0,0,0
842,7,2013-11-10,0,0,0,0,0,0
842,1,2013-11-11,14126,974,1,0,0,0
842,2,2013-11-12,15379,901,1,0,0,0
842,3,2013-11-13,14609,952,1,0,0,0
842,4,2013-11-14,15032,976,1,0,0,0
842,5,2013-11-15,17764,1143,1,0,0,0
842,6,2013-11-16,19930,1259,1,0,0,0
842,7,2013-11-17,0,0,0,0,0,0
842,1,2013-11-18,20875,1322,1,1,0,0
842,2,2013-11-19,19211,1139,1,1,0,0
842,3,2013-11-20,18442,1096,1,1,0,0
842,4,2013-11-21,17201,1145,1,1,0,0
842,5,2013-11-22,20332,1244,1,1,0,0
842,6,2013-11-23,21735,1273,1,0,0,0
842,7,2013-11-24,0,0,0,0,0,0
842,1,2013-11-25,17592,1096,1,0,0,0
842,2,2013-11-26,14378,951,1,0,0,0
842,3,2013-11-27,14486,959,1,0,0,0
842,4,2013-11-28,16402,1017,1,0,0,0
842,5,2013-11-29,19656,1227,1,0,0,0
842,6,2013-11-30,23289,1351,1,0,0,0
842,7,2013-12-01,0,0,0,0,0,0
842,1,2013-12-02,25638,1442,1,1,0,0
842,2,2013-12-03,22654,1268,1,1,0,0
842,3,2013-12-04,21680,1226,1,1,0,0
842,4,2013-12-05,21978,1340,1,1,0,0
842,5,2013-12-06,19960,1208,1,1,0,0
842,6,2013-12-07,21996,1339,1,0,0,0
842,7,2013-12-08,0,0,0,0,0,0
842,1,2013-12-09,19761,1224,1,0,0,0
842,2,2013-12-10,17559,1125,1,0,0,0
842,3,2013-12-11,17530,1080,1,0,0,0
842,4,2013-12-12,18619,1155,1,0,0,0
842,5,2013-12-13,21620,1298,1,0,0,0
842,6,2013-12-14,25516,1426,1,0,0,0
842,7,2013-12-15,0,0,0,0,0,0
842,1,2013-12-16,35154,1796,1,1,0,0
842,2,2013-12-17,31146,1709,1,1,0,0
842,3,2013-12-18,30074,1617,1,1,0,0
842,4,2013-12-19,28679,1656,1,1,0,0
842,5,2013-12-20,29417,1709,1,1,0,0
842,6,2013-12-21,28857,1713,1,0,0,0
842,7,2013-12-22,0,0,0,0,0,0
842,1,2013-12-23,33966,2108,1,0,0,1
842,2,2013-12-24,11070,751,1,0,0,1
842,3,2013-12-25,0,0,0,0,c,1
842,4,2013-12-26,0,0,0,0,c,1
842,5,2013-12-27,23526,1424,1,0,0,1
842,6,2013-12-28,18114,1151,1,0,0,0
842,7,2013-12-29,0,0,0,0,0,0
842,1,2013-12-30,24149,1488,1,0,0,1
842,2,2013-12-31,8624,634,1,0,0,1
842,3,2014-01-01,0,0,0,0,a,1
842,4,2014-01-02,19794,1213,1,0,0,1
842,5,2014-01-03,19858,1268,1,0,0,1
842,6,2014-01-04,19428,1231,1,0,0,0
842,7,2014-01-05,0,0,0,0,0,0
842,1,2014-01-06,0,0,0,1,a,0
842,2,2014-01-07,24990,1538,1,1,0,0
842,3,2014-01-08,19911,1236,1,1,0,0
842,4,2014-01-09,19218,1164,1,1,0,0
842,5,2014-01-10,21511,1388,1,1,0,0
842,6,2014-01-11,19681,1263,1,0,0,0
842,7,2014-01-12,0,0,0,0,0,0
842,1,2014-01-13,14928,999,1,0,0,0
842,2,2014-01-14,15153,970,1,0,0,0
842,3,2014-01-15,14878,970,1,0,0,0
842,4,2014-01-16,15029,973,1,0,0,0
842,5,2014-01-17,17440,1159,1,0,0,0
842,6,2014-01-18,20228,1257,1,0,0,0
842,7,2014-01-19,0,0,0,0,0,0
842,1,2014-01-20,21813,1325,1,1,0,0
842,2,2014-01-21,18570,1125,1,1,0,0
842,3,2014-01-22,17146,1068,1,1,0,0
842,4,2014-01-23,16374,1070,1,1,0,0
842,5,2014-01-24,19206,1209,1,1,0,0
842,6,2014-01-25,17432,1122,1,0,0,0
842,7,2014-01-26,0,0,0,0,0,0
842,1,2014-01-27,12977,886,1,0,0,0
842,2,2014-01-28,13025,866,1,0,0,0
842,3,2014-01-29,13230,898,1,0,0,0
842,4,2014-01-30,13280,907,1,0,0,0
842,5,2014-01-31,19384,1201,1,0,0,0
842,6,2014-02-01,20443,1283,1,0,0,0
842,7,2014-02-02,0,0,0,0,0,0
842,1,2014-02-03,22993,1316,1,1,0,0
842,2,2014-02-04,20743,1220,1,1,0,0
842,3,2014-02-05,18989,1135,1,1,0,0
842,4,2014-02-06,16903,1102,1,1,0,0
842,5,2014-02-07,19952,1284,1,1,0,0
842,6,2014-02-08,19888,1297,1,0,0,0
842,7,2014-02-09,0,0,0,0,0,0
842,1,2014-02-10,15599,978,1,0,0,0
842,2,2014-02-11,15315,943,1,0,0,0
842,3,2014-02-12,15246,962,1,0,0,0
842,4,2014-02-13,15668,1044,1,0,0,0
842,5,2014-02-14,18249,1195,1,0,0,0
842,6,2014-02-15,18906,1192,1,0,0,0
842,7,2014-02-16,0,0,0,0,0,0
842,1,2014-02-17,22926,1372,1,1,0,0
842,2,2014-02-18,18942,1138,1,1,0,0
842,3,2014-02-19,15914,1041,1,1,0,0
842,4,2014-02-20,17463,1130,1,1,0,0
842,5,2014-02-21,20310,1261,1,1,0,0
842,6,2014-02-22,18869,1202,1,0,0,0
842,7,2014-02-23,0,0,0,0,0,0
842,1,2014-02-24,12978,905,1,0,0,0
842,2,2014-02-25,13117,894,1,0,0,0
842,3,2014-02-26,13658,930,1,0,0,0
842,4,2014-02-27,13390,941,1,0,0,0
842,5,2014-02-28,18941,1178,1,0,0,0
842,6,2014-03-01,21071,1268,1,0,0,0
842,7,2014-03-02,0,0,0,0,0,0
842,1,2014-03-03,21383,1343,1,1,0,1
842,2,2014-03-04,15586,954,1,1,0,1
842,3,2014-03-05,17124,1061,1,1,0,1
842,4,2014-03-06,17786,1112,1,1,0,1
842,5,2014-03-07,20169,1251,1,1,0,1
842,6,2014-03-08,17362,1145,1,0,0,0
842,7,2014-03-09,0,0,0,0,0,0
842,1,2014-03-10,14173,968,1,0,0,0
842,2,2014-03-11,13011,917,1,0,0,0
842,3,2014-03-12,13881,887,1,0,0,0
842,4,2014-03-13,13981,889,1,0,0,0
842,5,2014-03-14,18029,1089,1,0,0,0
842,6,2014-03-15,21528,1255,1,0,0,0
842,7,2014-03-16,0,0,0,0,0,0
842,1,2014-03-17,19659,1228,1,1,0,0
842,2,2014-03-18,16608,1059,1,1,0,0
842,3,2014-03-19,18329,1124,1,1,0,0
842,4,2014-03-20,15435,969,1,1,0,0
842,5,2014-03-21,17924,1140,1,1,0,0
842,6,2014-03-22,17857,1164,1,0,0,0
842,7,2014-03-23,0,0,0,0,0,0
842,1,2014-03-24,14977,989,1,0,0,0
842,2,2014-03-25,14401,953,1,0,0,0
842,3,2014-03-26,14775,941,1,0,0,0
842,4,2014-03-27,12166,864,1,0,0,0
842,5,2014-03-28,16649,1077,1,0,0,0
842,6,2014-03-29,18897,1148,1,0,0,0
842,7,2014-03-30,0,0,0,0,0,0
842,1,2014-03-31,19585,1218,1,1,0,0
842,2,2014-04-01,18446,1118,1,1,0,0
842,3,2014-04-02,18306,1127,1,1,0,0
842,4,2014-04-03,17522,1073,1,1,0,0
842,5,2014-04-04,19743,1272,1,1,0,0
842,6,2014-04-05,20271,1229,1,0,0,0
842,7,2014-04-06,0,0,0,0,0,0
842,1,2014-04-07,14536,974,1,0,0,0
842,2,2014-04-08,15194,963,1,0,0,0
842,3,2014-04-09,16752,1055,1,0,0,0
842,4,2014-04-10,16372,1034,1,0,0,0
842,5,2014-04-11,17494,1129,1,0,0,0
842,6,2014-04-12,19351,1200,1,0,0,0
842,7,2014-04-13,0,0,0,0,0,0
842,1,2014-04-14,25113,1427,1,1,0,1
842,2,2014-04-15,23222,1299,1,1,0,1
842,3,2014-04-16,23446,1362,1,1,0,1
842,4,2014-04-17,22476,1402,1,1,0,1
842,5,2014-04-18,0,0,0,1,b,1
842,6,2014-04-19,25092,1549,1,0,0,0
842,7,2014-04-20,0,0,0,0,0,0
842,1,2014-04-21,0,0,0,0,b,1
842,2,2014-04-22,17812,1112,1,0,0,1
842,3,2014-04-23,13569,916,1,0,0,1
842,4,2014-04-24,13978,930,1,0,0,1
842,5,2014-04-25,16771,1080,1,0,0,1
842,6,2014-04-26,18431,1214,1,0,0,0
842,7,2014-04-27,0,0,0,0,0,0
842,1,2014-04-28,21322,1311,1,1,0,0
842,2,2014-04-29,18740,1183,1,1,0,0
842,3,2014-04-30,22637,1348,1,1,0,0
842,4,2014-05-01,0,0,0,1,a,0
842,5,2014-05-02,29195,1689,1,1,0,0
842,6,2014-05-03,20747,1236,1,0,0,0
842,7,2014-05-04,0,0,0,0,0,0
842,1,2014-05-05,20737,1202,1,1,0,0
842,2,2014-05-06,17426,1094,1,1,0,0
842,3,2014-05-07,20178,1186,1,1,0,0
842,4,2014-05-08,20431,1236,1,1,0,0
842,5,2014-05-09,22493,1395,1,1,0,0
842,6,2014-05-10,21213,1344,1,0,0,0
842,7,2014-05-11,0,0,0,0,0,0
842,1,2014-05-12,16086,1016,1,0,0,0
842,2,2014-05-13,14870,943,1,0,0,0
842,3,2014-05-14,14618,929,1,0,0,0
842,4,2014-05-15,15892,1029,1,0,0,0
842,5,2014-05-16,18125,1121,1,0,0,0
842,6,2014-05-17,21443,1233,1,0,0,0
842,7,2014-05-18,0,0,0,0,0,0
842,1,2014-05-19,18214,1159,1,1,0,0
842,2,2014-05-20,17590,1054,1,1,0,0
842,3,2014-05-21,15118,960,1,1,0,0
842,4,2014-05-22,14589,981,1,1,0,0
842,5,2014-05-23,19912,1231,1,1,0,0
842,6,2014-05-24,18408,1174,1,0,0,0
842,7,2014-05-25,0,0,0,0,0,0
842,1,2014-05-26,15070,1012,1,0,0,0
842,2,2014-05-27,16456,1016,1,0,0,0
842,3,2014-05-28,20099,1275,1,0,0,0
842,4,2014-05-29,0,0,0,0,a,0
842,5,2014-05-30,29132,1649,1,0,0,0
842,6,2014-05-31,19572,1225,1,0,0,0
842,7,2014-06-01,0,0,0,0,0,0
842,1,2014-06-02,23242,1354,1,1,0,0
842,2,2014-06-03,20838,1220,1,1,0,0
842,3,2014-06-04,19033,1134,1,1,0,0
842,4,2014-06-05,21549,1251,1,1,0,0
842,5,2014-06-06,20755,1299,1,1,0,0
842,6,2014-06-07,18409,1183,1,0,0,0
842,7,2014-06-08,0,0,0,0,0,0
842,1,2014-06-09,0,0,0,0,a,0
842,2,2014-06-10,17609,1114,1,0,0,1
842,3,2014-06-11,15344,940,1,0,0,1
842,4,2014-06-12,17612,1027,1,0,0,1
842,5,2014-06-13,21912,1272,1,0,0,1
842,6,2014-06-14,22450,1285,1,0,0,0
842,7,2014-06-15,0,0,0,0,0,0
842,1,2014-06-16,24396,1365,1,1,0,1
842,2,2014-06-17,21951,1278,1,1,0,1
842,3,2014-06-18,20875,1290,1,1,0,1
842,4,2014-06-19,0,0,0,1,a,1
842,5,2014-06-20,33093,1774,1,1,0,1
842,6,2014-06-21,18630,1162,1,0,0,0
842,7,2014-06-22,0,0,0,0,0,0
842,1,2014-06-23,15104,979,1,0,0,0
842,2,2014-06-24,17512,1064,1,0,0,0
842,3,2014-06-25,15965,995,1,0,0,0
842,4,2014-06-26,14261,902,1,0,0,0
842,5,2014-06-27,17396,1107,1,0,0,0
842,6,2014-06-28,17937,1123,1,0,0,0
842,7,2014-06-29,0,0,0,0,0,0
842,1,2014-06-30,27994,1590,1,1,0,0
842,4,2015-01-01,0,0,0,0,a,1
842,5,2015-01-02,25762,1378,1,0,0,1
842,6,2015-01-03,20286,1129,1,0,0,0
842,7,2015-01-04,0,0,0,0,0,0
842,1,2015-01-05,32228,1793,1,1,0,1
842,2,2015-01-06,0,0,0,1,a,0
842,3,2015-01-07,23832,1368,1,1,0,0
842,4,2015-01-08,23273,1350,1,1,0,0
842,5,2015-01-09,21587,1332,1,1,0,0
842,6,2015-01-10,21219,1250,1,0,0,0
842,7,2015-01-11,0,0,0,0,0,0
842,1,2015-01-12,21512,1291,1,1,0,0
842,2,2015-01-13,19014,1172,1,1,0,0
842,3,2015-01-14,18361,1097,1,1,0,0
842,4,2015-01-15,20058,1196,1,1,0,0
842,5,2015-01-16,22507,1352,1,1,0,0
842,6,2015-01-17,21883,1290,1,0,0,0
842,7,2015-01-18,0,0,0,0,0,0
842,1,2015-01-19,16606,1075,1,0,0,0
842,2,2015-01-20,13696,961,1,0,0,0
842,3,2015-01-21,15078,984,1,0,0,0
842,4,2015-01-22,15559,980,1,0,0,0
842,5,2015-01-23,18292,1124,1,0,0,0
842,6,2015-01-24,18981,1121,1,0,0,0
842,7,2015-01-25,0,0,0,0,0,0
842,1,2015-01-26,21003,1252,1,1,0,0
842,2,2015-01-27,16733,1003,1,1,0,0
842,3,2015-01-28,17942,1095,1,1,0,0
842,4,2015-01-29,16323,984,1,1,0,0
842,5,2015-01-30,21950,1318,1,1,0,0
842,6,2015-01-31,21869,1266,1,0,0,0
842,7,2015-02-01,0,0,0,0,0,0
842,1,2015-02-02,21334,1290,1,1,0,0
842,2,2015-02-03,19374,1172,1,1,0,0
842,3,2015-02-04,18851,1134,1,1,0,0
842,4,2015-02-05,19481,1155,1,1,0,0
842,5,2015-02-06,22262,1290,1,1,0,0
842,6,2015-02-07,23564,1347,1,0,0,0
842,7,2015-02-08,0,0,0,0,0,0
842,1,2015-02-09,14222,885,1,0,0,0
842,2,2015-02-10,18042,1101,1,0,0,0
842,3,2015-02-11,15276,963,1,0,0,0
842,4,2015-02-12,15695,1038,1,0,0,0
842,5,2015-02-13,20180,1240,1,0,0,0
842,6,2015-02-14,23971,1391,1,0,0,0
842,7,2015-02-15,0,0,0,0,0,0
842,1,2015-02-16,23128,1359,1,1,0,1
842,2,2015-02-17,13594,848,1,1,0,1
842,3,2015-02-18,18632,1071,1,1,0,1
842,4,2015-02-19,18004,1113,1,1,0,1
842,5,2015-02-20,20864,1262,1,1,0,1
842,6,2015-02-21,20261,1156,1,0,0,0
842,7,2015-02-22,0,0,0,0,0,0
842,1,2015-02-23,14693,983,1,0,0,0
842,2,2015-02-24,15542,998,1,0,0,0
842,3,2015-02-25,15906,1022,1,0,0,0
842,4,2015-02-26,13862,923,1,0,0,0
842,5,2015-02-27,19813,1207,1,0,0,0
842,6,2015-02-28,22824,1283,1,0,0,0
842,7,2015-03-01,0,0,0,0,0,0
842,1,2015-03-02,21852,1271,1,1,0,0
842,2,2015-03-03,19754,1153,1,1,0,0
842,3,2015-03-04,18718,1105,1,1,0,0
842,4,2015-03-05,18033,1123,1,1,0,0
842,5,2015-03-06,22971,1300,1,1,0,0
842,6,2015-03-07,21083,1291,1,0,0,0
842,7,2015-03-08,0,0,0,0,0,0
842,1,2015-03-09,16287,1046,1,0,0,0
842,2,2015-03-10,13277,907,1,0,0,0
842,3,2015-03-11,16323,1032,1,0,0,0
842,4,2015-03-12,16390,1000,1,0,0,0
842,5,2015-03-13,19939,1189,1,0,0,0
842,6,2015-03-14,21965,1274,1,0,0,0
842,7,2015-03-15,0,0,0,0,0,0
842,1,2015-03-16,22605,1332,1,1,0,0
842,2,2015-03-17,18090,1122,1,1,0,0
842,3,2015-03-18,16088,1029,1,1,0,0
842,4,2015-03-19,17251,1054,1,1,0,0
842,5,2015-03-20,19868,1193,1,1,0,0
842,6,2015-03-21,20007,1199,1,0,0,0
842,7,2015-03-22,0,0,0,0,0,0
842,1,2015-03-23,15530,1032,1,0,0,0
842,2,2015-03-24,14494,923,1,0,0,0
842,3,2015-03-25,15273,983,1,0,0,0
842,4,2015-03-26,17568,1056,1,0,0,0
842,5,2015-03-27,18434,1151,1,0,0,0
842,6,2015-03-28,21477,1241,1,0,0,0
842,7,2015-03-29,0,0,0,0,0,0
842,1,2015-03-30,23439,1305,1,1,0,1
842,2,2015-03-31,19673,1041,1,1,0,1
842,3,2015-04-01,26596,1365,1,1,0,1
842,4,2015-04-02,28198,1576,1,1,0,1
842,5,2015-04-03,0,0,0,1,b,1
842,6,2015-04-04,29428,1711,1,0,0,0
842,7,2015-04-05,0,0,0,0,0,0
842,1,2015-04-06,0,0,0,0,b,1
842,2,2015-04-07,21835,1307,1,0,0,1
842,3,2015-04-08,16900,1034,1,0,0,1
842,4,2015-04-09,15029,963,1,0,0,1
842,5,2015-04-10,18198,1068,1,0,0,1
842,6,2015-04-11,19904,1204,1,0,0,0
842,7,2015-04-12,0,0,0,0,0,0
842,1,2015-04-13,21995,1281,1,1,0,0
842,2,2015-04-14,20129,1193,1,1,0,0
842,3,2015-04-15,18450,1095,1,1,0,0
842,4,2015-04-16,16821,1030,1,1,0,0
842,5,2015-04-17,24183,1360,1,1,0,0
842,6,2015-04-18,22061,1290,1,0,0,0
842,7,2015-04-19,0,0,0,0,0,0
842,1,2015-04-20,14612,962,1,0,0,0
842,2,2015-04-21,13331,894,1,0,0,0
842,3,2015-04-22,13882,891,1,0,0,0
842,4,2015-04-23,15771,1005,1,0,0,0
842,5,2015-04-24,17859,1100,1,0,0,0
842,6,2015-04-25,18746,1123,1,0,0,0
842,7,2015-04-26,0,0,0,0,0,0
842,1,2015-04-27,19474,1191,1,1,0,0
842,2,2015-04-28,20765,1177,1,1,0,0
842,3,2015-04-29,21158,1233,1,1,0,0
842,4,2015-04-30,24469,1472,1,1,0,0
842,5,2015-05-01,0,0,0,1,a,0
842,6,2015-05-02,30169,1645,1,0,0,0
842,7,2015-05-03,0,0,0,0,0,0
842,1,2015-05-04,24481,1376,1,1,0,0
842,2,2015-05-05,16648,1016,1,1,0,0
842,3,2015-05-06,21825,1212,1,1,0,0
842,4,2015-05-07,19795,1220,1,1,0,0
842,5,2015-05-08,21398,1306,1,1,0,0
842,6,2015-05-09,24925,1463,1,0,0,0
842,7,2015-05-10,0,0,0,0,0,0
842,1,2015-05-11,15768,1055,1,0,0,0
842,2,2015-05-12,15418,995,1,0,0,0
842,3,2015-05-13,19830,1273,1,0,0,0
842,4,2015-05-14,0,0,0,0,a,0
842,5,2015-05-15,29667,1632,1,0,0,0
842,6,2015-05-16,20449,1198,1,0,0,0
842,7,2015-05-17,0,0,0,0,0,0
842,1,2015-05-18,21968,1295,1,1,0,0
842,2,2015-05-19,22925,1280,1,1,0,0
842,3,2015-05-20,20137,1130,1,1,0,0
842,4,2015-05-21,19512,1145,1,1,0,0
842,5,2015-05-22,21025,1327,1,1,0,0
842,6,2015-05-23,23185,1290,1,0,0,0
842,7,2015-05-24,0,0,0,0,0,0
842,1,2015-05-25,0,0,0,0,a,0
842,2,2015-05-26,19597,1168,1,0,0,1
842,3,2015-05-27,15735,1021,1,0,0,1
842,4,2015-05-28,16288,956,1,0,0,1
842,5,2015-05-29,18857,1109,1,0,0,1
842,6,2015-05-30,22632,1305,1,0,0,0
842,7,2015-05-31,0,0,0,0,0,0
842,1,2015-06-01,24589,1343,1,1,0,1
842,2,2015-06-02,21125,1197,1,1,0,1
842,3,2015-06-03,20749,1277,1,1,0,1
842,4,2015-06-04,0,0,0,1,a,1
842,5,2015-06-05,29148,1578,1,1,0,1
842,6,2015-06-06,19649,1175,1,0,0,0
842,7,2015-06-07,0,0,0,0,0,0
842,1,2015-06-08,20847,1210,1,0,0,0
842,2,2015-06-09,21898,1152,1,0,0,0
842,3,2015-06-10,16877,1053,1,0,0,0
842,4,2015-06-11,17400,1029,1,0,0,0
842,5,2015-06-12,16645,1030,1,0,0,0
842,6,2015-06-13,22264,1275,1,0,0,0
842,7,2015-06-14,0,0,0,0,0,0
842,1,2015-06-15,27473,1501,1,1,0,0
842,2,2015-06-16,21991,1222,1,1,0,0
842,3,2015-06-17,19842,1128,1,1,0,0
842,4,2015-06-18,18954,1127,1,1,0,0
842,5,2015-06-19,22540,1311,1,1,0,0
842,6,2015-06-20,23978,1318,1,0,0,0
842,7,2015-06-21,0,0,0,0,0,0
842,1,2015-06-22,16541,1070,1,0,0,0
842,2,2015-06-23,15803,1023,1,0,0,0
842,3,2015-06-24,15199,995,1,0,0,0
842,4,2015-06-25,14100,876,1,0,0,0
842,5,2015-06-26,17762,1109,1,0,0,0
842,6,2015-06-27,19495,1146,1,0,0,0
842,7,2015-06-28,0,0,0,0,0,0
842,1,2015-06-29,23157,1311,1,1,0,0
842,2,2015-06-30,22197,1146,1,1,0,0
842,3,2015-07-01,20086,1134,1,1,0,0
842,4,2015-07-02,18278,1117,1,1,0,0
842,5,2015-07-03,19773,1180,1,1,0,0
842,6,2015-07-04,19861,1106,1,0,0,0
842,7,2015-07-05,0,0,0,0,0,0
842,1,2015-07-06,22087,1225,1,0,0,0
842,2,2015-07-07,13781,887,1,0,0,0
842,3,2015-07-08,21883,1231,1,0,0,0
842,4,2015-07-09,21648,1167,1,0,0,0
842,5,2015-07-10,19785,1191,1,0,0,0
842,6,2015-07-11,20750,1176,1,0,0,0
842,7,2015-07-12,0,0,0,0,0,0
842,1,2015-07-13,26404,1474,1,1,0,0
842,2,2015-07-14,23721,1314,1,1,0,0
842,3,2015-07-15,23523,1204,1,1,0,0
842,4,2015-07-16,18658,1118,1,1,0,0
842,5,2015-07-17,21866,1282,1,1,0,0
842,6,2015-07-18,19887,1161,1,0,0,0
842,7,2015-07-19,0,0,0,0,0,0
842,1,2015-07-20,21700,1234,1,0,0,0
842,2,2015-07-21,16274,990,1,0,0,0
842,3,2015-07-22,15043,909,1,0,0,0
842,4,2015-07-23,19169,1152,1,0,0,0
842,5,2015-07-24,19876,1164,1,0,0,0
842,6,2015-07-25,23091,1313,1,0,0,0
842,7,2015-07-26,0,0,0,0,0,0
842,1,2015-07-27,27881,1493,1,1,0,0
842,2,2015-07-28,21351,1183,1,1,0,0
842,3,2015-07-29,22190,1254,1,1,0,0
842,4,2015-07-30,20363,1190,1,1,0,0
842,5,2015-07-31,23996,1362,1,1,0,0
1033,2,2013-01-01,0,0,0,0,a,1
1033,3,2013-01-02,13811,1408,1,0,0,1
1033,4,2013-01-03,12732,1300,1,0,0,1
1033,5,2013-01-04,12059,1268,1,0,0,1
1033,6,2013-01-05,11317,1078,1,0,0,0
1033,7,2013-01-06,0,0,0,0,0,0
1033,1,2013-01-07,20859,1804,1,1,0,0
1033,2,2013-01-08,16223,1454,1,1,0,0
1033,3,2013-01-09,14211,1329,1,1,0,0
1033,4,2013-01-10,15073,1342,1,1,0,0
1033,5,2013-01-11,15923,1535,1,1,0,0
1033,6,2013-01-12,10428,1001,1,0,0,0
1033,7,2013-01-13,0,0,0,0,0,0
1033,1,2013-01-14,10872,1202,1,0,0,0
1033,2,2013-01-15,11300,1198,1,0,0,0
1033,3,2013-01-16,10438,1122,1,0,0,0
1033,4,2013-01-17,11693,1220,1,0,0,0
1033,5,2013-01-18,12488,1258,1,0,0,0
1033,6,2013-01-19,10643,939,1,0,0,0
1033,7,2013-01-20,0,0,0,0,0,0
1033,1,2013-01-21,17631,1524,1,1,0,0
1033,2,2013-01-22,15895,1426,1,1,0,0
1033,3,2013-01-23,13715,1264,1,1,0,0
1033,4,2013-01-24,13887,1351,1,1,0,0
1033,5,2013-01-25,14915,1426,1,1,0,0
1033,6,2013-01-26,9817,963,1,0,0,0
1033,7,2013-01-27,0,0,0,0,0,0
1033,1,2013-01-28,12017,1242,1,0,0,0
1033,2,2013-01-29,10413,1092,1,0,0,0
1033,3,2013-01-30,11904,1131,1,0,0,0
1033,4,2013-01-31,14413,1386,1,0,0,0
1033,5,2013-02-01,15347,1443,1,0,0,0
1033,6,2013-02-02,11633,1008,1,0,0,0
1033,7,2013-02-03,0,0,0,0,0,0
1033,1,2013-02-04,19736,1670,1,1,0,1
1033,2,2013-02-05,18143,1610,1,1,0,1
1033,3,2013-02-06,16161,1488,1,1,0,1
1033,4,2013-02-07,14535,1392,1,1,0,1
1033,5,2013-02-08,13834,1318,1,1,0,1
1033,6,2013-02-09,10009,976,1,0,0,0
1033,7,2013-02-10,0,0,0,0,0,0
1033,1,2013-02-11,13114,1347,1,0,0,0
1033,2,2013-02-12,12481,1280,1,0,0,0
1033,3,2013-02-13,11967,1210,1,0,0,0
1033,4,2013-02-14,11044,1197,1,0,0,0
1033,5,2013-02-15,12910,1261,1,0,0,0
1033,6,2013-02-16,10481,993,1,0,0,0
1033,7,2013-02-17,0,0,0,0,0,0
1033,1,2013-02-18,19378,1713,1,1,0,0
1033,2,2013-02-19,14855,1333,1,1,0,0
1033,3,2013-02-20,14117,1300,1,1,0,0
1033,4,2013-02-21,13932,1348,1,1,0,0
1033,5,2013-02-22,15133,1415,1,1,0,0
1033,6,2013-02-23,9989,914,1,0,0,0
1033,7,2013-02-24,0,0,0,0,0,0
1033,1,2013-02-25,11436,1224,1,0,0,0
1033,2,2013-02-26,11000,1152,1,0,0,0
1033,3,2013-02-27,11349,1167,1,0,0,0
1033,4,2013-02-28,15016,1396,1,0,0,0
1033,5,2013-03-01,14538,1463,1,0,0,0
1033,6,2013-03-02,11550,1093,1,0,0,0
1033,7,2013-03-03,0,0,0,0,0,0
1033,1,2013-03-04,23165,1916,1,1,0,0
1033,2,2013-03-05,18207,1583,1,1,0,0
1033,3,2013-03-06,15402,1460,1,1,0,0
1033,4,2013-03-07,15358,1410,1,1,0,0
1033,5,2013-03-08,15387,1415,1,1,0,0
1033,6,2013-03-09,9744,919,1,0,0,0
1033,7,2013-03-10,0,0,0,0,0,0
1033,1,2013-03-11,10654,1162,1,0,0,0
1033,2,2013-03-12,11471,1173,1,0,0,0
1033,3,2013-03-13,11575,1180,1,0,0,0
1033,4,2013-03-14,11699,1221,1,0,0,0
1033,5,2013-03-15,12545,1229,1,0,0,0
1033,6,2013-03-16,10908,1021,1,0,0,0
1033,7,2013-03-17,0,0,0,0,0,0
1033,1,2013-03-18,18656,1634,1,1,0,0
1033,2,2013-03-19,13358,1204,1,1,0,0
1033,3,2013-03-20,15797,1423,1,1,0,0
1033,4,2013-03-21,14045,1283,1,1,0,0
1033,5,2013-03-22,15219,1421,1,1,0,0
1033,6,2013-03-23,10459,988,1,0,0,0
1033,7,2013-03-24,0,0,0,0,0,0
1033,1,2013-03-25,20066,1785,1,1,0,1
1033,2,2013-03-26,16031,1532,1,1,0,1
1033,3,2013-03-27,16558,1536,1,1,0,1
1033,4,2013-03-28,20541,1851,1,1,0,1
1033,5,2013-03-29,0,0,0,1,b,1
1033,6,2013-03-30,15416,1397,1,0,0,0
1033,7,2013-03-31,0,0,0,0,0,0
1033,1,2013-04-01,0,0,0,0,b,1
1033,2,2013-04-02,14783,1464,1,0,0,1
1033,3,2013-04-03,11728,1204,1,0,0,1
1033,4,2013-04-04,13131,1321,1,0,0,1
1033,5,2013-04-05,12478,1294,1,0,0,1
1033,6,2013-04-06,9154,914,1,0,0,0
1033,7,2013-04-07,0,0,0,0,0,0
1033,1,2013-04-08,18696,1693,1,1,0,0
1033,2,2013-04-09,16815,1520,1,1,0,0
1033,3,2013-04-10,14002,1316,1,1,0,0
1033,4,2013-04-11,14009,1339,1,1,0,0
1033,5,2013-04-12,13625,1328,1,1,0,0
1033,6,2013-04-13,9529,963,1,0,0,0
1033,7,2013-04-14,0,0,0,0,0,0
1033,1,2013-04-15,11221,1236,1,0,0,0
1033,2,2013-04-16,11036,1220,1,0,0,0
1033,3,2013-04-17,10057,1135,1,0,0,0
1033,4,2013-04-18,10737,1152,1,0,0,0
1033,5,2013-04-19,12719,1310,1,0,0,0
1033,6,2013-04-20,10399,991,1,0,0,0
1033,7,2013-04-21,0,0,0,0,0,0
1033,1,2013-04-22,17822,1638,1,1,0,0
1033,2,2013-04-23,16622,1526,1,1,0,0
1033,3,2013-04-24,14601,1382,1,1,0,0
1033,4,2013-04-25,13107,1266,1,1,0,0
1033,5,2013-04-26,14415,1360,1,1,0,0
1033,6,2013-04-27,9920,948,1,0,0,0
1033,7,2013-04-28,0,0,0,0,0,0
1033,1,2013-04-29,19139,1669,1,1,0,0
1033,2,2013-04-30,20354,1768,1,1,0,0
1033,3,2013-05-01,0,0,0,1,a,0
1033,4,2013-05-02,19636,1767,1,1,0,0
1033,5,2013-05-03,17684,1611,1,1,0,0
1033,6,2013-05-04,9698,1078,1,0,0,0
1033,7,2013-05-05,0,0,0,0,0,0
1033,1,2013-05-06,13813,1426,1,0,0,0
1033,2,2013-05-07,13139,1376,1,0,0,0
1033,3,2013-05-08,14057,1439,1,0,0,0
1033,4,2013-05-09,0,0,0,0,a,0
1033,5,2013-05-10,14272,1464,1,0,0,1
1033,6,2013-05-11,10894,1105,1,0,0,0
1033,7,2013-05-12,0,0,0,0,0,0
1033,1,2013-05-13,19540,1722,1,1,0,0
1033,2,2013-05-14,16907,1493,1,1,0,0
1033,3,2013-05-15,14835,1404,1,1,0,0
1033,4,2013-05-16,14108,1390,1,1,0,0
1033,5,2013-05-17,15133,1482,1,1,0,0
1033,6,2013-05-18,9402,901,1,0,0,0
1033,7,2013-05-19,0,0,0,0,0,0
1033,1,2013-05-20,0,0,0,0,a,0
1033,2,2013-05-21,14040,1453,1,0,0,1
1033,3,2013-05-22,9894,1084,1,0,0,0
1033,4,2013-05-23,13689,1349,1,0,0,0
1033,5,2013-05-24,12339,1291,1,0,0,0
1033,6,2013-05-25,8820,855,1,0,0,0
1033,7,2013-05-26,0,0,0,0,0,0
1033,1,2013-05-27,20826,1769,1,1,0,0
1033,2,2013-05-28,15652,1397,1,1,0,0
1033,3,2013-05-29,15252,1332,1,1,0,0
1033,4,2013-05-30,15033,1360,1,1,0,0
1033,5,2013-05-31,18062,1552,1,1,0,0
1033,6,2013-06-01,12386,1166,1,0,0,0
1033,7,2013-06-02,0,0,0,0,0,0
1033,1,2013-06-03,20516,1782,1,1,0,0
1033,2,2013-06-04,16292,1478,1,1,0,0
1033,3,2013-06-05,14651,1354,1,1,0,0
1033,4,2013-06-06,15084,1444,1,1,0,0
1033,5,2013-06-07,15110,1445,1,1,0,0
1033,6,2013-06-08,10199,982,1,0,0,0
1033,7,2013-06-09,0,0,0,0,0,0
1033,1,2013-06-10,12813,1293,1,0,0,0
1033,2,2013-06-11,11630,1201,1,0,0,0
1033,3,2013-06-12,11757,1170,1,0,0,0
1033,4,2013-06-13,12561,1248,1,0,0,0
1033,5,2013-06-14,12857,1300,1,0,0,0
1033,6,2013-06-15,10076,993,1,0,0,0
1033,7,2013-06-16,0,0,0,0,0,0
1033,1,2013-06-17,20229,1772,1,1,0,0
1033,2,2013-06-18,17171,1504,1,1,0,0
1033,3,2013-06-19,13717,1221,1,1,0,1
1033,4,2013-06-20,13960,1312,1,1,0,1
1033,5,2013-06-21,15928,1480,1,1,0,1
1033,6,2013-06-22,11222,1049,1,0,0,0
1033,7,2013-06-23,0,0,0,0,0,0
1033,1,2013-06-24,12617,1271,1,0,0,1
1033,2,2013-06-25,8490,806,1,0,0,1
1033,3,2013-06-26,11876,1191,1,0,0,1
1033,4,2013-06-27,12363,1168,1,0,0,1
1033,5,2013-06-28,14852,1388,1,0,0,1
1033,6,2013-06-29,10663,1034,1,0,0,0
1033,7,2013-06-30,0,0,0,0,0,0
1033,1,2013-07-01,21929,1821,1,1,0,1
1033,2,2013-07-02,17502,1605,1,1,0,1
1033,3,2013-07-03,14803,1351,1,1,0,1
1033,4,2013-07-04,15589,1350,1,1,0,1
1033,5,2013-07-05,14913,1456,1,1,0,1
1033,6,2013-07-06,9890,929,1,0,0,0
1033,7,2013-07-07,0,0,0,0,0,0
1033,1,2013-07-08,12444,1244,1,0,0,1
1033,2,2013-07-09,12129,1204,1,0,0,1
1033,3,2013-07-10,11879,1172,1,0,0,1
1033,4,2013-07-11,12818,1198,1,0,0,1
1033,5,2013-07-12,12681,1266,1,0,0,1
1033,6,2013-07-13,9978,925,1,0,0,0
1033,7,2013-07-14,0,0,0,0,0,0
1033,1,2013-07-15,22383,1818,1,1,0,1
1033,2,2013-07-16,15716,1458,1,1,0,1
1033,3,2013-07-17,14601,1331,1,1,0,1
1033,4,2013-07-18,13360,1306,1,1,0,1
1033,5,2013-07-19,14763,1381,1,1,0,1
1033,6,2013-07-20,9636,868,1,0,0,0
1033,7,2013-07-21,0,0,0,0,0,0
1033,1,2013-07-22,10144,1121,1,0,0,1
1033,2,2013-07-23,9812,1080,1,0,0,1
1033,3,2013-07-24,9671,1096,1,0,0,1
1033,4,2013-07-25,10493,1134,1,0,0,1
1033,5,2013-07-26,10384,1054,1,0,0,1
1033,6,2013-07-27,8167,823,1,0,0,0
1033,7,2013-07-28,0,0,0,0,0,0
1033,1,2013-07-29,18346,1611,1,1,0,1
1033,2,2013-07-30,18131,1494,1,1,0,1
1033,3,2013-07-31,18653,1622,1,1,0,1
1033,4,2013-08-01,16155,1515,1,1,0,1
1033,5,2013-08-02,14619,1383,1,1,0,1
1033,6,2013-08-03,8781,904,1,0,0,0
1033,7,2013-08-04,0,0,0,0,0,0
1033,1,2013-08-05,14350,1510,1,0,0,0
1033,2,2013-08-06,11039,1177,1,0,0,0
1033,3,2013-08-07,11369,1230,1,0,0,0
1033,4,2013-08-08,11163,1209,1,0,0,0
1033,5,2013-08-09,12727,1313,1,0,0,0
1033,6,2013-08-10,10066,961,1,0,0,0
1033,7,2013-08-11,0,0,0,0,0,0
1033,1,2013-08-12,20944,1848,1,1,0,0
1033,2,2013-08-13,16906,1568,1,1,0,0
1033,3,2013-08-14,15256,1433,1,1,0,0
1033,4,2013-08-15,16054,1558,1,1,0,0
1033,5,2013-08-16,15846,1498,1,1,0,0
1033,6,2013-08-17,9648,969,1,0,0,0
1033,7,2013-08-18,0,0,0,0,0,0
1033,1,2013-08-19,12585,1343,1,0,0,0
1033,2,2013-08-20,11913,1283,1,0,0,0
1033,3,2013-08-21,10716,1169,1,0,0,0
1033,4,2013-08-22,11446,1213,1,0,0,0
1033,5,2013-08-23,11447,1235,1,0,0,0
1033,6,2013-08-24,9917,987,1,0,0,0
1033,7,2013-08-25,0,0,0,0,0,0
1033,1,2013-08-26,19793,1751,1,1,0,0
1033,2,2013-08-27,15586,1517,1,1,0,0
1033,3,2013-08-28,14434,1332,1,1,0,0
1033,4,2013-08-29,15416,1419,1,1,0,0
1033,5,2013-08-30,18310,1676,1,1,0,0
1033,6,2013-08-31,11062,1055,1,0,0,0
1033,7,2013-09-01,0,0,0,0,0,0
1033,1,2013-09-02,13961,1365,1,0,0,0
1033,2,2013-09-03,11714,1241,1,0,0,0
1033,3,2013-09-04,12090,1268,1,0,0,0
1033,4,2013-09-05,11891,1244,1,0,0,0
1033,5,2013-09-06,11372,1212,1,0,0,0
1033,6,2013-09-07,8493,1055,1,0,0,0
1033,7,2013-09-08,0,0,0,0,0,0
1033,1,2013-09-09,18050,1466,1,1,0,0
1033,2,2013-09-10,16649,1474,1,1,0,0
1033,3,2013-09-11,15367,1348,1,1,0,0
1033,4,2013-09-12,14771,1418,1,1,0,0
1033,5,2013-09-13,16175,1459,1,1,0,0
1033,6,2013-09-14,9976,897,1,0,0,0
1033,7,2013-09-15,0,0,0,0,0,0
1033,1,2013-09-16,11926,1249,1,0,0,0
1033,2,2013-09-17,11320,1205,1,0,0,0
1033,3,2013-09-18,8886,952,1,0,0,0
1033,4,2013-09-19,11748,1215,1,0,0,0
1033,5,2013-09-20,9896,1079,1,0,0,0
1033,6,2013-09-21,9782,960,1,0,0,0
1033,7,2013-09-22,0,0,0,0,0,0
1033,1,2013-09-23,17437,1557,1,1,0,0
1033,2,2013-09-24,14737,1282,1,1,0,0
1033,3,2013-09-25,14913,1347,1,1,0,0
1033,4,2013-09-26,14240,1380,1,1,0,0
1033,5,2013-09-27,16072,1493,1,1,0,0
1033,6,2013-09-28,10171,1008,1,0,0,0
1033,7,2013-09-29,0,0,0,0,0,0
1033,1,2013-09-30,14369,1395,1,0,0,1
1033,2,2013-10-01,13045,1331,1,0,0,1
1033,3,2013-10-02,13073,1369,1,0,0,1
1033,4,2013-10-03,0,0,0,0,a,1
1033,5,2013-10-04,13762,1308,1,0,0,1
1033,6,2013-10-05,10004,907,1,0,0,0
1033,7,2013-10-06,0,0,0,0,0,0
1033,1,2013-10-07,19824,1756,1,1,0,1
1033,2,2013-10-08,17024,1488,1,1,0,1
1033,3,2013-10-09,13590,1282,1,1,0,1
1033,4,2013-10-10,12530,1145,1,1,0,1
1033,5,2013-10-11,15208,1454,1,1,0,1
1033,6,2013-10-12,9798,924,1,0,0,0
1033,7,2013-10-13,0,0,0,0,0,0
1033,1,2013-10-14,11621,1321,1,0,0,0
1033,2,2013-10-15,10692,1145,1,0,0,0
1033,3,2013-10-16,10896,1121,1,0,0,0
1033,4,2013-10-17,11117,1165,1,0,0,0
1033,5,2013-10-18,11413,1199,1,0,0,0
1033,6,2013-10-19,9707,946,1,0,0,0
1033,7,2013-10-20,0,0,0,0,0,0
1033,1,2013-10-21,17985,1650,1,1,0,0
1033,2,2013-10-22,14957,1486,1,1,0,0
1033,3,2013-10-23,13050,1239,1,1,0,0
1033,4,2013-10-24,13580,1376,1,1,0,0
1033,5,2013-10-25,13973,1373,1,1,0,0
1033,6,2013-10-26,9156,894,1,0,0,0
1033,7,2013-10-27,0,0,0,0,0,0
1033,1,2013-10-28,11314,1229,1,0,0,0
1033,2,2013-10-29,10985,1189,1,0,0,0
1033,3,2013-10-30,11869,1221,1,0,0,0
1033,4,2013-10-31,14711,1474,1,0,0,0
1033,5,2013-11-01,14262,1396,1,0,0,0
1033,6,2013-11-02,11317,976,1,0,0,0
1033,7,2013-11-03,0,0,0,0,0,0
1033,1,2013-11-04,18854,1595,1,1,0,0
1033,2,2013-11-05,16934,1528,1,1,0,0
1033,3,2013-11-06,15433,1348,1,1,0,0
1033,4,2013-11-07,13904,1302,1,1,0,0
1033,5,2013-11-08,15177,1476,1,1,0,0
1033,6,2013-11-09,10678,1007,1,0,0,0
1033,7,2013-11-10,0,0,0,0,0,0
1033,1,2013-11-11,13179,1343,1,0,0,0
1033,2,2013-11-12,11464,1172,1,0,0,0
1033,3,2013-11-13,11257,1164,1,0,0,0
1033,4,2013-11-14,11343,1172,1,0,0,0
1033,5,2013-11-15,11583,1212,1,0,0,0
1033,6,2013-11-16,11110,1018,1,0,0,0
1033,7,2013-11-17,0,0,0,0,0,0
1033,1,2013-11-18,19153,1662,1,1,0,0
1033,2,2013-11-19,16383,1459,1,1,0,0
1033,3,2013-11-20,12192,1118,1,1,0,0
1033,4,2013-11-21,15358,1374,1,1,0,0
1033,5,2013-11-22,14161,1297,1,1,0,0
1033,6,2013-11-23,10976,1021,1,0,0,0
1033,7,2013-11-24,0,0,0,0,0,0
1033,1,2013-11-25,13016,1303,1,0,0,0
1033,2,2013-11-26,12589,1257,1,0,0,0
1033,3,2013-11-27,12492,1161,1,0,0,0
1033,4,2013-11-28,13709,1306,1,0,0,0
1033,5,2013-11-29,14785,1422,1,0,0,0
1033,6,2013-11-30,11558,1174,1,0,0,0
1033,7,2013-12-01,0,0,0,0,0,0
1033,1,2013-12-02,23133,1865,1,1,0,0
1033,2,2013-12-03,21442,1752,1,1,0,0
1033,3,2013-12-04,19218,1562,1,1,0,0
1033,4,2013-12-05,20251,1655,1,1,0,0
1033,5,2013-12-06,11657,1083,1,1,0,0
1033,6,2013-12-07,11166,1000,1,0,0,0
1033,7,2013-12-08,0,0,0,0,0,0
1033,1,2013-12-09,13174,1321,1,0,0,0
1033,2,2013-12-10,14403,1391,1,0,0,0
1033,3,2013-12-11,13622,1342,1,0,0,0
1033,4,2013-12-12,14175,1364,1,0,0,0
1033,5,2013-12-13,14433,1357,1,0,0,0
1033,6,2013-12-14,11021,1151,1,0,0,0
1033,7,2013-12-15,0,0,0,0,0,0
1033,1,2013-12-16,27265,2164,1,1,0,0
1033,2,2013-12-17,22383,1838,1,1,0,0
1033,3,2013-12-18,21690,1794,1,1,0,0
1033,4,2013-12-19,20485,1774,1,1,0,0
1033,5,2013-12-20,21111,1885,1,1,0,0
1033,6,2013-12-21,16100,1411,1,0,0,0
1033,7,2013-12-22,0,0,0,0,0,0
1033,1,2013-12-23,23149,2333,1,0,0,1
1033,2,2013-12-24,8840,925,1,0,0,1
1033,3,2013-12-25,0,0,0,0,c,1
1033,4,2013-12-26,0,0,0,0,c,1
1033,5,2013-12-27,13995,1499,1,0,0,1
1033,6,2013-12-28,11653,1116,1,0,0,0
1033,7,2013-12-29,0,0,0,0,0,0
1033,1,2013-12-30,18320,1781,1,0,0,1
1033,2,2013-12-31,8739,932,1,0,0,1
1033,3,2014-01-01,0,0,0,0,a,1
1033,4,2014-01-02,12837,1312,1,0,0,1
1033,5,2014-01-03,13983,1346,1,0,0,1
1033,6,2014-01-04,10429,1019,1,0,0,0
1033,7,2014-01-05,0,0,0,0,0,0
1033,1,2014-01-06,21588,1747,1,1,0,0
1033,2,2014-01-07,17100,1591,1,1,0,0
1033,3,2014-01-08,14905,1322,1,1,0,0
1033,4,2014-01-09,15185,1426,1,1,0,0
1033,5,2014-01-10,14262,1359,1,1,0,0
1033,6,2014-01-11,10904,1049,1,0,0,0
1033,7,2014-01-12,0,0,0,0,0,0
1033,1,2014-01-13,11795,1278,1,0,0,0
1033,2,2014-01-14,11212,1161,1,0,0,0
1033,3,2014-01-15,10689,1133,1,0,0,0
1033,4,2014-01-16,9192,993,1,0,0,0
1033,5,2014-01-17,12061,1228,1,0,0,0
1033,6,2014-01-18,10457,1003,1,0,0,0
1033,7,2014-01-19,0,0,0,0,0,0
1033,1,2014-01-20,15234,1295,1,1,0,0
1033,2,2014-01-21,13783,1173,1,1,0,0
1033,3,2014-01-22,14621,1264,1,1,0,0
1033,4,2014-01-23,15471,1356,1,1,0,0
1033,5,2014-01-24,13089,1201,1,1,0,0
1033,6,2014-01-25,9434,890,1,0,0,0
1033,7,2014-01-26,0,0,0,0,0,0
1033,1,2014-01-27,9107,973,1,0,0,0
1033,2,2014-01-28,11539,1186,1,0,0,0
1033,3,2014-01-29,11416,1089,1,0,0,0
1033,4,2014-01-30,12172,1192,1,0,0,0
1033,5,2014-01-31,14981,1437,1,0,0,0
1033,6,2014-02-01,12371,1126,1,0,0,0
1033,7,2014-02-02,0,0,0,0,0,0
1033,1,2014-02-03,21840,1753,1,1,0,1
1033,2,2014-02-04,17472,1518,1,1,0,1
1033,3,2014-02-05,16054,1392,1,1,0,1
1033,4,2014-02-06,15728,1396,1,1,0,1
1033,5,2014-02-07,14822,1383,1,1,0,1
1033,6,2014-02-08,10436,966,1,0,0,0
1033,7,2014-02-09,0,0,0,0,0,0
1033,1,2014-02-10,12553,1343,1,0,0,0
1033,2,2014-02-11,11709,1201,1,0,0,0
1033,3,2014-02-12,11352,1206,1,0,0,0
1033,4,2014-02-13,12542,1309,1,0,0,0
1033,5,2014-02-14,12426,1287,1,0,0,0
1033,6,2014-02-15,10385,995,1,0,0,0
1033,7,2014-02-16,0,0,0,0,0,0
1033,1,2014-02-17,19295,1695,1,1,0,0
1033,2,2014-02-18,16081,1452,1,1,0,0
1033,3,2014-02-19,13880,1306,1,1,0,0
1033,4,2014-02-20,14158,1361,1,1,0,0
1033,5,2014-02-21,13138,1229,1,1,0,0
1033,6,2014-02-22,9997,1015,1,0,0,0
1033,7,2014-02-23,0,0,0,0,0,0
1033,1,2014-02-24,11534,1253,1,0,0,0
1033,2,2014-02-25,10780,1149,1,0,0,0
1033,3,2014-02-26,11025,1145,1,0,0,0
1033,4,2014-02-27,11182,1191,1,0,0,0
1033,5,2014-02-28,13896,1348,1,0,0,0
1033,6,2014-03-01,12093,1102,1,0,0,0
1033,7,2014-03-02,0,0,0,0,0,0
1033,1,2014-03-03,20873,1820,1,1,0,0
1033,2,2014-03-04,17179,1515,1,1,0,0
1033,3,2014-03-05,15009,1340,1,1,0,0
1033,4,2014-03-06,15561,1418,1,1,0,0
1033,5,2014-03-07,14237,1365,1,1,0,0
1033,6,2014-03-08,9253,929,1,0,0,0
1033,7,2014-03-09,0,0,0,0,0,0
1033,1,2014-03-10,11716,1225,1,0,0,0
1033,2,2014-03-11,10646,1176,1,0,0,0
1033,3,2014-03-12,10343,1123,1,0,0,0
1033,4,2014-03-13,11106,1171,1,0,0,0
1033,5,2014-03-14,12104,1251,1,0,0,0
1033,6,2014-03-15,9515,875,1,0,0,0
1033,7,2014-03-16,0,0,0,0,0,0
1033,1,2014-03-17,16059,1456,1,1,0,0
1033,2,2014-03-18,15048,1412,1,1,0,0
1033,3,2014-03-19,12506,1149,1,1,0,0
1033,4,2014-03-20,13642,1315,1,1,0,0
1033,5,2014-03-21,13361,1313,1,1,0,0
1033,6,2014-03-22,9096,897,1,0,0,0
1033,7,2014-03-23,0,0,0,0,0,0
1033,1,2014-03-24,11302,1194,1,0,0,0
1033,2,2014-03-25,10130,1070,1,0,0,0
1033,3,2014-03-26,10703,1145,1,0,0,0
1033,4,2014-03-27,11391,1191,1,0,0,0
1033,5,2014-03-28,10956,1145,1,0,0,0
1033,6,2014-03-29,10036,946,1,0,0,0
1033,7,2014-03-30,0,0,0,0,0,0
1033,1,2014-03-31,21475,1769,1,1,0,0
1033,2,2014-04-01,18024,1584,1,1,0,0
1033,3,2014-04-02,14999,1382,1,1,0,0
1033,4,2014-04-03,14827,1383,1,1,0,0
1033,5,2014-04-04,15695,1427,1,1,0,0
1033,6,2014-04-05,10665,954,1,0,0,0
1033,7,2014-04-06,0,0,0,0,0,0
1033,1,2014-04-07,11673,1279,1,0,0,0
1033,2,2014-04-08,11464,1169,1,0,0,0
1033,3,2014-04-09,11135,1065,1,0,0,0
1033,4,2014-04-10,11900,1204,1,0,0,0
1033,5,2014-04-11,12276,1256,1,0,0,0
1033,6,2014-04-12,10045,952,1,0,0,0
1033,7,2014-04-13,0,0,0,0,0,0
1033,1,2014-04-14,19058,1558,1,1,0,1
1033,2,2014-04-15,18617,1593,1,1,0,1
1033,3,2014-04-16,16467,1532,1,1,0,1
1033,4,2014-04-17,17502,1692,1,1,0,1
1033,5,2014-04-18,0,0,0,1,b,1
1033,6,2014-04-19,12022,1210,1,0,0,0
1033,7,2014-04-20,0,0,0,0,0,0
1033,1,2014-04-21,0,0,0,0,b,1
1033,2,2014-04-22,12250,1342,1,0,0,1
1033,3,2014-04-23,10584,1082,1,0,0,1
1033,4,2014-04-24,10685,1146,1,0,0,1
1033,5,2014-04-25,11521,1185,1,0,0,1
1033,6,2014-04-26,8650,861,1,0,0,0
1033,7,2014-04-27,0,0,0,0,0,0
1033,1,2014-04-28,20085,1714,1,1,0,0
1033,2,2014-04-29,18108,1561,1,1,0,0
1033,3,2014-04-30,18662,1704,1,1,0,0
1033,4,2014-05-01,0,0,0,1,a,0
1033,5,2014-05-02,18020,1516,1,1,0,1
1033,6,2014-05-03,11593,1090,1,0,0,0
1033,7,2014-05-04,0,0,0,0,0,0
1033,1,2014-05-05,21386,1789,1,1,0,0
1033,2,2014-05-06,16882,1531,1,1,0,0
1033,3,2014-05-07,16440,1411,1,1,0,0
1033,4,2014-05-08,14146,1340,1,1,0,0
1033,5,2014-05-09,15118,1403,1,1,0,0
1033,6,2014-05-10,10000,1011,1,0,0,0
1033,7,2014-05-11,0,0,0,0,0,0
1033,1,2014-05-12,11362,1202,1,0,0,0
1033,2,2014-05-13,12029,1231,1,0,0,0
1033,3,2014-05-14,10094,1058,1,0,0,0
1033,4,2014-05-15,11429,1225,1,0,0,0
1033,5,2014-05-16,11938,1222,1,0,0,0
1033,6,2014-05-17,8837,885,1,0,0,0
1033,7,2014-05-18,0,0,0,0,0,0
1033,1,2014-05-19,18246,1555,1,1,0,0
1033,2,2014-05-20,14868,1379,1,1,0,0
1033,3,2014-05-21,12922,1264,1,1,0,0
1033,4,2014-05-22,12587,1188,1,1,0,0
1033,5,2014-05-23,14177,1322,1,1,0,0
1033,6,2014-05-24,9076,898,1,0,0,0
1033,7,2014-05-25,0,0,0,0,0,0
1033,1,2014-05-26,12585,1278,1,0,0,0
1033,2,2014-05-27,10836,1102,1,0,0,0
1033,3,2014-05-28,12736,1139,1,0,0,0
1033,4,2014-05-29,0,0,0,0,a,0
1033,5,2014-05-30,18610,1650,1,0,0,1
1033,6,2014-05-31,11318,1009,1,0,0,0
1033,7,2014-06-01,0,0,0,0,0,0
1033,1,2014-06-02,21865,1803,1,1,0,0
1033,2,2014-06-03,16455,1503,1,1,0,0
1033,3,2014-06-04,15334,1364,1,1,0,0
1033,4,2014-06-05,14590,1336,1,1,0,0
1033,5,2014-06-06,14933,1441,1,1,0,0
1033,6,2014-06-07,10750,997,1,0,0,0
1033,7,2014-06-08,0,0,0,0,0,0
1033,1,2014-06-09,0,0,0,0,a,0
1033,2,2014-06-10,12928,1300,1,0,0,0
1033,3,2014-06-11,12004,1132,1,0,0,0
1033,4,2014-06-12,13183,1322,1,0,0,0
1033,5,2014-06-13,12398,1218,1,0,0,0
1033,6,2014-06-14,10608,948,1,0,0,0
1033,7,2014-06-15,0,0,0,0,0,0
1033,1,2014-06-16,18426,1585,1,1,0,0
1033,2,2014-06-17,16988,1475,1,1,0,0
1033,3,2014-06-18,14993,1350,1,1,0,0
1033,4,2014-06-19,14176,1348,1,1,0,0
1033,5,2014-06-20,14256,1355,1,1,0,0
1033,6,2014-06-21,8465,841,1,0,0,0
1033,7,2014-06-22,0,0,0,0,0,0
1033,1,2014-06-23,13007,1261,1,0,0,0
1033,2,2014-06-24,10770,1135,1,0,0,0
1033,3,2014-06-25,8143,838,1,0,0,0
1033,4,2014-06-26,10835,1146,1,0,0,0
1033,5,2014-06-27,11764,1219,1,0,0,0
1033,6,2014-06-28,10551,957,1,0,0,0
1033,7,2014-06-29,0,0,0,0,0,0
1033,1,2014-06-30,22699,1863,1,1,0,0
1033,2,2014-07-01,18733,1600,1,1,0,0
1033,3,2014-07-02,17131,1467,1,1,0,0
1033,4,2014-07-03,17028,1525,1,1,0,0
1033,5,2014-07-04,14004,1277,1,1,0,0
1033,6,2014-07-05,10201,987,1,0,0,0
1033,7,2014-07-06,0,0,0,0,0,0
1033,1,2014-07-07,12785,1289,1,0,0,0
1033,2,2014-07-08,10489,1086,1,0,0,0
1033,3,2014-07-09,10845,999,1,0,0,1
1033,4,2014-07-10,13803,1290,1,0,0,1
1033,5,2014-07-11,14076,1359,1,0,0,1
1033,6,2014-07-12,11062,987,1,0,0,0
1033,7,2014-07-13,0,0,0,0,0,0
1033,1,2014-07-14,17357,1535,1,1,0,1
1033,2,2014-07-15,14951,1322,1,1,0,1
1033,3,2014-07-16,14733,1297,1,1,0,1
1033,4,2014-07-17,16041,1401,1,1,0,1
1033,5,2014-07-18,13952,1267,1,1,0,1
1033,6,2014-07-19,8447,775,1,0,0,0
1033,7,2014-07-20,0,0,0,0,0,0
1033,1,2014-07-21,11430,1155,1,0,0,1
1033,2,2014-07-22,10099,1035,1,0,0,1
1033,3,2014-07-23,11076,1083,1,0,0,1
1033,4,2014-07-24,10558,1069,1,0,0,1
1033,5,2014-07-25,9621,1006,1,0,0,1
1033,6,2014-07-26,8857,831,1,0,0,0
1033,7,2014-07-27,0,0,0,0,0,0
1033,1,2014-07-28,16135,1350,1,1,0,1
1033,2,2014-07-29,13766,1221,1,1,0,1
1033,3,2014-07-30,13552,1252,1,1,0,1
1033,4,2014-07-31,17663,1500,1,1,0,1
1033,5,2014-08-01,15211,1375,1,1,0,1
1033,6,2014-08-02,9847,914,1,0,0,0
1033,7,2014-08-03,0,0,0,0,0,0
1033,1,2014-08-04,17178,1504,1,1,0,1
1033,2,2014-08-05,15141,1429,1,1,0,1
1033,3,2014-08-06,13035,1210,1,1,0,1
1033,4,2014-08-07,13214,1309,1,1,0,1
1033,5,2014-08-08,13306,1271,1,1,0,1
1033,6,2014-08-09,8831,851,1,0,0,0
1033,7,2014-08-10,0,0,0,0,0,0
1033,1,2014-08-11,11216,1241,1,0,0,1
1033,2,2014-08-12,10647,1142,1,0,0,1
1033,3,2014-08-13,10122,1034,1,0,0,1
1033,4,2014-08-14,11100,1147,1,0,0,1
1033,5,2014-08-15,11439,1132,1,0,0,1
1033,6,2014-08-16,9636,930,1,0,0,0
1033,7,2014-08-17,0,0,0,0,0,0
1033,1,2014-08-18,18684,1668,1,1,0,1
1033,2,2014-08-19,15748,1447,1,1,0,1
1033,3,2014-08-20,14339,1318,1,1,0,1
1033,4,2014-08-21,14074,1319,1,1,0,1
1033,5,2014-08-22,12831,1263,1,1,0,1
1033,6,2014-08-23,9498,930,1,0,0,0
1033,7,2014-08-24,0,0,0,0,0,0
1033,1,2014-08-25,12070,1306,1,0,0,0
1033,2,2014-08-26,10332,1161,1,0,0,0
1033,3,2014-08-27,11181,1174,1,0,0,0
1033,4,2014-08-28,11585,1167,1,0,0,0
1033,5,2014-08-29,14861,1402,1,0,0,0
1033,6,2014-08-30,11105,1001,1,0,0,0
1033,7,2014-08-31,0,0,0,0,0,0
1033,1,2014-09-01,21854,1847,1,1,0,0
1033,2,2014-09-02,18271,1542,1,1,0,0
1033,3,2014-09-03,16640,1516,1,1,0,0
1033,4,2014-09-04,14971,1402,1,1,0,0
1033,5,2014-09-05,14920,1407,1,1,0,0
1033,6,2014-09-06,10021,877,1,0,0,0
1033,7,2014-09-07,0,0,0,0,0,0
1033,1,2014-09-08,11658,1304,1,0,0,0
1033,2,2014-09-09,11057,1180,1,0,0,0
1033,3,2014-09-10,10933,1127,1,0,0,0
1033,4,2014-09-11,11376,1161,1,0,0,0
1033,5,2014-09-12,11271,1209,1,0,0,0
1033,6,2014-09-13,7693,911,1,0,0,0
1033,7,2014-09-14,0,0,0,0,0,0
1033,1,2014-09-15,18178,1613,1,1,0,0
1033,2,2014-09-16,15138,1408,1,1,0,0
1033,3,2014-09-17,14693,1341,1,1,0,0
1033,4,2014-09-18,13665,1275,1,1,0,0
1033,5,2014-09-19,14850,1340,1,1,0,0
1033,6,2014-09-20,8822,861,1,0,0,0
1033,7,2014-09-21,0,0,0,0,0,0
1033,1,2014-09-22,11544,1230,1,0,0,0
1033,2,2014-09-23,11238,1188,1,0,0,0
1033,3,2014-09-24,10366,1057,1,0,0,0
1033,4,2014-09-25,11085,1139,1,0,0,0
1033,5,2014-09-26,10555,1096,1,0,0,0
1033,6,2014-09-27,9515,916,1,0,0,0
1033,7,2014-09-28,0,0,0,0,0,0
1033,1,2014-09-29,17267,1498,1,1,0,0
1033,2,2014-09-30,19341,1621,1,1,0,0
1033,3,2014-10-01,16517,1476,1,1,0,0
1033,4,2014-10-02,17945,1612,1,1,0,0
1033,5,2014-10-03,0,0,0,1,a,0
1033,6,2014-10-04,12553,1163,1,0,0,0
1033,7,2014-10-05,0,0,0,0,0,0
1033,1,2014-10-06,19244,1688,1,1,0,0
1033,2,2014-10-07,15981,1429,1,1,0,0
1033,3,2014-10-08,14541,1310,1,1,0,0
1033,4,2014-10-09,15075,1402,1,1,0,0
1033,5,2014-10-10,15165,1410,1,1,0,0
1033,6,2014-10-11,9227,894,1,0,0,0
1033,7,2014-10-12,0,0,0,0,0,0
1033,1,2014-10-13,12307,1312,1,0,0,0
1033,2,2014-10-14,11869,1246,1,0,0,0
1033,3,2014-10-15,11084,1130,1,0,0,0
1033,4,2014-10-16,11569,1113,1,0,0,0
1033,5,2014-10-17,12344,1284,1,0,0,0
1033,6,2014-10-18,10089,971,1,0,0,0
1033,7,2014-10-19,0,0,0,0,0,0
1033,1,2014-10-20,18689,1597,1,1,0,1
1033,2,2014-10-21,14721,1344,1,1,0,1
1033,3,2014-10-22,12204,1068,1,1,0,1
1033,4,2014-10-23,13455,1315,1,1,0,1
1033,5,2014-10-24,14613,1383,1,1,0,1
1033,6,2014-10-25,8843,871,1,0,0,0
1033,7,2014-10-26,0,0,0,0,0,0
1033,1,2014-10-27,10385,1177,1,0,0,1
1033,2,2014-10-28,11460,1190,1,0,0,1
1033,3,2014-10-29,11222,1135,1,0,0,1
1033,4,2014-10-30,11915,1179,1,0,0,1
1033,5,2014-10-31,15660,1542,1,0,0,1
1033,6,2014-11-01,11566,1064,1,0,0,0
1033,7,2014-11-02,0,0,0,0,0,0
1033,1,2014-11-03,19675,1719,1,1,0,0
1033,2,2014-11-04,17421,1529,1,1,0,0
1033,3,2014-11-05,15663,1440,1,1,0,0
1033,4,2014-11-06,15546,1390,1,1,0,0
1033,5,2014-11-07,15575,1457,1,1,0,0
1033,6,2014-11-08,10557,1026,1,0,0,0
1033,7,2014-11-09,0,0,0,0,0,0
1033,1,2014-11-10,16513,1479,1,1,0,0
1033,2,2014-11-11,14496,1369,1,1,0,0
1033,3,2014-11-12,13716,1263,1,1,0,0
1033,4,2014-11-13,14006,1258,1,1,0,0
1033,5,2014-11-14,14119,1373,1,1,0,0
1033,6,2014-11-15,10906,1013,1,0,0,0
1033,7,2014-11-16,0,0,0,0,0,0
1033,1,2014-11-17,14097,1445,1,0,0,0
1033,2,2014-11-18,11982,1208,1,0,0,0
1033,3,2014-11-19,10751,1056,1,0,0,0
1033,4,2014-11-20,12406,1234,1,0,0,0
1033,5,2014-11-21,11944,1231,1,0,0,0
1033,6,2014-11-22,10056,985,1,0,0,0
1033,7,2014-11-23,0,0,0,0,0,0
1033,1,2014-11-24,17362,1451,1,1,0,0
1033,2,2014-11-25,16407,1426,1,1,0,0
1033,3,2014-11-26,15719,1412,1,1,0,0
1033,4,2014-11-27,16067,1418,1,1,0,0
1033,5,2014-11-28,19998,1648,1,1,0,0
1033,6,2014-11-29,12731,1148,1,0,0,0
1033,7,2014-11-30,0,0,0,0,0,0
1033,1,2014-12-01,19874,1616,1,1,0,0
1033,2,2014-12-02,18162,1548,1,1,0,0
1033,3,2014-12-03,17347,1460,1,1,0,0
1033,4,2014-12-04,18092,1522,1,1,0,0
1033,5,2014-12-05,19097,1581,1,1,0,0
1033,6,2014-12-06,11491,1055,1,0,0,0
1033,7,2014-12-07,0,0,0,0,0,0
1033,1,2014-12-08,14804,1464,1,0,0,0
1033,2,2014-12-09,13842,1391,1,0,0,0
1033,3,2014-12-10,11389,1112,1,0,0,0
1033,4,2014-12-11,14257,1310,1,0,0,0
1033,5,2014-12-12,13109,1322,1,0,0,0
1033,6,2014-12-13,11306,1059,1,0,0,0
1033,7,2014-12-14,0,0,0,0,0,0
1033,1,2014-12-15,24950,1957,1,1,0,0
1033,2,2014-12-16,21356,1761,1,1,0,0
1033,3,2014-12-17,19199,1546,1,1,0,0
1033,4,2014-12-18,19586,1709,1,1,0,0
1033,5,2014-12-19,19399,1675,1,1,0,0
1033,6,2014-12-20,14376,1241,1,0,0,0
1033,7,2014-12-21,0,0,0,0,0,0
1033,1,2014-12-22,21147,1960,1,0,0,1
1033,2,2014-12-23,20086,1966,1,0,0,1
1033,3,2014-12-24,8892,861,1,0,0,1
1033,4,2014-12-25,0,0,0,0,c,1
1033,5,2014-12-26,0,0,0,0,c,1
1033,6,2014-12-27,10587,1118,1,0,0,0
1033,7,2014-12-28,0,0,0,0,0,0
1033,1,2014-12-29,15362,1388,1,0,0,1
1033,2,2014-12-30,15598,1430,1,0,0,1
1033,3,2014-12-31,8109,825,1,0,0,1
1033,4,2015-01-01,0,0,0,0,a,1
1033,5,2015-01-02,14646,1400,1,0,0,1
1033,6,2015-01-03,10362,968,1,0,0,0
1033,7,2015-01-04,0,0,0,0,0,0
1033,1,2015-01-05,18541,1568,1,1,0,0
1033,2,2015-01-06,17717,1501,1,1,0,0
1033,3,2015-01-07,14375,1272,1,1,0,0
1033,4,2015-01-08,14313,1290,1,1,0,0
1033,5,2015-01-09,12698,1113,1,1,0,0
1033,6,2015-01-10,10682,962,1,0,0,0
1033,7,2015-01-11,0,0,0,0,0,0
1033,1,2015-01-12,17373,1449,1,1,0,0
1033,2,2015-01-13,17732,1590,1,1,0,0
1033,3,2015-01-14,14838,1321,1,1,0,0
1033,4,2015-01-15,13403,1226,1,1,0,0
1033,5,2015-01-16,15470,1423,1,1,0,0
1033,6,2015-01-17,10393,941,1,0,0,0
1033,7,2015-01-18,0,0,0,0,0,0
1033,1,2015-01-19,12273,1220,1,0,0,0
1033,2,2015-01-20,10152,1070,1,0,0,0
1033,3,2015-01-21,11306,1124,1,0,0,0
1033,4,2015-01-22,10326,1118,1,0,0,0
1033,5,2015-01-23,11363,1266,1,0,0,0
1033,6,2015-01-24,10035,907,1,0,0,0
1033,7,2015-01-25,0,0,0,0,0,0
1033,1,2015-01-26,16964,1466,1,1,0,0
1033,2,2015-01-27,16311,1427,1,1,0,0
1033,3,2015-01-28,14658,1311,1,1,0,0
1033,4,2015-01-29,14525,1356,1,1,0,0
1033,5,2015-01-30,17070,1488,1,1,0,0
1033,6,2015-01-31,11424,1032,1,0,0,0
1033,7,2015-02-01,0,0,0,0,0,0
1033,1,2015-02-02,18584,1559,1,1,0,1
1033,2,2015-02-03,15101,1327,1,1,0,1
1033,3,2015-02-04,13680,1255,1,1,0,1
1033,4,2015-02-05,14512,1354,1,1,0,1
1033,5,2015-02-06,14125,1255,1,1,0,1
1033,6,2015-02-07,9432,907,1,0,0,0
1033,7,2015-02-08,0,0,0,0,0,0
1033,1,2015-02-09,12272,1214,1,0,0,0
1033,2,2015-02-10,12065,1215,1,0,0,0
1033,3,2015-02-11,12103,1216,1,0,0,0
1033,4,2015-02-12,11907,1226,1,0,0,0
1033,5,2015-02-13,13213,1306,1,0,0,0
1033,6,2015-02-14,12051,1038,1,0,0,0
1033,7,2015-02-15,0,0,0,0,0,0
1033,1,2015-02-16,18501,1563,1,1,0,0
1033,2,2015-02-17,15984,1448,1,1,0,0
1033,3,2015-02-18,15127,1333,1,1,0,0
1033,4,2015-02-19,14966,1338,1,1,0,0
1033,5,2015-02-20,14188,1370,1,1,0,0
1033,6,2015-02-21,10422,965,1,0,0,0
1033,7,2015-02-22,0,0,0,0,0,0
1033,1,2015-02-23,10532,1050,1,0,0,0
1033,2,2015-02-24,12037,1222,1,0,0,0
1033,3,2015-02-25,11848,1125,1,0,0,0
1033,4,2015-02-26,11872,1216,1,0,0,0
1033,5,2015-02-27,15521,1451,1,0,0,0
1033,6,2015-02-28,12231,1080,1,0,0,0
1033,7,2015-03-01,0,0,0,0,0,0
1033,1,2015-03-02,19211,1645,1,1,0,0
1033,2,2015-03-03,17513,1495,1,1,0,0
1033,3,2015-03-04,15046,1285,1,1,0,0
1033,4,2015-03-05,14435,1356,1,1,0,0
1033,5,2015-03-06,15645,1454,1,1,0,0
1033,6,2015-03-07,10684,1014,1,0,0,0
1033,7,2015-03-08,0,0,0,0,0,0
1033,1,2015-03-09,12799,1304,1,0,0,0
1033,2,2015-03-10,11172,1130,1,0,0,0
1033,3,2015-03-11,11176,1144,1,0,0,0
1033,4,2015-03-12,11803,1191,1,0,0,0
1033,5,2015-03-13,12812,1269,1,0,0,0
1033,6,2015-03-14,10642,909,1,0,0,0
1033,7,2015-03-15,0,0,0,0,0,0
1033,1,2015-03-16,19994,1678,1,1,0,0
1033,2,2015-03-17,16851,1510,1,1,0,0
1033,3,2015-03-18,15007,1332,1,1,0,0
1033,4,2015-03-19,16090,1401,1,1,0,0
1033,5,2015-03-20,16024,1376,1,1,0,0
1033,6,2015-03-21,10073,871,1,0,0,0
1033,7,2015-03-22,0,0,0,0,0,0
1033,1,2015-03-23,14012,1344,1,0,0,0
1033,2,2015-03-24,12798,1191,1,0,0,0
1033,3,2015-03-25,10766,1099,1,0,0,0
1033,4,2015-03-26,10877,1114,1,0,0,0
1033,5,2015-03-27,13987,1290,1,0,0,0
1033,6,2015-03-28,10740,977,1,0,0,0
1033,7,2015-03-29,0,0,0,0,0,0
1033,1,2015-03-30,20774,1630,1,1,0,1
1033,2,2015-03-31,20018,1544,1,1,0,1
1033,3,2015-04-01,20237,1638,1,1,0,1
1033,4,2015-04-02,20918,1800,1,1,0,1
1033,5,2015-04-03,0,0,0,1,b,1
1033,6,2015-04-04,14878,1305,1,0,0,0
1033,7,2015-04-05,0,0,0,0,0,0
1033,1,2015-04-06,0,0,0,0,b,1
1033,2,2015-04-07,14698,1445,1,0,0,1
1033,3,2015-04-08,12277,1247,1,0,0,1
1033,4,2015-04-09,13085,1278,1,0,0,1
1033,5,2015-04-10,12058,1113,1,0,0,1
1033,6,2015-04-11,9660,885,1,0,0,0
1033,7,2015-04-12,0,0,0,0,0,0
1033,1,2015-04-13,20197,1671,1,1,0,0
1033,2,2015-04-14,18519,1546,1,1,0,0
1033,3,2015-04-15,14642,1279,1,1,0,0
1033,4,2015-04-16,15592,1401,1,1,0,0
1033,5,2015-04-17,15334,1448,1,1,0,0
1033,6,2015-04-18,10038,955,1,0,0,0
1033,7,2015-04-19,0,0,0,0,0,0
1033,1,2015-04-20,12340,1280,1,0,0,0
1033,2,2015-04-21,12537,1224,1,0,0,0
1033,3,2015-04-22,11811,1132,1,0,0,0
1033,4,2015-04-23,11887,1153,1,0,0,0
1033,5,2015-04-24,10643,1135,1,0,0,0
1033,6,2015-04-25,9818,900,1,0,0,0
1033,7,2015-04-26,0,0,0,0,0,0
1033,1,2015-04-27,18598,1593,1,1,0,0
1033,2,2015-04-28,17362,1445,1,1,0,0
1033,3,2015-04-29,17544,1486,1,1,0,0
1033,4,2015-04-30,20603,1773,1,1,0,0
1033,5,2015-05-01,0,0,0,1,a,0
1033,6,2015-05-02,13732,1214,1,0,0,0
1033,7,2015-05-03,0,0,0,0,0,0
1033,1,2015-05-04,20394,1812,1,1,0,0
1033,2,2015-05-05,16967,1453,1,1,0,0
1033,3,2015-05-06,16030,1401,1,1,0,0
1033,4,2015-05-07,15342,1413,1,1,0,0
1033,5,2015-05-08,17085,1533,1,1,0,0
1033,6,2015-05-09,12006,1055,1,0,0,0
1033,7,2015-05-10,0,0,0,0,0,0
1033,1,2015-05-11,13285,1381,1,0,0,0
1033,2,2015-05-12,11779,1182,1,0,0,0
1033,3,2015-05-13,14684,1412,1,0,0,0
1033,4,2015-05-14,0,0,0,0,a,0
1033,5,2015-05-15,14907,1418,1,0,0,1
1033,6,2015-05-16,9761,925,1,0,0,0
1033,7,2015-05-17,0,0,0,0,0,0
1033,1,2015-05-18,19466,1672,1,1,0,0
1033,2,2015-05-19,17074,1481,1,1,0,0
1033,3,2015-05-20,15145,1375,1,1,0,0
1033,4,2015-05-21,15242,1393,1,1,0,0
1033,5,2015-05-22,15777,1414,1,1,0,0
1033,6,2015-05-23,9791,961,1,0,0,0
1033,7,2015-05-24,0,0,0,0,0,0
1033,1,2015-05-25,0,0,0,0,a,0
1033,2,2015-05-26,14429,1429,1,0,0,1
1033,3,2015-05-27,12160,1231,1,0,0,0
1033,4,2015-05-28,14030,1294,1,0,0,0
1033,5,2015-05-29,15599,1435,1,0,0,0
1033,6,2015-05-30,12141,1016,1,0,0,0
1033,7,2015-05-31,0,0,0,0,0,0
1033,1,2015-06-01,21651,1695,1,1,0,0
1033,2,2015-06-02,19549,1579,1,1,0,0
1033,3,2015-06-03,15972,1371,1,1,0,0
1033,4,2015-06-04,16198,1447,1,1,0,0
1033,5,2015-06-05,16484,1434,1,1,0,0
1033,6,2015-06-06,9449,882,1,0,0,0
1033,7,2015-06-07,0,0,0,0,0,0
1033,1,2015-06-08,14857,1443,1,0,0,0
1033,2,2015-06-09,13747,1310,1,0,0,0
1033,3,2015-06-10,10971,1141,1,0,0,0
1033,4,2015-06-11,12418,1201,1,0,0,0
1033,5,2015-06-12,13062,1236,1,0,0,0
1033,6,2015-06-13,9368,855,1,0,0,0
1033,7,2015-06-14,0,0,0,0,0,0
1033,1,2015-06-15,22818,1792,1,1,0,0
1033,2,2015-06-16,18592,1527,1,1,0,0
1033,3,2015-06-17,14917,1295,1,1,0,0
1033,4,2015-06-18,14541,1304,1,1,0,0
1033,5,2015-06-19,16007,1397,1,1,0,0
1033,6,2015-06-20,9521,883,1,0,0,0
1033,7,2015-06-21,0,0,0,0,0,0
1033,1,2015-06-22,11787,1214,1,0,0,0
1033,2,2015-06-23,9856,978,1,0,0,0
1033,3,2015-06-24,12148,1166,1,0,0,0
1033,4,2015-06-25,12013,1205,1,0,0,0
1033,5,2015-06-26,11405,1169,1,0,0,0
1033,6,2015-06-27,10101,903,1,0,0,0
1033,7,2015-06-28,0,0,0,0,0,0
1033,1,2015-06-29,19680,1591,1,1,0,0
1033,2,2015-06-30,21513,1662,1,1,0,0
1033,3,2015-07-01,18711,1533,1,1,0,0
1033,4,2015-07-02,16852,1420,1,1,0,0
1033,5,2015-07-03,15831,1400,1,1,0,0
1033,6,2015-07-04,9460,864,1,0,0,0
1033,7,2015-07-05,0,0,0,0,0,0
1033,1,2015-07-06,14995,1391,1,0,0,0
1033,2,2015-07-07,12545,1214,1,0,0,0
1033,3,2015-07-08,12064,1182,1,0,0,0
1033,4,2015-07-09,11313,1175,1,0,0,0
1033,5,2015-07-10,14085,1281,1,0,0,0
1033,6,2015-07-11,10943,971,1,0,0,0
1033,7,2015-07-12,0,0,0,0,0,0
1033,1,2015-07-13,20328,1654,1,1,0,0
1033,2,2015-07-14,17066,1373,1,1,0,0
1033,3,2015-07-15,17784,1504,1,1,0,0
1033,4,2015-07-16,15901,1413,1,1,0,1
1033,5,2015-07-17,15435,1379,1,1,0,1
1033,6,2015-07-18,10685,936,1,0,0,0
1033,7,2015-07-19,0,0,0,0,0,0
1033,1,2015-07-20,13372,1327,1,0,0,1
1033,2,2015-07-21,11644,1132,1,0,0,1
1033,3,2015-07-22,10973,1080,1,0,0,1
1033,4,2015-07-23,11783,1177,1,0,0,1
1033,5,2015-07-24,11407,1145,1,0,0,1
1033,6,2015-07-25,8946,843,1,0,0,0
1033,7,2015-07-26,0,0,0,0,0,0
1033,1,2015-07-27,19537,1542,1,1,0,1
1033,2,2015-07-28,15483,1331,1,1,0,1
1033,3,2015-07-29,14694,1240,1,1,0,1
1033,4,2015-07-30,14554,1213,1,1,0,1
1033,5,2015-07-31,18331,1591,1,1,0,1
1114,2,2013-01-01,0,0,0,0,a,1
1114,3,2013-01-02,20642,3401,1,0,0,1
1114,4,2013-01-03,18463,3211,1,0,0,1
1114,5,2013-01-04,18371,3036,1,0,0,1
1114,6,2013-01-05,18856,3065,1,0,0,0
1114,7,2013-01-06,0,0,0,0,0,0
1114,1,2013-01-07,21237,2962,1,1,0,0
1114,2,2013-01-08,18816,2588,1,1,0,0
1114,3,2013-01-09,17073,2481,1,1,0,0
1114,4,2013-01-10,18075,2641,1,1,0,0
1114,5,2013-01-11,20214,2898,1,1,0,0
1114,6,2013-01-12,18841,3094,1,0,0,0
1114,7,2013-01-13,0,0,0,0,0,0
1114,1,2013-01-14,14672,2383,1,0,0,0
1114,2,2013-01-15,14606,2366,1,0,0,0
1114,3,2013-01-16,13763,2190,1,0,0,0
1114,4,2013-01-17,13618,2324,1,0,0,0
1114,5,2013-01-18,15414,2452,1,0,0,0
1114,6,2013-01-19,18638,2936,1,0,0,0
1114,7,2013-01-20,0,0,0,0,0,0
1114,1,2013-01-21,18918,2642,1,1,0,0
1114,2,2013-01-22,17553,2313,1,1,0,0
1114,3,2013-01-23,18420,2577,1,1,0,0
1114,4,2013-01-24,17648,2574,1,1,0,0
1114,5,2013-01-25,19446,2838,1,1,0,0
1114,6,2013-01-26,17942,2767,1,0,0,0
1114,7,2013-01-27,0,0,0,0,0,0
1114,1,2013-01-28,15712,2596,1,0,0,0
1114,2,2013-01-29,15403,2545,1,0,0,0
1114,3,2013-01-30,14579,2352,1,0,0,0
1114,4,2013-01-31,19610,2968,1,0,0,0
1114,5,2013-02-01,20362,3375,1,0,0,1
1114,6,2013-02-02,22977,3525,1,0,0,0
1114,7,2013-02-03,0,0,0,0,0,0
1114,1,2013-02-04,22125,2990,1,1,0,0
1114,2,2013-02-05,18715,2721,1,1,0,0
1114,3,2013-02-06,19167,2818,1,1,0,0
1114,4,2013-02-07,19514,2774,1,1,0,0
1114,5,2013-02-08,19667,2962,1,1,0,0
1114,6,2013-02-09,19873,3175,1,0,0,0
1114,7,2013-02-10,0,0,0,0,0,0
1114,1,2013-02-11,16978,2744,1,0,0,0
1114,2,2013-02-12,15364,2483,1,0,0,0
1114,3,2013-02-13,16293,2688,1,0,0,0
1114,4,2013-02-14,17040,2677,1,0,0,0
1114,5,2013-02-15,17025,2648,1,0,0,0
1114,6,2013-02-16,20684,3167,1,0,0,0
1114,7,2013-02-17,0,0,0,0,0,0
1114,1,2013-02-18,22394,2965,1,1,0,0
1114,2,2013-02-19,18978,2685,1,1,0,0
1114,3,2013-02-20,18025,2657,1,1,0,0
1114,4,2013-02-21,17978,2684,1,1,0,0
1114,5,2013-02-22,19674,2827,1,1,0,0
1114,6,2013-02-23,19700,3100,1,0,0,0
1114,7,2013-02-24,0,0,0,0,0,0
1114,1,2013-02-25,15079,2415,1,0,0,0
1114,2,2013-02-26,14819,2394,1,0,0,0
1114,3,2013-02-27,16568,2635,1,0,0,0
1114,4,2013-02-28,17746,2728,1,0,0,0
1114,5,2013-03-01,18304,3005,1,0,0,0
1114,6,2013-03-02,22086,3397,1,0,0,0
1114,7,2013-03-03,0,0,0,0,0,0
1114,1,2013-03-04,24845,3424,1,1,0,1
1114,2,2013-03-05,22027,3244,1,1,0,1
1114,3,2013-03-06,20453,3241,1,1,0,1
1114,4,2013-03-07,19292,2982,1,1,0,1
1114,5,2013-03-08,18976,2869,1,1,0,1
1114,6,2013-03-09,17776,2819,1,0,0,0
1114,7,2013-03-10,0,0,0,0,0,0
1114,1,2013-03-11,13761,2178,1,0,0,1
1114,2,2013-03-12,15695,2630,1,0,0,1
1114,3,2013-03-13,15837,2539,1,0,0,1
1114,4,2013-03-14,17239,2767,1,0,0,1
1114,5,2013-03-15,18216,2990,1,0,0,1
1114,6,2013-03-16,22171,3371,1,0,0,0
1114,7,2013-03-17,0,0,0,0,0,0
1114,1,2013-03-18,19955,2802,1,1,0,0
1114,2,2013-03-19,19992,2817,1,1,0,0
1114,3,2013-03-20,19273,2831,1,1,0,0
1114,4,2013-03-21,19078,2874,1,1,0,0
1114,5,2013-03-22,20670,3001,1,1,0,0
1114,6,2013-03-23,20924,3172,1,0,0,0
1114,7,2013-03-24,0,0,0,0,0,0
1114,1,2013-03-25,23467,3418,1,1,0,0
1114,2,2013-03-26,23476,3404,1,1,0,0
1114,3,2013-03-27,26339,3679,1,1,0,0
1114,4,2013-03-28,28970,3814,1,1,0,0
1114,5,2013-03-29,0,0,0,1,b,0
1114,6,2013-03-30,28165,3944,1,0,0,0
1114,7,2013-03-31,0,0,0,0,0,0
1114,1,2013-04-01,0,0,0,0,b,0
1114,2,2013-04-02,22430,3617,1,0,0,0
1114,3,2013-04-03,19529,3179,1,0,0,0
1114,4,2013-04-04,19246,3139,1,0,0,0
1114,5,2013-04-05,19729,3156,1,0,0,0
1114,6,2013-04-06,21504,3589,1,0,0,0
1114,7,2013-04-07,0,0,0,0,0,0
1114,1,2013-04-08,22237,3233,1,1,0,0
1114,2,2013-04-09,20371,3026,1,1,0,0
1114,3,2013-04-10,17702,2709,1,1,0,0
1114,4,2013-04-11,19188,2818,1,1,0,0
1114,5,2013-04-12,21734,3185,1,1,0,0
1114,6,2013-04-13,20650,3344,1,0,0,0
1114,7,2013-04-14,0,0,0,0,0,0
1114,1,2013-04-15,17756,3034,1,0,0,0
1114,2,2013-04-16,15692,2805,1,0,0,0
1114,3,2013-04-17,15853,2872,1,0,0,0
1114,4,2013-04-18,15022,2810,1,0,0,0
1114,5,2013-04-19,17082,2930,1,0,0,0
1114,6,2013-04-20,21261,3717,1,0,0,0
1114,7,2013-04-21,0,0,0,0,0,0
1114,1,2013-04-22,23135,3294,1,1,0,0
1114,2,2013-04-23,18936,2866,1,1,0,0
1114,3,2013-04-24,20126,3088,1,1,0,0
1114,4,2013-04-25,18888,3033,1,1,0,0
1114,5,2013-04-26,19462,2919,1,1,0,0
1114,6,2013-04-27,21258,3336,1,0,0,0
1114,7,2013-04-28,0,0,0,0,0,0
1114,1,2013-04-29,22082,3123,1,1,0,0
1114,2,2013-04-30,26463,3667,1,1,0,0
1114,3,2013-05-01,0,0,0,1,a,0
1114,4,2013-05-02,27644,4335,1,1,0,1
1114,5,2013-05-03,22942,3944,1,1,0,1
1114,6,2013-05-04,22090,3928,1,0,0,0
1114,7,2013-05-05,0,0,0,0,0,0
1114,1,2013-05-06,19312,3322,1,0,0,1
1114,2,2013-05-07,16949,2954,1,0,0,1
1114,3,2013-05-08,20704,3449,1,0,0,1
1114,4,2013-05-09,0,0,0,0,a,1
1114,5,2013-05-10,26766,4106,1,0,0,1
1114,6,2013-05-11,20720,3624,1,0,0,0
1114,7,2013-05-12,0,0,0,0,0,0
1114,1,2013-05-13,22630,3113,1,1,0,0
1114,2,2013-05-14,21167,3150,1,1,0,0
1114,3,2013-05-15,19543,3017,1,1,0,0
1114,4,2013-05-16,20243,3168,1,1,0,0
1114,5,2013-05-17,21602,3553,1,1,0,0
1114,6,2013-05-18,20447,3351,1,0,0,0
1114,7,2013-05-19,0,0,0,0,0,0
1114,1,2013-05-20,0,0,0,0,a,0
1114,2,2013-05-21,18179,2871,1,0,0,0
1114,3,2013-05-22,15479,2524,1,0,0,0
1114,4,2013-05-23,16434,2836,1,0,0,0
1114,5,2013-05-24,18594,3056,1,0,0,0
1114,6,2013-05-25,18261,2933,1,0,0,0
1114,7,2013-05-26,0,0,0,0,0,0
1114,1,2013-05-27,23541,3298,1,1,0,0
1114,2,2013-05-28,21056,3154,1,1,0,0
1114,3,2013-05-29,20134,3140,1,1,0,0
1114,4,2013-05-30,22470,3362,1,1,0,0
1114,5,2013-05-31,26452,3933,1,1,0,0
1114,6,2013-06-01,22735,3576,1,0,0,0
1114,7,2013-06-02,0,0,0,0,0,0
1114,1,2013-06-03,22820,3327,1,1,0,0
1114,2,2013-06-04,20661,3203,1,1,0,0
1114,3,2013-06-05,20342,3231,1,1,0,0
1114,4,2013-06-06,20694,3329,1,1,0,0
1114,5,2013-06-07,21899,3537,1,1,0,0
1114,6,2013-06-08,21021,3680,1,0,0,0
1114,7,2013-06-09,0,0,0,0,0,0
1114,1,2013-06-10,19090,3214,1,0,0,0
1114,2,2013-06-11,18465,3046,1,0,0,0
1114,3,2013-06-12,17264,2984,1,0,0,0
1114,4,2013-06-13,16391,2938,1,0,0,0
1114,5,2013-06-14,18592,3020,1,0,0,0
1114,6,2013-06-15,22213,3442,1,0,0,0
1114,7,2013-06-16,0,0,0,0,0,0
1114,1,2013-06-17,23557,3534,1,1,0,0
1114,2,2013-06-18,21643,3381,1,1,0,0
1114,3,2013-06-19,18843,3281,1,1,0,0
1114,4,2013-06-20,18727,3173,1,1,0,1
1114,5,2013-06-21,20668,3236,1,1,0,1
1114,6,2013-06-22,19727,3354,1,0,0,0
1114,7,2013-06-23,0,0,0,0,0,0
1114,1,2013-06-24,19263,3106,1,0,0,1
1114,2,2013-06-25,17559,2882,1,0,0,1
1114,3,2013-06-26,16670,2759,1,0,0,1
1114,4,2013-06-27,18809,2952,1,0,0,1
1114,5,2013-06-28,19875,3154,1,0,0,1
1114,6,2013-06-29,22835,3395,1,0,0,0
1114,7,2013-06-30,0,0,0,0,0,0
1114,1,2013-07-01,25737,3793,1,1,0,1
1114,2,2013-07-02,23925,3504,1,1,0,1
1114,3,2013-07-03,20582,3335,1,1,0,1
1114,4,2013-07-04,21701,3340,1,1,0,1
1114,5,2013-07-05,21478,3408,1,1,0,1
1114,6,2013-07-06,18526,3288,1,0,0,0
1114,7,2013-07-07,0,0,0,0,0,0
1114,1,2013-07-08,20131,3354,1,0,0,1
1114,2,2013-07-09,18844,3200,1,0,0,1
1114,3,2013-07-10,19324,3032,1,0,0,1
1114,4,2013-07-11,17616,2932,1,0,0,1
1114,5,2013-07-12,18027,3070,1,0,0,1
1114,6,2013-07-13,19876,3264,1,0,0,0
1114,7,2013-07-14,0,0,0,0,0,0
1114,1,2013-07-15,25545,3732,1,1,0,1
1114,2,2013-07-16,22433,3442,1,1,0,1
1114,3,2013-07-17,19200,3252,1,1,0,1
1114,4,2013-07-18,21245,3424,1,1,0,1
1114,5,2013-07-19,21804,3396,1,1,0,1
1114,6,2013-07-20,16719,3139,1,0,0,0
1114,7,2013-07-21,0,0,0,0,0,0
1114,1,2013-07-22,17542,3273,1,0,0,1
1114,2,2013-07-23,15814,3120,1,0,0,1
1114,3,2013-07-24,16241,3076,1,0,0,1
1114,4,2013-07-25,17080,3233,1,0,0,1
1114,5,2013-07-26,17724,3483,1,0,0,1
1114,6,2013-07-27,18347,3333,1,0,0,0
1114,7,2013-07-28,0,0,0,0,0,0
1114,1,2013-07-29,27789,4133,1,1,0,1
1114,2,2013-07-30,18885,2989,1,1,0,1
1114,3,2013-07-31,26468,4042,1,1,0,1
1114,4,2013-08-01,24140,4022,1,1,0,0
1114,5,2013-08-02,21138,3863,1,1,0,0
1114,6,2013-08-03,21707,4041,1,0,0,0
1114,7,2013-08-04,0,0,0,0,0,0
1114,1,2013-08-05,20792,3756,1,0,0,0
1114,2,2013-08-06,18693,3295,1,0,0,0
1114,3,2013-08-07,18015,3162,1,0,0,0
1114,4,2013-08-08,17850,3037,1,0,0,0
1114,5,2013-08-09,19062,3383,1,0,0,0
1114,6,2013-08-10,20506,3557,1,0,0,0
1114,7,2013-08-11,0,0,0,0,0,0
1114,1,2013-08-12,26101,3793,1,1,0,0
1114,2,2013-08-13,21309,3308,1,1,0,0
1114,3,2013-08-14,22172,3357,1,1,0,0
1114,4,2013-08-15,21386,3487,1,1,0,0
1114,5,2013-08-16,22000,3727,1,1,0,0
1114,6,2013-08-17,21558,3722,1,0,0,0
1114,7,2013-08-18,0,0,0,0,0,0
1114,1,2013-08-19,17573,3037,1,0,0,0
1114,2,2013-08-20,16929,3025,1,0,0,0
1114,3,2013-08-21,17027,3112,1,0,0,0
1114,4,2013-08-22,17694,3107,1,0,0,0
1114,5,2013-08-23,18040,3241,1,0,0,0
1114,6,2013-08-24,21056,3697,1,0,0,0
1114,7,2013-08-25,0,0,0,0,0,0
1114,1,2013-08-26,22739,3558,1,1,0,0
1114,2,2013-08-27,21495,3311,1,1,0,0
1114,3,2013-08-28,20636,3245,1,1,0,0
1114,4,2013-08-29,21963,3365,1,1,0,0
1114,5,2013-08-30,24523,3837,1,1,0,0
1114,6,2013-08-31,23155,3934,1,0,0,0
1114,7,2013-09-01,0,0,0,0,0,0
1114,1,2013-09-02,18834,2912,1,0,0,0
1114,2,2013-09-03,18141,3123,1,0,0,0
1114,3,2013-09-04,17699,2979,1,0,0,0
1114,4,2013-09-05,17180,2959,1,0,0,0
1114,5,2013-09-06,17285,3236,1,0,0,0
1114,6,2013-09-07,21681,3804,1,0,0,0
1114,7,2013-09-08,0,0,0,0,0,0
1114,1,2013-09-09,22096,3075,1,1,0,0
1114,2,2013-09-10,22408,3171,1,1,0,0
1114,3,2013-09-11,21073,3111,1,1,0,0
1114,4,2013-09-12,20676,3167,1,1,0,0
1114,5,2013-09-13,21071,3399,1,1,0,0
1114,6,2013-09-14,23218,3874,1,0,0,0
1114,7,2013-09-15,0,0,0,0,0,0
1114,1,2013-09-16,18245,3086,1,0,0,0
1114,2,2013-09-17,16868,2859,1,0,0,0
1114,3,2013-09-18,15496,2770,1,0,0,0
1114,4,2013-09-19,15060,2854,1,0,0,0
1114,5,2013-09-20,17258,3000,1,0,0,0
1114,6,2013-09-21,21114,3668,1,0,0,0
1114,7,2013-09-22,0,0,0,0,0,0
1114,1,2013-09-23,21197,3185,1,1,0,0
1114,2,2013-09-24,20321,3121,1,1,0,0
1114,3,2013-09-25,17744,2844,1,1,0,0
1114,4,2013-09-26,19231,2975,1,1,0,0
1114,5,2013-09-27,20843,3228,1,1,0,0
1114,6,2013-09-28,22391,3628,1,0,0,0
1114,7,2013-09-29,0,0,0,0,0,0
1114,1,2013-09-30,20081,3273,1,0,0,1
1114,2,2013-10-01,19463,3246,1,0,0,1
1114,3,2013-10-02,20018,3255,1,0,0,1
1114,4,2013-10-03,0,0,0,0,a,1
1114,5,2013-10-04,25989,4128,1,0,0,1
1114,6,2013-10-05,22798,3818,1,0,0,0
1114,7,2013-10-06,0,0,0,0,0,0
1114,1,2013-10-07,25241,3767,1,1,0,1
1114,2,2013-10-08,22998,3547,1,1,0,1
1114,3,2013-10-09,20770,3339,1,1,0,1
1114,4,2013-10-10,21251,3374,1,1,0,1
1114,5,2013-10-11,21773,3348,1,1,0,1
1114,6,2013-10-12,19838,3306,1,0,0,0
1114,7,2013-10-13,0,0,0,0,0,0
1114,1,2013-10-14,19549,3135,1,0,0,0
1114,2,2013-10-15,16525,2798,1,0,0,0
1114,3,2013-10-16,16277,2941,1,0,0,0
1114,4,2013-10-17,15899,2555,1,0,0,0
1114,5,2013-10-18,19590,3083,1,0,0,0
1114,6,2013-10-19,21372,3499,1,0,0,0
1114,7,2013-10-20,0,0,0,0,0,0
1114,1,2013-10-21,21480,3218,1,1,0,0
1114,2,2013-10-22,19938,3193,1,1,0,0
1114,3,2013-10-23,17740,2875,1,1,0,0
1114,4,2013-10-24,17877,2894,1,1,0,0
1114,5,2013-10-25,19539,3145,1,1,0,0
1114,6,2013-10-26,21760,3745,1,0,0,0
1114,7,2013-10-27,0,0,0,0,0,0
1114,1,2013-10-28,16338,2901,1,0,0,0
1114,2,2013-10-29,16269,2740,1,0,0,0
1114,3,2013-10-30,18396,3043,1,0,0,0
1114,4,2013-10-31,20172,3185,1,0,0,0
1114,5,2013-11-01,21771,3467,1,0,0,0
1114,6,2013-11-02,21325,3620,1,0,0,0
1114,7,2013-11-03,0,0,0,0,0,0
1114,1,2013-11-04,17953,2604,1,1,0,0
1114,2,2013-11-05,21259,3062,1,1,0,0
1114,3,2013-11-06,19195,2866,1,1,0,0
1114,4,2013-11-07,20180,2993,1,1,0,0
1114,5,2013-11-08,20374,3139,1,1,0,0
1114,6,2013-11-09,22022,3346,1,0,0,0
1114,7,2013-11-10,0,0,0,0,0,0
1114,1,2013-11-11,17454,2847,1,0,0,0
1114,2,2013-11-12,15343,2558,1,0,0,0
1114,3,2013-11-13,16031,2645,1,0,0,0
1114,4,2013-11-14,16825,2698,1,0,0,0
1114,5,2013-11-15,17861,2850,1,0,0,0
1114,6,2013-11-16,21182,3469,1,0,0,0
1114,7,2013-11-17,0,0,0,0,0,0
1114,1,2013-11-18,21656,2968,1,1,0,0
1114,2,2013-11-19,20330,2810,1,1,0,0
1114,3,2013-11-20,19917,2859,1,1,0,0
1114,4,2013-11-21,19486,2796,1,1,0,0
1114,5,2013-11-22,20672,3000,1,1,0,0
1114,6,2013-11-23,22597,3599,1,0,0,0
1114,7,2013-11-24,0,0,0,0,0,0
1114,1,2013-11-25,19885,2903,1,0,0,0
1114,2,2013-11-26,18181,2812,1,0,0,0
1114,3,2013-11-27,18395,2825,1,0,0,0
1114,4,2013-11-28,21779,3220,1,0,0,0
1114,5,2013-11-29,24275,3418,1,0,0,0
1114,6,2013-11-30,30940,4578,1,0,0,0
1114,7,2013-12-01,0,0,0,0,0,0
1114,1,2013-12-02,30029,3855,1,1,0,0
1114,2,2013-12-03,25840,3500,1,1,0,0
1114,3,2013-12-04,25943,3572,1,1,0,0
1114,4,2013-12-05,22294,2700,1,1,0,0
1114,5,2013-12-06,20846,2974,1,1,0,0
1114,6,2013-12-07,26936,4208,1,0,0,0
1114,7,2013-12-08,0,0,0,0,0,0
1114,1,2013-12-09,20946,3188,1,0,0,0
1114,2,2013-12-10,21675,3349,1,0,0,0
1114,3,2013-12-11,21648,3345,1,0,0,0
1114,4,2013-12-12,20997,3332,1,0,0,0
1114,5,2013-12-13,23349,3627,1,0,0,0
1114,6,2013-12-14,29126,4532,1,0,0,0
1114,7,2013-12-15,0,0,0,0,0,0
1114,1,2013-12-16,33188,4314,1,1,0,0
1114,2,2013-12-17,29310,4033,1,1,0,0
1114,3,2013-12-18,29833,4105,1,1,0,0
1114,4,2013-12-19,29069,4206,1,1,0,1
1114,5,2013-12-20,30924,4463,1,1,0,1
1114,6,2013-12-21,30329,4637,1,0,0,0
1114,7,2013-12-22,0,0,0,0,0,0
1114,1,2013-12-23,35697,4911,1,0,0,1
1114,2,2013-12-24,8880,1227,1,0,0,1
1114,3,2013-12-25,0,0,0,0,c,1
1114,4,2013-12-26,0,0,0,0,c,1
1114,5,2013-12-27,24650,3906,1,0,0,1
1114,6,2013-12-28,22568,3532,1,0,0,0
1114,7,2013-12-29,0,0,0,0,0,0
1114,1,2013-12-30,30336,4565,1,0,0,1
1114,2,2013-12-31,8987,1392,1,0,0,1
1114,3,2014-01-01,0,0,0,0,a,1
1114,4,2014-01-02,21614,3663,1,0,0,1
1114,5,2014-01-03,20997,3569,1,0,0,1
1114,6,2014-01-04,20714,3433,1,0,0,0
1114,7,2014-01-05,0,0,0,0,0,0
1114,1,2014-01-06,22429,3164,1,1,0,0
1114,2,2014-01-07,19923,2900,1,1,0,0
1114,3,2014-01-08,17260,2660,1,1,0,0
1114,4,2014-01-09,17022,2625,1,1,0,0
1114,5,2014-01-10,19032,2876,1,1,0,0
1114,6,2014-01-11,19323,3174,1,0,0,0
1114,7,2014-01-12,0,0,0,0,0,0
1114,1,2014-01-13,15144,2529,1,0,0,0
1114,2,2014-01-14,15058,2452,1,0,0,0
1114,3,2014-01-15,14230,2343,1,0,0,0
1114,4,2014-01-16,13268,2200,1,0,0,0
1114,5,2014-01-17,16579,2766,1,0,0,0
1114,6,2014-01-18,19945,3251,1,0,0,0
1114,7,2014-01-19,0,0,0,0,0,0
1114,1,2014-01-20,19415,2705,1,1,0,0
1114,2,2014-01-21,17795,2543,1,1,0,0
1114,3,2014-01-22,16695,2453,1,1,0,0
1114,4,2014-01-23,15182,2314,1,1,0,0
1114,5,2014-01-24,17666,2546,1,1,0,0
1114,6,2014-01-25,18159,2669,1,0,0,0
1114,7,2014-01-26,0,0,0,0,0,0
1114,1,2014-01-27,14533,2433,1,0,0,0
1114,2,2014-01-28,13911,2373,1,0,0,0
1114,3,2014-01-29,13948,2227,1,0,0,0
1114,4,2014-01-30,16662,2633,1,0,0,0
1114,5,2014-01-31,20071,3137,1,0,0,0
1114,6,2014-02-01,21825,3443,1,0,0,0
1114,7,2014-02-02,0,0,0,0,0,0
1114,1,2014-02-03,23590,3145,1,1,0,0
1114,2,2014-02-04,22126,3057,1,1,0,0
1114,3,2014-02-05,19543,2836,1,1,0,0
1114,4,2014-02-06,19054,2870,1,1,0,0
1114,5,2014-02-07,18927,2921,1,1,0,0
1114,6,2014-02-08,21880,3524,1,0,0,0
1114,7,2014-02-09,0,0,0,0,0,0
1114,1,2014-02-10,18717,2947,1,0,0,0
1114,2,2014-02-11,16231,2707,1,0,0,0
1114,3,2014-02-12,17462,2826,1,0,0,0
1114,4,2014-02-13,17043,2893,1,0,0,0
1114,5,2014-02-14,18630,3183,1,0,0,0
1114,6,2014-02-15,22027,3666,1,0,0,0
1114,7,2014-02-16,0,0,0,0,0,0
1114,1,2014-02-17,21223,3122,1,1,0,0
1114,2,2014-02-18,19987,2950,1,1,0,0
1114,3,2014-02-19,19369,2781,1,1,0,0
1114,4,2014-02-20,18581,2883,1,1,0,0
1114,5,2014-02-21,20083,3188,1,1,0,0
1114,6,2014-02-22,21950,3646,1,0,0,0
1114,7,2014-02-23,0,0,0,0,0,0
1114,1,2014-02-24,17556,2898,1,0,0,0
1114,2,2014-02-25,16158,2793,1,0,0,0
1114,3,2014-02-26,17170,2807,1,0,0,0
1114,4,2014-02-27,17296,2908,1,0,0,0
1114,5,2014-02-28,20708,3189,1,0,0,0
1114,6,2014-03-01,23628,3757,1,0,0,0
1114,7,2014-03-02,0,0,0,0,0,0
1114,1,2014-03-03,24189,3510,1,1,0,1
1114,2,2014-03-04,21200,3193,1,1,0,1
1114,3,2014-03-05,20325,3108,1,1,0,1
1114,4,2014-03-06,19400,2981,1,1,0,1
1114,5,2014-03-07,19968,3277,1,1,0,1
1114,6,2014-03-08,20758,3678,1,0,0,0
1114,7,2014-03-09,0,0,0,0,0,0
1114,1,2014-03-10,17978,3217,1,0,0,1
1114,2,2014-03-11,16105,2884,1,0,0,1
1114,3,2014-03-12,16415,2813,1,0,0,1
1114,4,2014-03-13,16516,2866,1,0,0,1
1114,5,2014-03-14,17928,2916,1,0,0,1
1114,6,2014-03-15,20431,3312,1,0,0,0
1114,7,2014-03-16,0,0,0,0,0,0
1114,1,2014-03-17,21540,3066,1,1,0,0
1114,2,2014-03-18,18562,2819,1,1,0,0
1114,3,2014-03-19,18161,2842,1,1,0,0
1114,4,2014-03-20,17779,2995,1,1,0,0
1114,5,2014-03-21,17944,2748,1,1,0,0
1114,6,2014-03-22,20490,3525,1,0,0,0
1114,7,2014-03-23,0,0,0,0,0,0
1114,1,2014-03-24,17589,2811,1,0,0,0
1114,2,2014-03-25,16653,2740,1,0,0,0
1114,3,2014-03-26,15988,2650,1,0,0,0
1114,4,2014-03-27,16695,2914,1,0,0,0
1114,5,2014-03-28,18715,3055,1,0,0,0
1114,6,2014-03-29,21156,3631,1,0,0,0
1114,7,2014-03-30,0,0,0,0,0,0
1114,1,2014-03-31,24873,3375,1,1,0,0
1114,2,2014-04-01,22695,3180,1,1,0,0
1114,3,2014-04-02,21430,3138,1,1,0,0
1114,4,2014-04-03,20983,3201,1,1,0,0
1114,5,2014-04-04,19611,3016,1,1,0,0
1114,6,2014-04-05,21648,3402,1,0,0,0
1114,7,2014-04-06,0,0,0,0,0,0
1114,1,2014-04-07,18922,3162,1,0,0,0
1114,2,2014-04-08,16504,2723,1,0,0,0
1114,3,2014-04-09,17826,2812,1,0,0,0
1114,4,2014-04-10,16900,2918,1,0,0,0
1114,5,2014-04-11,19968,3236,1,0,0,0
1114,6,2014-04-12,23245,3763,1,0,0,0
1114,7,2014-04-13,0,0,0,0,0,0
1114,1,2014-04-14,25332,3471,1,1,0,0
1114,2,2014-04-15,26602,3624,1,1,0,0
1114,3,2014-04-16,25833,3764,1,1,0,0
1114,4,2014-04-17,27037,3912,1,1,0,0
1114,5,2014-04-18,0,0,0,1,b,0
1114,6,2014-04-19,28218,4271,1,0,0,0
1114,7,2014-04-20,0,0,0,0,0,0
1114,1,2014-04-21,0,0,0,0,b,0
1114,2,2014-04-22,18144,3257,1,0,0,0
1114,3,2014-04-23,18528,3047,1,0,0,0
1114,4,2014-04-24,17468,3091,1,0,0,0
1114,5,2014-04-25,18262,3366,1,0,0,0
1114,6,2014-04-26,21581,3755,1,0,0,0
1114,7,2014-04-27,0,0,0,0,0,0
1114,1,2014-04-28,24571,3534,1,1,0,1
1114,2,2014-04-29,22707,3500,1,1,0,1
1114,3,2014-04-30,24279,3667,1,1,0,1
1114,4,2014-05-01,0,0,0,1,a,1
1114,5,2014-05-02,28402,4144,1,1,0,1
1114,6,2014-05-03,21964,3608,1,0,0,0
1114,7,2014-05-04,0,0,0,0,0,0
1114,1,2014-05-05,22687,3317,1,1,0,0
1114,2,2014-05-06,20920,3166,1,1,0,0
1114,3,2014-05-07,20747,2952,1,1,0,0
1114,4,2014-05-08,19743,2964,1,1,0,0
1114,5,2014-05-09,20788,3102,1,1,0,0
1114,6,2014-05-10,22602,3552,1,0,0,0
1114,7,2014-05-11,0,0,0,0,0,0
1114,1,2014-05-12,18005,2776,1,0,0,0
1114,2,2014-05-13,17130,2883,1,0,0,0
1114,3,2014-05-14,16269,2802,1,0,0,0
1114,4,2014-05-15,17306,2888,1,0,0,0
1114,5,2014-05-16,19909,3156,1,0,0,0
1114,6,2014-05-17,21028,3595,1,0,0,0
1114,7,2014-05-18,0,0,0,0,0,0
1114,1,2014-05-19,22530,3379,1,1,0,0
1114,2,2014-05-20,21203,3361,1,1,0,0
1114,3,2014-05-21,19851,3426,1,1,0,0
1114,4,2014-05-22,20215,3435,1,1,0,0
1114,5,2014-05-23,20401,3070,1,1,0,0
1114,6,2014-05-24,21300,3686,1,0,0,0
1114,7,2014-05-25,0,0,0,0,0,0
1114,1,2014-05-26,18963,3124,1,0,0,0
1114,2,2014-05-27,18353,2782,1,0,0,0
1114,3,2014-05-28,20391,3138,1,0,0,0
1114,4,2014-05-29,0,0,0,0,a,0
1114,5,2014-05-30,27362,4437,1,0,0,1
1114,6,2014-05-31,22225,3702,1,0,0,0
1114,7,2014-06-01,0,0,0,0,0,0
1114,1,2014-06-02,26140,3620,1,1,0,0
1114,2,2014-06-03,23442,3540,1,1,0,0
1114,3,2014-06-04,22447,3513,1,1,0,0
1114,4,2014-06-05,20763,3109,1,1,0,0
1114,5,2014-06-06,22878,3555,1,1,0,0
1114,6,2014-06-07,22972,4104,1,0,0,0
1114,7,2014-06-08,0,0,0,0,0,0
1114,1,2014-06-09,0,0,0,0,a,0
1114,2,2014-06-10,21297,3748,1,0,0,0
1114,3,2014-06-11,18926,3155,1,0,0,0
1114,4,2014-06-12,18728,3077,1,0,0,0
1114,5,2014-06-13,19686,3127,1,0,0,0
1114,6,2014-06-14,23130,3742,1,0,0,0
1114,7,2014-06-15,0,0,0,0,0,0
1114,1,2014-06-16,21680,3041,1,1,0,0
1114,2,2014-06-17,22261,3341,1,1,0,0
1114,3,2014-06-18,21826,3252,1,1,0,0
1114,4,2014-06-19,21415,3166,1,1,0,0
1114,5,2014-06-20,22035,3423,1,1,0,0
1114,6,2014-06-21,19564,3316,1,0,0,0
1114,7,2014-06-22,0,0,0,0,0,0
1114,1,2014-06-23,18034,3055,1,0,0,0
1114,2,2014-06-24,17628,2910,1,0,0,0
1114,3,2014-06-25,17588,2980,1,0,0,0
1114,4,2014-06-26,15213,2703,1,0,0,0
1114,5,2014-06-27,20311,3300,1,0,0,0
1114,6,2014-06-28,21800,3586,1,0,0,0
1114,7,2014-06-29,0,0,0,0,0,0
1114,1,2014-06-30,25761,3595,1,1,0,0
1114,2,2014-07-01,22981,3381,1,1,0,0
1114,3,2014-07-02,22961,3317,1,1,0,0
1114,4,2014-07-03,20567,3341,1,1,0,0
1114,5,2014-07-04,18311,3177,1,1,0,0
1114,6,2014-07-05,19943,3639,1,0,0,0
1114,7,2014-07-06,0,0,0,0,0,0
1114,1,2014-07-07,20222,3241,1,0,0,0
1114,2,2014-07-08,17382,2909,1,0,0,0
1114,3,2014-07-09,17552,3239,1,0,0,0
1114,4,2014-07-10,19175,3402,1,0,0,1
1114,5,2014-07-11,19969,3324,1,0,0,1
1114,6,2014-07-12,20703,3439,1,0,0,0
1114,7,2014-07-13,0,0,0,0,0,0
1114,1,2014-07-14,23632,3437,1,1,0,1
1114,2,2014-07-15,23987,3527,1,1,0,1
1114,3,2014-07-16,21079,3476,1,1,0,1
1114,4,2014-07-17,22021,3415,1,1,0,1
1114,5,2014-07-18,20839,3465,1,1,0,1
1114,6,2014-07-19,19099,3464,1,0,0,0
1114,7,2014-07-20,0,0,0,0,0,0
1114,1,2014-07-21,19960,3418,1,0,0,1
1114,2,2014-07-22,17315,3178,1,0,0,1
1114,3,2014-07-23,17495,3223,1,0,0,1
1114,4,2014-07-24,16959,2871,1,0,0,1
1114,5,2014-07-25,17616,3048,1,0,0,1
1114,6,2014-07-26,20517,3474,1,0,0,0
1114,7,2014-07-27,0,0,0,0,0,0
1114,1,2014-07-28,24866,3762,1,1,0,1
1114,2,2014-07-29,22695,3729,1,1,0,1
1114,3,2014-07-30,22204,3424,1,1,0,1
1114,4,2014-07-31,24490,3734,1,1,0,1
1114,5,2014-08-01,22827,3748,1,1,0,1
1114,6,2014-08-02,19515,3697,1,0,0,0
1114,7,2014-08-03,0,0,0,0,0,0
1114,1,2014-08-04,24896,3683,1,1,0,1
1114,2,2014-08-05,22385,3593,1,1,0,1
1114,3,2014-08-06,22238,3584,1,1,0,1
1114,4,2014-08-07,22336,3315,1,1,0,1
1114,5,2014-08-08,21355,3473,1,1,0,1
1114,6,2014-08-09,20653,3566,1,0,0,0
1114,7,2014-08-10,0,0,0,0,0,0
1114,1,2014-08-11,20813,3518,1,0,0,1
1114,2,2014-08-12,19487,3224,1,0,0,1
1114,3,2014-08-13,18565,3442,1,0,0,1
1114,4,2014-08-14,18764,3279,1,0,0,1
1114,5,2014-08-15,19687,3359,1,0,0,1
1114,6,2014-08-16,20401,3348,1,0,0,0
1114,7,2014-08-17,0,0,0,0,0,0
1114,1,2014-08-18,23355,3453,1,1,0,1
1114,2,2014-08-19,23854,3494,1,1,0,1
1114,3,2014-08-20,21339,3273,1,1,0,1
1114,4,2014-08-21,21717,3430,1,1,0,0
1114,5,2014-08-22,21714,3415,1,1,0,0
1114,6,2014-08-23,21335,3556,1,0,0,0
1114,7,2014-08-24,0,0,0,0,0,0
1114,1,2014-08-25,21273,3327,1,0,0,0
1114,2,2014-08-26,19440,3302,1,0,0,0
1114,3,2014-08-27,18322,3209,1,0,0,0
1114,4,2014-08-28,18864,3241,1,0,0,0
1114,5,2014-08-29,20785,3433,1,0,0,0
1114,6,2014-08-30,23253,3995,1,0,0,0
1114,7,2014-08-31,0,0,0,0,0,0
1114,1,2014-09-01,26830,3659,1,1,0,0
1114,2,2014-09-02,22715,3257,1,1,0,0
1114,3,2014-09-03,23005,3540,1,1,0,0
1114,4,2014-09-04,19977,3270,1,1,0,0
1114,5,2014-09-05,21253,3527,1,1,0,0
1114,6,2014-09-06,19784,3600,1,0,0,0
1114,7,2014-09-07,0,0,0,0,0,0
1114,1,2014-09-08,20155,3071,1,0,0,0
1114,2,2014-09-09,17014,2827,1,0,0,0
1114,3,2014-09-10,17732,2861,1,0,0,0
1114,4,2014-09-11,17400,2706,1,0,0,0
1114,5,2014-09-12,19588,3036,1,0,0,0
1114,6,2014-09-13,21035,3440,1,0,0,0
1114,7,2014-09-14,0,0,0,0,0,0
1114,1,2014-09-15,20431,3171,1,1,0,0
1114,2,2014-09-16,19298,3130,1,1,0,0
1114,3,2014-09-17,19160,2995,1,1,0,0
1114,4,2014-09-18,18742,3005,1,1,0,0
1114,5,2014-09-19,19269,3220,1,1,0,0
1114,6,2014-09-20,20130,3577,1,0,0,0
1114,7,2014-09-21,0,0,0,0,0,0
1114,1,2014-09-22,17886,2828,1,0,0,0
1114,2,2014-09-23,16677,2759,1,0,0,0
1114,3,2014-09-24,16346,2780,1,0,0,0
1114,4,2014-09-25,16982,2820,1,0,0,0
1114,5,2014-09-26,17800,2878,1,0,0,0
1114,6,2014-09-27,20442,3367,1,0,0,0
1114,7,2014-09-28,0,0,0,0,0,0
1114,1,2014-09-29,21788,3212,1,1,0,0
1114,2,2014-09-30,21462,3139,1,1,0,0
1114,3,2014-10-01,23295,3314,1,1,0,0
1114,4,2014-10-02,23557,3523,1,1,0,0
1114,5,2014-10-03,0,0,0,1,a,0
1114,6,2014-10-04,26516,4174,1,0,0,0
1114,7,2014-10-05,0,0,0,0,0,0
1114,1,2014-10-06,23316,3295,1,1,0,0
1114,2,2014-10-07,19371,2884,1,1,0,0
1114,3,2014-10-08,19590,3001,1,1,0,0
1114,4,2014-10-09,20618,3038,1,1,0,0
1114,5,2014-10-10,19974,3193,1,1,0,0
1114,6,2014-10-11,20555,3546,1,0,0,0
1114,7,2014-10-12,0,0,0,0,0,0
1114,1,2014-10-13,20028,3028,1,0,0,1
1114,2,2014-10-14,18898,3093,1,0,0,1
1114,3,2014-10-15,17232,2693,1,0,0,1
1114,4,2014-10-16,17700,2889,1,0,0,1
1114,5,2014-10-17,18899,2905,1,0,0,1
1114,6,2014-10-18,18624,3070,1,0,0,0
1114,7,2014-10-19,0,0,0,0,0,0
1114,1,2014-10-20,21066,3107,1,1,0,1
1114,2,2014-10-21,18694,2817,1,1,0,1
1114,3,2014-10-22,19088,2933,1,1,0,1
1114,4,2014-10-23,18455,3021,1,1,0,1
1114,5,2014-10-24,19228,2972,1,1,0,1
1114,6,2014-10-25,18703,3108,1,0,0,0
1114,7,2014-10-26,0,0,0,0,0,0
1114,1,2014-10-27,18174,3034,1,0,0,0
1114,2,2014-10-28,16497,2741,1,0,0,0
1114,3,2014-10-29,16579,2649,1,0,0,0
1114,4,2014-10-30,18438,2987,1,0,0,0
1114,5,2014-10-31,20722,3434,1,0,0,0
1114,6,2014-11-01,21594,3655,1,0,0,0
1114,7,2014-11-02,0,0,0,0,0,0
1114,1,2014-11-03,21212,3118,1,1,0,0
1114,2,2014-11-04,20788,2979,1,1,0,0
1114,3,2014-11-05,19458,2753,1,1,0,0
1114,4,2014-11-06,19975,2839,1,1,0,0
1114,5,2014-11-07,21135,3043,1,1,0,0
1114,6,2014-11-08,22378,3359,1,0,0,0
1114,7,2014-11-09,0,0,0,0,0,0
1114,1,2014-11-10,21454,2821,1,1,0,0
1114,2,2014-11-11,19356,2734,1,1,0,0
1114,3,2014-11-12,18792,2647,1,1,0,0
1114,4,2014-11-13,18502,2821,1,1,0,0
1114,5,2014-11-14,21287,3107,1,1,0,0
1114,6,2014-11-15,21312,3296,1,0,0,0
1114,7,2014-11-16,0,0,0,0,0,0
1114,1,2014-11-17,17559,2743,1,0,0,0
1114,2,2014-11-18,16056,2519,1,0,0,0
1114,3,2014-11-19,15776,2513,1,0,0,0
1114,4,2014-11-20,17015,2596,1,0,0,0
1114,5,2014-11-21,18142,2743,1,0,0,0
1114,6,2014-11-22,21543,3277,1,0,0,0
1114,7,2014-11-23,0,0,0,0,0,0
1114,1,2014-11-24,22230,3033,1,1,0,0
1114,2,2014-11-25,21304,2892,1,1,0,0
1114,3,2014-11-26,22880,3003,1,1,0,0
1114,4,2014-11-27,22596,3056,1,1,0,0
1114,5,2014-11-28,27789,3609,1,1,0,0
1114,6,2014-11-29,30066,4101,1,0,0,0
1114,7,2014-11-30,0,0,0,0,0,0
1114,1,2014-12-01,27030,3486,1,1,0,0
1114,2,2014-12-02,24433,3198,1,1,0,0
1114,3,2014-12-03,23250,3247,1,1,0,0
1114,4,2014-12-04,24581,3332,1,1,0,0
1114,5,2014-12-05,29834,4054,1,1,0,0
1114,6,2014-12-06,28306,4308,1,0,0,0
1114,7,2014-12-07,0,0,0,0,0,0
1114,1,2014-12-08,21437,3164,1,0,0,0
1114,2,2014-12-09,19129,2914,1,0,0,0
1114,3,2014-12-10,20186,3000,1,0,0,0
1114,4,2014-12-11,20354,3080,1,0,0,0
1114,5,2014-12-12,19390,3126,1,0,0,0
1114,6,2014-12-13,28117,4303,1,0,0,0
1114,7,2014-12-14,0,0,0,0,0,0
1114,1,2014-12-15,29282,3713,1,1,0,0
1114,2,2014-12-16,26988,3641,1,1,0,0
1114,3,2014-12-17,25786,3459,1,1,0,0
1114,4,2014-12-18,26380,3758,1,1,0,0
1114,5,2014-12-19,29100,3914,1,1,0,0
1114,6,2014-12-20,26866,4009,1,0,0,0
1114,7,2014-12-21,0,0,0,0,0,0
1114,1,2014-12-22,30114,4324,1,0,0,1
1114,2,2014-12-23,30393,4042,1,0,0,1
1114,3,2014-12-24,8999,1160,1,0,0,1
1114,4,2014-12-25,0,0,0,0,c,1
1114,5,2014-12-26,0,0,0,0,c,1
1114,6,2014-12-27,23710,3469,1,0,0,0
1114,7,2014-12-28,0,0,0,0,0,0
1114,1,2014-12-29,27566,4102,1,0,0,1
1114,2,2014-12-30,26311,3896,1,0,0,1
1114,3,2014-12-31,10987,1366,1,0,0,1
1114,4,2015-01-01,0,0,0,0,a,1
1114,5,2015-01-02,22588,3514,1,0,0,1
1114,6,2015-01-03,20267,3043,1,0,0,0
1114,7,2015-01-04,0,0,0,0,0,0
1114,1,2015-01-05,21350,3273,1,1,0,1
1114,2,2015-01-06,19051,2851,1,1,0,1
1114,3,2015-01-07,17860,2727,1,1,0,0
1114,4,2015-01-08,15667,2341,1,1,0,0
1114,5,2015-01-09,13613,2076,1,1,0,0
1114,6,2015-01-10,17137,2625,1,0,0,0
1114,7,2015-01-11,0,0,0,0,0,0
1114,1,2015-01-12,19257,2718,1,1,0,0
1114,2,2015-01-13,17658,2463,1,1,0,0
1114,3,2015-01-14,18209,2603,1,1,0,0
1114,4,2015-01-15,17115,2531,1,1,0,0
1114,5,2015-01-16,20458,3029,1,1,0,0
1114,6,2015-01-17,20821,3370,1,0,0,0
1114,7,2015-01-18,0,0,0,0,0,0
1114,1,2015-01-19,15892,2505,1,0,0,0
1114,2,2015-01-20,15155,2406,1,0,0,0
1114,3,2015-01-21,14678,2234,1,0,0,0
1114,4,2015-01-22,15425,2397,1,0,0,0
1114,5,2015-01-23,17313,2593,1,0,0,0
1114,6,2015-01-24,18629,2896,1,0,0,0
1114,7,2015-01-25,0,0,0,0,0,0
1114,1,2015-01-26,18688,2611,1,1,0,0
1114,2,2015-01-27,20598,2892,1,1,0,0
1114,3,2015-01-28,18171,2641,1,1,0,0
1114,4,2015-01-29,21026,2917,1,1,0,0
1114,5,2015-01-30,24489,3338,1,1,0,0
1114,6,2015-01-31,22402,3560,1,0,0,0
1114,7,2015-02-01,0,0,0,0,0,0
1114,1,2015-02-02,24070,3508,1,1,0,0
1114,2,2015-02-03,21276,3027,1,1,0,0
1114,3,2015-02-04,20220,2855,1,1,0,0
1114,4,2015-02-05,19697,2889,1,1,0,0
1114,5,2015-02-06,23231,3269,1,1,0,0
1114,6,2015-02-07,21598,3354,1,0,0,0
1114,7,2015-02-08,0,0,0,0,0,0
1114,1,2015-02-09,18268,2807,1,0,0,0
1114,2,2015-02-10,17814,2873,1,0,0,0
1114,3,2015-02-11,16605,2736,1,0,0,0
1114,4,2015-02-12,17855,2765,1,0,0,0
1114,5,2015-02-13,20569,3166,1,0,0,0
1114,6,2015-02-14,22305,3799,1,0,0,0
1114,7,2015-02-15,0,0,0,0,0,0
1114,1,2015-02-16,22513,2989,1,1,0,0
1114,2,2015-02-17,22051,2968,1,1,0,0
1114,3,2015-02-18,20231,2907,1,1,0,0
1114,4,2015-02-19,21093,2968,1,1,0,0
1114,5,2015-02-20,20401,3019,1,1,0,0
1114,6,2015-02-21,19742,3107,1,0,0,0
1114,7,2015-02-22,0,0,0,0,0,0
1114,1,2015-02-23,16453,2655,1,0,0,0
1114,2,2015-02-24,17505,2585,1,0,0,0
1114,3,2015-02-25,16915,2712,1,0,0,0
1114,4,2015-02-26,18205,2757,1,0,0,0
1114,5,2015-02-27,19502,2974,1,0,0,0
1114,6,2015-02-28,25246,3836,1,0,0,0
1114,7,2015-03-01,0,0,0,0,0,0
1114,1,2015-03-02,24181,3259,1,1,0,1
1114,2,2015-03-03,21634,2999,1,1,0,1
1114,3,2015-03-04,20828,2780,1,1,0,1
1114,4,2015-03-05,22182,3121,1,1,0,1
1114,5,2015-03-06,22368,3208,1,1,0,1
1114,6,2015-03-07,22913,3773,1,0,0,0
1114,7,2015-03-08,0,0,0,0,0,0
1114,1,2015-03-09,18516,3011,1,0,0,1
1114,2,2015-03-10,17612,2837,1,0,0,1
1114,3,2015-03-11,17916,2950,1,0,0,1
1114,4,2015-03-12,18536,2946,1,0,0,1
1114,5,2015-03-13,19188,2894,1,0,0,1
1114,6,2015-03-14,20533,3230,1,0,0,0
1114,7,2015-03-15,0,0,0,0,0,0
1114,1,2015-03-16,23571,3220,1,1,0,0
1114,2,2015-03-17,22692,3187,1,1,0,0
1114,3,2015-03-18,21877,3122,1,1,0,0
1114,4,2015-03-19,20313,3124,1,1,0,0
1114,5,2015-03-20,21010,3061,1,1,0,0
1114,6,2015-03-21,19977,3181,1,0,0,0
1114,7,2015-03-22,0,0,0,0,0,0
1114,1,2015-03-23,18398,2855,1,0,0,0
1114,2,2015-03-24,17102,2822,1,0,0,0
1114,3,2015-03-25,17638,2922,1,0,0,0
1114,4,2015-03-26,18149,2841,1,0,0,0
1114,5,2015-03-27,19508,3110,1,0,0,0
1114,6,2015-03-28,22223,3551,1,0,0,0
1114,7,2015-03-29,0,0,0,0,0,0
1114,1,2015-03-30,27332,3287,1,1,0,0
1114,2,2015-03-31,26614,3133,1,1,0,0
1114,3,2015-04-01,28446,3558,1,1,0,0
1114,4,2015-04-02,31803,4016,1,1,0,0
1114,5,2015-04-03,0,0,0,1,b,0
1114,6,2015-04-04,31683,4308,1,0,0,0
1114,7,2015-04-05,0,0,0,0,0,0
1114,1,2015-04-06,0,0,0,0,b,0
1114,2,2015-04-07,25405,3718,1,0,0,0
1114,3,2015-04-08,22146,3574,1,0,0,0
1114,4,2015-04-09,21391,3677,1,0,0,0
1114,5,2015-04-10,21944,3692,1,0,0,0
1114,6,2015-04-11,23411,3742,1,0,0,0
1114,7,2015-04-12,0,0,0,0,0,0
1114,1,2015-04-13,25765,3217,1,1,0,0
1114,2,2015-04-14,23495,3139,1,1,0,0
1114,3,2015-04-15,22887,3361,1,1,0,0
1114,4,2015-04-16,21498,3090,1,1,0,0
1114,5,2015-04-17,23806,3366,1,1,0,0
1114,6,2015-04-18,22837,3568,1,0,0,0
1114,7,2015-04-19,0,0,0,0,0,0
1114,1,2015-04-20,20041,3097,1,0,0,0
1114,2,2015-04-21,17478,2918,1,0,0,0
1114,3,2015-04-22,16680,2838,1,0,0,0
1114,4,2015-04-23,17467,2820,1,0,0,0
1114,5,2015-04-24,19091,3084,1,0,0,0
1114,6,2015-04-25,22424,3408,1,0,0,0
1114,7,2015-04-26,0,0,0,0,0,0
1114,1,2015-04-27,24326,3242,1,1,0,0
1114,2,2015-04-28,23315,3204,1,1,0,0
1114,3,2015-04-29,24746,3428,1,1,0,0
1114,4,2015-04-30,26604,3630,1,1,0,0
1114,5,2015-05-01,0,0,0,1,a,0
1114,6,2015-05-02,31445,4453,1,0,0,0
1114,7,2015-05-03,0,0,0,0,0,0
1114,1,2015-05-04,28059,3726,1,1,0,0
1114,2,2015-05-05,22320,3205,1,1,0,0
1114,3,2015-05-06,23293,3284,1,1,0,0
1114,4,2015-05-07,22231,3140,1,1,0,0
1114,5,2015-05-08,23966,3482,1,1,0,0
1114,6,2015-05-09,23441,3691,1,0,0,0
1114,7,2015-05-10,0,0,0,0,0,0
1114,1,2015-05-11,21907,3491,1,0,0,1
1114,2,2015-05-12,19913,3164,1,0,0,1
1114,3,2015-05-13,22294,3464,1,0,0,1
1114,4,2015-05-14,0,0,0,0,a,1
1114,5,2015-05-15,27785,4121,1,0,0,1
1114,6,2015-05-16,23714,3450,1,0,0,0
1114,7,2015-05-17,0,0,0,0,0,0
1114,1,2015-05-18,24395,3380,1,1,0,0
1114,2,2015-05-19,22263,3128,1,1,0,0
1114,3,2015-05-20,21821,3150,1,1,0,0
1114,4,2015-05-21,21125,3086,1,1,0,0
1114,5,2015-05-22,22681,3508,1,1,0,0
1114,6,2015-05-23,23073,3561,1,0,0,0
1114,7,2015-05-24,0,0,0,0,0,0
1114,1,2015-05-25,0,0,0,0,a,0
1114,2,2015-05-26,22169,3327,1,0,0,0
1114,3,2015-05-27,20642,3154,1,0,0,0
1114,4,2015-05-28,19320,2937,1,0,0,0
1114,5,2015-05-29,23458,3568,1,0,0,0
1114,6,2015-05-30,25621,3804,1,0,0,0
1114,7,2015-05-31,0,0,0,0,0,0
1114,1,2015-06-01,27203,3555,1,1,0,0
1114,2,2015-06-02,25009,3419,1,1,0,0
1114,3,2015-06-03,25244,3458,1,1,0,0
1114,4,2015-06-04,24609,3700,1,1,0,0
1114,5,2015-06-05,26869,4170,1,1,0,0
1114,6,2015-06-06,22017,3783,1,0,0,0
1114,7,2015-06-07,0,0,0,0,0,0
1114,1,2015-06-08,20368,3086,1,0,0,0
1114,2,2015-06-09,18372,2952,1,0,0,0
1114,3,2015-06-10,19162,3086,1,0,0,0
1114,4,2015-06-11,19420,3337,1,0,0,0
1114,5,2015-06-12,18707,3409,1,0,0,0
1114,6,2015-06-13,22490,3569,1,0,0,0
1114,7,2015-06-14,0,0,0,0,0,0
1114,1,2015-06-15,24482,3377,1,1,0,0
1114,2,2015-06-16,22344,3191,1,1,0,0
1114,3,2015-06-17,23455,3322,1,1,0,0
1114,4,2015-06-18,21282,2982,1,1,0,0
1114,5,2015-06-19,21834,3211,1,1,0,0
1114,6,2015-06-20,22183,3549,1,0,0,0
1114,7,2015-06-21,0,0,0,0,0,0
1114,1,2015-06-22,18562,2783,1,0,0,0
1114,2,2015-06-23,18495,3021,1,0,0,0
1114,3,2015-06-24,17442,2789,1,0,0,0
1114,4,2015-06-25,18782,3075,1,0,0,0
1114,5,2015-06-26,18614,3236,1,0,0,0
1114,6,2015-06-27,21791,3643,1,0,0,0
1114,7,2015-06-28,0,0,0,0,0,0
1114,1,2015-06-29,28719,3724,1,1,0,0
1114,2,2015-06-30,29714,3858,1,1,0,0
1114,3,2015-07-01,27071,3788,1,1,0,0
1114,4,2015-07-02,24898,3784,1,1,0,0
1114,5,2015-07-03,23750,3675,1,1,0,0
1114,6,2015-07-04,18529,3303,1,0,0,0
1114,7,2015-07-05,0,0,0,0,0,0
1114,1,2015-07-06,23004,3483,1,0,0,0
1114,2,2015-07-07,18466,3247,1,0,0,0
1114,3,2015-07-08,20806,3192,1,0,0,0
1114,4,2015-07-09,20355,3057,1,0,0,0
1114,5,2015-07-10,21560,3284,1,0,0,0
1114,6,2015-07-11,22092,3527,1,0,0,0
1114,7,2015-07-12,0,0,0,0,0,0
1114,1,2015-07-13,28156,3592,1,1,0,0
1114,2,2015-07-14,24568,3520,1,1,0,0
1114,3,2015-07-15,25750,3584,1,1,0,0
1114,4,2015-07-16,24366,3448,1,1,0,1
1114,5,2015-07-17,23473,3592,1,1,0,1
1114,6,2015-07-18,22836,3437,1,0,0,0
1114,7,2015-07-19,0,0,0,0,0,0
1114,1,2015-07-20,23731,3566,1,0,0,1
1114,2,2015-07-21,21269,3461,1,0,0,1
1114,3,2015-07-22,20424,3284,1,0,0,1
1114,4,2015-07-23,20564,3231,1,0,0,1
1114,5,2015-07-24,19627,3286,1,0,0,1
1114,6,2015-07-25,21312,3242,1,0,0,0
1114,7,2015-07-26,0,0,0,0,0,0
1114,1,2015-07-27,26720,3468,1,1,0,1
1114,2,2015-07-28,25518,3456,1,1,0,1
1114,3,2015-07-29,25840,3545,1,1,0,1
1114,4,2015-07-30,24395,3251,1,1,0,1
1114,5,2015-07-31,27508,3745,1,1,0,1
