Date,Store,Product,Sales,Customers,Promo,StateHoliday,SchoolHoliday,Price
2022-01-01,Store_1,SKU_1,29.29,2,0,a,0,22.17
2022-01-02,Store_1,SKU_1,40.6,4,0,0,0,22.17
2022-01-03,Store_1,SKU_1,74.33,5,0,0,0,22.17
2022-01-04,Store_1,SKU_1,71.93,6,0,0,0,22.17
2022-01-05,Store_1,SKU_1,67.94,8,0,0,0,22.17
2022-01-06,Store_1,SKU_1,69.21,5,0,0,0,22.17
2022-01-07,Store_1,SKU_1,83.92,6,0,0,0,22.17
2022-01-08,Store_1,SKU_1,84.44,7,0,0,0,22.17
2022-01-09,Store_1,SKU_1,60.33,4,1,0,0,22.17
2022-01-10,Store_1,SKU_1,67.28,6,0,0,0,22.17
2022-01-11,Store_1,SKU_1,69.33,7,0,0,0,22.17
2022-01-12,Store_1,SKU_1,86.3,9,1,0,0,22.17
2022-01-13,Store_1,SKU_1,73.72,5,0,0,0,22.17
2022-01-14,Store_1,SKU_1,79.88,6,0,0,0,22.17
2022-01-15,Store_1,SKU_1,87.82,9,0,0,0,22.17
2022-01-16,Store_1,SKU_1,42.52,4,0,0,0,22.17
2022-01-17,Store_1,SKU_1,99.75,8,1,0,0,22.17
2022-01-18,Store_1,SKU_1,64.48,5,0,0,0,22.17
2022-01-19,Store_1,SKU_1,64.72,7,0,0,0,22.17
2022-01-20,Store_1,SKU_1,75.07,6,0,0,0,22.17
2022-01-21,Store_1,SKU_1,77.66,6,0,0,0,22.17
2022-01-22,Store_1,SKU_1,92.66,11,0,0,0,22.17
2022-01-23,Store_1,SKU_1,44.7,4,0,0,0,22.17
2022-01-24,Store_1,SKU_1,63.41,7,0,0,0,22.17
2022-01-25,Store_1,SKU_1,67.01,5,0,0,0,22.17
2022-01-26,Store_1,SKU_1,67.11,5,0,0,0,22.17
2022-01-27,Store_1,SKU_1,72.32,8,0,0,0,22.17
2022-01-28,Store_1,SKU_1,104.19,8,1,0,0,22.17
2022-01-29,Store_1,SKU_1,83.98,7,0,0,0,22.17
2022-01-30,Store_1,SKU_1,43.39,4,0,0,0,22.17
2022-01-31,Store_1,SKU_1,67.47,5,0,0,0,22.17
2022-02-01,Store_1,SKU_1,65.52,7,0,0,0,22.17
2022-02-02,Store_1,SKU_1,76.49,6,0,0,0,22.17
2022-02-03,Store_1,SKU_1,86.14,6,0,0,0,22.17
2022-02-04,Store_1,SKU_1,79.44,8,0,0,0,22.17
2022-02-05,Store_1,SKU_1,132.91,12,1,0,0,22.17
2022-02-06,Store_1,SKU_1,48.48,4,0,0,0,22.17
2022-02-07,Store_1,SKU_1,69.06,5,0,0,0,22.17
2022-02-08,Store_1,SKU_1,75.59,6,0,0,0,22.17
2022-02-09,Store_1,SKU_1,72.8,8,0,0,0,22.17
2022-02-10,Store_1,SKU_1,79.52,7,0,0,0,22.17
2022-02-11,Store_1,SKU_1,88.43,10,0,0,0,22.17
2022-02-12,Store_1,SKU_1,92.71,6,0,0,0,22.17
2022-02-13,Store_1,SKU_1,41.75,3,0,0,0,22.17
2022-02-14,Store_1,SKU_1,96.6,8,1,0,0,22.17
2022-02-15,Store_1,SKU_1,79.29,7,0,0,0,22.17
2022-02-16,Store_1,SKU_1,76.79,6,0,0,0,22.17
2022-02-17,Store_1,SKU_1,79.93,8,0,0,0,22.17
2022-02-18,Store_1,SKU_1,81.88,10,0,0,0,22.17
2022-02-19,Store_1,SKU_1,99.08,11,0,0,0,22.17
2022-02-20,Store_1,SKU_1,40.68,3,0,0,0,22.17
2022-02-21,Store_1,SKU_1,80.07,6,0,0,0,22.17
2022-02-22,Store_1,SKU_1,80.26,5,0,0,0,22.17
2022-02-23,Store_1,SKU_1,68.68,6,0,0,0,22.17
2022-02-24,Store_1,SKU_1,73.21,5,0,0,0,22.17
2022-02-25,Store_1,SKU_1,92.64,9,0,0,0,22.17
2022-02-26,Store_1,SKU_1,97.67,7,0,0,0,22.17
2022-02-27,Store_1,SKU_1,45.33,4,0,0,0,22.17
2022-02-28,Store_1,SKU_1,79.5,6,0,0,0,22.17
2022-03-01,Store_1,SKU_1,84.35,7,0,0,0,22.17
2022-03-02,Store_1,SKU_1,86.67,7,0,0,0,22.17
2022-03-03,Store_1,SKU_1,92.75,7,0,0,0,22.17
2022-03-04,Store_1,SKU_1,89.0,9,0,0,0,22.17
2022-03-05,Store_1,SKU_1,178.64,20,1,0,0,22.17
2022-03-06,Store_1,SKU_1,60.13,4,0,0,0,22.17
2022-03-07,Store_1,SKU_1,83.32,6,0,0,0,22.17
2022-03-08,Store_1,SKU_1,85.24,9,0,0,0,22.17
2022-03-09,Store_1,SKU_1,132.86,15,1,0,0,22.17
2022-03-10,Store_1,SKU_1,75.07,6,0,0,0,22.17
2022-03-11,Store_1,SKU_1,89.17,9,0,0,0,22.17
2022-03-12,Store_1,SKU_1,120.52,9,0,0,0,22.17
2022-03-13,Store_1,SKU_1,72.55,7,1,0,0,22.17
2022-03-14,Store_1,SKU_1,93.74,6,0,0,0,22.17
2022-03-15,Store_1,SKU_1,80.64,9,0,0,0,22.17
2022-03-16,Store_1,SKU_1,86.62,10,0,0,0,22.17
2022-03-17,Store_1,SKU_1,128.19,9,1,0,0,22.17
2022-03-18,Store_1,SKU_1,92.18,7,0,0,0,22.17
2022-03-19,Store_1,SKU_1,107.14,13,0,0,0,22.17
2022-03-20,Store_1,SKU_1,71.17,5,1,0,0,22.17
2022-03-21,Store_1,SKU_1,88.82,7,0,0,0,22.17
2022-03-22,Store_1,SKU_1,100.64,9,0,0,0,22.17
2022-03-23,Store_1,SKU_1,93.22,7,0,0,0,22.17
2022-03-24,Store_1,SKU_1,79.48,8,0,0,0,22.17
2022-03-25,Store_1,SKU_1,90.38,7,0,0,0,22.17
2022-03-26,Store_1,SKU_1,142.87,12,1,0,0,22.17
2022-03-27,Store_1,SKU_1,86.15,8,1,0,0,22.17
2022-03-28,Store_1,SKU_1,134.01,14,1,0,0,22.17
2022-03-29,Store_1,SKU_1,84.71,9,0,0,0,22.17
2022-03-30,Store_1,SKU_1,117.35,12,1,0,0,22.17
2022-03-31,Store_1,SKU_1,131.0,10,1,0,0,22.17
2022-04-01,Store_1,SKU_1,114.75,10,0,0,0,22.17
2022-04-02,Store_1,SKU_1,119.53,14,0,0,0,22.17
2022-04-03,Store_1,SKU_1,74.61,7,0,0,0,22.17
2022-04-04,Store_1,SKU_1,104.66,12,0,0,0,22.17
2022-04-05,Store_1,SKU_1,98.48,11,0,0,0,22.17
2022-04-06,Store_1,SKU_1,98.51,7,0,0,0,22.17
2022-04-07,Store_1,SKU_1,152.77,11,1,0,0,22.17
2022-04-08,Store_1,SKU_1,107.55,8,0,0,0,22.17
2022-04-09,Store_1,SKU_1,124.06,14,0,0,0,22.17
2022-04-10,Store_1,SKU_1,61.73,4,0,0,0,22.17
2022-04-11,Store_1,SKU_1,99.74,8,0,0,0,22.17
2022-04-12,Store_1,SKU_1,93.72,8,0,0,0,22.17
2022-04-13,Store_1,SKU_1,109.97,10,0,0,0,22.17
2022-04-14,Store_1,SKU_1,99.05,9,0,0,0,22.17
2022-04-15,Store_1,SKU_1,108.92,7,0,0,0,22.17
2022-04-16,Store_1,SKU_1,144.83,14,0,0,0,22.17
2022-04-17,Store_1,SKU_1,69.59,5,0,0,0,22.17
2022-04-18,Store_1,SKU_1,99.39,8,0,0,0,22.17
2022-04-19,Store_1,SKU_1,104.39,11,0,0,0,22.17
2022-04-20,Store_1,SKU_1,95.27,8,0,0,0,22.17
2022-04-21,Store_1,SKU_1,163.38,19,1,0,0,22.17
2022-04-22,Store_1,SKU_1,111.47,8,0,0,0,22.17
2022-04-23,Store_1,SKU_1,142.78,11,0,0,0,22.17
2022-04-24,Store_1,SKU_1,56.19,5,0,0,0,22.17
2022-04-25,Store_1,SKU_1,96.47,8,0,0,0,22.17
2022-04-26,Store_1,SKU_1,105.82,9,0,0,0,22.17
2022-04-27,Store_1,SKU_1,99.24,7,0,0,0,22.17
2022-04-28,Store_1,SKU_1,115.19,9,0,0,0,22.17
2022-04-29,Store_1,SKU_1,117.53,13,0,0,0,22.17
2022-04-30,Store_1,SKU_1,183.84,17,1,0,0,22.17
2022-05-01,Store_1,SKU_1,70.53,7,0,0,0,22.17
2022-05-02,Store_1,SKU_1,112.45,11,0,0,0,22.17
2022-05-03,Store_1,SKU_1,103.65,11,0,0,0,22.17
2022-05-04,Store_1,SKU_1,158.62,14,1,0,0,22.17
2022-05-05,Store_1,SKU_1,123.54,10,0,0,0,22.17
2022-05-06,Store_1,SKU_1,123.48,11,0,0,0,22.17
2022-05-07,Store_1,SKU_1,152.8,12,0,0,0,22.17
2022-05-08,Store_1,SKU_1,69.25,5,0,0,0,22.17
2022-05-09,Store_1,SKU_1,92.82,8,0,0,0,22.17
2022-05-10,Store_1,SKU_1,105.94,9,0,0,0,22.17
2022-05-11,Store_1,SKU_1,94.53,8,0,0,0,22.17
2022-05-12,Store_1,SKU_1,114.49,8,0,0,0,22.17
2022-05-13,Store_1,SKU_1,107.93,7,0,0,0,22.17
2022-05-14,Store_1,SKU_1,133.08,10,0,0,0,22.17
2022-05-15,Store_1,SKU_1,93.99,11,1,0,0,22.17
2022-05-16,Store_1,SKU_1,115.38,12,0,0,0,22.17
2022-05-17,Store_1,SKU_1,149.56,16,1,0,0,22.17
2022-05-18,Store_1,SKU_1,109.58,13,0,0,0,22.17
2022-05-19,Store_1,SKU_1,165.34,14,1,0,0,22.17
2022-05-20,Store_1,SKU_1,107.4,8,0,0,0,22.17
2022-05-21,Store_1,SKU_1,205.51,15,1,0,0,22.17
2022-05-22,Store_1,SKU_1,72.28,5,0,0,0,22.17
2022-05-23,Store_1,SKU_1,145.62,16,1,0,0,22.17
2022-05-24,Store_1,SKU_1,116.72,9,0,0,0,22.17
2022-05-25,Store_1,SKU_1,100.33,8,0,0,0,22.17
2022-05-26,Store_1,SKU_1,107.73,8,0,0,0,22.17
2022-05-27,Store_1,SKU_1,108.52,13,0,0,0,22.17
2022-05-28,Store_1,SKU_1,143.95,10,0,0,0,22.17
2022-05-29,Store_1,SKU_1,71.52,8,0,0,0,22.17
2022-05-30,Store_1,SKU_1,101.49,9,0,0,0,22.17
2022-05-31,Store_1,SKU_1,103.86,9,0,0,0,22.17
2022-06-01,Store_1,SKU_1,167.77,17,1,0,0,22.17
2022-06-02,Store_1,SKU_1,123.85,10,0,0,0,22.17
2022-06-03,Store_1,SKU_1,129.4,11,0,0,0,22.17
2022-06-04,Store_1,SKU_1,164.97,18,0,0,0,22.17
2022-06-05,Store_1,SKU_1,97.14,9,1,0,0,22.17
2022-06-06,Store_1,SKU_1,117.24,9,0,0,0,22.17
2022-06-07,Store_1,SKU_1,101.28,10,0,0,0,22.17
2022-06-08,Store_1,SKU_1,98.83,12,0,0,0,22.17
2022-06-09,Store_1,SKU_1,131.97,14,0,0,0,22.17
2022-06-10,Store_1,SKU_1,129.21,10,0,0,0,22.17
2022-06-11,Store_1,SKU_1,145.01,14,0,0,0,22.17
2022-06-12,Store_1,SKU_1,74.44,7,0,0,0,22.17
2022-06-13,Store_1,SKU_1,138.12,12,0,0,0,22.17
2022-06-14,Store_1,SKU_1,109.45,8,0,0,0,22.17
2022-06-15,Store_1,SKU_1,107.2,8,0,0,0,22.17
2022-06-16,Store_1,SKU_1,106.63,9,0,0,0,22.17
2022-06-17,Store_1,SKU_1,185.63,14,1,0,0,22.17
2022-06-18,Store_1,SKU_1,195.73,19,1,0,0,22.17
2022-06-19,Store_1,SKU_1,73.83,5,0,0,0,22.17
2022-06-20,Store_1,SKU_1,134.78,10,1,0,0,22.17
2022-06-21,Store_1,SKU_1,116.6,10,0,0,0,22.17
2022-06-22,Store_1,SKU_1,116.22,8,1,0,0,22.17
2022-06-23,Store_1,SKU_1,118.56,12,0,0,0,22.17
2022-06-24,Store_1,SKU_1,110.32,10,0,0,0,22.17
2022-06-25,Store_1,SKU_1,142.29,15,0,0,0,22.17
2022-06-26,Store_1,SKU_1,72.46,8,0,0,0,22.17
2022-06-27,Store_1,SKU_1,129.61,11,0,0,0,22.17
2022-06-28,Store_1,SKU_1,120.59,13,0,0,0,22.17
2022-06-29,Store_1,SKU_1,105.12,12,0,0,0,22.17
2022-06-30,Store_1,SKU_1,117.1,10,0,0,0,22.17
2022-07-01,Store_1,SKU_1,118.44,14,0,0,1,22.17
2022-07-02,Store_1,SKU_1,133.61,11,0,0,1,22.17
2022-07-03,Store_1,SKU_1,57.99,4,0,0,1,22.17
2022-07-04,Store_1,SKU_1,109.48,8,0,0,0,22.17
2022-07-05,Store_1,SKU_1,157.05,15,1,0,1,22.17
2022-07-06,Store_1,SKU_1,108.71,8,0,0,0,22.17
2022-07-07,Store_1,SKU_1,105.07,8,0,0,0,22.17
2022-07-08,Store_1,SKU_1,117.96,13,0,0,0,22.17
2022-07-09,Store_1,SKU_1,140.39,15,0,0,0,22.17
2022-07-10,Store_1,SKU_1,66.27,4,0,0,1,22.17
2022-07-11,Store_1,SKU_1,98.93,12,0,0,1,22.17
2022-07-12,Store_1,SKU_1,107.93,7,0,0,0,22.17
2022-07-13,Store_1,SKU_1,104.19,7,0,0,0,22.17
2022-07-14,Store_1,SKU_1,109.33,8,0,0,0,22.17
2022-07-15,Store_1,SKU_1,156.22,13,1,0,0,22.17
2022-07-16,Store_1,SKU_1,126.31,12,0,0,0,22.17
2022-07-17,Store_1,SKU_1,64.93,7,0,0,0,22.17
2022-07-18,Store_1,SKU_1,150.33,10,1,0,0,22.17
2022-07-19,Store_1,SKU_1,110.85,8,0,0,0,22.17
2022-07-20,Store_1,SKU_1,141.48,10,1,0,0,22.17
2022-07-21,Store_1,SKU_1,96.99,11,0,0,1,22.17
2022-07-22,Store_1,SKU_1,153.01,12,1,0,0,22.17
2022-07-23,Store_1,SKU_1,148.2,17,0,0,0,22.17
2022-07-24,Store_1,SKU_1,64.93,8,0,0,0,22.17
2022-07-25,Store_1,SKU_1,116.42,11,0,0,0,22.17
2022-07-26,Store_1,SKU_1,97.73,7,0,0,0,22.17
2022-07-27,Store_1,SKU_1,103.17,8,0,0,0,22.17
2022-07-28,Store_1,SKU_1,110.55,12,0,0,1,22.17
2022-07-29,Store_1,SKU_1,152.24,11,1,0,1,22.17
2022-07-30,Store_1,SKU_1,136.59,15,0,0,1,22.17
2022-07-31,Store_1,SKU_1,60.54,5,0,0,0,22.17
2022-08-01,Store_1,SKU_1,119.25,13,0,0,0,22.17
2022-08-02,Store_1,SKU_1,103.36,12,0,0,1,22.17
2022-08-03,Store_1,SKU_1,108.32,10,0,0,0,22.17
2022-08-04,Store_1,SKU_1,96.45,9,0,0,0,22.17
2022-08-05,Store_1,SKU_1,99.59,7,0,0,1,22.17
2022-08-06,Store_1,SKU_1,138.16,11,0,0,0,22.17
2022-08-07,Store_1,SKU_1,66.58,7,0,0,1,22.17
2022-08-08,Store_1,SKU_1,107.53,8,0,0,1,22.17
2022-08-09,Store_1,SKU_1,103.8,7,0,0,0,22.17
2022-08-10,Store_1,SKU_1,94.91,7,0,0,0,22.17
2022-08-11,Store_1,SKU_1,116.57,9,0,0,0,22.17
2022-08-12,Store_1,SKU_1,112.27,13,0,0,0,22.17
2022-08-13,Store_1,SKU_1,122.02,12,0,0,1,22.17
2022-08-14,Store_1,SKU_1,86.08,8,1,0,0,22.17
2022-08-15,Store_1,SKU_1,145.18,17,1,0,1,22.17
2022-08-16,Store_1,SKU_1,103.41,9,0,0,1,22.17
2022-08-17,Store_1,SKU_1,104.56,7,0,0,1,22.17
2022-08-18,Store_1,SKU_1,131.73,13,1,0,0,22.17
2022-08-19,Store_1,SKU_1,105.3,11,0,0,0,22.17
2022-08-20,Store_1,SKU_1,114.74,9,0,0,1,22.17
2022-08-21,Store_1,SKU_1,66.42,8,0,0,1,22.17
2022-08-22,Store_1,SKU_1,104.8,12,0,0,0,22.17
2022-08-23,Store_1,SKU_1,140.52,15,1,0,0,22.17
2022-08-24,Store_1,SKU_1,113.84,12,1,0,1,22.17
2022-08-25,Store_1,SKU_1,88.84,11,0,0,0,22.17
2022-08-26,Store_1,SKU_1,119.58,9,0,0,0,22.17
2022-08-27,Store_1,SKU_1,127.39,11,0,0,1,22.17
2022-08-28,Store_1,SKU_1,68.36,5,0,0,0,22.17
2022-08-29,Store_1,SKU_1,108.15,11,0,0,0,22.17
2022-08-30,Store_1,SKU_1,104.31,12,0,0,1,22.17
2022-08-31,Store_1,SKU_1,94.85,7,0,0,1,22.17
2022-09-01,Store_1,SKU_1,105.75,10,0,0,0,22.17
2022-09-02,Store_1,SKU_1,113.25,12,0,0,0,22.17
2022-09-03,Store_1,SKU_1,148.41,16,1,0,0,22.17
2022-09-04,Store_1,SKU_1,49.96,6,0,0,0,22.17
2022-09-05,Store_1,SKU_1,148.88,12,1,0,0,22.17
2022-09-06,Store_1,SKU_1,126.14,9,1,0,0,22.17
2022-09-07,Store_1,SKU_1,80.71,8,0,0,0,22.17
2022-09-08,Store_1,SKU_1,117.21,11,1,0,0,22.17
2022-09-09,Store_1,SKU_1,87.72,10,0,0,0,22.17
2022-09-10,Store_1,SKU_1,126.18,9,0,0,0,22.17
2022-09-11,Store_1,SKU_1,52.07,4,0,0,0,22.17
2022-09-12,Store_1,SKU_1,95.92,7,0,0,0,22.17
2022-09-13,Store_1,SKU_1,87.52,6,0,0,0,22.17
2022-09-14,Store_1,SKU_1,90.01,11,0,0,0,22.17
2022-09-15,Store_1,SKU_1,95.03,9,0,0,0,22.17
2022-09-16,Store_1,SKU_1,147.05,14,1,0,0,22.17
2022-09-17,Store_1,SKU_1,119.03,8,0,0,0,22.17
2022-09-18,Store_1,SKU_1,62.35,4,0,0,0,22.17
2022-09-19,Store_1,SKU_1,84.55,7,0,0,0,22.17
2022-09-20,Store_1,SKU_1,88.78,8,0,0,0,22.17
2022-09-21,Store_1,SKU_1,97.2,7,0,0,0,22.17
2022-09-22,Store_1,SKU_1,104.92,12,0,0,0,22.17
2022-09-23,Store_1,SKU_1,96.44,7,0,0,0,22.17
2022-09-24,Store_1,SKU_1,181.94,14,1,0,0,22.17
2022-09-25,Store_1,SKU_1,90.34,8,1,0,0,22.17
2022-09-26,Store_1,SKU_1,92.65,8,0,0,0,22.17
2022-09-27,Store_1,SKU_1,111.25,9,0,0,0,22.17
2022-09-28,Store_1,SKU_1,95.59,7,0,0,0,22.17
2022-09-29,Store_1,SKU_1,100.19,9,0,0,0,22.17
2022-09-30,Store_1,SKU_1,102.87,11,0,0,0,22.17
2022-10-01,Store_1,SKU_1,86.36,6,0,0,0,22.17
2022-10-02,Store_1,SKU_1,43.4,3,0,0,0,22.17
2022-10-03,Store_1,SKU_1,77.25,8,0,0,0,22.17
2022-10-04,Store_1,SKU_1,75.18,6,0,0,0,22.17
2022-10-05,Store_1,SKU_1,79.46,7,0,0,0,22.17
2022-10-06,Store_1,SKU_1,82.24,7,0,0,0,22.17
2022-10-07,Store_1,SKU_1,125.92,12,1,0,0,22.17
2022-10-08,Store_1,SKU_1,102.1,7,0,0,0,22.17
2022-10-09,Store_1,SKU_1,44.76,3,0,0,0,22.17
2022-10-10,Store_1,SKU_1,117.3,11,1,0,0,22.17
2022-10-11,Store_1,SKU_1,62.24,4,0,0,0,22.17
2022-10-12,Store_1,SKU_1,74.36,8,0,0,0,22.17
2022-10-13,Store_1,SKU_1,79.9,6,0,0,0,22.17
2022-10-14,Store_1,SKU_1,83.93,8,0,0,0,22.17
2022-10-15,Store_1,SKU_1,105.66,8,0,0,0,22.17
2022-10-16,Store_1,SKU_1,55.44,4,0,0,0,22.17
2022-10-17,Store_1,SKU_1,112.73,13,1,0,0,22.17
2022-10-18,Store_1,SKU_1,71.21,7,0,0,0,22.17
2022-10-19,Store_1,SKU_1,81.39,8,0,0,0,22.17
2022-10-20,Store_1,SKU_1,89.65,6,0,0,0,22.17
2022-10-21,Store_1,SKU_1,94.09,9,0,0,0,22.17
2022-10-22,Store_1,SKU_1,99.99,7,0,0,0,22.17
2022-10-23,Store_1,SKU_1,47.0,4,0,0,0,22.17
2022-10-24,Store_1,SKU_1,81.0,7,0,0,0,22.17
2022-10-25,Store_1,SKU_1,78.49,8,0,0,0,22.17
2022-10-26,Store_1,SKU_1,85.31,6,0,0,0,22.17
2022-10-27,Store_1,SKU_1,86.03,9,0,0,0,22.17
2022-10-28,Store_1,SKU_1,97.19,11,0,0,0,22.17
2022-10-29,Store_1,SKU_1,110.02,9,0,0,0,22.17
2022-10-30,Store_1,SKU_1,50.46,4,0,0,0,22.17
2022-10-31,Store_1,SKU_1,62.94,4,0,0,0,22.17
2022-11-01,Store_1,SKU_1,60.31,6,0,0,0,22.17
2022-11-02,Store_1,SKU_1,63.46,7,0,0,0,22.17
2022-11-03,Store_1,SKU_1,70.81,6,0,0,0,22.17
2022-11-04,Store_1,SKU_1,83.69,9,0,0,0,22.17
2022-11-05,Store_1,SKU_1,84.73,7,0,0,0,22.17
2022-11-06,Store_1,SKU_1,55.15,5,1,0,0,22.17
2022-11-07,Store_1,SKU_1,110.84,12,1,0,0,22.17
2022-11-08,Store_1,SKU_1,69.45,6,0,0,0,22.17
2022-11-09,Store_1,SKU_1,64.45,5,0,0,0,22.17
2022-11-10,Store_1,SKU_1,71.33,6,0,0,0,22.17
2022-11-11,Store_1,SKU_1,84.16,8,0,0,0,22.17
2022-11-12,Store_1,SKU_1,97.66,7,0,0,0,22.17
2022-11-13,Store_1,SKU_1,55.03,4,1,0,0,22.17
2022-11-14,Store_1,SKU_1,77.38,6,0,0,0,22.17
2022-11-15,Store_1,SKU_1,75.02,5,0,0,0,22.17
2022-11-16,Store_1,SKU_1,77.53,7,0,0,0,22.17
2022-11-17,Store_1,SKU_1,78.39,7,0,0,0,22.17
2022-11-18,Store_1,SKU_1,86.61,7,0,0,0,22.17
2022-11-19,Store_1,SKU_1,89.29,8,0,0,0,22.17
2022-11-20,Store_1,SKU_1,63.76,5,1,0,0,22.17
2022-11-21,Store_1,SKU_1,78.38,9,0,0,0,22.17
2022-11-22,Store_1,SKU_1,78.33,6,0,0,0,22.17
2022-11-23,Store_1,SKU_1,64.37,5,0,0,0,22.17
2022-11-24,Store_1,SKU_1,101.27,11,1,0,0,22.17
2022-11-25,Store_1,SKU_1,83.58,6,0,0,0,22.17
2022-11-26,Store_1,SKU_1,97.03,7,0,0,0,22.17
2022-11-27,Store_1,SKU_1,36.65,3,0,0,0,22.17
2022-11-28,Store_1,SKU_1,80.2,5,0,0,0,22.17
2022-11-29,Store_1,SKU_1,67.51,8,0,0,0,22.17
2022-11-30,Store_1,SKU_1,70.33,6,0,0,0,22.17
2022-12-01,Store_1,SKU_1,75.45,5,0,0,0,22.17
2022-12-02,Store_1,SKU_1,84.06,7,0,0,0,22.17
2022-12-03,Store_1,SKU_1,83.23,8,0,0,0,22.17
2022-12-04,Store_1,SKU_1,44.4,3,0,0,0,22.17
2022-12-05,Store_1,SKU_1,63.89,5,0,0,0,22.17
2022-12-06,Store_1,SKU_1,80.59,7,0,0,0,22.17
2022-12-07,Store_1,SKU_1,68.22,7,0,0,0,22.17
2022-12-08,Store_1,SKU_1,73.5,7,0,0,0,22.17
2022-12-09,Store_1,SKU_1,75.24,5,0,0,0,22.17
2022-12-10,Store_1,SKU_1,88.33,8,0,0,0,22.17
2022-12-11,Store_1,SKU_1,47.54,5,0,0,0,22.17
2022-12-12,Store_1,SKU_1,64.7,6,0,0,0,22.17
2022-12-13,Store_1,SKU_1,62.56,7,0,0,0,22.17
2022-12-14,Store_1,SKU_1,82.68,6,0,0,0,22.17
2022-12-15,Store_1,SKU_1,72.46,8,0,0,0,22.17
2022-12-16,Store_1,SKU_1,78.58,5,0,0,0,22.17
2022-12-17,Store_1,SKU_1,78.93,6,0,0,0,22.17
2022-12-18,Store_1,SKU_1,41.72,3,0,0,0,22.17
2022-12-19,Store_1,SKU_1,75.65,6,0,0,0,22.17
2022-12-20,Store_1,SKU_1,74.21,8,0,0,0,22.17
2022-12-21,Store_1,SKU_1,72.86,7,0,0,0,22.17
2022-12-22,Store_1,SKU_1,74.66,8,0,0,0,22.17
2022-12-23,Store_1,SKU_1,71.42,5,0,0,0,22.17
2022-12-24,Store_1,SKU_1,83.33,7,0,0,0,22.17
2022-12-25,Store_1,SKU_1,19.12,1,0,a,0,22.17
2022-12-26,Store_1,SKU_1,27.94,3,0,a,0,22.17
2022-12-27,Store_1,SKU_1,73.81,8,0,0,0,22.17
2022-12-28,Store_1,SKU_1,62.33,7,0,0,0,22.17
2022-12-29,Store_1,SKU_1,93.78,7,1,0,0,22.17
2022-12-30,Store_1,SKU_1,107.38,8,1,0,0,22.17
2022-12-31,Store_1,SKU_1,87.37,6,0,0,0,22.17
2023-01-01,Store_1,SKU_1,17.5,1,0,a,0,22.17
2023-01-02,Store_1,SKU_1,102.92,8,1,0,0,22.17
2023-01-03,Store_1,SKU_1,70.99,6,0,0,0,22.17
2023-01-04,Store_1,SKU_1,80.53,7,0,0,0,22.17
2023-01-05,Store_1,SKU_1,71.3,5,0,0,0,22.17
2023-01-06,Store_1,SKU_1,119.15,13,1,0,0,22.17
2023-01-07,Store_1,SKU_1,100.89,9,0,0,0,22.17
2023-01-08,Store_1,SKU_1,45.72,3,0,0,0,22.17
2023-01-09,Store_1,SKU_1,75.25,5,0,0,0,22.17
2023-01-10,Store_1,SKU_1,56.98,6,0,0,0,22.17
2023-01-11,Store_1,SKU_1,68.83,7,0,0,0,22.17
2023-01-12,Store_1,SKU_1,68.75,6,0,0,0,22.17
2023-01-13,Store_1,SKU_1,93.95,11,0,0,0,22.17
2023-01-14,Store_1,SKU_1,118.65,10,1,0,0,22.17
2023-01-15,Store_1,SKU_1,41.23,3,0,0,0,22.17
2023-01-16,Store_1,SKU_1,70.14,6,0,0,0,22.17
2023-01-17,Store_1,SKU_1,73.34,7,0,0,0,22.17
2023-01-18,Store_1,SKU_1,66.44,7,0,0,0,22.17
2023-01-19,Store_1,SKU_1,93.1,6,1,0,0,22.17
2023-01-20,Store_1,SKU_1,86.25,6,0,0,0,22.17
2023-01-21,Store_1,SKU_1,100.98,7,0,0,0,22.17
2023-01-22,Store_1,SKU_1,72.53,6,1,0,0,22.17
2023-01-23,Store_1,SKU_1,69.24,7,0,0,0,22.17
2023-01-24,Store_1,SKU_1,88.96,8,1,0,0,22.17
2023-01-25,Store_1,SKU_1,70.49,5,0,0,0,22.17
2023-01-26,Store_1,SKU_1,70.56,8,0,0,0,22.17
2023-01-27,Store_1,SKU_1,84.29,7,0,0,0,22.17
2023-01-28,Store_1,SKU_1,92.18,6,0,0,0,22.17
2023-01-29,Store_1,SKU_1,55.96,6,1,0,0,22.17
2023-01-30,Store_1,SKU_1,67.72,5,0,0,0,22.17
2023-01-31,Store_1,SKU_1,78.5,7,0,0,0,22.17
2023-02-01,Store_1,SKU_1,73.75,7,0,0,0,22.17
2023-02-02,Store_1,SKU_1,79.82,6,0,0,0,22.17
2023-02-03,Store_1,SKU_1,88.01,6,0,0,0,22.17
2023-02-04,Store_1,SKU_1,105.36,10,0,0,0,22.17
2023-02-05,Store_1,SKU_1,50.34,5,0,0,0,22.17
2023-02-06,Store_1,SKU_1,94.13,7,0,0,0,22.17
2023-02-07,Store_1,SKU_1,90.28,8,0,0,0,22.17
2023-02-08,Store_1,SKU_1,80.01,5,0,0,0,22.17
2023-02-09,Store_1,SKU_1,82.63,8,0,0,0,22.17
2023-02-10,Store_1,SKU_1,103.37,9,0,0,0,22.17
2023-02-11,Store_1,SKU_1,98.69,9,0,0,0,22.17
2023-02-12,Store_1,SKU_1,50.14,5,0,0,0,22.17
2023-02-13,Store_1,SKU_1,90.55,8,0,0,0,22.17
2023-02-14,Store_1,SKU_1,76.82,6,0,0,0,22.17
2023-02-15,Store_1,SKU_1,74.35,5,0,0,0,22.17
2023-02-16,Store_1,SKU_1,87.88,10,0,0,0,22.17
2023-02-17,Store_1,SKU_1,89.53,6,0,0,0,22.17
2023-02-18,Store_1,SKU_1,105.1,12,0,0,0,22.17
2023-02-19,Store_1,SKU_1,51.83,6,0,0,0,22.17
2023-02-20,Store_1,SKU_1,69.38,6,0,0,0,22.17
2023-02-21,Store_1,SKU_1,80.16,6,0,0,0,22.17
2023-02-22,Store_1,SKU_1,79.64,7,0,0,0,22.17
2023-02-23,Store_1,SKU_1,85.14,9,0,0,0,22.17
2023-02-24,Store_1,SKU_1,76.68,6,0,0,0,22.17
2023-02-25,Store_1,SKU_1,91.8,6,0,0,0,22.17
2023-02-26,Store_1,SKU_1,46.53,3,0,0,0,22.17
2023-02-27,Store_1,SKU_1,66.94,5,0,0,0,22.17
2023-02-28,Store_1,SKU_1,78.27,5,0,0,0,22.17
2023-03-01,Store_1,SKU_1,100.31,9,0,0,0,22.17
2023-03-02,Store_1,SKU_1,87.05,6,0,0,0,22.17
2023-03-03,Store_1,SKU_1,109.18,11,0,0,0,22.17
2023-03-04,Store_1,SKU_1,118.25,10,0,0,0,22.17
2023-03-05,Store_1,SKU_1,63.2,7,0,0,0,22.17
2023-03-06,Store_1,SKU_1,96.03,8,0,0,0,22.17
2023-03-07,Store_1,SKU_1,137.87,12,1,0,0,22.17
2023-03-08,Store_1,SKU_1,90.51,9,0,0,0,22.17
2023-03-09,Store_1,SKU_1,87.97,6,0,0,0,22.17
2023-03-10,Store_1,SKU_1,109.38,7,0,0,0,22.17
2023-03-11,Store_1,SKU_1,177.37,13,1,0,0,22.17
2023-03-12,Store_1,SKU_1,54.09,5,0,0,0,22.17
2023-03-13,Store_1,SKU_1,129.17,9,1,0,0,22.17
2023-03-14,Store_1,SKU_1,93.91,7,0,0,0,22.17
2023-03-15,Store_1,SKU_1,90.74,10,0,0,0,22.17
2023-03-16,Store_1,SKU_1,86.41,9,0,0,0,22.17
2023-03-17,Store_1,SKU_1,171.16,19,1,0,0,22.17
2023-03-18,Store_1,SKU_1,115.62,10,0,0,0,22.17
2023-03-19,Store_1,SKU_1,56.11,6,0,0,0,22.17
2023-03-20,Store_1,SKU_1,103.1,11,0,0,0,22.17
2023-03-21,Store_1,SKU_1,83.38,9,0,0,0,22.17
2023-03-22,Store_1,SKU_1,98.69,7,0,0,0,22.17
2023-03-23,Store_1,SKU_1,99.62,7,0,0,0,22.17
2023-03-24,Store_1,SKU_1,152.97,13,1,0,0,22.17
2023-03-25,Store_1,SKU_1,123.48,8,0,0,0,22.17
2023-03-26,Store_1,SKU_1,44.64,4,0,0,0,22.17
2023-03-27,Store_1,SKU_1,83.03,8,0,0,0,22.17
2023-03-28,Store_1,SKU_1,117.29,9,1,0,0,22.17
2023-03-29,Store_1,SKU_1,86.84,7,0,0,0,22.17
2023-03-30,Store_1,SKU_1,140.27,15,1,0,0,22.17
2023-03-31,Store_1,SKU_1,111.43,10,0,0,0,22.17
2023-04-01,Store_1,SKU_1,120.59,12,0,0,0,22.17
2023-04-02,Store_1,SKU_1,89.87,10,1,0,0,22.17
2023-04-03,Store_1,SKU_1,114.82,8,0,0,0,22.17
2023-04-04,Store_1,SKU_1,103.29,11,0,0,0,22.17
2023-04-05,Store_1,SKU_1,121.82,9,0,0,0,22.17
2023-04-06,Store_1,SKU_1,120.75,14,0,0,0,22.17
2023-04-07,Store_1,SKU_1,129.28,9,0,0,0,22.17
2023-04-08,Store_1,SKU_1,133.73,11,0,0,0,22.17
2023-04-09,Store_1,SKU_1,72.66,6,0,0,0,22.17
2023-04-10,Store_1,SKU_1,116.1,12,0,0,0,22.17
2023-04-11,Store_1,SKU_1,109.66,8,0,0,0,22.17
2023-04-12,Store_1,SKU_1,96.32,8,0,0,0,22.17
2023-04-13,Store_1,SKU_1,108.25,10,0,0,0,22.17
2023-04-14,Store_1,SKU_1,107.93,9,0,0,0,22.17
2023-04-15,Store_1,SKU_1,140.2,12,0,0,0,22.17
2023-04-16,Store_1,SKU_1,64.67,7,0,0,0,22.17
2023-04-17,Store_1,SKU_1,122.29,9,0,0,0,22.17
2023-04-18,Store_1,SKU_1,100.93,7,0,0,0,22.17
2023-04-19,Store_1,SKU_1,100.37,9,0,0,0,22.17
2023-04-20,Store_1,SKU_1,129.19,10,0,0,0,22.17
2023-04-21,Store_1,SKU_1,123.48,10,0,0,0,22.17
2023-04-22,Store_1,SKU_1,127.13,12,0,0,0,22.17
2023-04-23,Store_1,SKU_1,65.72,5,0,0,0,22.17
2023-04-24,Store_1,SKU_1,96.73,7,0,0,0,22.17
2023-04-25,Store_1,SKU_1,158.33,13,1,0,0,22.17
2023-04-26,Store_1,SKU_1,102.19,10,0,0,0,22.17
2023-04-27,Store_1,SKU_1,135.13,15,1,0,0,22.17
2023-04-28,Store_1,SKU_1,124.53,11,0,0,0,22.17
2023-04-29,Store_1,SKU_1,140.23,11,0,0,0,22.17
2023-04-30,Store_1,SKU_1,70.2,6,0,0,0,22.17
2023-05-01,Store_1,SKU_1,167.89,17,1,0,0,22.17
2023-05-02,Store_1,SKU_1,149.44,12,1,0,0,22.17
2023-05-03,Store_1,SKU_1,143.41,11,1,0,0,22.17
2023-05-04,Store_1,SKU_1,125.03,11,0,0,0,22.17
2023-05-05,Store_1,SKU_1,123.65,12,0,0,0,22.17
2023-05-06,Store_1,SKU_1,145.42,14,0,0,0,22.17
2023-05-07,Store_1,SKU_1,70.77,7,0,0,0,22.17
2023-05-08,Store_1,SKU_1,119.02,11,0,0,0,22.17
2023-05-09,Store_1,SKU_1,94.51,10,0,0,0,22.17
2023-05-10,Store_1,SKU_1,106.07,9,0,0,0,22.17
2023-05-11,Store_1,SKU_1,100.12,7,0,0,0,22.17
2023-05-12,Store_1,SKU_1,127.87,9,0,0,0,22.17
2023-05-13,Store_1,SKU_1,160.9,18,0,0,0,22.17
2023-05-14,Store_1,SKU_1,82.55,7,1,0,0,22.17
2023-05-15,Store_1,SKU_1,121.47,10,0,0,0,22.17
2023-05-16,Store_1,SKU_1,130.73,13,0,0,0,22.17
2023-05-17,Store_1,SKU_1,97.44,6,0,0,0,22.17
2023-05-18,Store_1,SKU_1,116.12,11,0,0,0,22.17
2023-05-19,Store_1,SKU_1,129.39,11,0,0,0,22.17
2023-05-20,Store_1,SKU_1,127.17,11,0,0,0,22.17
2023-05-21,Store_1,SKU_1,73.45,8,0,0,0,22.17
2023-05-22,Store_1,SKU_1,158.42,15,1,0,0,22.17
2023-05-23,Store_1,SKU_1,107.1,11,0,0,0,22.17
2023-05-24,Store_1,SKU_1,120.09,12,0,0,0,22.17
2023-05-25,Store_1,SKU_1,120.08,9,0,0,0,22.17
2023-05-26,Store_1,SKU_1,120.82,12,0,0,0,22.17
2023-05-27,Store_1,SKU_1,150.41,14,0,0,0,22.17
2023-05-28,Store_1,SKU_1,71.43,5,0,0,0,22.17
2023-05-29,Store_1,SKU_1,118.71,9,0,0,0,22.17
2023-05-30,Store_1,SKU_1,113.18,9,0,0,0,22.17
2023-05-31,Store_1,SKU_1,116.06,12,0,0,0,22.17
2023-06-01,Store_1,SKU_1,127.55,14,0,0,0,22.17
2023-06-02,Store_1,SKU_1,116.98,11,0,0,0,22.17
2023-06-03,Store_1,SKU_1,140.73,13,0,0,0,22.17
2023-06-04,Store_1,SKU_1,65.07,5,0,0,0,22.17
2023-06-05,Store_1,SKU_1,125.96,12,0,0,0,22.17
2023-06-06,Store_1,SKU_1,118.39,12,0,0,0,22.17
2023-06-07,Store_1,SKU_1,115.68,13,0,0,0,22.17
2023-06-08,Store_1,SKU_1,108.41,11,0,0,0,22.17
2023-06-09,Store_1,SKU_1,140.06,10,0,0,0,22.17
2023-06-10,Store_1,SKU_1,148.27,15,0,0,0,22.17
2023-06-11,Store_1,SKU_1,73.19,8,0,0,0,22.17
2023-06-12,Store_1,SKU_1,127.63,13,0,0,0,22.17
2023-06-13,Store_1,SKU_1,119.33,14,0,0,0,22.17
2023-06-14,Store_1,SKU_1,116.77,9,0,0,0,22.17
2023-06-15,Store_1,SKU_1,124.37,9,0,0,0,22.17
2023-06-16,Store_1,SKU_1,151.9,18,0,0,0,22.17
2023-06-17,Store_1,SKU_1,138.21,11,0,0,0,22.17
2023-06-18,Store_1,SKU_1,73.43,5,0,0,0,22.17
2023-06-19,Store_1,SKU_1,105.26,9,0,0,0,22.17
2023-06-20,Store_1,SKU_1,114.57,9,0,0,0,22.17
2023-06-21,Store_1,SKU_1,93.99,10,0,0,0,22.17
2023-06-22,Store_1,SKU_1,123.16,11,0,0,0,22.17
2023-06-23,Store_1,SKU_1,133.0,10,0,0,0,22.17
2023-06-24,Store_1,SKU_1,168.97,13,0,0,0,22.17
2023-06-25,Store_1,SKU_1,72.23,7,0,0,0,22.17
2023-06-26,Store_1,SKU_1,105.45,8,0,0,0,22.17
2023-06-27,Store_1,SKU_1,138.88,13,0,0,0,22.17
2023-06-28,Store_1,SKU_1,133.41,9,0,0,0,22.17
2023-06-29,Store_1,SKU_1,174.99,13,1,0,0,22.17
2023-06-30,Store_1,SKU_1,127.55,12,0,0,0,22.17
2023-07-01,Store_1,SKU_1,154.81,12,0,0,0,22.17
2023-07-02,Store_1,SKU_1,73.83,5,0,0,0,22.17
2023-07-03,Store_1,SKU_1,153.69,13,1,0,1,22.17
2023-07-04,Store_1,SKU_1,119.45,9,0,0,1,22.17
2023-07-05,Store_1,SKU_1,170.22,20,1,0,1,22.17
2023-07-06,Store_1,SKU_1,106.43,8,0,0,1,22.17
2023-07-07,Store_1,SKU_1,135.96,10,0,0,1,22.17
2023-07-08,Store_1,SKU_1,152.06,11,0,0,1,22.17
2023-07-09,Store_1,SKU_1,58.47,5,0,0,0,22.17
2023-07-10,Store_1,SKU_1,122.23,13,0,0,0,22.17
2023-07-11,Store_1,SKU_1,93.06,8,0,0,0,22.17
2023-07-12,Store_1,SKU_1,160.92,11,1,0,0,22.17
2023-07-13,Store_1,SKU_1,106.98,12,0,0,1,22.17
2023-07-14,Store_1,SKU_1,212.92,25,1,0,1,22.17
2023-07-15,Store_1,SKU_1,200.85,15,1,0,0,22.17
2023-07-16,Store_1,SKU_1,71.74,6,0,0,0,22.17
2023-07-17,Store_1,SKU_1,128.66,11,0,0,0,22.17
2023-07-18,Store_1,SKU_1,114.93,12,0,0,0,22.17
2023-07-19,Store_1,SKU_1,101.98,8,0,0,0,22.17
2023-07-20,Store_1,SKU_1,122.97,12,0,0,1,22.17
2023-07-21,Store_1,SKU_1,125.44,12,0,0,0,22.17
2023-07-22,Store_1,SKU_1,157.54,13,0,0,1,22.17
2023-07-23,Store_1,SKU_1,72.42,5,0,0,0,22.17
2023-07-24,Store_1,SKU_1,109.89,10,0,0,0,22.17
2023-07-25,Store_1,SKU_1,121.74,11,0,0,1,22.17
2023-07-26,Store_1,SKU_1,111.24,9,0,0,1,22.17
2023-07-27,Store_1,SKU_1,136.5,11,0,0,0,22.17
2023-07-28,Store_1,SKU_1,134.37,11,0,0,0,22.17
2023-07-29,Store_1,SKU_1,151.33,13,0,0,1,22.17
2023-07-30,Store_1,SKU_1,79.1,5,0,0,0,22.17
2023-07-31,Store_1,SKU_1,129.96,15,0,0,1,22.17
2023-08-01,Store_1,SKU_1,144.3,11,1,0,0,22.17
2023-08-02,Store_1,SKU_1,146.13,10,1,0,0,22.17
2023-08-03,Store_1,SKU_1,115.15,9,0,0,0,22.17
2023-08-04,Store_1,SKU_1,103.55,7,0,0,0,22.17
2023-08-05,Store_1,SKU_1,149.75,10,0,0,0,22.17
2023-08-06,Store_1,SKU_1,66.72,6,0,0,1,22.17
2023-08-07,Store_1,SKU_1,119.59,10,0,0,0,22.17
2023-08-08,Store_1,SKU_1,112.25,12,0,0,0,22.17
2023-08-09,Store_1,SKU_1,111.47,10,0,0,0,22.17
2023-08-10,Store_1,SKU_1,109.33,8,0,0,0,22.17
2023-08-11,Store_1,SKU_1,126.57,11,0,0,1,22.17
2023-08-12,Store_1,SKU_1,136.36,10,0,0,0,22.17
2023-08-13,Store_1,SKU_1,66.91,7,0,0,1,22.17
2023-08-14,Store_1,SKU_1,93.27,7,0,0,0,22.17
2023-08-15,Store_1,SKU_1,111.48,12,0,0,1,22.17
2023-08-16,Store_1,SKU_1,111.59,13,0,0,1,22.17
2023-08-17,Store_1,SKU_1,120.8,13,0,0,1,22.17
2023-08-18,Store_1,SKU_1,112.02,13,0,0,0,22.17
2023-08-19,Store_1,SKU_1,141.17,15,0,0,0,22.17
2023-08-20,Store_1,SKU_1,68.19,7,0,0,0,22.17
2023-08-21,Store_1,SKU_1,100.91,7,0,0,0,22.17
2023-08-22,Store_1,SKU_1,121.35,11,0,0,1,22.17
2023-08-23,Store_1,SKU_1,118.09,9,0,0,1,22.17
2023-08-24,Store_1,SKU_1,159.62,13,1,0,0,22.17
2023-08-25,Store_1,SKU_1,128.15,14,0,0,0,22.17
2023-08-26,Store_1,SKU_1,115.51,13,0,0,0,22.17
2023-08-27,Store_1,SKU_1,69.44,7,0,0,0,22.17
2023-08-28,Store_1,SKU_1,121.28,8,0,0,0,22.17
2023-08-29,Store_1,SKU_1,134.8,16,1,0,0,22.17
2023-08-30,Store_1,SKU_1,109.86,7,0,0,0,22.17
2023-08-31,Store_1,SKU_1,85.69,7,0,0,1,22.17
2023-09-01,Store_1,SKU_1,103.92,9,0,0,0,22.17
2023-09-02,Store_1,SKU_1,109.66,12,0,0,0,22.17
2023-09-03,Store_1,SKU_1,50.47,4,0,0,0,22.17
2023-09-04,Store_1,SKU_1,89.94,6,0,0,0,22.17
2023-09-05,Store_1,SKU_1,101.01,11,0,0,0,22.17
2023-09-06,Store_1,SKU_1,91.43,6,0,0,0,22.17
2023-09-07,Store_1,SKU_1,88.73,6,0,0,0,22.17
2023-09-08,Store_1,SKU_1,99.27,10,0,0,0,22.17
2023-09-09,Store_1,SKU_1,111.7,11,0,0,0,22.17
2023-09-10,Store_1,SKU_1,49.3,5,0,0,0,22.17
2023-09-11,Store_1,SKU_1,130.98,13,1,0,0,22.17
2023-09-12,Store_1,SKU_1,153.62,12,1,0,0,22.17
2023-09-13,Store_1,SKU_1,81.16,6,0,0,0,22.17
2023-09-14,Store_1,SKU_1,91.44,8,0,0,0,22.17
2023-09-15,Store_1,SKU_1,107.07,12,0,0,0,22.17
2023-09-16,Store_1,SKU_1,118.16,13,0,0,0,22.17
2023-09-17,Store_1,SKU_1,56.28,6,0,0,0,22.17
2023-09-18,Store_1,SKU_1,98.96,9,0,0,0,22.17
2023-09-19,Store_1,SKU_1,92.92,9,0,0,0,22.17
2023-09-20,Store_1,SKU_1,150.61,14,1,0,0,22.17
2023-09-21,Store_1,SKU_1,84.62,10,0,0,0,22.17
2023-09-22,Store_1,SKU_1,114.0,10,0,0,0,22.17
2023-09-23,Store_1,SKU_1,125.01,11,0,0,0,22.17
2023-09-24,Store_1,SKU_1,58.48,5,0,0,0,22.17
2023-09-25,Store_1,SKU_1,93.36,10,0,0,0,22.17
2023-09-26,Store_1,SKU_1,98.96,12,0,0,0,22.17
2023-09-27,Store_1,SKU_1,95.5,9,0,0,0,22.17
2023-09-28,Store_1,SKU_1,99.12,7,0,0,0,22.17
2023-09-29,Store_1,SKU_1,105.88,9,0,0,0,22.17
2023-09-30,Store_1,SKU_1,127.37,12,0,0,0,22.17
2023-10-01,Store_1,SKU_1,52.05,4,0,0,0,22.17
2023-10-02,Store_1,SKU_1,91.8,8,0,0,0,22.17
2023-10-03,Store_1,SKU_1,87.45,9,0,0,0,22.17
2023-10-04,Store_1,SKU_1,131.12,13,1,0,0,22.17
2023-10-05,Store_1,SKU_1,82.85,7,0,0,0,22.17
2023-10-06,Store_1,SKU_1,96.35,6,0,0,0,22.17
2023-10-07,Store_1,SKU_1,108.77,8,0,0,0,22.17
2023-10-08,Store_1,SKU_1,54.89,4,0,0,0,22.17
2023-10-09,Store_1,SKU_1,84.19,6,0,0,0,22.17
2023-10-10,Store_1,SKU_1,87.56,10,0,0,0,22.17
2023-10-11,Store_1,SKU_1,88.09,7,0,0,0,22.17
2023-10-12,Store_1,SKU_1,80.62,8,0,0,0,22.17
2023-10-13,Store_1,SKU_1,101.45,8,0,0,0,22.17
2023-10-14,Store_1,SKU_1,97.43,7,0,0,0,22.17
2023-10-15,Store_1,SKU_1,54.67,4,0,0,0,22.17
2023-10-16,Store_1,SKU_1,93.02,8,0,0,0,22.17
2023-10-17,Store_1,SKU_1,143.24,11,1,0,0,22.17
2023-10-18,Store_1,SKU_1,122.05,8,1,0,0,22.17
2023-10-19,Store_1,SKU_1,83.46,6,0,0,0,22.17
2023-10-20,Store_1,SKU_1,109.77,12,0,0,0,22.17
2023-10-21,Store_1,SKU_1,106.94,11,0,0,0,22.17
2023-10-22,Store_1,SKU_1,52.51,3,0,0,0,22.17
2023-10-23,Store_1,SKU_1,85.35,9,0,0,0,22.17
2023-10-24,Store_1,SKU_1,81.64,9,0,0,0,22.17
2023-10-25,Store_1,SKU_1,74.81,7,0,0,0,22.17
2023-10-26,Store_1,SKU_1,72.66,7,0,0,0,22.17
2023-10-27,Store_1,SKU_1,139.42,15,1,0,0,22.17
2023-10-28,Store_1,SKU_1,118.77,8,0,0,0,22.17
2023-10-29,Store_1,SKU_1,50.73,5,0,0,0,22.17
2023-10-30,Store_1,SKU_1,89.23,6,0,0,0,22.17
2023-10-31,Store_1,SKU_1,88.95,7,0,0,0,22.17
2023-11-01,Store_1,SKU_1,79.97,5,0,0,0,22.17
2023-11-02,Store_1,SKU_1,123.81,9,1,0,0,22.17
2023-11-03,Store_1,SKU_1,114.32,13,1,0,0,22.17
2023-11-04,Store_1,SKU_1,94.4,8,0,0,0,22.17
2023-11-05,Store_1,SKU_1,44.24,4,0,0,0,22.17
2023-11-06,Store_1,SKU_1,81.9,7,0,0,0,22.17
2023-11-07,Store_1,SKU_1,77.78,7,0,0,0,22.17
2023-11-08,Store_1,SKU_1,75.5,5,0,0,0,22.17
2023-11-09,Store_1,SKU_1,82.31,7,0,0,0,22.17
2023-11-10,Store_1,SKU_1,87.18,7,0,0,0,22.17
2023-11-11,Store_1,SKU_1,115.95,10,0,0,0,22.17
2023-11-12,Store_1,SKU_1,51.36,5,0,0,0,22.17
2023-11-13,Store_1,SKU_1,76.48,5,0,0,0,22.17
2023-11-14,Store_1,SKU_1,72.83,6,0,0,0,22.17
2023-11-15,Store_1,SKU_1,76.86,6,0,0,0,22.17
2023-11-16,Store_1,SKU_1,76.81,8,0,0,0,22.17
2023-11-17,Store_1,SKU_1,81.82,9,0,0,0,22.17
2023-11-18,Store_1,SKU_1,106.06,12,0,0,0,22.17
2023-11-19,Store_1,SKU_1,47.13,3,0,0,0,22.17
2023-11-20,Store_1,SKU_1,101.04,7,1,0,0,22.17
2023-11-21,Store_1,SKU_1,77.03,6,0,0,0,22.17
2023-11-22,Store_1,SKU_1,70.58,7,0,0,0,22.17
2023-11-23,Store_1,SKU_1,122.12,11,1,0,0,22.17
2023-11-24,Store_1,SKU_1,95.6,11,0,0,0,22.17
2023-11-25,Store_1,SKU_1,92.96,9,0,0,0,22.17
2023-11-26,Store_1,SKU_1,43.34,4,0,0,0,22.17
2023-11-27,Store_1,SKU_1,81.18,8,0,0,0,22.17
2023-11-28,Store_1,SKU_1,78.17,9,0,0,0,22.17
2023-11-29,Store_1,SKU_1,87.89,7,0,0,0,22.17
2023-11-30,Store_1,SKU_1,101.86,8,1,0,0,22.17
2023-12-01,Store_1,SKU_1,82.5,8,0,0,0,22.17
2023-12-02,Store_1,SKU_1,98.84,10,0,0,0,22.17
2023-12-03,Store_1,SKU_1,58.55,6,1,0,0,22.17
2023-12-04,Store_1,SKU_1,64.52,6,0,0,0,22.17
2023-12-05,Store_1,SKU_1,70.76,7,0,0,0,22.17
2023-12-06,Store_1,SKU_1,70.99,6,0,0,0,22.17
2023-12-07,Store_1,SKU_1,82.37,7,0,0,0,22.17
2023-12-08,Store_1,SKU_1,86.33,10,0,0,0,22.17
2023-12-09,Store_1,SKU_1,100.8,7,0,0,0,22.17
2023-12-10,Store_1,SKU_1,51.99,4,0,0,0,22.17
2023-12-11,Store_1,SKU_1,106.31,9,1,0,0,22.17
2023-12-12,Store_1,SKU_1,63.52,5,0,0,0,22.17
2023-12-13,Store_1,SKU_1,72.6,5,0,0,0,22.17
2023-12-14,Store_1,SKU_1,77.33,6,0,0,0,22.17
2023-12-15,Store_1,SKU_1,98.12,8,0,0,0,22.17
2023-12-16,Store_1,SKU_1,86.74,8,0,0,0,22.17
2023-12-17,Store_1,SKU_1,42.2,4,0,0,0,22.17
2023-12-18,Store_1,SKU_1,75.41,8,0,0,0,22.17
2023-12-19,Store_1,SKU_1,79.27,6,0,0,0,22.17
2023-12-20,Store_1,SKU_1,77.63,7,0,0,0,22.17
2023-12-21,Store_1,SKU_1,92.93,11,1,0,0,22.17
2023-12-22,Store_1,SKU_1,127.98,9,1,0,0,22.17
2023-12-23,Store_1,SKU_1,100.17,9,0,0,0,22.17
2023-12-24,Store_1,SKU_1,41.31,3,0,0,0,22.17
2023-12-25,Store_1,SKU_1,33.06,2,0,a,0,22.17
2023-12-26,Store_1,SKU_1,27.09,2,0,a,0,22.17
2023-12-27,Store_1,SKU_1,75.04,7,0,0,0,22.17
2023-12-28,Store_1,SKU_1,74.79,6,0,0,0,22.17
2023-12-29,Store_1,SKU_1,86.51,10,0,0,0,22.17
2023-12-30,Store_1,SKU_1,102.07,10,0,0,0,22.17
2023-12-31,Store_1,SKU_1,41.01,4,0,0,0,22.17
2024-01-01,Store_1,SKU_1,26.77,2,0,a,0,22.17
2024-01-02,Store_1,SKU_1,82.27,9,0,0,0,22.17
2024-01-03,Store_1,SKU_1,77.79,5,0,0,0,22.17
2024-01-04,Store_1,SKU_1,85.77,10,0,0,0,22.17
2024-01-05,Store_1,SKU_1,95.56,7,0,0,0,22.17
2024-01-06,Store_1,SKU_1,108.8,12,0,0,0,22.17
2024-01-07,Store_1,SKU_1,44.91,5,0,0,0,22.17
2024-01-08,Store_1,SKU_1,107.13,8,1,0,0,22.17
2024-01-09,Store_1,SKU_1,73.04,6,0,0,0,22.17
2024-01-10,Store_1,SKU_1,87.41,7,0,0,0,22.17
2024-01-11,Store_1,SKU_1,81.35,6,0,0,0,22.17
2024-01-12,Store_1,SKU_1,136.18,10,1,0,0,22.17
2024-01-13,Store_1,SKU_1,102.56,10,0,0,0,22.17
2024-01-14,Store_1,SKU_1,56.39,5,0,0,0,22.17
2024-01-15,Store_1,SKU_1,87.77,8,0,0,0,22.17
2024-01-16,Store_1,SKU_1,61.32,6,0,0,0,22.17
2024-01-17,Store_1,SKU_1,84.69,9,0,0,0,22.17
2024-01-18,Store_1,SKU_1,74.03,7,0,0,0,22.17
2024-01-19,Store_1,SKU_1,87.54,10,0,0,0,22.17
2024-01-20,Store_1,SKU_1,121.85,14,0,0,0,22.17
2024-01-21,Store_1,SKU_1,51.13,4,0,0,0,22.17
2024-01-22,Store_1,SKU_1,66.72,8,0,0,0,22.17
2024-01-23,Store_1,SKU_1,69.98,7,0,0,0,22.17
2024-01-24,Store_1,SKU_1,84.99,7,0,0,0,22.17
2024-01-25,Store_1,SKU_1,83.85,6,0,0,0,22.17
2024-01-26,Store_1,SKU_1,79.55,8,0,0,0,22.17
2024-01-27,Store_1,SKU_1,102.48,10,0,0,0,22.17
2024-01-28,Store_1,SKU_1,53.98,3,0,0,0,22.17
2024-01-29,Store_1,SKU_1,83.01,7,0,0,0,22.17
2024-01-30,Store_1,SKU_1,115.86,10,1,0,0,22.17
2024-01-31,Store_1,SKU_1,113.07,12,1,0,0,22.17
2024-02-01,Store_1,SKU_1,88.5,10,0,0,0,22.17
2024-02-02,Store_1,SKU_1,79.09,9,0,0,0,22.17
2024-02-03,Store_1,SKU_1,112.07,8,0,0,0,22.17
2024-02-04,Store_1,SKU_1,57.01,4,0,0,0,22.17
2024-02-05,Store_1,SKU_1,94.27,6,0,0,0,22.17
2024-02-06,Store_1,SKU_1,89.47,8,0,0,0,22.17
2024-02-07,Store_1,SKU_1,71.62,7,0,0,0,22.17
2024-02-08,Store_1,SKU_1,91.64,8,0,0,0,22.17
2024-02-09,Store_1,SKU_1,94.91,9,0,0,0,22.17
2024-02-10,Store_1,SKU_1,117.09,9,0,0,0,22.17
2024-02-11,Store_1,SKU_1,54.89,4,0,0,0,22.17
2024-02-12,Store_1,SKU_1,93.61,8,0,0,0,22.17
2024-02-13,Store_1,SKU_1,121.81,10,1,0,0,22.17
2024-02-14,Store_1,SKU_1,81.4,9,0,0,0,22.17
2024-02-15,Store_1,SKU_1,77.34,6,0,0,0,22.17
2024-02-16,Store_1,SKU_1,109.2,9,0,0,0,22.17
2024-02-17,Store_1,SKU_1,117.48,8,0,0,0,22.17
2024-02-18,Store_1,SKU_1,52.54,5,0,0,0,22.17
2024-02-19,Store_1,SKU_1,126.45,13,1,0,0,22.17
2024-02-20,Store_1,SKU_1,81.2,7,0,0,0,22.17
2024-02-21,Store_1,SKU_1,74.78,7,0,0,0,22.17
2024-02-22,Store_1,SKU_1,90.38,7,0,0,0,22.17
2024-02-23,Store_1,SKU_1,90.87,8,0,0,0,22.17
2024-02-24,Store_1,SKU_1,155.3,11,1,0,0,22.17
2024-02-25,Store_1,SKU_1,49.63,5,0,0,0,22.17
2024-02-26,Store_1,SKU_1,108.39,13,0,0,0,22.17
2024-02-27,Store_1,SKU_1,90.48,6,0,0,0,22.17
2024-02-28,Store_1,SKU_1,82.5,6,0,0,0,22.17
2024-02-29,Store_1,SKU_1,86.81,7,0,0,0,22.17
2024-03-01,Store_1,SKU_1,107.39,12,0,0,0,22.17
2024-03-02,Store_1,SKU_1,161.48,12,1,0,0,22.17
2024-03-03,Store_1,SKU_1,78.01,6,1,0,0,22.17
2024-03-04,Store_1,SKU_1,99.03,8,0,0,0,22.17
2024-03-05,Store_1,SKU_1,97.66,7,0,0,0,22.17
2024-03-06,Store_1,SKU_1,100.11,7,0,0,0,22.17
2024-03-07,Store_1,SKU_1,103.0,8,0,0,0,22.17
2024-03-08,Store_1,SKU_1,119.88,14,0,0,0,22.17
2024-03-09,Store_1,SKU_1,119.37,9,0,0,0,22.17
2024-03-10,Store_1,SKU_1,61.16,5,0,0,0,22.17
2024-03-11,Store_1,SKU_1,109.74,10,0,0,0,22.17
2024-03-12,Store_1,SKU_1,99.44,9,0,0,0,22.17
2024-03-13,Store_1,SKU_1,92.18,9,0,0,0,22.17
2024-03-14,Store_1,SKU_1,111.8,10,0,0,0,22.17
2024-03-15,Store_1,SKU_1,93.28,9,0,0,0,22.17
2024-03-16,Store_1,SKU_1,134.26,14,0,0,0,22.17
2024-03-17,Store_1,SKU_1,64.12,5,0,0,0,22.17
2024-03-18,Store_1,SKU_1,115.42,10,0,0,0,22.17
2024-03-19,Store_1,SKU_1,95.36,11,0,0,0,22.17
2024-03-20,Store_1,SKU_1,139.26,9,1,0,0,22.17
2024-03-21,Store_1,SKU_1,137.36,10,1,0,0,22.17
2024-03-22,Store_1,SKU_1,118.29,10,0,0,0,22.17
2024-03-23,Store_1,SKU_1,147.08,16,0,0,0,22.17
2024-03-24,Store_1,SKU_1,60.74,4,0,0,0,22.17
2024-03-25,Store_1,SKU_1,152.1,18,1,0,0,22.17
2024-03-26,Store_1,SKU_1,106.36,11,0,0,0,22.17
2024-03-27,Store_1,SKU_1,102.15,8,0,0,0,22.17
2024-03-28,Store_1,SKU_1,101.63,11,0,0,0,22.17
2024-03-29,Store_1,SKU_1,105.55,12,0,0,0,22.17
2024-03-30,Store_1,SKU_1,135.39,9,0,0,0,22.17
2024-03-31,Store_1,SKU_1,60.29,5,0,0,0,22.17
2024-04-01,Store_1,SKU_1,111.51,12,0,0,0,22.17
2024-04-02,Store_1,SKU_1,94.95,7,0,0,0,22.17
2024-04-03,Store_1,SKU_1,109.32,8,0,0,0,22.17
2024-04-04,Store_1,SKU_1,119.71,12,0,0,0,22.17
2024-04-05,Store_1,SKU_1,136.31,10,0,0,0,22.17
2024-04-06,Store_1,SKU_1,149.34,11,0,0,0,22.17
2024-04-07,Store_1,SKU_1,79.07,5,0,0,0,22.17
2024-04-08,Store_1,SKU_1,118.05,10,0,0,0,22.17
2024-04-09,Store_1,SKU_1,114.53,12,0,0,0,22.17
2024-04-10,Store_1,SKU_1,172.78,12,1,0,0,22.17
2024-04-11,Store_1,SKU_1,119.78,11,0,0,0,22.17
2024-04-12,Store_1,SKU_1,140.83,10,0,0,0,22.17
2024-04-13,Store_1,SKU_1,156.6,12,0,0,0,22.17
2024-04-14,Store_1,SKU_1,72.35,7,0,0,0,22.17
2024-04-15,Store_1,SKU_1,129.44,10,0,0,0,22.17
2024-04-16,Store_1,SKU_1,103.15,7,0,0,0,22.17
2024-04-17,Store_1,SKU_1,116.84,9,0,0,0,22.17
2024-04-18,Store_1,SKU_1,127.9,12,0,0,0,22.17
2024-04-19,Store_1,SKU_1,138.67,14,0,0,0,22.17
2024-04-20,Store_1,SKU_1,144.49,13,0,0,0,22.17
2024-04-21,Store_1,SKU_1,64.84,5,0,0,0,22.17
2024-04-22,Store_1,SKU_1,124.16,10,0,0,0,22.17
2024-04-23,Store_1,SKU_1,117.94,11,0,0,0,22.17
2024-04-24,Store_1,SKU_1,94.23,8,0,0,0,22.17
2024-04-25,Store_1,SKU_1,125.19,9,0,0,0,22.17
2024-04-26,Store_1,SKU_1,121.17,9,0,0,0,22.17
2024-04-27,Store_1,SKU_1,148.16,12,0,0,0,22.17
2024-04-28,Store_1,SKU_1,77.52,8,0,0,0,22.17
2024-04-29,Store_1,SKU_1,116.2,10,0,0,0,22.17
2024-04-30,Store_1,SKU_1,110.29,8,0,0,0,22.17
2024-05-01,Store_1,SKU_1,131.39,16,0,0,0,22.17
2024-05-02,Store_1,SKU_1,132.85,10,0,0,0,22.17
2024-05-03,Store_1,SKU_1,137.8,10,0,0,0,22.17
2024-05-04,Store_1,SKU_1,175.99,13,0,0,0,22.17
2024-05-05,Store_1,SKU_1,72.61,6,0,0,0,22.17
2024-05-06,Store_1,SKU_1,115.55,12,0,0,0,22.17
2024-05-07,Store_1,SKU_1,185.19,19,1,0,0,22.17
2024-05-08,Store_1,SKU_1,114.33,14,0,0,0,22.17
2024-05-09,Store_1,SKU_1,124.47,9,0,0,0,22.17
2024-05-10,Store_1,SKU_1,131.16,14,0,0,0,22.17
2024-05-11,Store_1,SKU_1,152.58,17,0,0,0,22.17
2024-05-12,Store_1,SKU_1,74.17,9,0,0,0,22.17
2024-05-13,Store_1,SKU_1,133.37,13,0,0,0,22.17
2024-05-14,Store_1,SKU_1,124.74,13,0,0,0,22.17
2024-05-15,Store_1,SKU_1,135.14,11,0,0,0,22.17
2024-05-16,Store_1,SKU_1,183.45,20,1,0,0,22.17
2024-05-17,Store_1,SKU_1,150.19,11,0,0,0,22.17
2024-05-18,Store_1,SKU_1,159.89,14,0,0,0,22.17
2024-05-19,Store_1,SKU_1,117.21,9,1,0,0,22.17
2024-05-20,Store_1,SKU_1,116.08,8,0,0,0,22.17
2024-05-21,Store_1,SKU_1,133.68,10,0,0,0,22.17
2024-05-22,Store_1,SKU_1,121.65,10,0,0,0,22.17
2024-05-23,Store_1,SKU_1,135.28,13,0,0,0,22.17
2024-05-24,Store_1,SKU_1,213.49,20,1,0,0,22.17
2024-05-25,Store_1,SKU_1,163.37,11,0,0,0,22.17
2024-05-26,Store_1,SKU_1,75.31,5,0,0,0,22.17
2024-05-27,Store_1,SKU_1,176.29,17,1,0,0,22.17
2024-05-28,Store_1,SKU_1,121.02,12,0,0,0,22.17
2024-05-29,Store_1,SKU_1,182.56,21,1,0,0,22.17
2024-05-30,Store_1,SKU_1,139.82,15,0,0,0,22.17
2024-05-31,Store_1,SKU_1,132.91,11,0,0,0,22.17
2024-06-01,Store_1,SKU_1,160.64,12,0,0,0,22.17
2024-06-02,Store_1,SKU_1,99.21,7,1,0,0,22.17
2024-06-03,Store_1,SKU_1,125.5,10,0,0,0,22.17
2024-06-04,Store_1,SKU_1,114.47,9,0,0,0,22.17
2024-06-05,Store_1,SKU_1,137.64,16,0,0,0,22.17
2024-06-06,Store_1,SKU_1,121.72,12,0,0,0,22.17
2024-06-07,Store_1,SKU_1,156.77,17,0,0,0,22.17
2024-06-08,Store_1,SKU_1,160.87,12,0,0,0,22.17
2024-06-09,Store_1,SKU_1,80.73,9,0,0,0,22.17
2024-06-10,Store_1,SKU_1,131.67,11,0,0,0,22.17
2024-06-11,Store_1,SKU_1,130.31,13,0,0,0,22.17
2024-06-12,Store_1,SKU_1,132.65,9,0,0,0,22.17
2024-06-13,Store_1,SKU_1,124.97,11,0,0,0,22.17
2024-06-14,Store_1,SKU_1,135.65,10,0,0,0,22.17
2024-06-15,Store_1,SKU_1,174.02,16,0,0,0,22.17
2024-06-16,Store_1,SKU_1,81.98,6,0,0,0,22.17
2024-06-17,Store_1,SKU_1,126.17,12,0,0,0,22.17
2024-06-18,Store_1,SKU_1,167.32,15,1,0,0,22.17
2024-06-19,Store_1,SKU_1,139.09,15,0,0,0,22.17
2024-06-20,Store_1,SKU_1,141.85,16,0,0,0,22.17
2024-06-21,Store_1,SKU_1,143.92,13,0,0,0,22.17
2024-06-22,Store_1,SKU_1,157.55,15,0,0,0,22.17
2024-06-23,Store_1,SKU_1,73.53,6,0,0,0,22.17
2024-06-24,Store_1,SKU_1,137.86,13,0,0,0,22.17
2024-06-25,Store_1,SKU_1,129.97,15,0,0,0,22.17
2024-06-26,Store_1,SKU_1,133.93,12,0,0,0,22.17
2024-06-27,Store_1,SKU_1,121.9,14,0,0,0,22.17
2024-06-28,Store_1,SKU_1,121.9,15,0,0,0,22.17
2024-06-29,Store_1,SKU_1,156.17,16,0,0,0,22.17
2024-06-30,Store_1,SKU_1,75.91,6,0,0,0,22.17
2024-07-01,Store_1,SKU_1,157.54,13,1,0,1,22.17
2024-07-02,Store_1,SKU_1,106.16,13,0,0,0,22.17
2024-07-03,Store_1,SKU_1,121.19,13,0,0,1,22.17
2024-07-04,Store_1,SKU_1,110.52,7,0,0,0,22.17
2024-07-05,Store_1,SKU_1,211.63,18,1,0,0,22.17
2024-07-06,Store_1,SKU_1,166.5,18,0,0,1,22.17
2024-07-07,Store_1,SKU_1,75.51,5,0,0,1,22.17
2024-07-08,Store_1,SKU_1,169.12,13,1,0,0,22.17
2024-07-09,Store_1,SKU_1,180.39,16,1,0,0,22.17
2024-07-10,Store_1,SKU_1,134.52,16,0,0,1,22.17
2024-07-11,Store_1,SKU_1,127.03,14,0,0,0,22.17
2024-07-12,Store_1,SKU_1,123.94,10,0,0,1,22.17
2024-07-13,Store_1,SKU_1,145.75,12,0,0,1,22.17
2024-07-14,Store_1,SKU_1,77.03,6,0,0,0,22.17
2024-07-15,Store_1,SKU_1,116.77,12,0,0,1,22.17
2024-07-16,Store_1,SKU_1,151.95,11,1,0,0,22.17
2024-07-17,Store_1,SKU_1,124.36,12,0,0,1,22.17
2024-07-18,Store_1,SKU_1,127.78,14,0,0,0,22.17
2024-07-19,Store_1,SKU_1,136.14,12,0,0,1,22.17
2024-07-20,Store_1,SKU_1,158.6,16,0,0,1,22.17
2024-07-21,Store_1,SKU_1,72.66,8,0,0,0,22.17
2024-07-22,Store_1,SKU_1,119.06,11,0,0,1,22.17
2024-07-23,Store_1,SKU_1,131.44,12,0,0,0,22.17
2024-07-24,Store_1,SKU_1,132.64,12,0,0,1,22.17
2024-07-25,Store_1,SKU_1,122.99,10,0,0,0,22.17
2024-07-26,Store_1,SKU_1,144.8,16,0,0,0,22.17
2024-07-27,Store_1,SKU_1,146.94,17,0,0,1,22.17
2024-07-28,Store_1,SKU_1,68.99,5,0,0,1,22.17
2024-07-29,Store_1,SKU_1,136.24,11,0,0,1,22.17
2024-07-30,Store_1,SKU_1,114.4,8,0,0,0,22.17
2024-07-31,Store_1,SKU_1,160.06,16,1,0,0,22.17
2024-08-01,Store_1,SKU_1,114.66,9,0,0,1,22.17
2024-08-02,Store_1,SKU_1,182.83,18,1,0,1,22.17
2024-08-03,Store_1,SKU_1,167.1,17,0,0,0,22.17
2024-08-04,Store_1,SKU_1,64.46,6,0,0,0,22.17
2024-08-05,Store_1,SKU_1,94.68,8,0,0,1,22.17
2024-08-06,Store_1,SKU_1,113.66,11,0,0,1,22.17
2024-08-07,Store_1,SKU_1,112.41,8,0,0,0,22.17
2024-08-08,Store_1,SKU_1,144.8,10,1,0,1,22.17
2024-08-09,Store_1,SKU_1,130.15,14,0,0,0,22.17
2024-08-10,Store_1,SKU_1,141.38,11,0,0,1,22.17
2024-08-11,Store_1,SKU_1,63.54,5,0,0,0,22.17
2024-08-12,Store_1,SKU_1,140.52,10,0,0,0,22.17
2024-08-13,Store_1,SKU_1,161.15,13,1,0,0,22.17
2024-08-14,Store_1,SKU_1,114.69,12,0,0,0,22.17
2024-08-15,Store_1,SKU_1,124.83,13,0,0,0,22.17
2024-08-16,Store_1,SKU_1,125.57,12,0,0,1,22.17
2024-08-17,Store_1,SKU_1,158.22,19,0,0,0,22.17
2024-08-18,Store_1,SKU_1,82.5,6,0,0,0,22.17
2024-08-19,Store_1,SKU_1,100.06,8,0,0,1,22.17
2024-08-20,Store_1,SKU_1,134.22,11,0,0,1,22.17
2024-08-21,Store_1,SKU_1,121.84,13,0,0,0,22.17
2024-08-22,Store_1,SKU_1,122.49,9,0,0,0,22.17
2024-08-23,Store_1,SKU_1,117.97,10,0,0,0,22.17
2024-08-24,Store_1,SKU_1,205.28,21,1,0,1,22.17
2024-08-25,Store_1,SKU_1,63.61,4,0,0,0,22.17
2024-08-26,Store_1,SKU_1,124.41,12,0,0,0,22.17
2024-08-27,Store_1,SKU_1,117.44,11,0,0,1,22.17
2024-08-28,Store_1,SKU_1,112.4,10,0,0,0,22.17
2024-08-29,Store_1,SKU_1,114.34,11,0,0,1,22.17
2024-08-30,Store_1,SKU_1,136.43,13,0,0,1,22.17
2024-08-31,Store_1,SKU_1,137.71,12,0,0,1,22.17
2024-09-01,Store_1,SKU_1,85.71,6,1,0,0,22.17
2024-09-02,Store_1,SKU_1,101.85,11,0,0,0,22.17
2024-09-03,Store_1,SKU_1,154.11,12,1,0,0,22.17
2024-09-04,Store_1,SKU_1,101.98,8,0,0,0,22.17
2024-09-05,Store_1,SKU_1,108.1,11,0,0,0,22.17
2024-09-06,Store_1,SKU_1,108.66,8,0,0,0,22.17
2024-09-07,Store_1,SKU_1,115.8,9,0,0,0,22.17
2024-09-08,Store_1,SKU_1,59.23,7,0,0,0,22.17
2024-09-09,Store_1,SKU_1,95.32,10,0,0,0,22.17
2024-09-10,Store_1,SKU_1,91.78,10,0,0,0,22.17
2024-09-11,Store_1,SKU_1,135.71,13,1,0,0,22.17
2024-09-12,Store_1,SKU_1,98.37,11,0,0,0,22.17
2024-09-13,Store_1,SKU_1,128.23,10,0,0,0,22.17
2024-09-14,Store_1,SKU_1,174.0,20,1,0,0,22.17
2024-09-15,Store_1,SKU_1,70.43,5,0,0,0,22.17
2024-09-16,Store_1,SKU_1,111.14,9,0,0,0,22.17
2024-09-17,Store_1,SKU_1,149.98,14,1,0,0,22.17
2024-09-18,Store_1,SKU_1,141.69,10,1,0,0,22.17
2024-09-19,Store_1,SKU_1,95.19,10,0,0,0,22.17
2024-09-20,Store_1,SKU_1,179.43,14,1,0,0,22.17
2024-09-21,Store_1,SKU_1,135.81,13,0,0,0,22.17
2024-09-22,Store_1,SKU_1,62.95,5,0,0,0,22.17
2024-09-23,Store_1,SKU_1,109.08,10,0,0,0,22.17
2024-09-24,Store_1,SKU_1,105.36,11,0,0,0,22.17
2024-09-25,Store_1,SKU_1,100.62,7,0,0,0,22.17
2024-09-26,Store_1,SKU_1,109.44,8,0,0,0,22.17
2024-09-27,Store_1,SKU_1,117.43,14,0,0,0,22.17
2024-09-28,Store_1,SKU_1,169.33,16,1,0,0,22.17
2024-09-29,Store_1,SKU_1,66.55,5,0,0,0,22.17
2024-09-30,Store_1,SKU_1,185.03,22,1,0,0,22.17
2024-10-01,Store_1,SKU_1,85.62,8,0,0,0,22.17
2024-10-02,Store_1,SKU_1,87.64,7,0,0,0,22.17
2024-10-03,Store_1,SKU_1,133.19,11,1,0,0,22.17
2024-10-04,Store_1,SKU_1,101.35,9,0,0,0,22.17
2024-10-05,Store_1,SKU_1,141.32,12,0,0,0,22.17
2024-10-06,Store_1,SKU_1,73.89,8,1,0,0,22.17
2024-10-07,Store_1,SKU_1,97.32,9,0,0,0,22.17
2024-10-08,Store_1,SKU_1,90.95,7,0,0,0,22.17
2024-10-09,Store_1,SKU_1,82.05,9,0,0,0,22.17
2024-10-10,Store_1,SKU_1,98.36,7,0,0,0,22.17
2024-10-11,Store_1,SKU_1,108.94,7,0,0,0,22.17
2024-10-12,Store_1,SKU_1,118.22,10,0,0,0,22.17
2024-10-13,Store_1,SKU_1,72.16,8,1,0,0,22.17
2024-10-14,Store_1,SKU_1,97.5,11,0,0,0,22.17
2024-10-15,Store_1,SKU_1,114.35,13,1,0,0,22.17
2024-10-16,Store_1,SKU_1,78.99,8,0,0,0,22.17
2024-10-17,Store_1,SKU_1,93.98,6,0,0,0,22.17
2024-10-18,Store_1,SKU_1,155.93,13,1,0,0,22.17
2024-10-19,Store_1,SKU_1,126.28,10,0,0,0,22.17
2024-10-20,Store_1,SKU_1,61.24,5,0,0,0,22.17
2024-10-21,Store_1,SKU_1,96.6,8,0,0,0,22.17
2024-10-22,Store_1,SKU_1,127.42,14,1,0,0,22.17
2024-10-23,Store_1,SKU_1,89.05,7,0,0,0,22.17
2024-10-24,Store_1,SKU_1,85.78,8,0,0,0,22.17
2024-10-25,Store_1,SKU_1,91.97,8,0,0,0,22.17
2024-10-26,Store_1,SKU_1,126.21,9,0,0,0,22.17
2024-10-27,Store_1,SKU_1,48.64,4,0,0,0,22.17
2024-10-28,Store_1,SKU_1,124.71,12,1,0,0,22.17
2024-10-29,Store_1,SKU_1,93.22,11,0,0,0,22.17
2024-10-30,Store_1,SKU_1,139.43,16,1,0,0,22.17
2024-10-31,Store_1,SKU_1,89.92,7,0,0,0,22.17
2024-11-01,Store_1,SKU_1,97.63,11,0,0,0,22.17
2024-11-02,Store_1,SKU_1,114.08,13,0,0,0,22.17
2024-11-03,Store_1,SKU_1,51.32,4,0,0,0,22.17
2024-11-04,Store_1,SKU_1,78.17,6,0,0,0,22.17
2024-11-05,Store_1,SKU_1,80.83,6,0,0,0,22.17
2024-11-06,Store_1,SKU_1,70.7,5,0,0,0,22.17
2024-11-07,Store_1,SKU_1,86.16,9,0,0,0,22.17
2024-11-08,Store_1,SKU_1,85.8,7,0,0,0,22.17
2024-11-09,Store_1,SKU_1,95.7,8,0,0,0,22.17
2024-11-10,Store_1,SKU_1,48.37,5,0,0,0,22.17
2024-11-11,Store_1,SKU_1,117.12,9,1,0,0,22.17
2024-11-12,Store_1,SKU_1,86.64,6,0,0,0,22.17
2024-11-13,Store_1,SKU_1,77.34,8,0,0,0,22.17
2024-11-14,Store_1,SKU_1,126.59,11,1,0,0,22.17
2024-11-15,Store_1,SKU_1,89.42,8,0,0,0,22.17
2024-11-16,Store_1,SKU_1,100.31,10,0,0,0,22.17
2024-11-17,Store_1,SKU_1,54.47,4,0,0,0,22.17
2024-11-18,Store_1,SKU_1,81.29,6,0,0,0,22.17
2024-11-19,Store_1,SKU_1,81.6,7,0,0,0,22.17
2024-11-20,Store_1,SKU_1,76.12,5,0,0,0,22.17
2024-11-21,Store_1,SKU_1,83.65,7,0,0,0,22.17
2024-11-22,Store_1,SKU_1,135.17,12,1,0,0,22.17
2024-11-23,Store_1,SKU_1,113.32,8,0,0,0,22.17
2024-11-24,Store_1,SKU_1,52.42,5,0,0,0,22.17
2024-11-25,Store_1,SKU_1,81.13,5,0,0,0,22.17
2024-11-26,Store_1,SKU_1,78.81,8,0,0,0,22.17
2024-11-27,Store_1,SKU_1,85.46,10,0,0,0,22.17
2024-11-28,Store_1,SKU_1,91.8,10,0,0,0,22.17
2024-11-29,Store_1,SKU_1,126.38,10,1,0,0,22.17
2024-11-30,Store_1,SKU_1,158.05,14,1,0,0,22.17
2024-12-01,Store_1,SKU_1,48.61,3,0,0,0,22.17
2024-12-02,Store_1,SKU_1,80.74,7,0,0,0,22.17
2024-12-03,Store_1,SKU_1,103.82,11,1,0,0,22.17
2024-12-04,Store_1,SKU_1,75.09,7,0,0,0,22.17
2024-12-05,Store_1,SKU_1,70.15,5,0,0,0,22.17
2024-12-06,Store_1,SKU_1,141.0,10,1,0,0,22.17
2024-12-07,Store_1,SKU_1,98.97,9,0,0,0,22.17
2024-12-08,Store_1,SKU_1,50.5,5,0,0,0,22.17
2024-12-09,Store_1,SKU_1,83.42,6,0,0,0,22.17
2024-12-10,Store_1,SKU_1,74.57,5,0,0,0,22.17
2024-12-11,Store_1,SKU_1,84.43,7,0,0,0,22.17
2024-12-12,Store_1,SKU_1,81.82,10,0,0,0,22.17
2024-12-13,Store_1,SKU_1,90.37,9,0,0,0,22.17
2024-12-14,Store_1,SKU_1,126.86,9,1,0,0,22.17
2024-12-15,Store_1,SKU_1,49.65,3,0,0,0,22.17
2024-12-16,Store_1,SKU_1,70.87,5,0,0,0,22.17
2024-12-17,Store_1,SKU_1,76.72,9,0,0,0,22.17
2024-12-18,Store_1,SKU_1,75.07,5,0,0,0,22.17
2024-12-19,Store_1,SKU_1,82.3,6,0,0,0,22.17
2024-12-20,Store_1,SKU_1,84.18,10,0,0,0,22.17
2024-12-21,Store_1,SKU_1,100.89,7,0,0,0,22.17
2024-12-22,Store_1,SKU_1,46.54,4,0,0,0,22.17
2024-12-23,Store_1,SKU_1,75.74,7,0,0,0,22.17
2024-12-24,Store_1,SKU_1,80.56,7,0,0,0,22.17
2024-12-25,Store_1,SKU_1,26.18,1,0,a,0,22.17
2024-12-26,Store_1,SKU_1,34.51,3,0,a,0,22.17
2024-12-27,Store_1,SKU_1,78.24,6,0,0,0,22.17
2024-12-28,Store_1,SKU_1,114.73,12,0,0,0,22.17
2024-12-29,Store_1,SKU_1,42.58,5,0,0,0,22.17
2024-12-30,Store_1,SKU_1,67.88,7,0,0,0,22.17
2024-12-31,Store_1,SKU_1,70.14,5,0,0,0,22.17
2022-01-01,Store_1,SKU_2,36.62,4,0,a,0,22.08
2022-01-02,Store_1,SKU_2,43.42,3,0,0,0,22.08
2022-01-03,Store_1,SKU_2,68.71,5,0,0,0,22.08
2022-01-04,Store_1,SKU_2,72.9,5,0,0,0,22.08
2022-01-05,Store_1,SKU_2,70.51,5,0,0,0,22.08
2022-01-06,Store_1,SKU_2,59.92,6,0,0,0,22.08
2022-01-07,Store_1,SKU_2,74.02,6,0,0,0,22.08
2022-01-08,Store_1,SKU_2,96.7,9,0,0,0,22.08
2022-01-09,Store_1,SKU_2,38.87,4,0,0,0,22.08
2022-01-10,Store_1,SKU_2,64.55,5,0,0,0,22.08
2022-01-11,Store_1,SKU_2,88.59,8,1,0,0,22.08
2022-01-12,Store_1,SKU_2,73.34,5,0,0,0,22.08
2022-01-13,Store_1,SKU_2,62.31,6,0,0,0,22.08
2022-01-14,Store_1,SKU_2,72.2,6,0,0,0,22.08
2022-01-15,Store_1,SKU_2,74.14,7,0,0,0,22.08
2022-01-16,Store_1,SKU_2,41.71,2,0,0,0,22.08
2022-01-17,Store_1,SKU_2,79.44,6,1,0,0,22.08
2022-01-18,Store_1,SKU_2,55.7,5,0,0,0,22.08
2022-01-19,Store_1,SKU_2,66.37,6,0,0,0,22.08
2022-01-20,Store_1,SKU_2,55.49,5,0,0,0,22.08
2022-01-21,Store_1,SKU_2,73.75,5,0,0,0,22.08
2022-01-22,Store_1,SKU_2,90.23,7,0,0,0,22.08
2022-01-23,Store_1,SKU_2,43.66,3,0,0,0,22.08
2022-01-24,Store_1,SKU_2,67.47,7,0,0,0,22.08
2022-01-25,Store_1,SKU_2,58.78,5,0,0,0,22.08
2022-01-26,Store_1,SKU_2,71.0,7,0,0,0,22.08
2022-01-27,Store_1,SKU_2,72.81,5,0,0,0,22.08
2022-01-28,Store_1,SKU_2,72.31,5,0,0,0,22.08
2022-01-29,Store_1,SKU_2,75.83,7,0,0,0,22.08
2022-01-30,Store_1,SKU_2,39.66,4,0,0,0,22.08
2022-01-31,Store_1,SKU_2,61.52,4,0,0,0,22.08
2022-02-01,Store_1,SKU_2,94.67,6,1,0,0,22.08
2022-02-02,Store_1,SKU_2,70.47,5,0,0,0,22.08
2022-02-03,Store_1,SKU_2,77.64,8,0,0,0,22.08
2022-02-04,Store_1,SKU_2,86.8,6,0,0,0,22.08
2022-02-05,Store_1,SKU_2,127.95,13,1,0,0,22.08
2022-02-06,Store_1,SKU_2,50.65,4,0,0,0,22.08
2022-02-07,Store_1,SKU_2,65.77,4,0,0,0,22.08
2022-02-08,Store_1,SKU_2,70.22,6,0,0,0,22.08
2022-02-09,Store_1,SKU_2,73.98,5,0,0,0,22.08
2022-02-10,Store_1,SKU_2,73.05,6,0,0,0,22.08
2022-02-11,Store_1,SKU_2,83.75,7,0,0,0,22.08
2022-02-12,Store_1,SKU_2,96.9,8,0,0,0,22.08
2022-02-13,Store_1,SKU_2,50.85,3,0,0,0,22.08
2022-02-14,Store_1,SKU_2,78.54,6,0,0,0,22.08
2022-02-15,Store_1,SKU_2,108.2,11,1,0,0,22.08
2022-02-16,Store_1,SKU_2,69.95,7,0,0,0,22.08
2022-02-17,Store_1,SKU_2,110.13,12,1,0,0,22.08
2022-02-18,Store_1,SKU_2,116.83,11,1,0,0,22.08
2022-02-19,Store_1,SKU_2,104.38,7,0,0,0,22.08
2022-02-20,Store_1,SKU_2,40.83,4,0,0,0,22.08
2022-02-21,Store_1,SKU_2,79.59,9,0,0,0,22.08
2022-02-22,Store_1,SKU_2,71.07,8,0,0,0,22.08
2022-02-23,Store_1,SKU_2,73.44,5,0,0,0,22.08
2022-02-24,Store_1,SKU_2,67.22,6,0,0,0,22.08
2022-02-25,Store_1,SKU_2,83.33,8,0,0,0,22.08
2022-02-26,Store_1,SKU_2,109.43,9,0,0,0,22.08
2022-02-27,Store_1,SKU_2,42.3,3,0,0,0,22.08
2022-02-28,Store_1,SKU_2,83.45,7,0,0,0,22.08
2022-03-01,Store_1,SKU_2,79.34,6,0,0,0,22.08
2022-03-02,Store_1,SKU_2,78.08,7,0,0,0,22.08
2022-03-03,Store_1,SKU_2,92.82,9,0,0,0,22.08
2022-03-04,Store_1,SKU_2,105.83,10,0,0,0,22.08
2022-03-05,Store_1,SKU_2,130.93,15,1,0,0,22.08
2022-03-06,Store_1,SKU_2,51.56,4,0,0,0,22.08
2022-03-07,Store_1,SKU_2,82.21,10,0,0,0,22.08
2022-03-08,Store_1,SKU_2,82.79,8,0,0,0,22.08
2022-03-09,Store_1,SKU_2,89.74,10,0,0,0,22.08
2022-03-10,Store_1,SKU_2,84.43,7,0,0,0,22.08
2022-03-11,Store_1,SKU_2,88.2,6,0,0,0,22.08
2022-03-12,Store_1,SKU_2,125.32,10,0,0,0,22.08
2022-03-13,Store_1,SKU_2,56.87,4,0,0,0,22.08
2022-03-14,Store_1,SKU_2,94.55,8,0,0,0,22.08
2022-03-15,Store_1,SKU_2,80.9,6,0,0,0,22.08
2022-03-16,Store_1,SKU_2,90.82,7,0,0,0,22.08
2022-03-17,Store_1,SKU_2,75.63,6,0,0,0,22.08
2022-03-18,Store_1,SKU_2,90.12,6,0,0,0,22.08
2022-03-19,Store_1,SKU_2,120.32,13,0,0,0,22.08
2022-03-20,Store_1,SKU_2,52.07,4,0,0,0,22.08
2022-03-21,Store_1,SKU_2,92.35,9,0,0,0,22.08
2022-03-22,Store_1,SKU_2,84.43,7,0,0,0,22.08
2022-03-23,Store_1,SKU_2,106.68,11,1,0,0,22.08
2022-03-24,Store_1,SKU_2,89.29,9,0,0,0,22.08
2022-03-25,Store_1,SKU_2,131.44,12,1,0,0,22.08
2022-03-26,Store_1,SKU_2,98.64,9,0,0,0,22.08
2022-03-27,Store_1,SKU_2,53.96,3,0,0,0,22.08
2022-03-28,Store_1,SKU_2,73.18,7,0,0,0,22.08
2022-03-29,Store_1,SKU_2,105.51,12,1,0,0,22.08
2022-03-30,Store_1,SKU_2,82.8,8,0,0,0,22.08
2022-03-31,Store_1,SKU_2,87.57,6,0,0,0,22.08
2022-04-01,Store_1,SKU_2,109.51,8,0,0,0,22.08
2022-04-02,Store_1,SKU_2,147.46,12,0,0,0,22.08
2022-04-03,Store_1,SKU_2,81.34,5,1,0,0,22.08
2022-04-04,Store_1,SKU_2,150.54,11,1,0,0,22.08
2022-04-05,Store_1,SKU_2,91.44,6,0,0,0,22.08
2022-04-06,Store_1,SKU_2,92.31,9,0,0,0,22.08
2022-04-07,Store_1,SKU_2,91.48,9,0,0,0,22.08
2022-04-08,Store_1,SKU_2,148.16,13,1,0,0,22.08
2022-04-09,Store_1,SKU_2,119.31,9,0,0,0,22.08
2022-04-10,Store_1,SKU_2,57.89,7,0,0,0,22.08
2022-04-11,Store_1,SKU_2,90.93,10,0,0,0,22.08
2022-04-12,Store_1,SKU_2,134.64,11,1,0,0,22.08
2022-04-13,Store_1,SKU_2,97.98,7,0,0,0,22.08
2022-04-14,Store_1,SKU_2,96.93,8,0,0,0,22.08
2022-04-15,Store_1,SKU_2,158.13,15,1,0,0,22.08
2022-04-16,Store_1,SKU_2,115.0,9,0,0,0,22.08
2022-04-17,Store_1,SKU_2,56.9,4,0,0,0,22.08
2022-04-18,Store_1,SKU_2,93.97,7,0,0,0,22.08
2022-04-19,Store_1,SKU_2,89.4,8,0,0,0,22.08
2022-04-20,Store_1,SKU_2,80.24,7,0,0,0,22.08
2022-04-21,Store_1,SKU_2,94.98,8,0,0,0,22.08
2022-04-22,Store_1,SKU_2,101.39,8,0,0,0,22.08
2022-04-23,Store_1,SKU_2,162.64,16,1,0,0,22.08
2022-04-24,Store_1,SKU_2,57.68,4,0,0,0,22.08
2022-04-25,Store_1,SKU_2,96.79,7,0,0,0,22.08
2022-04-26,Store_1,SKU_2,79.75,8,0,0,0,22.08
2022-04-27,Store_1,SKU_2,95.32,9,0,0,0,22.08
2022-04-28,Store_1,SKU_2,107.15,11,0,0,0,22.08
2022-04-29,Store_1,SKU_2,115.8,9,0,0,0,22.08
2022-04-30,Store_1,SKU_2,153.1,18,1,0,0,22.08
2022-05-01,Store_1,SKU_2,69.16,5,0,0,0,22.08
2022-05-02,Store_1,SKU_2,109.94,11,0,0,0,22.08
2022-05-03,Store_1,SKU_2,103.78,10,0,0,0,22.08
2022-05-04,Store_1,SKU_2,111.67,12,0,0,0,22.08
2022-05-05,Store_1,SKU_2,103.3,12,0,0,0,22.08
2022-05-06,Store_1,SKU_2,112.13,10,0,0,0,22.08
2022-05-07,Store_1,SKU_2,128.7,10,0,0,0,22.08
2022-05-08,Store_1,SKU_2,62.82,4,0,0,0,22.08
2022-05-09,Store_1,SKU_2,113.31,11,0,0,0,22.08
2022-05-10,Store_1,SKU_2,132.79,11,1,0,0,22.08
2022-05-11,Store_1,SKU_2,108.85,9,0,0,0,22.08
2022-05-12,Store_1,SKU_2,107.6,12,0,0,0,22.08
2022-05-13,Store_1,SKU_2,119.39,9,0,0,0,22.08
2022-05-14,Store_1,SKU_2,130.25,12,0,0,0,22.08
2022-05-15,Store_1,SKU_2,60.05,4,0,0,0,22.08
2022-05-16,Store_1,SKU_2,119.6,10,0,0,0,22.08
2022-05-17,Store_1,SKU_2,110.99,10,0,0,0,22.08
2022-05-18,Store_1,SKU_2,98.39,8,0,0,0,22.08
2022-05-19,Store_1,SKU_2,108.35,10,0,0,0,22.08
2022-05-20,Store_1,SKU_2,107.99,10,0,0,0,22.08
2022-05-21,Store_1,SKU_2,124.79,10,0,0,0,22.08
2022-05-22,Store_1,SKU_2,66.82,7,0,0,0,22.08
2022-05-23,Store_1,SKU_2,105.03,9,0,0,0,22.08
2022-05-24,Store_1,SKU_2,103.56,9,0,0,0,22.08
2022-05-25,Store_1,SKU_2,82.29,6,0,0,0,22.08
2022-05-26,Store_1,SKU_2,113.92,13,0,0,0,22.08
2022-05-27,Store_1,SKU_2,110.25,9,0,0,0,22.08
2022-05-28,Store_1,SKU_2,134.19,14,0,0,0,22.08
2022-05-29,Store_1,SKU_2,89.61,9,1,0,0,22.08
2022-05-30,Store_1,SKU_2,96.26,7,0,0,0,22.08
2022-05-31,Store_1,SKU_2,114.62,9,0,0,0,22.08
2022-06-01,Store_1,SKU_2,107.59,12,0,0,0,22.08
2022-06-02,Store_1,SKU_2,114.55,13,0,0,0,22.08
2022-06-03,Store_1,SKU_2,115.87,11,0,0,0,22.08
2022-06-04,Store_1,SKU_2,198.07,18,1,0,0,22.08
2022-06-05,Store_1,SKU_2,82.54,9,1,0,0,22.08
2022-06-06,Store_1,SKU_2,122.04,14,0,0,0,22.08
2022-06-07,Store_1,SKU_2,97.93,11,0,0,0,22.08
2022-06-08,Store_1,SKU_2,100.81,11,0,0,0,22.08
2022-06-09,Store_1,SKU_2,99.09,10,0,0,0,22.08
2022-06-10,Store_1,SKU_2,110.56,11,0,0,0,22.08
2022-06-11,Store_1,SKU_2,122.24,8,0,0,0,22.08
2022-06-12,Store_1,SKU_2,67.59,7,0,0,0,22.08
2022-06-13,Store_1,SKU_2,96.47,11,0,0,0,22.08
2022-06-14,Store_1,SKU_2,174.73,17,1,0,0,22.08
2022-06-15,Store_1,SKU_2,95.71,9,0,0,0,22.08
2022-06-16,Store_1,SKU_2,131.21,11,0,0,0,22.08
2022-06-17,Store_1,SKU_2,99.29,11,0,0,0,22.08
2022-06-18,Store_1,SKU_2,130.28,13,0,0,0,22.08
2022-06-19,Store_1,SKU_2,67.69,8,0,0,0,22.08
2022-06-20,Store_1,SKU_2,115.86,12,0,0,0,22.08
2022-06-21,Store_1,SKU_2,111.12,9,0,0,0,22.08
2022-06-22,Store_1,SKU_2,98.22,9,0,0,0,22.08
2022-06-23,Store_1,SKU_2,113.16,8,0,0,0,22.08
2022-06-24,Store_1,SKU_2,123.11,11,0,0,0,22.08
2022-06-25,Store_1,SKU_2,138.38,13,0,0,0,22.08
2022-06-26,Store_1,SKU_2,64.47,7,0,0,0,22.08
2022-06-27,Store_1,SKU_2,116.34,8,0,0,0,22.08
2022-06-28,Store_1,SKU_2,115.61,10,0,0,0,22.08
2022-06-29,Store_1,SKU_2,104.34,7,0,0,0,22.08
2022-06-30,Store_1,SKU_2,109.63,11,0,0,0,22.08
2022-07-01,Store_1,SKU_2,99.1,7,0,0,1,22.08
2022-07-02,Store_1,SKU_2,125.23,9,0,0,0,22.08
2022-07-03,Store_1,SKU_2,62.05,5,0,0,1,22.08
2022-07-04,Store_1,SKU_2,98.37,10,0,0,0,22.08
2022-07-05,Store_1,SKU_2,103.78,10,0,0,1,22.08
2022-07-06,Store_1,SKU_2,104.43,10,0,0,0,22.08
2022-07-07,Store_1,SKU_2,114.06,13,0,0,0,22.08
2022-07-08,Store_1,SKU_2,105.24,11,0,0,0,22.08
2022-07-09,Store_1,SKU_2,139.03,11,0,0,1,22.08
2022-07-10,Store_1,SKU_2,59.14,5,0,0,0,22.08
2022-07-11,Store_1,SKU_2,101.65,11,0,0,1,22.08
2022-07-12,Store_1,SKU_2,91.89,9,0,0,0,22.08
2022-07-13,Store_1,SKU_2,120.45,9,0,0,0,22.08
2022-07-14,Store_1,SKU_2,111.59,9,0,0,1,22.08
2022-07-15,Store_1,SKU_2,120.75,9,0,0,0,22.08
2022-07-16,Store_1,SKU_2,133.27,13,0,0,0,22.08
2022-07-17,Store_1,SKU_2,64.59,5,0,0,0,22.08
2022-07-18,Store_1,SKU_2,94.35,9,0,0,0,22.08
2022-07-19,Store_1,SKU_2,107.46,8,0,0,0,22.08
2022-07-20,Store_1,SKU_2,98.51,8,0,0,0,22.08
2022-07-21,Store_1,SKU_2,109.09,8,0,0,0,22.08
2022-07-22,Store_1,SKU_2,116.84,10,0,0,0,22.08
2022-07-23,Store_1,SKU_2,166.76,13,1,0,0,22.08
2022-07-24,Store_1,SKU_2,61.72,7,0,0,1,22.08
2022-07-25,Store_1,SKU_2,106.92,13,0,0,0,22.08
2022-07-26,Store_1,SKU_2,105.48,11,0,0,0,22.08
2022-07-27,Store_1,SKU_2,108.27,9,0,0,0,22.08
2022-07-28,Store_1,SKU_2,163.82,15,1,0,0,22.08
2022-07-29,Store_1,SKU_2,122.59,9,0,0,0,22.08
2022-07-30,Store_1,SKU_2,110.95,13,0,0,0,22.08
2022-07-31,Store_1,SKU_2,72.07,5,0,0,0,22.08
2022-08-01,Store_1,SKU_2,95.96,7,0,0,0,22.08
2022-08-02,Store_1,SKU_2,101.36,8,0,0,0,22.08
2022-08-03,Store_1,SKU_2,94.7,7,0,0,0,22.08
2022-08-04,Store_1,SKU_2,105.89,12,0,0,0,22.08
2022-08-05,Store_1,SKU_2,139.23,16,1,0,1,22.08
2022-08-06,Store_1,SKU_2,133.04,13,0,0,0,22.08
2022-08-07,Store_1,SKU_2,60.77,6,0,0,1,22.08
2022-08-08,Store_1,SKU_2,148.59,17,1,0,1,22.08
2022-08-09,Store_1,SKU_2,95.18,10,0,0,0,22.08
2022-08-10,Store_1,SKU_2,138.79,11,1,0,0,22.08
2022-08-11,Store_1,SKU_2,107.79,9,0,0,0,22.08
2022-08-12,Store_1,SKU_2,116.46,8,0,0,0,22.08
2022-08-13,Store_1,SKU_2,124.16,12,0,0,1,22.08
2022-08-14,Store_1,SKU_2,55.34,4,0,0,1,22.08
2022-08-15,Store_1,SKU_2,99.5,7,0,0,0,22.08
2022-08-16,Store_1,SKU_2,135.27,16,1,0,0,22.08
2022-08-17,Store_1,SKU_2,121.38,10,0,0,1,22.08
2022-08-18,Store_1,SKU_2,85.38,7,0,0,0,22.08
2022-08-19,Store_1,SKU_2,94.89,11,0,0,1,22.08
2022-08-20,Store_1,SKU_2,116.81,13,0,0,0,22.08
2022-08-21,Store_1,SKU_2,66.55,7,0,0,0,22.08
2022-08-22,Store_1,SKU_2,125.38,12,1,0,0,22.08
2022-08-23,Store_1,SKU_2,97.53,7,0,0,0,22.08
2022-08-24,Store_1,SKU_2,99.07,7,0,0,0,22.08
2022-08-25,Store_1,SKU_2,94.28,7,0,0,0,22.08
2022-08-26,Store_1,SKU_2,113.28,8,0,0,1,22.08
2022-08-27,Store_1,SKU_2,126.17,12,0,0,0,22.08
2022-08-28,Store_1,SKU_2,62.04,6,0,0,1,22.08
2022-08-29,Store_1,SKU_2,117.37,10,0,0,1,22.08
2022-08-30,Store_1,SKU_2,122.76,10,1,0,1,22.08
2022-08-31,Store_1,SKU_2,82.85,7,0,0,0,22.08
2022-09-01,Store_1,SKU_2,83.46,7,0,0,0,22.08
2022-09-02,Store_1,SKU_2,114.84,11,0,0,0,22.08
2022-09-03,Store_1,SKU_2,156.34,13,1,0,0,22.08
2022-09-04,Store_1,SKU_2,52.1,4,0,0,0,22.08
2022-09-05,Store_1,SKU_2,93.27,9,0,0,0,22.08
2022-09-06,Store_1,SKU_2,85.21,7,0,0,0,22.08
2022-09-07,Store_1,SKU_2,88.12,6,0,0,0,22.08
2022-09-08,Store_1,SKU_2,100.96,8,0,0,0,22.08
2022-09-09,Store_1,SKU_2,88.94,9,0,0,0,22.08
2022-09-10,Store_1,SKU_2,115.29,9,0,0,0,22.08
2022-09-11,Store_1,SKU_2,57.53,6,0,0,0,22.08
2022-09-12,Store_1,SKU_2,82.55,7,0,0,0,22.08
2022-09-13,Store_1,SKU_2,89.05,10,0,0,0,22.08
2022-09-14,Store_1,SKU_2,118.24,9,1,0,0,22.08
2022-09-15,Store_1,SKU_2,116.77,9,1,0,0,22.08
2022-09-16,Store_1,SKU_2,100.2,7,0,0,0,22.08
2022-09-17,Store_1,SKU_2,116.37,12,0,0,0,22.08
2022-09-18,Store_1,SKU_2,73.59,8,1,0,0,22.08
2022-09-19,Store_1,SKU_2,76.39,5,0,0,0,22.08
2022-09-20,Store_1,SKU_2,73.26,5,0,0,0,22.08
2022-09-21,Store_1,SKU_2,82.59,6,0,0,0,22.08
2022-09-22,Store_1,SKU_2,86.25,7,0,0,0,22.08
2022-09-23,Store_1,SKU_2,94.81,8,0,0,0,22.08
2022-09-24,Store_1,SKU_2,122.42,11,0,0,0,22.08
2022-09-25,Store_1,SKU_2,49.13,5,0,0,0,22.08
2022-09-26,Store_1,SKU_2,92.49,6,0,0,0,22.08
2022-09-27,Store_1,SKU_2,116.99,11,1,0,0,22.08
2022-09-28,Store_1,SKU_2,94.82,7,0,0,0,22.08
2022-09-29,Store_1,SKU_2,86.39,9,0,0,0,22.08
2022-09-30,Store_1,SKU_2,93.07,10,0,0,0,22.08
2022-10-01,Store_1,SKU_2,101.42,8,0,0,0,22.08
2022-10-02,Store_1,SKU_2,43.86,4,0,0,0,22.08
2022-10-03,Store_1,SKU_2,81.4,6,0,0,0,22.08
2022-10-04,Store_1,SKU_2,84.67,10,0,0,0,22.08
2022-10-05,Store_1,SKU_2,81.21,7,0,0,0,22.08
2022-10-06,Store_1,SKU_2,78.67,5,0,0,0,22.08
2022-10-07,Store_1,SKU_2,100.96,12,0,0,0,22.08
2022-10-08,Store_1,SKU_2,100.86,10,0,0,0,22.08
2022-10-09,Store_1,SKU_2,48.59,6,0,0,0,22.08
2022-10-10,Store_1,SKU_2,109.67,11,1,0,0,22.08
2022-10-11,Store_1,SKU_2,69.08,7,0,0,0,22.08
2022-10-12,Store_1,SKU_2,75.36,8,0,0,0,22.08
2022-10-13,Store_1,SKU_2,101.97,12,1,0,0,22.08
2022-10-14,Store_1,SKU_2,89.87,6,0,0,0,22.08
2022-10-15,Store_1,SKU_2,112.89,9,0,0,0,22.08
2022-10-16,Store_1,SKU_2,51.12,5,0,0,0,22.08
2022-10-17,Store_1,SKU_2,79.73,8,0,0,0,22.08
2022-10-18,Store_1,SKU_2,73.35,8,0,0,0,22.08
2022-10-19,Store_1,SKU_2,74.37,6,0,0,0,22.08
2022-10-20,Store_1,SKU_2,81.08,6,0,0,0,22.08
2022-10-21,Store_1,SKU_2,89.54,7,0,0,0,22.08
2022-10-22,Store_1,SKU_2,89.51,10,0,0,0,22.08
2022-10-23,Store_1,SKU_2,43.43,3,0,0,0,22.08
2022-10-24,Store_1,SKU_2,76.59,7,0,0,0,22.08
2022-10-25,Store_1,SKU_2,77.06,8,0,0,0,22.08
2022-10-26,Store_1,SKU_2,71.38,5,0,0,0,22.08
2022-10-27,Store_1,SKU_2,81.75,8,0,0,0,22.08
2022-10-28,Store_1,SKU_2,91.94,8,0,0,0,22.08
2022-10-29,Store_1,SKU_2,89.72,9,0,0,0,22.08
2022-10-30,Store_1,SKU_2,39.03,3,0,0,0,22.08
2022-10-31,Store_1,SKU_2,75.99,8,0,0,0,22.08
2022-11-01,Store_1,SKU_2,68.88,5,0,0,0,22.08
2022-11-02,Store_1,SKU_2,99.53,8,1,0,0,22.08
2022-11-03,Store_1,SKU_2,74.22,5,0,0,0,22.08
2022-11-04,Store_1,SKU_2,110.58,10,1,0,0,22.08
2022-11-05,Store_1,SKU_2,81.95,6,0,0,0,22.08
2022-11-06,Store_1,SKU_2,42.7,3,0,0,0,22.08
2022-11-07,Store_1,SKU_2,63.64,7,0,0,0,22.08
2022-11-08,Store_1,SKU_2,63.59,6,0,0,0,22.08
2022-11-09,Store_1,SKU_2,74.14,6,0,0,0,22.08
2022-11-10,Store_1,SKU_2,70.54,8,0,0,0,22.08
2022-11-11,Store_1,SKU_2,107.95,10,1,0,0,22.08
2022-11-12,Store_1,SKU_2,87.43,9,0,0,0,22.08
2022-11-13,Store_1,SKU_2,61.03,4,1,0,0,22.08
2022-11-14,Store_1,SKU_2,77.47,6,0,0,0,22.08
2022-11-15,Store_1,SKU_2,63.62,6,0,0,0,22.08
2022-11-16,Store_1,SKU_2,68.31,6,0,0,0,22.08
2022-11-17,Store_1,SKU_2,62.47,5,0,0,0,22.08
2022-11-18,Store_1,SKU_2,113.9,8,1,0,0,22.08
2022-11-19,Store_1,SKU_2,143.16,17,1,0,0,22.08
2022-11-20,Store_1,SKU_2,63.53,5,1,0,0,22.08
2022-11-21,Store_1,SKU_2,72.89,5,0,0,0,22.08
2022-11-22,Store_1,SKU_2,61.96,6,0,0,0,22.08
2022-11-23,Store_1,SKU_2,97.67,12,1,0,0,22.08
2022-11-24,Store_1,SKU_2,71.08,5,0,0,0,22.08
2022-11-25,Store_1,SKU_2,69.75,8,0,0,0,22.08
2022-11-26,Store_1,SKU_2,106.38,11,0,0,0,22.08
2022-11-27,Store_1,SKU_2,40.68,4,0,0,0,22.08
2022-11-28,Store_1,SKU_2,70.79,8,0,0,0,22.08
2022-11-29,Store_1,SKU_2,72.88,7,0,0,0,22.08
2022-11-30,Store_1,SKU_2,65.86,6,0,0,0,22.08
2022-12-01,Store_1,SKU_2,69.72,5,0,0,0,22.08
2022-12-02,Store_1,SKU_2,112.32,13,1,0,0,22.08
2022-12-03,Store_1,SKU_2,86.9,6,0,0,0,22.08
2022-12-04,Store_1,SKU_2,42.15,3,0,0,0,22.08
2022-12-05,Store_1,SKU_2,70.49,5,0,0,0,22.08
2022-12-06,Store_1,SKU_2,61.43,5,0,0,0,22.08
2022-12-07,Store_1,SKU_2,66.98,7,0,0,0,22.08
2022-12-08,Store_1,SKU_2,63.25,6,0,0,0,22.08
2022-12-09,Store_1,SKU_2,76.96,6,0,0,0,22.08
2022-12-10,Store_1,SKU_2,70.58,5,0,0,0,22.08
2022-12-11,Store_1,SKU_2,36.06,2,0,0,0,22.08
2022-12-12,Store_1,SKU_2,72.58,5,0,0,0,22.08
2022-12-13,Store_1,SKU_2,68.72,5,0,0,0,22.08
2022-12-14,Store_1,SKU_2,67.99,6,0,0,0,22.08
2022-12-15,Store_1,SKU_2,105.31,9,1,0,0,22.08
2022-12-16,Store_1,SKU_2,80.85,5,0,0,0,22.08
2022-12-17,Store_1,SKU_2,83.4,9,0,0,0,22.08
2022-12-18,Store_1,SKU_2,43.56,4,0,0,0,22.08
2022-12-19,Store_1,SKU_2,67.57,7,0,0,0,22.08
2022-12-20,Store_1,SKU_2,58.75,6,0,0,0,22.08
2022-12-21,Store_1,SKU_2,61.27,6,0,0,0,22.08
2022-12-22,Store_1,SKU_2,69.95,7,0,0,0,22.08
2022-12-23,Store_1,SKU_2,75.16,6,0,0,0,22.08
2022-12-24,Store_1,SKU_2,122.55,8,1,0,0,22.08
2022-12-25,Store_1,SKU_2,17.8,1,0,a,0,22.08
2022-12-26,Store_1,SKU_2,25.25,1,0,a,0,22.08
2022-12-27,Store_1,SKU_2,71.39,5,1,0,0,22.08
2022-12-28,Store_1,SKU_2,60.76,5,0,0,0,22.08
2022-12-29,Store_1,SKU_2,64.68,4,0,0,0,22.08
2022-12-30,Store_1,SKU_2,85.09,7,0,0,0,22.08
2022-12-31,Store_1,SKU_2,91.01,9,0,0,0,22.08
2023-01-01,Store_1,SKU_2,16.75,1,0,a,0,22.08
2023-01-02,Store_1,SKU_2,73.38,7,0,0,0,22.08
2023-01-03,Store_1,SKU_2,68.64,7,0,0,0,22.08
2023-01-04,Store_1,SKU_2,100.1,7,1,0,0,22.08
2023-01-05,Store_1,SKU_2,74.15,5,0,0,0,22.08
2023-01-06,Store_1,SKU_2,80.74,7,0,0,0,22.08
2023-01-07,Store_1,SKU_2,92.13,8,0,0,0,22.08
2023-01-08,Store_1,SKU_2,41.34,3,0,0,0,22.08
2023-01-09,Store_1,SKU_2,76.25,7,0,0,0,22.08
2023-01-10,Store_1,SKU_2,66.48,5,0,0,0,22.08
2023-01-11,Store_1,SKU_2,76.28,7,0,0,0,22.08
2023-01-12,Store_1,SKU_2,70.66,7,0,0,0,22.08
2023-01-13,Store_1,SKU_2,112.55,12,1,0,0,22.08
2023-01-14,Store_1,SKU_2,92.26,9,0,0,0,22.08
2023-01-15,Store_1,SKU_2,41.8,3,0,0,0,22.08
2023-01-16,Store_1,SKU_2,82.6,7,0,0,0,22.08
2023-01-17,Store_1,SKU_2,67.88,6,0,0,0,22.08
2023-01-18,Store_1,SKU_2,69.22,5,0,0,0,22.08
2023-01-19,Store_1,SKU_2,91.33,7,1,0,0,22.08
2023-01-20,Store_1,SKU_2,91.56,8,0,0,0,22.08
2023-01-21,Store_1,SKU_2,85.81,8,0,0,0,22.08
2023-01-22,Store_1,SKU_2,39.64,3,0,0,0,22.08
2023-01-23,Store_1,SKU_2,65.48,7,0,0,0,22.08
2023-01-24,Store_1,SKU_2,72.88,7,0,0,0,22.08
2023-01-25,Store_1,SKU_2,65.33,7,0,0,0,22.08
2023-01-26,Store_1,SKU_2,92.31,7,1,0,0,22.08
2023-01-27,Store_1,SKU_2,73.41,7,0,0,0,22.08
2023-01-28,Store_1,SKU_2,81.26,7,0,0,0,22.08
2023-01-29,Store_1,SKU_2,41.52,3,0,0,0,22.08
2023-01-30,Store_1,SKU_2,68.4,5,0,0,0,22.08
2023-01-31,Store_1,SKU_2,68.12,5,0,0,0,22.08
2023-02-01,Store_1,SKU_2,71.67,7,0,0,0,22.08
2023-02-02,Store_1,SKU_2,74.31,8,0,0,0,22.08
2023-02-03,Store_1,SKU_2,85.26,8,0,0,0,22.08
2023-02-04,Store_1,SKU_2,130.95,16,1,0,0,22.08
2023-02-05,Store_1,SKU_2,62.45,7,1,0,0,22.08
2023-02-06,Store_1,SKU_2,84.09,8,0,0,0,22.08
2023-02-07,Store_1,SKU_2,81.85,7,0,0,0,22.08
2023-02-08,Store_1,SKU_2,87.78,8,0,0,0,22.08
2023-02-09,Store_1,SKU_2,79.82,6,0,0,0,22.08
2023-02-10,Store_1,SKU_2,89.62,9,0,0,0,22.08
2023-02-11,Store_1,SKU_2,103.72,11,0,0,0,22.08
2023-02-12,Store_1,SKU_2,44.08,3,0,0,0,22.08
2023-02-13,Store_1,SKU_2,76.53,8,0,0,0,22.08
2023-02-14,Store_1,SKU_2,101.07,7,1,0,0,22.08
2023-02-15,Store_1,SKU_2,75.35,6,0,0,0,22.08
2023-02-16,Store_1,SKU_2,82.48,7,0,0,0,22.08
2023-02-17,Store_1,SKU_2,87.8,6,0,0,0,22.08
2023-02-18,Store_1,SKU_2,100.02,10,0,0,0,22.08
2023-02-19,Store_1,SKU_2,51.45,4,0,0,0,22.08
2023-02-20,Store_1,SKU_2,82.38,6,0,0,0,22.08
2023-02-21,Store_1,SKU_2,79.22,7,0,0,0,22.08
2023-02-22,Store_1,SKU_2,80.03,6,0,0,0,22.08
2023-02-23,Store_1,SKU_2,87.85,8,0,0,0,22.08
2023-02-24,Store_1,SKU_2,100.4,10,0,0,0,22.08
2023-02-25,Store_1,SKU_2,103.22,12,0,0,0,22.08
2023-02-26,Store_1,SKU_2,62.9,4,1,0,0,22.08
2023-02-27,Store_1,SKU_2,82.35,7,0,0,0,22.08
2023-02-28,Store_1,SKU_2,70.24,7,0,0,0,22.08
2023-03-01,Store_1,SKU_2,86.61,6,0,0,0,22.08
2023-03-02,Store_1,SKU_2,75.79,5,0,0,0,22.08
2023-03-03,Store_1,SKU_2,133.34,9,1,0,0,22.08
2023-03-04,Store_1,SKU_2,115.02,14,0,0,0,22.08
2023-03-05,Store_1,SKU_2,54.97,4,0,0,0,22.08
2023-03-06,Store_1,SKU_2,94.27,7,0,0,0,22.08
2023-03-07,Store_1,SKU_2,112.59,11,1,0,0,22.08
2023-03-08,Store_1,SKU_2,89.58,8,0,0,0,22.08
2023-03-09,Store_1,SKU_2,105.66,9,0,0,0,22.08
2023-03-10,Store_1,SKU_2,108.68,11,0,0,0,22.08
2023-03-11,Store_1,SKU_2,117.27,11,0,0,0,22.08
2023-03-12,Store_1,SKU_2,87.69,7,1,0,0,22.08
2023-03-13,Store_1,SKU_2,85.2,6,0,0,0,22.08
2023-03-14,Store_1,SKU_2,138.85,13,1,0,0,22.08
2023-03-15,Store_1,SKU_2,100.87,10,0,0,0,22.08
2023-03-16,Store_1,SKU_2,90.82,7,0,0,0,22.08
2023-03-17,Store_1,SKU_2,91.21,8,0,0,0,22.08
2023-03-18,Store_1,SKU_2,112.54,10,0,0,0,22.08
2023-03-19,Store_1,SKU_2,56.97,4,0,0,0,22.08
2023-03-20,Store_1,SKU_2,82.87,6,0,0,0,22.08
2023-03-21,Store_1,SKU_2,128.95,13,1,0,0,22.08
2023-03-22,Store_1,SKU_2,130.49,12,1,0,0,22.08
2023-03-23,Store_1,SKU_2,86.17,6,0,0,0,22.08
2023-03-24,Store_1,SKU_2,105.67,7,0,0,0,22.08
2023-03-25,Store_1,SKU_2,116.15,12,0,0,0,22.08
2023-03-26,Store_1,SKU_2,59.98,5,0,0,0,22.08
2023-03-27,Store_1,SKU_2,107.44,8,0,0,0,22.08
2023-03-28,Store_1,SKU_2,87.68,7,0,0,0,22.08
2023-03-29,Store_1,SKU_2,88.04,7,0,0,0,22.08
2023-03-30,Store_1,SKU_2,75.31,6,0,0,0,22.08
2023-03-31,Store_1,SKU_2,106.86,8,0,0,0,22.08
2023-04-01,Store_1,SKU_2,172.97,12,1,0,0,22.08
2023-04-02,Store_1,SKU_2,66.49,5,0,0,0,22.08
2023-04-03,Store_1,SKU_2,102.44,8,0,0,0,22.08
2023-04-04,Store_1,SKU_2,88.84,9,0,0,0,22.08
2023-04-05,Store_1,SKU_2,92.86,9,0,0,0,22.08
2023-04-06,Store_1,SKU_2,87.7,8,0,0,0,22.08
2023-04-07,Store_1,SKU_2,118.74,13,0,0,0,22.08
2023-04-08,Store_1,SKU_2,114.67,12,0,0,0,22.08
2023-04-09,Store_1,SKU_2,93.97,9,1,0,0,22.08
2023-04-10,Store_1,SKU_2,137.84,11,1,0,0,22.08
2023-04-11,Store_1,SKU_2,136.94,10,1,0,0,22.08
2023-04-12,Store_1,SKU_2,97.57,9,0,0,0,22.08
2023-04-13,Store_1,SKU_2,99.29,7,0,0,0,22.08
2023-04-14,Store_1,SKU_2,100.47,10,0,0,0,22.08
2023-04-15,Store_1,SKU_2,136.23,13,0,0,0,22.08
2023-04-16,Store_1,SKU_2,58.32,4,0,0,0,22.08
2023-04-17,Store_1,SKU_2,147.79,11,1,0,0,22.08
2023-04-18,Store_1,SKU_2,88.78,7,0,0,0,22.08
2023-04-19,Store_1,SKU_2,96.02,8,0,0,0,22.08
2023-04-20,Store_1,SKU_2,109.21,11,0,0,0,22.08
2023-04-21,Store_1,SKU_2,117.83,13,0,0,0,22.08
2023-04-22,Store_1,SKU_2,189.98,15,1,0,0,22.08
2023-04-23,Store_1,SKU_2,70.94,6,0,0,0,22.08
2023-04-24,Store_1,SKU_2,109.59,11,0,0,0,22.08
2023-04-25,Store_1,SKU_2,93.02,9,0,0,0,22.08
2023-04-26,Store_1,SKU_2,104.59,9,0,0,0,22.08
2023-04-27,Store_1,SKU_2,101.21,7,0,0,0,22.08
2023-04-28,Store_1,SKU_2,115.71,9,0,0,0,22.08
2023-04-29,Store_1,SKU_2,144.26,14,0,0,0,22.08
2023-04-30,Store_1,SKU_2,60.42,7,0,0,0,22.08
2023-05-01,Store_1,SKU_2,118.12,10,0,0,0,22.08
2023-05-02,Store_1,SKU_2,118.25,8,0,0,0,22.08
2023-05-03,Store_1,SKU_2,107.49,8,0,0,0,22.08
2023-05-04,Store_1,SKU_2,110.57,11,0,0,0,22.08
2023-05-05,Store_1,SKU_2,111.87,7,0,0,0,22.08
2023-05-06,Store_1,SKU_2,155.69,17,0,0,0,22.08
2023-05-07,Store_1,SKU_2,73.98,7,0,0,0,22.08
2023-05-08,Store_1,SKU_2,129.47,10,0,0,0,22.08
2023-05-09,Store_1,SKU_2,102.28,9,0,0,0,22.08
2023-05-10,Store_1,SKU_2,114.12,12,0,0,0,22.08
2023-05-11,Store_1,SKU_2,109.03,12,0,0,0,22.08
2023-05-12,Store_1,SKU_2,123.57,10,0,0,0,22.08
2023-05-13,Store_1,SKU_2,146.31,13,0,0,0,22.08
2023-05-14,Store_1,SKU_2,74.48,6,0,0,0,22.08
2023-05-15,Store_1,SKU_2,97.27,10,0,0,0,22.08
2023-05-16,Store_1,SKU_2,108.88,10,0,0,0,22.08
2023-05-17,Store_1,SKU_2,100.38,8,0,0,0,22.08
2023-05-18,Store_1,SKU_2,116.25,8,0,0,0,22.08
2023-05-19,Store_1,SKU_2,126.6,12,0,0,0,22.08
2023-05-20,Store_1,SKU_2,138.67,13,0,0,0,22.08
2023-05-21,Store_1,SKU_2,60.66,5,0,0,0,22.08
2023-05-22,Store_1,SKU_2,109.94,9,0,0,0,22.08
2023-05-23,Store_1,SKU_2,113.19,8,0,0,0,22.08
2023-05-24,Store_1,SKU_2,113.43,13,0,0,0,22.08
2023-05-25,Store_1,SKU_2,131.41,12,0,0,0,22.08
2023-05-26,Store_1,SKU_2,129.42,11,0,0,0,22.08
2023-05-27,Store_1,SKU_2,152.08,13,0,0,0,22.08
2023-05-28,Store_1,SKU_2,65.39,7,0,0,0,22.08
2023-05-29,Store_1,SKU_2,123.99,9,0,0,0,22.08
2023-05-30,Store_1,SKU_2,152.46,12,1,0,0,22.08
2023-05-31,Store_1,SKU_2,105.89,9,0,0,0,22.08
2023-06-01,Store_1,SKU_2,119.56,11,0,0,0,22.08
2023-06-02,Store_1,SKU_2,133.51,9,0,0,0,22.08
2023-06-03,Store_1,SKU_2,155.92,16,0,0,0,22.08
2023-06-04,Store_1,SKU_2,79.89,9,0,0,0,22.08
2023-06-05,Store_1,SKU_2,152.14,11,1,0,0,22.08
2023-06-06,Store_1,SKU_2,119.48,12,0,0,0,22.08
2023-06-07,Store_1,SKU_2,108.04,8,0,0,0,22.08
2023-06-08,Store_1,SKU_2,92.84,6,0,0,0,22.08
2023-06-09,Store_1,SKU_2,137.81,16,0,0,0,22.08
2023-06-10,Store_1,SKU_2,156.59,18,0,0,0,22.08
2023-06-11,Store_1,SKU_2,106.77,9,1,0,0,22.08
2023-06-12,Store_1,SKU_2,110.34,7,0,0,0,22.08
2023-06-13,Store_1,SKU_2,111.78,10,0,0,0,22.08
2023-06-14,Store_1,SKU_2,95.59,9,0,0,0,22.08
2023-06-15,Store_1,SKU_2,126.16,10,0,0,0,22.08
2023-06-16,Store_1,SKU_2,140.0,16,0,0,0,22.08
2023-06-17,Store_1,SKU_2,160.02,17,0,0,0,22.08
2023-06-18,Store_1,SKU_2,98.74,8,1,0,0,22.08
2023-06-19,Store_1,SKU_2,118.43,14,0,0,0,22.08
2023-06-20,Store_1,SKU_2,119.05,9,0,0,0,22.08
2023-06-21,Store_1,SKU_2,152.95,11,1,0,0,22.08
2023-06-22,Store_1,SKU_2,126.2,10,0,0,0,22.08
2023-06-23,Store_1,SKU_2,174.51,13,1,0,0,22.08
2023-06-24,Store_1,SKU_2,144.04,14,0,0,0,22.08
2023-06-25,Store_1,SKU_2,73.07,7,0,0,0,22.08
2023-06-26,Store_1,SKU_2,111.43,10,0,0,0,22.08
2023-06-27,Store_1,SKU_2,112.91,13,0,0,0,22.08
2023-06-28,Store_1,SKU_2,123.73,14,0,0,0,22.08
2023-06-29,Store_1,SKU_2,104.4,7,0,0,0,22.08
2023-06-30,Store_1,SKU_2,134.76,12,0,0,0,22.08
2023-07-01,Store_1,SKU_2,140.64,16,0,0,1,22.08
2023-07-02,Store_1,SKU_2,88.59,10,1,0,0,22.08
2023-07-03,Store_1,SKU_2,113.63,14,0,0,0,22.08
2023-07-04,Store_1,SKU_2,105.84,7,0,0,1,22.08
2023-07-05,Store_1,SKU_2,107.12,9,0,0,0,22.08
2023-07-06,Store_1,SKU_2,120.32,10,0,0,1,22.08
2023-07-07,Store_1,SKU_2,186.3,19,1,0,1,22.08
2023-07-08,Store_1,SKU_2,142.77,15,0,0,0,22.08
2023-07-09,Store_1,SKU_2,107.21,12,1,0,0,22.08
2023-07-10,Store_1,SKU_2,115.13,8,0,0,0,22.08
2023-07-11,Store_1,SKU_2,106.46,11,0,0,0,22.08
2023-07-12,Store_1,SKU_2,113.41,8,0,0,0,22.08
2023-07-13,Store_1,SKU_2,125.02,9,0,0,1,22.08
2023-07-14,Store_1,SKU_2,118.91,8,0,0,0,22.08
2023-07-15,Store_1,SKU_2,142.95,11,0,0,0,22.08
2023-07-16,Store_1,SKU_2,64.25,5,0,0,0,22.08
2023-07-17,Store_1,SKU_2,95.66,9,0,0,1,22.08
2023-07-18,Store_1,SKU_2,110.98,9,0,0,1,22.08
2023-07-19,Store_1,SKU_2,99.82,9,0,0,0,22.08
2023-07-20,Store_1,SKU_2,114.38,9,0,0,0,22.08
2023-07-21,Store_1,SKU_2,124.86,14,0,0,1,22.08
2023-07-22,Store_1,SKU_2,136.41,13,0,0,0,22.08
2023-07-23,Store_1,SKU_2,120.06,13,1,0,0,22.08
2023-07-24,Store_1,SKU_2,115.3,9,0,0,0,22.08
2023-07-25,Store_1,SKU_2,114.05,8,0,0,1,22.08
2023-07-26,Store_1,SKU_2,117.8,9,0,0,1,22.08
2023-07-27,Store_1,SKU_2,113.35,12,0,0,1,22.08
2023-07-28,Store_1,SKU_2,114.87,11,0,0,0,22.08
2023-07-29,Store_1,SKU_2,132.72,14,0,0,0,22.08
2023-07-30,Store_1,SKU_2,73.36,6,0,0,0,22.08
2023-07-31,Store_1,SKU_2,108.86,13,0,0,1,22.08
2023-08-01,Store_1,SKU_2,106.33,12,0,0,0,22.08
2023-08-02,Store_1,SKU_2,104.65,11,0,0,0,22.08
2023-08-03,Store_1,SKU_2,104.48,8,0,0,0,22.08
2023-08-04,Store_1,SKU_2,102.62,9,0,0,0,22.08
2023-08-05,Store_1,SKU_2,131.03,15,0,0,0,22.08
2023-08-06,Store_1,SKU_2,88.45,6,1,0,0,22.08
2023-08-07,Store_1,SKU_2,113.94,11,0,0,0,22.08
2023-08-08,Store_1,SKU_2,139.59,12,1,0,0,22.08
2023-08-09,Store_1,SKU_2,100.81,8,0,0,0,22.08
2023-08-10,Store_1,SKU_2,113.68,9,0,0,0,22.08
2023-08-11,Store_1,SKU_2,103.68,8,0,0,1,22.08
2023-08-12,Store_1,SKU_2,194.7,14,1,0,1,22.08
2023-08-13,Store_1,SKU_2,56.47,5,0,0,1,22.08
2023-08-14,Store_1,SKU_2,114.51,11,0,0,0,22.08
2023-08-15,Store_1,SKU_2,96.33,10,0,0,1,22.08
2023-08-16,Store_1,SKU_2,98.14,7,0,0,1,22.08
2023-08-17,Store_1,SKU_2,98.57,7,0,0,1,22.08
2023-08-18,Store_1,SKU_2,108.92,11,0,0,0,22.08
2023-08-19,Store_1,SKU_2,139.07,10,0,0,0,22.08
2023-08-20,Store_1,SKU_2,90.75,8,1,0,1,22.08
2023-08-21,Store_1,SKU_2,112.49,9,0,0,1,22.08
2023-08-22,Store_1,SKU_2,109.89,9,0,0,0,22.08
2023-08-23,Store_1,SKU_2,102.95,9,0,0,0,22.08
2023-08-24,Store_1,SKU_2,98.8,10,0,0,1,22.08
2023-08-25,Store_1,SKU_2,117.73,9,0,0,1,22.08
2023-08-26,Store_1,SKU_2,113.37,11,0,0,0,22.08
2023-08-27,Store_1,SKU_2,61.0,5,0,0,1,22.08
2023-08-28,Store_1,SKU_2,174.54,19,1,0,0,22.08
2023-08-29,Store_1,SKU_2,105.12,8,0,0,0,22.08
2023-08-30,Store_1,SKU_2,110.97,12,0,0,1,22.08
2023-08-31,Store_1,SKU_2,154.1,11,1,0,0,22.08
2023-09-01,Store_1,SKU_2,106.68,9,0,0,0,22.08
2023-09-02,Store_1,SKU_2,166.0,19,1,0,0,22.08
2023-09-03,Store_1,SKU_2,63.87,5,0,0,0,22.08
2023-09-04,Store_1,SKU_2,127.67,11,1,0,0,22.08
2023-09-05,Store_1,SKU_2,84.74,10,0,0,0,22.08
2023-09-06,Store_1,SKU_2,76.7,5,0,0,0,22.08
2023-09-07,Store_1,SKU_2,94.53,10,0,0,0,22.08
2023-09-08,Store_1,SKU_2,121.31,12,0,0,0,22.08
2023-09-09,Store_1,SKU_2,138.56,13,0,0,0,22.08
2023-09-10,Store_1,SKU_2,57.39,4,0,0,0,22.08
2023-09-11,Store_1,SKU_2,97.97,10,0,0,0,22.08
2023-09-12,Store_1,SKU_2,91.41,10,0,0,0,22.08
2023-09-13,Store_1,SKU_2,88.57,8,0,0,0,22.08
2023-09-14,Store_1,SKU_2,105.05,12,0,0,0,22.08
2023-09-15,Store_1,SKU_2,108.46,10,0,0,0,22.08
2023-09-16,Store_1,SKU_2,150.72,16,1,0,0,22.08
2023-09-17,Store_1,SKU_2,56.21,4,0,0,0,22.08
2023-09-18,Store_1,SKU_2,83.34,6,0,0,0,22.08
2023-09-19,Store_1,SKU_2,95.49,9,0,0,0,22.08
2023-09-20,Store_1,SKU_2,95.25,7,0,0,0,22.08
2023-09-21,Store_1,SKU_2,104.9,9,0,0,0,22.08
2023-09-22,Store_1,SKU_2,94.23,7,0,0,0,22.08
2023-09-23,Store_1,SKU_2,130.86,12,0,0,0,22.08
2023-09-24,Store_1,SKU_2,73.52,6,1,0,0,22.08
2023-09-25,Store_1,SKU_2,105.73,9,0,0,0,22.08
2023-09-26,Store_1,SKU_2,101.0,8,0,0,0,22.08
2023-09-27,Store_1,SKU_2,98.09,10,0,0,0,22.08
2023-09-28,Store_1,SKU_2,144.41,15,1,0,0,22.08
2023-09-29,Store_1,SKU_2,105.18,10,0,0,0,22.08
2023-09-30,Store_1,SKU_2,113.37,12,0,0,0,22.08
2023-10-01,Store_1,SKU_2,59.6,6,0,0,0,22.08
2023-10-02,Store_1,SKU_2,76.68,8,0,0,0,22.08
2023-10-03,Store_1,SKU_2,75.49,8,0,0,0,22.08
2023-10-04,Store_1,SKU_2,81.88,10,0,0,0,22.08
2023-10-05,Store_1,SKU_2,75.09,7,0,0,0,22.08
2023-10-06,Store_1,SKU_2,141.46,11,1,0,0,22.08
2023-10-07,Store_1,SKU_2,104.79,8,0,0,0,22.08
2023-10-08,Store_1,SKU_2,49.64,4,0,0,0,22.08
2023-10-09,Store_1,SKU_2,77.16,6,0,0,0,22.08
2023-10-10,Store_1,SKU_2,68.03,5,0,0,0,22.08
2023-10-11,Store_1,SKU_2,85.66,7,0,0,0,22.08
2023-10-12,Store_1,SKU_2,107.77,9,1,0,0,22.08
2023-10-13,Store_1,SKU_2,96.16,8,0,0,0,22.08
2023-10-14,Store_1,SKU_2,108.33,12,0,0,0,22.08
2023-10-15,Store_1,SKU_2,48.57,4,0,0,0,22.08
2023-10-16,Store_1,SKU_2,86.01,7,0,0,0,22.08
2023-10-17,Store_1,SKU_2,84.06,10,0,0,0,22.08
2023-10-18,Store_1,SKU_2,84.3,7,0,0,0,22.08
2023-10-19,Store_1,SKU_2,93.79,8,0,0,0,22.08
2023-10-20,Store_1,SKU_2,106.83,12,0,0,0,22.08
2023-10-21,Store_1,SKU_2,99.25,8,0,0,0,22.08
2023-10-22,Store_1,SKU_2,49.73,4,0,0,0,22.08
2023-10-23,Store_1,SKU_2,86.67,10,0,0,0,22.08
2023-10-24,Store_1,SKU_2,84.73,9,0,0,0,22.08
2023-10-25,Store_1,SKU_2,65.85,7,0,0,0,22.08
2023-10-26,Store_1,SKU_2,84.84,6,0,0,0,22.08
2023-10-27,Store_1,SKU_2,117.17,11,1,0,0,22.08
2023-10-28,Store_1,SKU_2,108.86,10,0,0,0,22.08
2023-10-29,Store_1,SKU_2,55.91,4,0,0,0,22.08
2023-10-30,Store_1,SKU_2,114.31,12,1,0,0,22.08
2023-10-31,Store_1,SKU_2,89.34,7,0,0,0,22.08
2023-11-01,Store_1,SKU_2,75.72,8,0,0,0,22.08
2023-11-02,Store_1,SKU_2,80.75,9,0,0,0,22.08
2023-11-03,Store_1,SKU_2,86.22,10,0,0,0,22.08
2023-11-04,Store_1,SKU_2,94.27,10,0,0,0,22.08
2023-11-05,Store_1,SKU_2,45.23,3,0,0,0,22.08
2023-11-06,Store_1,SKU_2,68.68,5,0,0,0,22.08
2023-11-07,Store_1,SKU_2,75.15,6,0,0,0,22.08
2023-11-08,Store_1,SKU_2,74.04,8,0,0,0,22.08
2023-11-09,Store_1,SKU_2,75.31,7,0,0,0,22.08
2023-11-10,Store_1,SKU_2,89.87,9,0,0,0,22.08
2023-11-11,Store_1,SKU_2,100.11,12,0,0,0,22.08
2023-11-12,Store_1,SKU_2,60.41,4,1,0,0,22.08
2023-11-13,Store_1,SKU_2,77.25,8,0,0,0,22.08
2023-11-14,Store_1,SKU_2,64.25,5,0,0,0,22.08
2023-11-15,Store_1,SKU_2,86.34,6,0,0,0,22.08
2023-11-16,Store_1,SKU_2,71.11,5,0,0,0,22.08
2023-11-17,Store_1,SKU_2,105.43,8,1,0,0,22.08
2023-11-18,Store_1,SKU_2,101.34,7,0,0,0,22.08
2023-11-19,Store_1,SKU_2,47.77,4,0,0,0,22.08
2023-11-20,Store_1,SKU_2,78.31,5,0,0,0,22.08
2023-11-21,Store_1,SKU_2,77.99,8,0,0,0,22.08
2023-11-22,Store_1,SKU_2,80.75,9,0,0,0,22.08
2023-11-23,Store_1,SKU_2,107.59,12,1,0,0,22.08
2023-11-24,Store_1,SKU_2,115.15,8,1,0,0,22.08
2023-11-25,Store_1,SKU_2,96.19,9,0,0,0,22.08
2023-11-26,Store_1,SKU_2,47.24,4,0,0,0,22.08
2023-11-27,Store_1,SKU_2,71.6,5,0,0,0,22.08
2023-11-28,Store_1,SKU_2,81.92,7,0,0,0,22.08
2023-11-29,Store_1,SKU_2,74.36,7,0,0,0,22.08
2023-11-30,Store_1,SKU_2,74.67,5,0,0,0,22.08
2023-12-01,Store_1,SKU_2,83.03,9,0,0,0,22.08
2023-12-02,Store_1,SKU_2,85.99,6,0,0,0,22.08
2023-12-03,Store_1,SKU_2,42.3,4,0,0,0,22.08
2023-12-04,Store_1,SKU_2,72.97,8,0,0,0,22.08
2023-12-05,Store_1,SKU_2,70.21,6,0,0,0,22.08
2023-12-06,Store_1,SKU_2,66.49,7,0,0,0,22.08
2023-12-07,Store_1,SKU_2,47.26,4,0,0,0,22.08
2023-12-08,Store_1,SKU_2,67.33,6,0,0,0,22.08
2023-12-09,Store_1,SKU_2,97.9,7,0,0,0,22.08
2023-12-10,Store_1,SKU_2,45.28,4,0,0,0,22.08
2023-12-11,Store_1,SKU_2,106.81,9,1,0,0,22.08
2023-12-12,Store_1,SKU_2,73.08,5,0,0,0,22.08
2023-12-13,Store_1,SKU_2,58.25,4,0,0,0,22.08
2023-12-14,Store_1,SKU_2,63.63,4,0,0,0,22.08
2023-12-15,Store_1,SKU_2,71.04,6,0,0,0,22.08
2023-12-16,Store_1,SKU_2,87.18,9,0,0,0,22.08
2023-12-17,Store_1,SKU_2,59.65,5,1,0,0,22.08
2023-12-18,Store_1,SKU_2,75.18,6,0,0,0,22.08
2023-12-19,Store_1,SKU_2,70.92,6,0,0,0,22.08
2023-12-20,Store_1,SKU_2,71.11,6,0,0,0,22.08
2023-12-21,Store_1,SKU_2,76.06,5,0,0,0,22.08
2023-12-22,Store_1,SKU_2,112.7,10,1,0,0,22.08
2023-12-23,Store_1,SKU_2,122.61,9,1,0,0,22.08
2023-12-24,Store_1,SKU_2,44.64,4,0,0,0,22.08
2023-12-25,Store_1,SKU_2,33.65,3,0,a,0,22.08
2023-12-26,Store_1,SKU_2,25.56,2,0,a,0,22.08
2023-12-27,Store_1,SKU_2,77.05,8,0,0,0,22.08
2023-12-28,Store_1,SKU_2,83.69,7,0,0,0,22.08
2023-12-29,Store_1,SKU_2,89.67,9,0,0,0,22.08
2023-12-30,Store_1,SKU_2,93.22,8,0,0,0,22.08
2023-12-31,Store_1,SKU_2,52.36,4,1,0,0,22.08
2024-01-01,Store_1,SKU_2,32.03,3,0,a,0,22.08
2024-01-02,Store_1,SKU_2,73.92,6,0,0,0,22.08
2024-01-03,Store_1,SKU_2,73.59,5,0,0,0,22.08
2024-01-04,Store_1,SKU_2,57.3,4,0,0,0,22.08
2024-01-05,Store_1,SKU_2,73.96,9,0,0,0,22.08
2024-01-06,Store_1,SKU_2,92.06,7,0,0,0,22.08
2024-01-07,Store_1,SKU_2,46.46,4,0,0,0,22.08
2024-01-08,Store_1,SKU_2,95.97,11,0,0,0,22.08
2024-01-09,Store_1,SKU_2,62.75,5,0,0,0,22.08
2024-01-10,Store_1,SKU_2,64.94,5,0,0,0,22.08
2024-01-11,Store_1,SKU_2,118.92,10,1,0,0,22.08
2024-01-12,Store_1,SKU_2,71.7,8,0,0,0,22.08
2024-01-13,Store_1,SKU_2,82.07,7,0,0,0,22.08
2024-01-14,Store_1,SKU_2,50.12,5,0,0,0,22.08
2024-01-15,Store_1,SKU_2,79.79,6,0,0,0,22.08
2024-01-16,Store_1,SKU_2,64.04,7,0,0,0,22.08
2024-01-17,Store_1,SKU_2,75.06,5,0,0,0,22.08
2024-01-18,Store_1,SKU_2,117.16,10,1,0,0,22.08
2024-01-19,Store_1,SKU_2,78.6,9,0,0,0,22.08
2024-01-20,Store_1,SKU_2,69.7,5,0,0,0,22.08
2024-01-21,Store_1,SKU_2,43.82,3,0,0,0,22.08
2024-01-22,Store_1,SKU_2,108.51,8,1,0,0,22.08
2024-01-23,Store_1,SKU_2,72.26,6,0,0,0,22.08
2024-01-24,Store_1,SKU_2,76.3,8,0,0,0,22.08
2024-01-25,Store_1,SKU_2,92.32,8,0,0,0,22.08
2024-01-26,Store_1,SKU_2,85.57,7,0,0,0,22.08
2024-01-27,Store_1,SKU_2,93.81,7,0,0,0,22.08
2024-01-28,Store_1,SKU_2,44.16,5,0,0,0,22.08
2024-01-29,Store_1,SKU_2,80.08,7,0,0,0,22.08
2024-01-30,Store_1,SKU_2,80.99,6,0,0,0,22.08
2024-01-31,Store_1,SKU_2,70.39,5,0,0,0,22.08
2024-02-01,Store_1,SKU_2,88.49,9,0,0,0,22.08
2024-02-02,Store_1,SKU_2,95.95,10,0,0,0,22.08
2024-02-03,Store_1,SKU_2,103.25,7,0,0,0,22.08
2024-02-04,Store_1,SKU_2,56.11,6,0,0,0,22.08
2024-02-05,Store_1,SKU_2,79.26,8,0,0,0,22.08
2024-02-06,Store_1,SKU_2,104.98,10,1,0,0,22.08
2024-02-07,Store_1,SKU_2,85.33,7,0,0,0,22.08
2024-02-08,Store_1,SKU_2,83.07,7,0,0,0,22.08
2024-02-09,Store_1,SKU_2,97.83,11,0,0,0,22.08
2024-02-10,Store_1,SKU_2,96.0,11,0,0,0,22.08
2024-02-11,Store_1,SKU_2,43.77,4,0,0,0,22.08
2024-02-12,Store_1,SKU_2,103.35,8,0,0,0,22.08
2024-02-13,Store_1,SKU_2,74.43,5,0,0,0,22.08
2024-02-14,Store_1,SKU_2,76.39,6,0,0,0,22.08
2024-02-15,Store_1,SKU_2,92.38,9,0,0,0,22.08
2024-02-16,Store_1,SKU_2,83.83,9,0,0,0,22.08
2024-02-17,Store_1,SKU_2,107.45,9,0,0,0,22.08
2024-02-18,Store_1,SKU_2,54.66,4,0,0,0,22.08
2024-02-19,Store_1,SKU_2,89.99,8,0,0,0,22.08
2024-02-20,Store_1,SKU_2,88.8,10,0,0,0,22.08
2024-02-21,Store_1,SKU_2,76.29,5,0,0,0,22.08
2024-02-22,Store_1,SKU_2,85.97,7,0,0,0,22.08
2024-02-23,Store_1,SKU_2,103.83,8,0,0,0,22.08
2024-02-24,Store_1,SKU_2,111.84,13,0,0,0,22.08
2024-02-25,Store_1,SKU_2,50.51,3,0,0,0,22.08
2024-02-26,Store_1,SKU_2,100.08,7,0,0,0,22.08
2024-02-27,Store_1,SKU_2,83.04,7,0,0,0,22.08
2024-02-28,Store_1,SKU_2,124.84,13,1,0,0,22.08
2024-02-29,Store_1,SKU_2,95.05,6,0,0,0,22.08
2024-03-01,Store_1,SKU_2,105.27,11,0,0,0,22.08
2024-03-02,Store_1,SKU_2,130.92,9,0,0,0,22.08
2024-03-03,Store_1,SKU_2,68.5,5,0,0,0,22.08
2024-03-04,Store_1,SKU_2,105.14,9,0,0,0,22.08
2024-03-05,Store_1,SKU_2,128.53,9,1,0,0,22.08
2024-03-06,Store_1,SKU_2,92.08,9,0,0,0,22.08
2024-03-07,Store_1,SKU_2,102.08,9,0,0,0,22.08
2024-03-08,Store_1,SKU_2,147.97,10,1,0,0,22.08
2024-03-09,Store_1,SKU_2,121.76,11,0,0,0,22.08
2024-03-10,Store_1,SKU_2,81.32,7,1,0,0,22.08
2024-03-11,Store_1,SKU_2,104.38,7,0,0,0,22.08
2024-03-12,Store_1,SKU_2,95.33,11,0,0,0,22.08
2024-03-13,Store_1,SKU_2,136.89,10,1,0,0,22.08
2024-03-14,Store_1,SKU_2,99.86,9,0,0,0,22.08
2024-03-15,Store_1,SKU_2,106.56,10,0,0,0,22.08
2024-03-16,Store_1,SKU_2,111.61,11,0,0,0,22.08
2024-03-17,Store_1,SKU_2,58.8,4,0,0,0,22.08
2024-03-18,Store_1,SKU_2,140.28,15,1,0,0,22.08
2024-03-19,Store_1,SKU_2,92.08,7,0,0,0,22.08
2024-03-20,Store_1,SKU_2,85.2,6,0,0,0,22.08
2024-03-21,Store_1,SKU_2,100.83,8,0,0,0,22.08
2024-03-22,Store_1,SKU_2,134.24,10,1,0,0,22.08
2024-03-23,Store_1,SKU_2,135.77,13,0,0,0,22.08
2024-03-24,Store_1,SKU_2,55.15,6,0,0,0,22.08
2024-03-25,Store_1,SKU_2,80.96,5,0,0,0,22.08
2024-03-26,Store_1,SKU_2,89.39,7,0,0,0,22.08
2024-03-27,Store_1,SKU_2,95.02,8,0,0,0,22.08
2024-03-28,Store_1,SKU_2,87.54,6,0,0,0,22.08
2024-03-29,Store_1,SKU_2,96.71,6,0,0,0,22.08
2024-03-30,Store_1,SKU_2,199.78,17,1,0,0,22.08
2024-03-31,Store_1,SKU_2,82.65,8,1,0,0,22.08
2024-04-01,Store_1,SKU_2,115.37,9,0,0,0,22.08
2024-04-02,Store_1,SKU_2,105.48,8,0,0,0,22.08
2024-04-03,Store_1,SKU_2,143.61,14,1,0,0,22.08
2024-04-04,Store_1,SKU_2,99.01,11,0,0,0,22.08
2024-04-05,Store_1,SKU_2,120.67,10,0,0,0,22.08
2024-04-06,Store_1,SKU_2,204.11,17,1,0,0,22.08
2024-04-07,Store_1,SKU_2,67.92,6,0,0,0,22.08
2024-04-08,Store_1,SKU_2,119.83,13,0,0,0,22.08
2024-04-09,Store_1,SKU_2,97.84,10,0,0,0,22.08
2024-04-10,Store_1,SKU_2,119.74,10,0,0,0,22.08
2024-04-11,Store_1,SKU_2,113.67,8,0,0,0,22.08
2024-04-12,Store_1,SKU_2,128.8,10,0,0,0,22.08
2024-04-13,Store_1,SKU_2,128.41,12,0,0,0,22.08
2024-04-14,Store_1,SKU_2,69.23,8,0,0,0,22.08
2024-04-15,Store_1,SKU_2,118.56,14,0,0,0,22.08
2024-04-16,Store_1,SKU_2,97.85,8,0,0,0,22.08
2024-04-17,Store_1,SKU_2,115.22,8,0,0,0,22.08
2024-04-18,Store_1,SKU_2,96.51,8,0,0,0,22.08
2024-04-19,Store_1,SKU_2,129.03,9,0,0,0,22.08
2024-04-20,Store_1,SKU_2,140.78,13,0,0,0,22.08
2024-04-21,Store_1,SKU_2,55.29,4,0,0,0,22.08
2024-04-22,Store_1,SKU_2,124.75,11,0,0,0,22.08
2024-04-23,Store_1,SKU_2,141.24,10,1,0,0,22.08
2024-04-24,Store_1,SKU_2,99.44,8,0,0,0,22.08
2024-04-25,Store_1,SKU_2,111.37,9,0,0,0,22.08
2024-04-26,Store_1,SKU_2,130.79,14,0,0,0,22.08
2024-04-27,Store_1,SKU_2,133.98,16,0,0,0,22.08
2024-04-28,Store_1,SKU_2,63.25,7,0,0,0,22.08
2024-04-29,Store_1,SKU_2,129.82,11,0,0,0,22.08
2024-04-30,Store_1,SKU_2,111.71,12,0,0,0,22.08
2024-05-01,Store_1,SKU_2,147.57,14,1,0,0,22.08
2024-05-02,Store_1,SKU_2,116.12,8,0,0,0,22.08
2024-05-03,Store_1,SKU_2,194.09,20,1,0,0,22.08
2024-05-04,Store_1,SKU_2,159.32,13,0,0,0,22.08
2024-05-05,Store_1,SKU_2,67.13,6,0,0,0,22.08
2024-05-06,Store_1,SKU_2,128.97,14,0,0,0,22.08
2024-05-07,Store_1,SKU_2,91.32,8,0,0,0,22.08
2024-05-08,Store_1,SKU_2,134.15,12,0,0,0,22.08
2024-05-09,Store_1,SKU_2,99.94,7,0,0,0,22.08
2024-05-10,Store_1,SKU_2,122.01,14,0,0,0,22.08
2024-05-11,Store_1,SKU_2,160.33,12,0,0,0,22.08
2024-05-12,Store_1,SKU_2,74.1,8,0,0,0,22.08
2024-05-13,Store_1,SKU_2,162.91,18,1,0,0,22.08
2024-05-14,Store_1,SKU_2,174.29,12,1,0,0,22.08
2024-05-15,Store_1,SKU_2,114.96,8,0,0,0,22.08
2024-05-16,Store_1,SKU_2,116.02,11,0,0,0,22.08
2024-05-17,Store_1,SKU_2,135.5,11,0,0,0,22.08
2024-05-18,Store_1,SKU_2,234.83,24,1,0,0,22.08
2024-05-19,Store_1,SKU_2,71.66,8,0,0,0,22.08
2024-05-20,Store_1,SKU_2,125.81,9,0,0,0,22.08
2024-05-21,Store_1,SKU_2,147.09,17,1,0,0,22.08
2024-05-22,Store_1,SKU_2,187.56,20,1,0,0,22.08
2024-05-23,Store_1,SKU_2,119.04,14,0,0,0,22.08
2024-05-24,Store_1,SKU_2,142.16,11,0,0,0,22.08
2024-05-25,Store_1,SKU_2,157.05,12,0,0,0,22.08
2024-05-26,Store_1,SKU_2,73.99,8,0,0,0,22.08
2024-05-27,Store_1,SKU_2,128.86,11,0,0,0,22.08
2024-05-28,Store_1,SKU_2,96.34,7,0,0,0,22.08
2024-05-29,Store_1,SKU_2,131.14,9,0,0,0,22.08
2024-05-30,Store_1,SKU_2,121.33,9,0,0,0,22.08
2024-05-31,Store_1,SKU_2,128.44,13,0,0,0,22.08
2024-06-01,Store_1,SKU_2,172.54,15,0,0,0,22.08
2024-06-02,Store_1,SKU_2,71.25,5,0,0,0,22.08
2024-06-03,Store_1,SKU_2,172.4,13,1,0,0,22.08
2024-06-04,Store_1,SKU_2,103.15,11,0,0,0,22.08
2024-06-05,Store_1,SKU_2,128.38,14,0,0,0,22.08
2024-06-06,Store_1,SKU_2,125.98,11,0,0,0,22.08
2024-06-07,Store_1,SKU_2,143.83,12,0,0,0,22.08
2024-06-08,Store_1,SKU_2,155.78,11,0,0,0,22.08
2024-06-09,Store_1,SKU_2,89.71,9,1,0,0,22.08
2024-06-10,Store_1,SKU_2,142.5,13,0,0,0,22.08
2024-06-11,Store_1,SKU_2,122.33,8,0,0,0,22.08
2024-06-12,Store_1,SKU_2,94.27,7,0,0,0,22.08
2024-06-13,Store_1,SKU_2,133.89,13,0,0,0,22.08
2024-06-14,Store_1,SKU_2,149.11,11,0,0,0,22.08
2024-06-15,Store_1,SKU_2,157.63,14,0,0,0,22.08
2024-06-16,Store_1,SKU_2,74.25,5,0,0,0,22.08
2024-06-17,Store_1,SKU_2,123.27,9,0,0,0,22.08
2024-06-18,Store_1,SKU_2,127.33,13,0,0,0,22.08
2024-06-19,Store_1,SKU_2,109.85,8,0,0,0,22.08
2024-06-20,Store_1,SKU_2,140.52,13,0,0,0,22.08
2024-06-21,Store_1,SKU_2,136.0,15,0,0,0,22.08
2024-06-22,Store_1,SKU_2,174.71,16,0,0,0,22.08
2024-06-23,Store_1,SKU_2,71.62,5,0,0,0,22.08
2024-06-24,Store_1,SKU_2,119.35,8,0,0,0,22.08
2024-06-25,Store_1,SKU_2,121.37,13,0,0,0,22.08
2024-06-26,Store_1,SKU_2,119.31,12,0,0,0,22.08
2024-06-27,Store_1,SKU_2,118.73,8,0,0,0,22.08
2024-06-28,Store_1,SKU_2,138.52,15,0,0,0,22.08
2024-06-29,Store_1,SKU_2,153.43,17,0,0,0,22.08
2024-06-30,Store_1,SKU_2,71.46,8,0,0,0,22.08
2024-07-01,Store_1,SKU_2,121.44,10,0,0,1,22.08
2024-07-02,Store_1,SKU_2,114.72,10,0,0,0,22.08
2024-07-03,Store_1,SKU_2,126.9,15,0,0,1,22.08
2024-07-04,Store_1,SKU_2,137.68,9,0,0,1,22.08
2024-07-05,Store_1,SKU_2,154.3,19,0,0,0,22.08
2024-07-06,Store_1,SKU_2,165.49,14,0,0,0,22.08
2024-07-07,Store_1,SKU_2,66.7,5,0,0,0,22.08
2024-07-08,Store_1,SKU_2,117.04,9,0,0,1,22.08
2024-07-09,Store_1,SKU_2,116.93,13,0,0,1,22.08
2024-07-10,Store_1,SKU_2,115.73,11,0,0,0,22.08
2024-07-11,Store_1,SKU_2,127.89,11,0,0,1,22.08
2024-07-12,Store_1,SKU_2,142.93,10,0,0,0,22.08
2024-07-13,Store_1,SKU_2,160.24,12,0,0,0,22.08
2024-07-14,Store_1,SKU_2,75.27,6,0,0,1,22.08
2024-07-15,Store_1,SKU_2,123.43,12,0,0,0,22.08
2024-07-16,Store_1,SKU_2,117.55,9,0,0,0,22.08
2024-07-17,Store_1,SKU_2,104.94,9,0,0,0,22.08
2024-07-18,Store_1,SKU_2,138.19,11,0,0,1,22.08
2024-07-19,Store_1,SKU_2,145.77,15,0,0,0,22.08
2024-07-20,Store_1,SKU_2,131.87,12,0,0,0,22.08
2024-07-21,Store_1,SKU_2,77.04,8,0,0,0,22.08
2024-07-22,Store_1,SKU_2,179.56,18,1,0,0,22.08
2024-07-23,Store_1,SKU_2,111.76,8,0,0,0,22.08
2024-07-24,Store_1,SKU_2,114.39,12,0,0,0,22.08
2024-07-25,Store_1,SKU_2,148.13,15,0,0,1,22.08
2024-07-26,Store_1,SKU_2,137.82,10,0,0,0,22.08
2024-07-27,Store_1,SKU_2,184.46,18,1,0,0,22.08
2024-07-28,Store_1,SKU_2,65.74,5,0,0,0,22.08
2024-07-29,Store_1,SKU_2,114.69,8,0,0,0,22.08
2024-07-30,Store_1,SKU_2,179.16,14,1,0,0,22.08
2024-07-31,Store_1,SKU_2,163.75,18,1,0,1,22.08
2024-08-01,Store_1,SKU_2,108.52,11,0,0,0,22.08
2024-08-02,Store_1,SKU_2,132.56,16,0,0,0,22.08
2024-08-03,Store_1,SKU_2,163.32,20,0,0,1,22.08
2024-08-04,Store_1,SKU_2,66.42,4,0,0,1,22.08
2024-08-05,Store_1,SKU_2,128.55,14,0,0,1,22.08
2024-08-06,Store_1,SKU_2,153.01,12,1,0,0,22.08
2024-08-07,Store_1,SKU_2,114.15,10,0,0,1,22.08
2024-08-08,Store_1,SKU_2,105.78,9,0,0,0,22.08
2024-08-09,Store_1,SKU_2,146.15,15,0,0,1,22.08
2024-08-10,Store_1,SKU_2,147.27,14,0,0,1,22.08
2024-08-11,Store_1,SKU_2,68.34,7,0,0,1,22.08
2024-08-12,Store_1,SKU_2,102.45,7,0,0,1,22.08
2024-08-13,Store_1,SKU_2,100.03,9,0,0,0,22.08
2024-08-14,Store_1,SKU_2,115.6,10,0,0,0,22.08
2024-08-15,Store_1,SKU_2,108.15,9,0,0,0,22.08
2024-08-16,Store_1,SKU_2,115.43,8,0,0,0,22.08
2024-08-17,Store_1,SKU_2,158.16,17,0,0,0,22.08
2024-08-18,Store_1,SKU_2,68.28,4,0,0,1,22.08
2024-08-19,Store_1,SKU_2,113.7,9,0,0,0,22.08
2024-08-20,Store_1,SKU_2,119.23,12,0,0,0,22.08
2024-08-21,Store_1,SKU_2,149.4,17,1,0,1,22.08
2024-08-22,Store_1,SKU_2,122.43,14,0,0,1,22.08
2024-08-23,Store_1,SKU_2,131.76,16,0,0,1,22.08
2024-08-24,Store_1,SKU_2,143.18,16,0,0,1,22.08
2024-08-25,Store_1,SKU_2,66.07,5,0,0,1,22.08
2024-08-26,Store_1,SKU_2,111.34,11,0,0,1,22.08
2024-08-27,Store_1,SKU_2,153.59,11,1,0,0,22.08
2024-08-28,Store_1,SKU_2,119.8,9,0,0,0,22.08
2024-08-29,Store_1,SKU_2,115.05,10,0,0,1,22.08
2024-08-30,Store_1,SKU_2,151.89,12,0,0,1,22.08
2024-08-31,Store_1,SKU_2,144.84,11,0,0,1,22.08
2024-09-01,Store_1,SKU_2,56.75,4,0,0,0,22.08
2024-09-02,Store_1,SKU_2,136.18,16,1,0,0,22.08
2024-09-03,Store_1,SKU_2,91.52,7,0,0,0,22.08
2024-09-04,Store_1,SKU_2,101.77,9,0,0,0,22.08
2024-09-05,Store_1,SKU_2,101.52,8,0,0,0,22.08
2024-09-06,Store_1,SKU_2,121.0,11,0,0,0,22.08
2024-09-07,Store_1,SKU_2,126.79,14,0,0,0,22.08
2024-09-08,Store_1,SKU_2,60.88,4,0,0,0,22.08
2024-09-09,Store_1,SKU_2,119.98,13,0,0,0,22.08
2024-09-10,Store_1,SKU_2,118.42,11,0,0,0,22.08
2024-09-11,Store_1,SKU_2,104.3,8,0,0,0,22.08
2024-09-12,Store_1,SKU_2,135.23,10,1,0,0,22.08
2024-09-13,Store_1,SKU_2,148.28,12,1,0,0,22.08
2024-09-14,Store_1,SKU_2,107.74,8,0,0,0,22.08
2024-09-15,Store_1,SKU_2,56.83,4,0,0,0,22.08
2024-09-16,Store_1,SKU_2,110.63,10,0,0,0,22.08
2024-09-17,Store_1,SKU_2,101.57,7,0,0,0,22.08
2024-09-18,Store_1,SKU_2,104.0,10,0,0,0,22.08
2024-09-19,Store_1,SKU_2,82.85,6,0,0,0,22.08
2024-09-20,Store_1,SKU_2,122.55,10,0,0,0,22.08
2024-09-21,Store_1,SKU_2,141.93,13,0,0,0,22.08
2024-09-22,Store_1,SKU_2,60.08,5,0,0,0,22.08
2024-09-23,Store_1,SKU_2,107.36,12,0,0,0,22.08
2024-09-24,Store_1,SKU_2,93.61,7,0,0,0,22.08
2024-09-25,Store_1,SKU_2,110.08,8,0,0,0,22.08
2024-09-26,Store_1,SKU_2,102.15,9,0,0,0,22.08
2024-09-27,Store_1,SKU_2,111.21,10,0,0,0,22.08
2024-09-28,Store_1,SKU_2,187.73,18,1,0,0,22.08
2024-09-29,Store_1,SKU_2,84.68,6,1,0,0,22.08
2024-09-30,Store_1,SKU_2,105.95,9,0,0,0,22.08
2024-10-01,Store_1,SKU_2,88.97,10,0,0,0,22.08
2024-10-02,Store_1,SKU_2,82.44,7,0,0,0,22.08
2024-10-03,Store_1,SKU_2,98.41,8,0,0,0,22.08
2024-10-04,Store_1,SKU_2,94.8,11,0,0,0,22.08
2024-10-05,Store_1,SKU_2,134.54,11,1,0,0,22.08
2024-10-06,Store_1,SKU_2,45.32,3,0,0,0,22.08
2024-10-07,Store_1,SKU_2,129.48,10,1,0,0,22.08
2024-10-08,Store_1,SKU_2,90.79,10,0,0,0,22.08
2024-10-09,Store_1,SKU_2,85.32,8,0,0,0,22.08
2024-10-10,Store_1,SKU_2,95.19,8,0,0,0,22.08
2024-10-11,Store_1,SKU_2,94.39,9,0,0,0,22.08
2024-10-12,Store_1,SKU_2,102.95,9,0,0,0,22.08
2024-10-13,Store_1,SKU_2,52.44,5,0,0,0,22.08
2024-10-14,Store_1,SKU_2,94.77,6,0,0,0,22.08
2024-10-15,Store_1,SKU_2,84.75,8,0,0,0,22.08
2024-10-16,Store_1,SKU_2,68.13,5,0,0,0,22.08
2024-10-17,Store_1,SKU_2,90.12,7,0,0,0,22.08
2024-10-18,Store_1,SKU_2,139.0,12,1,0,0,22.08
2024-10-19,Store_1,SKU_2,106.82,8,0,0,0,22.08
2024-10-20,Store_1,SKU_2,59.93,4,0,0,0,22.08
2024-10-21,Store_1,SKU_2,88.9,7,0,0,0,22.08
2024-10-22,Store_1,SKU_2,81.6,7,0,0,0,22.08
2024-10-23,Store_1,SKU_2,82.82,6,0,0,0,22.08
2024-10-24,Store_1,SKU_2,90.32,6,0,0,0,22.08
2024-10-25,Store_1,SKU_2,100.33,7,0,0,0,22.08
2024-10-26,Store_1,SKU_2,117.2,13,0,0,0,22.08
2024-10-27,Store_1,SKU_2,49.38,5,0,0,0,22.08
2024-10-28,Store_1,SKU_2,84.17,7,0,0,0,22.08
2024-10-29,Store_1,SKU_2,74.0,5,0,0,0,22.08
2024-10-30,Store_1,SKU_2,79.64,7,0,0,0,22.08
2024-10-31,Store_1,SKU_2,139.65,12,1,0,0,22.08
2024-11-01,Store_1,SKU_2,134.57,11,1,0,0,22.08
2024-11-02,Store_1,SKU_2,120.29,10,0,0,0,22.08
2024-11-03,Store_1,SKU_2,45.53,4,0,0,0,22.08
2024-11-04,Store_1,SKU_2,85.75,7,0,0,0,22.08
2024-11-05,Store_1,SKU_2,75.45,6,0,0,0,22.08
2024-11-06,Store_1,SKU_2,66.44,6,0,0,0,22.08
2024-11-07,Store_1,SKU_2,79.68,7,0,0,0,22.08
2024-11-08,Store_1,SKU_2,101.2,7,0,0,0,22.08
2024-11-09,Store_1,SKU_2,89.58,8,0,0,0,22.08
2024-11-10,Store_1,SKU_2,58.38,6,1,0,0,22.08
2024-11-11,Store_1,SKU_2,90.25,10,0,0,0,22.08
2024-11-12,Store_1,SKU_2,79.29,9,0,0,0,22.08
2024-11-13,Store_1,SKU_2,73.56,7,0,0,0,22.08
2024-11-14,Store_1,SKU_2,77.65,6,0,0,0,22.08
2024-11-15,Store_1,SKU_2,83.16,7,0,0,0,22.08
2024-11-16,Store_1,SKU_2,113.89,12,0,0,0,22.08
2024-11-17,Store_1,SKU_2,46.52,4,0,0,0,22.08
2024-11-18,Store_1,SKU_2,90.39,10,0,0,0,22.08
2024-11-19,Store_1,SKU_2,77.82,6,0,0,0,22.08
2024-11-20,Store_1,SKU_2,69.66,6,0,0,0,22.08
2024-11-21,Store_1,SKU_2,68.4,5,0,0,0,22.08
2024-11-22,Store_1,SKU_2,96.81,11,0,0,0,22.08
2024-11-23,Store_1,SKU_2,104.68,11,0,0,0,22.08
2024-11-24,Store_1,SKU_2,47.64,4,0,0,0,22.08
2024-11-25,Store_1,SKU_2,86.74,7,0,0,0,22.08
2024-11-26,Store_1,SKU_2,68.36,6,0,0,0,22.08
2024-11-27,Store_1,SKU_2,87.75,6,0,0,0,22.08
2024-11-28,Store_1,SKU_2,74.35,5,0,0,0,22.08
2024-11-29,Store_1,SKU_2,83.4,6,0,0,0,22.08
2024-11-30,Store_1,SKU_2,100.07,9,0,0,0,22.08
2024-12-01,Store_1,SKU_2,45.31,3,0,0,0,22.08
2024-12-02,Store_1,SKU_2,75.15,7,0,0,0,22.08
2024-12-03,Store_1,SKU_2,68.88,7,0,0,0,22.08
2024-12-04,Store_1,SKU_2,76.47,7,0,0,0,22.08
2024-12-05,Store_1,SKU_2,88.23,7,0,0,0,22.08
2024-12-06,Store_1,SKU_2,82.59,6,0,0,0,22.08
2024-12-07,Store_1,SKU_2,94.13,8,0,0,0,22.08
2024-12-08,Store_1,SKU_2,64.86,5,1,0,0,22.08
2024-12-09,Store_1,SKU_2,80.74,6,0,0,0,22.08
2024-12-10,Store_1,SKU_2,72.11,5,0,0,0,22.08
2024-12-11,Store_1,SKU_2,69.14,5,0,0,0,22.08
2024-12-12,Store_1,SKU_2,87.23,10,0,0,0,22.08
2024-12-13,Store_1,SKU_2,77.46,7,0,0,0,22.08
2024-12-14,Store_1,SKU_2,88.41,8,0,0,0,22.08
2024-12-15,Store_1,SKU_2,41.14,4,0,0,0,22.08
2024-12-16,Store_1,SKU_2,75.28,8,0,0,0,22.08
2024-12-17,Store_1,SKU_2,74.13,6,0,0,0,22.08
2024-12-18,Store_1,SKU_2,76.03,7,0,0,0,22.08
2024-12-19,Store_1,SKU_2,74.69,6,0,0,0,22.08
2024-12-20,Store_1,SKU_2,125.46,13,1,0,0,22.08
2024-12-21,Store_1,SKU_2,105.58,7,0,0,0,22.08
2024-12-22,Store_1,SKU_2,45.16,3,0,0,0,22.08
2024-12-23,Store_1,SKU_2,78.02,6,0,0,0,22.08
2024-12-24,Store_1,SKU_2,103.73,12,1,0,0,22.08
2024-12-25,Store_1,SKU_2,41.8,3,1,a,0,22.08
2024-12-26,Store_1,SKU_2,28.6,2,0,a,0,22.08
2024-12-27,Store_1,SKU_2,87.4,6,0,0,0,22.08
2024-12-28,Store_1,SKU_2,77.32,5,0,0,0,22.08
2024-12-29,Store_1,SKU_2,45.79,3,0,0,0,22.08
2024-12-30,Store_1,SKU_2,70.71,8,0,0,0,22.08
2024-12-31,Store_1,SKU_2,106.36,12,1,0,0,22.08
2022-01-01,Store_1,SKU_3,47.22,3,0,a,0,5.11
2022-01-02,Store_1,SKU_3,58.91,7,0,0,0,5.11
2022-01-03,Store_1,SKU_3,79.37,5,0,0,0,5.11
2022-01-04,Store_1,SKU_3,105.25,12,0,0,0,5.11
2022-01-05,Store_1,SKU_3,110.31,11,0,0,0,5.11
2022-01-06,Store_1,SKU_3,97.52,12,0,0,0,5.11
2022-01-07,Store_1,SKU_3,125.66,14,0,0,0,5.11
2022-01-08,Store_1,SKU_3,126.07,14,0,0,0,5.11
2022-01-09,Store_1,SKU_3,60.95,4,0,0,0,5.11
2022-01-10,Store_1,SKU_3,96.26,11,0,0,0,5.11
2022-01-11,Store_1,SKU_3,84.88,6,0,0,0,5.11
2022-01-12,Store_1,SKU_3,104.87,9,0,0,0,5.11
2022-01-13,Store_1,SKU_3,91.25,9,0,0,0,5.11
2022-01-14,Store_1,SKU_3,106.85,12,0,0,0,5.11
2022-01-15,Store_1,SKU_3,109.11,12,0,0,0,5.11
2022-01-16,Store_1,SKU_3,58.83,6,0,0,0,5.11
2022-01-17,Store_1,SKU_3,140.15,16,1,0,0,5.11
2022-01-18,Store_1,SKU_3,103.73,8,0,0,0,5.11
2022-01-19,Store_1,SKU_3,85.49,6,0,0,0,5.11
2022-01-20,Store_1,SKU_3,94.31,9,0,0,0,5.11
2022-01-21,Store_1,SKU_3,100.61,9,0,0,0,5.11
2022-01-22,Store_1,SKU_3,115.74,13,0,0,0,5.11
2022-01-23,Store_1,SKU_3,63.02,4,0,0,0,5.11
2022-01-24,Store_1,SKU_3,92.96,7,0,0,0,5.11
2022-01-25,Store_1,SKU_3,114.14,11,0,0,0,5.11
2022-01-26,Store_1,SKU_3,101.52,9,0,0,0,5.11
2022-01-27,Store_1,SKU_3,94.5,7,0,0,0,5.11
2022-01-28,Store_1,SKU_3,108.52,9,0,0,0,5.11
2022-01-29,Store_1,SKU_3,112.29,13,0,0,0,5.11
2022-01-30,Store_1,SKU_3,60.69,5,0,0,0,5.11
2022-01-31,Store_1,SKU_3,139.36,16,1,0,0,5.11
2022-02-01,Store_1,SKU_3,95.55,9,0,0,0,5.11
2022-02-02,Store_1,SKU_3,152.98,13,1,0,0,5.11
2022-02-03,Store_1,SKU_3,106.74,8,0,0,0,5.11
2022-02-04,Store_1,SKU_3,123.77,10,0,0,0,5.11
2022-02-05,Store_1,SKU_3,135.35,13,0,0,0,5.11
2022-02-06,Store_1,SKU_3,104.39,7,1,0,0,5.11
2022-02-07,Store_1,SKU_3,125.96,12,0,0,0,5.11
2022-02-08,Store_1,SKU_3,123.72,12,0,0,0,5.11
2022-02-09,Store_1,SKU_3,106.01,12,0,0,0,5.11
2022-02-10,Store_1,SKU_3,119.12,9,0,0,0,5.11
2022-02-11,Store_1,SKU_3,141.86,11,1,0,0,5.11
2022-02-12,Store_1,SKU_3,147.08,11,0,0,0,5.11
2022-02-13,Store_1,SKU_3,76.0,5,0,0,0,5.11
2022-02-14,Store_1,SKU_3,123.45,9,0,0,0,5.11
2022-02-15,Store_1,SKU_3,97.82,8,0,0,0,5.11
2022-02-16,Store_1,SKU_3,91.81,8,0,0,0,5.11
2022-02-17,Store_1,SKU_3,131.54,10,0,0,0,5.11
2022-02-18,Store_1,SKU_3,119.43,13,0,0,0,5.11
2022-02-19,Store_1,SKU_3,129.74,11,0,0,0,5.11
2022-02-20,Store_1,SKU_3,72.26,6,0,0,0,5.11
2022-02-21,Store_1,SKU_3,108.93,9,0,0,0,5.11
2022-02-22,Store_1,SKU_3,151.7,13,1,0,0,5.11
2022-02-23,Store_1,SKU_3,105.4,10,0,0,0,5.11
2022-02-24,Store_1,SKU_3,165.31,11,1,0,0,5.11
2022-02-25,Store_1,SKU_3,118.0,12,0,0,0,5.11
2022-02-26,Store_1,SKU_3,150.35,14,0,0,0,5.11
2022-02-27,Store_1,SKU_3,93.09,9,1,0,0,5.11
2022-02-28,Store_1,SKU_3,108.36,9,0,0,0,5.11
2022-03-01,Store_1,SKU_3,125.17,11,0,0,0,5.11
2022-03-02,Store_1,SKU_3,128.53,9,0,0,0,5.11
2022-03-03,Store_1,SKU_3,184.13,15,1,0,0,5.11
2022-03-04,Store_1,SKU_3,152.08,18,0,0,0,5.11
2022-03-05,Store_1,SKU_3,179.67,17,0,0,0,5.11
2022-03-06,Store_1,SKU_3,81.35,8,0,0,0,5.11
2022-03-07,Store_1,SKU_3,131.15,10,0,0,0,5.11
2022-03-08,Store_1,SKU_3,111.82,8,0,0,0,5.11
2022-03-09,Store_1,SKU_3,188.65,15,1,0,0,5.11
2022-03-10,Store_1,SKU_3,142.41,15,0,0,0,5.11
2022-03-11,Store_1,SKU_3,138.6,15,0,0,0,5.11
2022-03-12,Store_1,SKU_3,172.55,21,0,0,0,5.11
2022-03-13,Store_1,SKU_3,81.54,5,0,0,0,5.11
2022-03-14,Store_1,SKU_3,151.03,16,0,0,0,5.11
2022-03-15,Store_1,SKU_3,149.92,11,0,0,0,5.11
2022-03-16,Store_1,SKU_3,124.3,11,0,0,0,5.11
2022-03-17,Store_1,SKU_3,137.13,14,0,0,0,5.11
2022-03-18,Store_1,SKU_3,148.72,13,0,0,0,5.11
2022-03-19,Store_1,SKU_3,162.19,17,0,0,0,5.11
2022-03-20,Store_1,SKU_3,84.43,7,0,0,0,5.11
2022-03-21,Store_1,SKU_3,143.05,12,0,0,0,5.11
2022-03-22,Store_1,SKU_3,120.87,11,0,0,0,5.11
2022-03-23,Store_1,SKU_3,136.41,16,0,0,0,5.11
2022-03-24,Store_1,SKU_3,139.93,12,0,0,0,5.11
2022-03-25,Store_1,SKU_3,190.26,22,1,0,0,5.11
2022-03-26,Store_1,SKU_3,162.98,12,0,0,0,5.11
2022-03-27,Store_1,SKU_3,83.73,6,0,0,0,5.11
2022-03-28,Store_1,SKU_3,201.4,16,1,0,0,5.11
2022-03-29,Store_1,SKU_3,122.66,10,0,0,0,5.11
2022-03-30,Store_1,SKU_3,111.15,9,0,0,0,5.11
2022-03-31,Store_1,SKU_3,180.6,20,1,0,0,5.11
2022-04-01,Store_1,SKU_3,166.56,13,0,0,0,5.11
2022-04-02,Store_1,SKU_3,237.65,26,1,0,0,5.11
2022-04-03,Store_1,SKU_3,89.76,6,0,0,0,5.11
2022-04-04,Store_1,SKU_3,209.62,15,1,0,0,5.11
2022-04-05,Store_1,SKU_3,124.3,9,0,0,0,5.11
2022-04-06,Store_1,SKU_3,121.67,10,0,0,0,5.11
2022-04-07,Store_1,SKU_3,153.62,13,0,0,0,5.11
2022-04-08,Store_1,SKU_3,152.3,11,0,0,0,5.11
2022-04-09,Store_1,SKU_3,261.32,25,1,0,0,5.11
2022-04-10,Store_1,SKU_3,86.08,7,0,0,0,5.11
2022-04-11,Store_1,SKU_3,141.05,10,0,0,0,5.11
2022-04-12,Store_1,SKU_3,124.8,12,0,0,0,5.11
2022-04-13,Store_1,SKU_3,210.72,20,1,0,0,5.11
2022-04-14,Store_1,SKU_3,166.74,16,0,0,0,5.11
2022-04-15,Store_1,SKU_3,168.19,17,0,0,0,5.11
2022-04-16,Store_1,SKU_3,202.6,15,0,0,0,5.11
2022-04-17,Store_1,SKU_3,94.72,9,0,0,0,5.11
2022-04-18,Store_1,SKU_3,149.47,13,0,0,0,5.11
2022-04-19,Store_1,SKU_3,200.15,17,1,0,0,5.11
2022-04-20,Store_1,SKU_3,140.74,16,0,0,0,5.11
2022-04-21,Store_1,SKU_3,149.91,14,0,0,0,5.11
2022-04-22,Store_1,SKU_3,160.91,18,0,0,0,5.11
2022-04-23,Store_1,SKU_3,248.86,18,1,0,0,5.11
2022-04-24,Store_1,SKU_3,91.97,8,0,0,0,5.11
2022-04-25,Store_1,SKU_3,148.92,15,0,0,0,5.11
2022-04-26,Store_1,SKU_3,135.71,10,0,0,0,5.11
2022-04-27,Store_1,SKU_3,147.48,16,0,0,0,5.11
2022-04-28,Store_1,SKU_3,192.35,15,1,0,0,5.11
2022-04-29,Store_1,SKU_3,149.0,15,0,0,0,5.11
2022-04-30,Store_1,SKU_3,174.88,13,0,0,0,5.11
2022-05-01,Store_1,SKU_3,94.72,11,0,0,0,5.11
2022-05-02,Store_1,SKU_3,171.16,16,0,0,0,5.11
2022-05-03,Store_1,SKU_3,153.22,11,0,0,0,5.11
2022-05-04,Store_1,SKU_3,235.3,18,1,0,0,5.11
2022-05-05,Store_1,SKU_3,160.91,19,0,0,0,5.11
2022-05-06,Store_1,SKU_3,178.98,22,0,0,0,5.11
2022-05-07,Store_1,SKU_3,176.84,13,0,0,0,5.11
2022-05-08,Store_1,SKU_3,95.64,9,0,0,0,5.11
2022-05-09,Store_1,SKU_3,162.12,14,0,0,0,5.11
2022-05-10,Store_1,SKU_3,159.57,14,0,0,0,5.11
2022-05-11,Store_1,SKU_3,153.95,11,0,0,0,5.11
2022-05-12,Store_1,SKU_3,148.58,16,0,0,0,5.11
2022-05-13,Store_1,SKU_3,191.74,22,0,0,0,5.11
2022-05-14,Store_1,SKU_3,206.97,15,0,0,0,5.11
2022-05-15,Store_1,SKU_3,96.75,8,0,0,0,5.11
2022-05-16,Store_1,SKU_3,244.82,26,1,0,0,5.11
2022-05-17,Store_1,SKU_3,124.12,9,0,0,0,5.11
2022-05-18,Store_1,SKU_3,136.73,15,0,0,0,5.11
2022-05-19,Store_1,SKU_3,154.39,11,0,0,0,5.11
2022-05-20,Store_1,SKU_3,163.28,18,0,0,0,5.11
2022-05-21,Store_1,SKU_3,274.68,32,1,0,0,5.11
2022-05-22,Store_1,SKU_3,107.31,7,0,0,0,5.11
2022-05-23,Store_1,SKU_3,176.2,14,0,0,0,5.11
2022-05-24,Store_1,SKU_3,159.74,13,0,0,0,5.11
2022-05-25,Store_1,SKU_3,160.51,17,0,0,0,5.11
2022-05-26,Store_1,SKU_3,168.35,14,0,0,0,5.11
2022-05-27,Store_1,SKU_3,183.72,14,0,0,0,5.11
2022-05-28,Store_1,SKU_3,236.23,19,0,0,0,5.11
2022-05-29,Store_1,SKU_3,105.61,12,0,0,0,5.11
2022-05-30,Store_1,SKU_3,177.29,22,0,0,0,5.11
2022-05-31,Store_1,SKU_3,159.82,12,0,0,0,5.11
2022-06-01,Store_1,SKU_3,149.77,11,0,0,0,5.11
2022-06-02,Store_1,SKU_3,154.44,14,0,0,0,5.11
2022-06-03,Store_1,SKU_3,169.82,17,0,0,0,5.11
2022-06-04,Store_1,SKU_3,203.16,18,0,0,0,5.11
2022-06-05,Store_1,SKU_3,94.59,7,0,0,0,5.11
2022-06-06,Store_1,SKU_3,158.48,16,0,0,0,5.11
2022-06-07,Store_1,SKU_3,212.87,26,1,0,0,5.11
2022-06-08,Store_1,SKU_3,148.4,11,0,0,0,5.11
2022-06-09,Store_1,SKU_3,187.57,17,0,0,0,5.11
2022-06-10,Store_1,SKU_3,175.51,15,0,0,0,5.11
2022-06-11,Store_1,SKU_3,204.69,19,0,0,0,5.11
2022-06-12,Store_1,SKU_3,79.22,5,0,0,0,5.11
2022-06-13,Store_1,SKU_3,177.1,15,0,0,0,5.11
2022-06-14,Store_1,SKU_3,166.29,19,0,0,0,5.11
2022-06-15,Store_1,SKU_3,172.31,15,0,0,0,5.11
2022-06-16,Store_1,SKU_3,161.31,15,0,0,0,5.11
2022-06-17,Store_1,SKU_3,283.3,28,1,0,0,5.11
2022-06-18,Store_1,SKU_3,199.73,21,0,0,0,5.11
2022-06-19,Store_1,SKU_3,105.08,8,0,0,0,5.11
2022-06-20,Store_1,SKU_3,173.7,20,0,0,0,5.11
2022-06-21,Store_1,SKU_3,215.04,25,1,0,0,5.11
2022-06-22,Store_1,SKU_3,175.37,15,0,0,0,5.11
2022-06-23,Store_1,SKU_3,167.15,17,0,0,0,5.11
2022-06-24,Store_1,SKU_3,185.23,15,0,0,0,5.11
2022-06-25,Store_1,SKU_3,219.25,22,0,0,0,5.11
2022-06-26,Store_1,SKU_3,96.2,11,0,0,0,5.11
2022-06-27,Store_1,SKU_3,234.6,19,1,0,0,5.11
2022-06-28,Store_1,SKU_3,175.3,14,0,0,0,5.11
2022-06-29,Store_1,SKU_3,165.93,16,0,0,0,5.11
2022-06-30,Store_1,SKU_3,163.88,12,0,0,0,5.11
2022-07-01,Store_1,SKU_3,159.18,16,0,0,1,5.11
2022-07-02,Store_1,SKU_3,204.05,15,0,0,1,5.11
2022-07-03,Store_1,SKU_3,102.77,12,0,0,0,5.11
2022-07-04,Store_1,SKU_3,146.24,10,0,0,1,5.11
2022-07-05,Store_1,SKU_3,192.69,20,1,0,1,5.11
2022-07-06,Store_1,SKU_3,165.42,14,0,0,1,5.11
2022-07-07,Store_1,SKU_3,182.47,15,0,0,1,5.11
2022-07-08,Store_1,SKU_3,174.74,13,0,0,1,5.11
2022-07-09,Store_1,SKU_3,206.96,21,0,0,0,5.11
2022-07-10,Store_1,SKU_3,104.68,7,0,0,0,5.11
2022-07-11,Store_1,SKU_3,152.72,11,0,0,0,5.11
2022-07-12,Store_1,SKU_3,152.56,15,0,0,0,5.11
2022-07-13,Store_1,SKU_3,136.56,11,0,0,0,5.11
2022-07-14,Store_1,SKU_3,176.23,18,0,0,0,5.11
2022-07-15,Store_1,SKU_3,189.66,19,0,0,0,5.11
2022-07-16,Store_1,SKU_3,205.13,19,0,0,1,5.11
2022-07-17,Store_1,SKU_3,132.02,15,1,0,0,5.11
2022-07-18,Store_1,SKU_3,176.89,13,0,0,0,5.11
2022-07-19,Store_1,SKU_3,154.71,14,0,0,1,5.11
2022-07-20,Store_1,SKU_3,135.46,16,0,0,0,5.11
2022-07-21,Store_1,SKU_3,155.32,12,0,0,1,5.11
2022-07-22,Store_1,SKU_3,176.92,17,0,0,1,5.11
2022-07-23,Store_1,SKU_3,177.63,15,0,0,0,5.11
2022-07-24,Store_1,SKU_3,138.47,10,1,0,1,5.11
2022-07-25,Store_1,SKU_3,154.69,14,0,0,1,5.11
2022-07-26,Store_1,SKU_3,142.15,16,0,0,0,5.11
2022-07-27,Store_1,SKU_3,166.75,14,0,0,0,5.11
2022-07-28,Store_1,SKU_3,157.91,11,0,0,0,5.11
2022-07-29,Store_1,SKU_3,176.35,18,0,0,0,5.11
2022-07-30,Store_1,SKU_3,183.29,13,0,0,0,5.11
2022-07-31,Store_1,SKU_3,95.76,11,0,0,0,5.11
2022-08-01,Store_1,SKU_3,162.18,15,0,0,0,5.11
2022-08-02,Store_1,SKU_3,136.37,13,0,0,1,5.11
2022-08-03,Store_1,SKU_3,134.2,13,0,0,1,5.11
2022-08-04,Store_1,SKU_3,136.31,15,0,0,1,5.11
2022-08-05,Store_1,SKU_3,164.33,15,0,0,0,5.11
2022-08-06,Store_1,SKU_3,166.08,16,0,0,1,5.11
2022-08-07,Store_1,SKU_3,94.08,8,0,0,0,5.11
2022-08-08,Store_1,SKU_3,156.17,13,0,0,1,5.11
2022-08-09,Store_1,SKU_3,136.06,14,0,0,0,5.11
2022-08-10,Store_1,SKU_3,148.79,11,0,0,1,5.11
2022-08-11,Store_1,SKU_3,148.8,12,0,0,1,5.11
2022-08-12,Store_1,SKU_3,158.51,15,0,0,0,5.11
2022-08-13,Store_1,SKU_3,185.63,14,0,0,0,5.11
2022-08-14,Store_1,SKU_3,95.73,8,0,0,1,5.11
2022-08-15,Store_1,SKU_3,153.26,12,0,0,0,5.11
2022-08-16,Store_1,SKU_3,148.25,15,0,0,0,5.11
2022-08-17,Store_1,SKU_3,139.71,10,0,0,0,5.11
2022-08-18,Store_1,SKU_3,154.6,17,0,0,0,5.11
2022-08-19,Store_1,SKU_3,245.12,24,1,0,1,5.11
2022-08-20,Store_1,SKU_3,186.37,15,0,0,1,5.11
2022-08-21,Store_1,SKU_3,127.03,9,1,0,0,5.11
2022-08-22,Store_1,SKU_3,129.84,15,0,0,1,5.11
2022-08-23,Store_1,SKU_3,132.74,14,0,0,0,5.11
2022-08-24,Store_1,SKU_3,157.17,12,0,0,1,5.11
2022-08-25,Store_1,SKU_3,135.8,13,0,0,0,5.11
2022-08-26,Store_1,SKU_3,179.11,15,0,0,0,5.11
2022-08-27,Store_1,SKU_3,189.44,20,0,0,0,5.11
2022-08-28,Store_1,SKU_3,82.51,8,0,0,0,5.11
2022-08-29,Store_1,SKU_3,146.78,16,0,0,1,5.11
2022-08-30,Store_1,SKU_3,136.31,14,0,0,1,5.11
2022-08-31,Store_1,SKU_3,160.0,11,0,0,0,5.11
2022-09-01,Store_1,SKU_3,186.37,16,1,0,0,5.11
2022-09-02,Store_1,SKU_3,148.49,13,0,0,0,5.11
2022-09-03,Store_1,SKU_3,166.15,13,0,0,0,5.11
2022-09-04,Store_1,SKU_3,69.04,5,0,0,0,5.11
2022-09-05,Store_1,SKU_3,145.39,15,0,0,0,5.11
2022-09-06,Store_1,SKU_3,135.09,10,0,0,0,5.11
2022-09-07,Store_1,SKU_3,174.55,19,1,0,0,5.11
2022-09-08,Store_1,SKU_3,126.19,14,0,0,0,5.11
2022-09-09,Store_1,SKU_3,122.45,12,0,0,0,5.11
2022-09-10,Store_1,SKU_3,143.47,11,0,0,0,5.11
2022-09-11,Store_1,SKU_3,80.98,8,0,0,0,5.11
2022-09-12,Store_1,SKU_3,180.96,20,1,0,0,5.11
2022-09-13,Store_1,SKU_3,128.81,13,0,0,0,5.11
2022-09-14,Store_1,SKU_3,137.75,12,0,0,0,5.11
2022-09-15,Store_1,SKU_3,129.41,11,0,0,0,5.11
2022-09-16,Store_1,SKU_3,140.56,15,0,0,0,5.11
2022-09-17,Store_1,SKU_3,172.0,13,0,0,0,5.11
2022-09-18,Store_1,SKU_3,77.28,8,0,0,0,5.11
2022-09-19,Store_1,SKU_3,170.28,15,0,0,0,5.11
2022-09-20,Store_1,SKU_3,171.07,14,1,0,0,5.11
2022-09-21,Store_1,SKU_3,125.7,15,0,0,0,5.11
2022-09-22,Store_1,SKU_3,115.25,10,0,0,0,5.11
2022-09-23,Store_1,SKU_3,212.71,16,1,0,0,5.11
2022-09-24,Store_1,SKU_3,158.71,16,0,0,0,5.11
2022-09-25,Store_1,SKU_3,103.48,8,1,0,0,5.11
2022-09-26,Store_1,SKU_3,204.19,20,1,0,0,5.11
2022-09-27,Store_1,SKU_3,123.72,10,0,0,0,5.11
2022-09-28,Store_1,SKU_3,126.52,14,0,0,0,5.11
2022-09-29,Store_1,SKU_3,191.27,16,1,0,0,5.11
2022-09-30,Store_1,SKU_3,135.35,9,0,0,0,5.11
2022-10-01,Store_1,SKU_3,141.71,12,0,0,0,5.11
2022-10-02,Store_1,SKU_3,67.25,4,0,0,0,5.11
2022-10-03,Store_1,SKU_3,131.18,10,0,0,0,5.11
2022-10-04,Store_1,SKU_3,100.25,7,0,0,0,5.11
2022-10-05,Store_1,SKU_3,164.97,12,1,0,0,5.11
2022-10-06,Store_1,SKU_3,134.22,10,0,0,0,5.11
2022-10-07,Store_1,SKU_3,192.55,18,1,0,0,5.11
2022-10-08,Store_1,SKU_3,147.07,11,0,0,0,5.11
2022-10-09,Store_1,SKU_3,79.94,8,0,0,0,5.11
2022-10-10,Store_1,SKU_3,114.78,14,0,0,0,5.11
2022-10-11,Store_1,SKU_3,107.59,9,0,0,0,5.11
2022-10-12,Store_1,SKU_3,163.8,13,1,0,0,5.11
2022-10-13,Store_1,SKU_3,127.13,13,0,0,0,5.11
2022-10-14,Store_1,SKU_3,118.67,13,0,0,0,5.11
2022-10-15,Store_1,SKU_3,164.31,14,0,0,0,5.11
2022-10-16,Store_1,SKU_3,71.36,5,0,0,0,5.11
2022-10-17,Store_1,SKU_3,124.09,9,0,0,0,5.11
2022-10-18,Store_1,SKU_3,95.63,7,0,0,0,5.11
2022-10-19,Store_1,SKU_3,151.11,12,1,0,0,5.11
2022-10-20,Store_1,SKU_3,118.79,13,0,0,0,5.11
2022-10-21,Store_1,SKU_3,133.67,13,0,0,0,5.11
2022-10-22,Store_1,SKU_3,142.56,15,0,0,0,5.11
2022-10-23,Store_1,SKU_3,71.01,5,0,0,0,5.11
2022-10-24,Store_1,SKU_3,152.54,12,1,0,0,5.11
2022-10-25,Store_1,SKU_3,115.73,14,0,0,0,5.11
2022-10-26,Store_1,SKU_3,111.19,8,0,0,0,5.11
2022-10-27,Store_1,SKU_3,117.21,10,0,0,0,5.11
2022-10-28,Store_1,SKU_3,127.54,9,0,0,0,5.11
2022-10-29,Store_1,SKU_3,147.28,15,0,0,0,5.11
2022-10-30,Store_1,SKU_3,64.77,5,0,0,0,5.11
2022-10-31,Store_1,SKU_3,125.35,9,0,0,0,5.11
2022-11-01,Store_1,SKU_3,132.33,15,1,0,0,5.11
2022-11-02,Store_1,SKU_3,100.42,9,0,0,0,5.11
2022-11-03,Store_1,SKU_3,114.33,10,0,0,0,5.11
2022-11-04,Store_1,SKU_3,118.77,14,0,0,0,5.11
2022-11-05,Store_1,SKU_3,123.78,10,0,0,0,5.11
2022-11-06,Store_1,SKU_3,60.99,5,0,0,0,5.11
2022-11-07,Store_1,SKU_3,98.18,8,0,0,0,5.11
2022-11-08,Store_1,SKU_3,101.86,10,0,0,0,5.11
2022-11-09,Store_1,SKU_3,114.66,11,0,0,0,5.11
2022-11-10,Store_1,SKU_3,112.88,11,0,0,0,5.11
2022-11-11,Store_1,SKU_3,113.78,12,0,0,0,5.11
2022-11-12,Store_1,SKU_3,136.97,11,0,0,0,5.11
2022-11-13,Store_1,SKU_3,58.2,5,0,0,0,5.11
2022-11-14,Store_1,SKU_3,109.55,11,0,0,0,5.11
2022-11-15,Store_1,SKU_3,115.38,10,1,0,0,5.11
2022-11-16,Store_1,SKU_3,109.36,8,0,0,0,5.11
2022-11-17,Store_1,SKU_3,110.65,8,0,0,0,5.11
2022-11-18,Store_1,SKU_3,123.95,13,0,0,0,5.11
2022-11-19,Store_1,SKU_3,115.96,10,0,0,0,5.11
2022-11-20,Store_1,SKU_3,65.28,5,0,0,0,5.11
2022-11-21,Store_1,SKU_3,116.16,8,0,0,0,5.11
2022-11-22,Store_1,SKU_3,93.63,9,0,0,0,5.11
2022-11-23,Store_1,SKU_3,101.61,8,0,0,0,5.11
2022-11-24,Store_1,SKU_3,114.91,9,0,0,0,5.11
2022-11-25,Store_1,SKU_3,116.32,13,0,0,0,5.11
2022-11-26,Store_1,SKU_3,134.22,9,0,0,0,5.11
2022-11-27,Store_1,SKU_3,67.15,7,0,0,0,5.11
2022-11-28,Store_1,SKU_3,102.49,9,0,0,0,5.11
2022-11-29,Store_1,SKU_3,160.37,11,1,0,0,5.11
2022-11-30,Store_1,SKU_3,97.11,8,0,0,0,5.11
2022-12-01,Store_1,SKU_3,151.29,17,1,0,0,5.11
2022-12-02,Store_1,SKU_3,109.75,12,0,0,0,5.11
2022-12-03,Store_1,SKU_3,121.15,12,0,0,0,5.11
2022-12-04,Store_1,SKU_3,85.03,6,1,0,0,5.11
2022-12-05,Store_1,SKU_3,153.99,18,1,0,0,5.11
2022-12-06,Store_1,SKU_3,92.07,6,0,0,0,5.11
2022-12-07,Store_1,SKU_3,86.86,6,0,0,0,5.11
2022-12-08,Store_1,SKU_3,107.99,13,0,0,0,5.11
2022-12-09,Store_1,SKU_3,98.06,8,0,0,0,5.11
2022-12-10,Store_1,SKU_3,121.96,12,0,0,0,5.11
2022-12-11,Store_1,SKU_3,73.12,8,0,0,0,5.11
2022-12-12,Store_1,SKU_3,96.31,9,0,0,0,5.11
2022-12-13,Store_1,SKU_3,85.49,8,0,0,0,5.11
2022-12-14,Store_1,SKU_3,82.71,9,0,0,0,5.11
2022-12-15,Store_1,SKU_3,89.69,8,0,0,0,5.11
2022-12-16,Store_1,SKU_3,123.46,11,0,0,0,5.11
2022-12-17,Store_1,SKU_3,132.62,10,0,0,0,5.11
2022-12-18,Store_1,SKU_3,61.52,5,0,0,0,5.11
2022-12-19,Store_1,SKU_3,104.95,8,0,0,0,5.11
2022-12-20,Store_1,SKU_3,102.85,10,0,0,0,5.11
2022-12-21,Store_1,SKU_3,108.2,9,0,0,0,5.11
2022-12-22,Store_1,SKU_3,103.16,11,0,0,0,5.11
2022-12-23,Store_1,SKU_3,98.54,8,0,0,0,5.11
2022-12-24,Store_1,SKU_3,136.22,10,0,0,0,5.11
2022-12-25,Store_1,SKU_3,21.76,1,0,a,0,5.11
2022-12-26,Store_1,SKU_3,46.09,4,0,a,0,5.11
2022-12-27,Store_1,SKU_3,103.19,10,0,0,0,5.11
2022-12-28,Store_1,SKU_3,98.89,8,0,0,0,5.11
2022-12-29,Store_1,SKU_3,108.94,11,0,0,0,5.11
2022-12-30,Store_1,SKU_3,129.61,10,0,0,0,5.11
2022-12-31,Store_1,SKU_3,134.47,15,0,0,0,5.11
2023-01-01,Store_1,SKU_3,25.97,2,0,a,0,5.11
2023-01-02,Store_1,SKU_3,109.45,11,0,0,0,5.11
2023-01-03,Store_1,SKU_3,102.05,12,0,0,0,5.11
2023-01-04,Store_1,SKU_3,97.52,9,0,0,0,5.11
2023-01-05,Store_1,SKU_3,96.04,7,0,0,0,5.11
2023-01-06,Store_1,SKU_3,138.53,15,0,0,0,5.11
2023-01-07,Store_1,SKU_3,138.05,12,0,0,0,5.11
2023-01-08,Store_1,SKU_3,63.76,5,0,0,0,5.11
2023-01-09,Store_1,SKU_3,110.01,7,0,0,0,5.11
2023-01-10,Store_1,SKU_3,96.39,9,0,0,0,5.11
2023-01-11,Store_1,SKU_3,106.28,10,0,0,0,5.11
2023-01-12,Store_1,SKU_3,97.75,9,0,0,0,5.11
2023-01-13,Store_1,SKU_3,124.86,10,0,0,0,5.11
2023-01-14,Store_1,SKU_3,127.15,9,0,0,0,5.11
2023-01-15,Store_1,SKU_3,68.95,5,0,0,0,5.11
2023-01-16,Store_1,SKU_3,113.8,11,0,0,0,5.11
2023-01-17,Store_1,SKU_3,104.83,11,0,0,0,5.11
2023-01-18,Store_1,SKU_3,105.59,7,0,0,0,5.11
2023-01-19,Store_1,SKU_3,115.84,12,0,0,0,5.11
2023-01-20,Store_1,SKU_3,106.18,7,0,0,0,5.11
2023-01-21,Store_1,SKU_3,182.79,16,1,0,0,5.11
2023-01-22,Store_1,SKU_3,54.38,6,0,0,0,5.11
2023-01-23,Store_1,SKU_3,83.44,8,0,0,0,5.11
2023-01-24,Store_1,SKU_3,111.48,12,0,0,0,5.11
2023-01-25,Store_1,SKU_3,146.99,17,1,0,0,5.11
2023-01-26,Store_1,SKU_3,109.68,8,0,0,0,5.11
2023-01-27,Store_1,SKU_3,134.11,14,0,0,0,5.11
2023-01-28,Store_1,SKU_3,125.52,12,0,0,0,5.11
2023-01-29,Store_1,SKU_3,93.73,6,1,0,0,5.11
2023-01-30,Store_1,SKU_3,99.31,7,0,0,0,5.11
2023-01-31,Store_1,SKU_3,116.81,11,0,0,0,5.11
2023-02-01,Store_1,SKU_3,117.24,8,0,0,0,5.11
2023-02-02,Store_1,SKU_3,120.94,11,0,0,0,5.11
2023-02-03,Store_1,SKU_3,160.22,11,0,0,0,5.11
2023-02-04,Store_1,SKU_3,166.83,14,0,0,0,5.11
2023-02-05,Store_1,SKU_3,72.57,8,0,0,0,5.11
2023-02-06,Store_1,SKU_3,126.05,9,0,0,0,5.11
2023-02-07,Store_1,SKU_3,152.76,14,0,0,0,5.11
2023-02-08,Store_1,SKU_3,145.0,13,1,0,0,5.11
2023-02-09,Store_1,SKU_3,116.47,14,0,0,0,5.11
2023-02-10,Store_1,SKU_3,147.22,14,0,0,0,5.11
2023-02-11,Store_1,SKU_3,168.43,13,0,0,0,5.11
2023-02-12,Store_1,SKU_3,108.09,9,1,0,0,5.11
2023-02-13,Store_1,SKU_3,113.73,8,0,0,0,5.11
2023-02-14,Store_1,SKU_3,110.92,11,0,0,0,5.11
2023-02-15,Store_1,SKU_3,111.38,8,0,0,0,5.11
2023-02-16,Store_1,SKU_3,108.65,10,0,0,0,5.11
2023-02-17,Store_1,SKU_3,201.51,24,1,0,0,5.11
2023-02-18,Store_1,SKU_3,168.93,18,0,0,0,5.11
2023-02-19,Store_1,SKU_3,80.87,6,0,0,0,5.11
2023-02-20,Store_1,SKU_3,113.96,9,0,0,0,5.11
2023-02-21,Store_1,SKU_3,149.71,16,1,0,0,5.11
2023-02-22,Store_1,SKU_3,106.14,12,0,0,0,5.11
2023-02-23,Store_1,SKU_3,136.73,15,0,0,0,5.11
2023-02-24,Store_1,SKU_3,139.34,13,0,0,0,5.11
2023-02-25,Store_1,SKU_3,151.06,12,0,0,0,5.11
2023-02-26,Store_1,SKU_3,106.17,12,1,0,0,5.11
2023-02-27,Store_1,SKU_3,120.35,9,0,0,0,5.11
2023-02-28,Store_1,SKU_3,119.24,9,0,0,0,5.11
2023-03-01,Store_1,SKU_3,114.1,8,0,0,0,5.11
2023-03-02,Store_1,SKU_3,137.38,10,0,0,0,5.11
2023-03-03,Store_1,SKU_3,139.38,12,0,0,0,5.11
2023-03-04,Store_1,SKU_3,189.61,15,0,0,0,5.11
2023-03-05,Store_1,SKU_3,74.67,7,0,0,0,5.11
2023-03-06,Store_1,SKU_3,131.66,12,0,0,0,5.11
2023-03-07,Store_1,SKU_3,137.89,11,0,0,0,5.11
2023-03-08,Store_1,SKU_3,131.07,12,0,0,0,5.11
2023-03-09,Store_1,SKU_3,142.38,16,0,0,0,5.11
2023-03-10,Store_1,SKU_3,160.5,15,0,0,0,5.11
2023-03-11,Store_1,SKU_3,199.37,18,0,0,0,5.11
2023-03-12,Store_1,SKU_3,85.26,8,0,0,0,5.11
2023-03-13,Store_1,SKU_3,146.17,17,0,0,0,5.11
2023-03-14,Store_1,SKU_3,126.2,10,0,0,0,5.11
2023-03-15,Store_1,SKU_3,121.95,11,0,0,0,5.11
2023-03-16,Store_1,SKU_3,120.9,9,0,0,0,5.11
2023-03-17,Store_1,SKU_3,169.75,18,0,0,0,5.11
2023-03-18,Store_1,SKU_3,176.07,14,0,0,0,5.11
2023-03-19,Store_1,SKU_3,84.02,7,0,0,0,5.11
2023-03-20,Store_1,SKU_3,128.8,9,0,0,0,5.11
2023-03-21,Store_1,SKU_3,121.37,12,0,0,0,5.11
2023-03-22,Store_1,SKU_3,194.18,14,1,0,0,5.11
2023-03-23,Store_1,SKU_3,130.01,12,0,0,0,5.11
2023-03-24,Store_1,SKU_3,148.99,15,0,0,0,5.11
2023-03-25,Store_1,SKU_3,165.81,20,0,0,0,5.11
2023-03-26,Store_1,SKU_3,116.86,9,1,0,0,5.11
2023-03-27,Store_1,SKU_3,138.41,13,0,0,0,5.11
2023-03-28,Store_1,SKU_3,135.73,15,0,0,0,5.11
2023-03-29,Store_1,SKU_3,120.71,12,0,0,0,5.11
2023-03-30,Store_1,SKU_3,156.84,19,0,0,0,5.11
2023-03-31,Store_1,SKU_3,157.15,18,0,0,0,5.11
2023-04-01,Store_1,SKU_3,179.44,20,0,0,0,5.11
2023-04-02,Store_1,SKU_3,89.69,9,0,0,0,5.11
2023-04-03,Store_1,SKU_3,244.37,18,1,0,0,5.11
2023-04-04,Store_1,SKU_3,156.99,11,0,0,0,5.11
2023-04-05,Store_1,SKU_3,153.43,11,0,0,0,5.11
2023-04-06,Store_1,SKU_3,157.48,15,0,0,0,5.11
2023-04-07,Store_1,SKU_3,177.5,17,0,0,0,5.11
2023-04-08,Store_1,SKU_3,192.24,18,0,0,0,5.11
2023-04-09,Store_1,SKU_3,137.73,14,1,0,0,5.11
2023-04-10,Store_1,SKU_3,172.49,17,0,0,0,5.11
2023-04-11,Store_1,SKU_3,146.52,16,0,0,0,5.11
2023-04-12,Store_1,SKU_3,155.17,12,0,0,0,5.11
2023-04-13,Store_1,SKU_3,155.99,18,0,0,0,5.11
2023-04-14,Store_1,SKU_3,160.11,17,0,0,0,5.11
2023-04-15,Store_1,SKU_3,205.33,15,0,0,0,5.11
2023-04-16,Store_1,SKU_3,91.83,10,0,0,0,5.11
2023-04-17,Store_1,SKU_3,147.31,18,0,0,0,5.11
2023-04-18,Store_1,SKU_3,202.02,22,1,0,0,5.11
2023-04-19,Store_1,SKU_3,143.31,14,0,0,0,5.11
2023-04-20,Store_1,SKU_3,140.76,10,0,0,0,5.11
2023-04-21,Store_1,SKU_3,183.11,16,0,0,0,5.11
2023-04-22,Store_1,SKU_3,177.64,17,0,0,0,5.11
2023-04-23,Store_1,SKU_3,88.99,9,0,0,0,5.11
2023-04-24,Store_1,SKU_3,164.67,14,0,0,0,5.11
2023-04-25,Store_1,SKU_3,157.05,14,0,0,0,5.11
2023-04-26,Store_1,SKU_3,179.67,13,1,0,0,5.11
2023-04-27,Store_1,SKU_3,165.57,13,0,0,0,5.11
2023-04-28,Store_1,SKU_3,229.24,16,1,0,0,5.11
2023-04-29,Store_1,SKU_3,234.05,27,0,0,0,5.11
2023-04-30,Store_1,SKU_3,104.97,11,0,0,0,5.11
2023-05-01,Store_1,SKU_3,170.38,17,0,0,0,5.11
2023-05-02,Store_1,SKU_3,177.88,16,0,0,0,5.11
2023-05-03,Store_1,SKU_3,155.52,12,0,0,0,5.11
2023-05-04,Store_1,SKU_3,149.76,12,0,0,0,5.11
2023-05-05,Store_1,SKU_3,167.44,13,0,0,0,5.11
2023-05-06,Store_1,SKU_3,320.92,25,1,0,0,5.11
2023-05-07,Store_1,SKU_3,83.43,8,0,0,0,5.11
2023-05-08,Store_1,SKU_3,200.58,19,0,0,0,5.11
2023-05-09,Store_1,SKU_3,159.45,14,0,0,0,5.11
2023-05-10,Store_1,SKU_3,166.49,14,0,0,0,5.11
2023-05-11,Store_1,SKU_3,164.77,15,0,0,0,5.11
2023-05-12,Store_1,SKU_3,196.09,24,0,0,0,5.11
2023-05-13,Store_1,SKU_3,238.91,26,0,0,0,5.11
2023-05-14,Store_1,SKU_3,88.46,7,0,0,0,5.11
2023-05-15,Store_1,SKU_3,278.07,27,1,0,0,5.11
2023-05-16,Store_1,SKU_3,255.67,23,1,0,0,5.11
2023-05-17,Store_1,SKU_3,167.93,20,0,0,0,5.11
2023-05-18,Store_1,SKU_3,178.41,21,0,0,0,5.11
2023-05-19,Store_1,SKU_3,178.26,14,0,0,0,5.11
2023-05-20,Store_1,SKU_3,223.7,19,0,0,0,5.11
2023-05-21,Store_1,SKU_3,150.53,10,1,0,0,5.11
2023-05-22,Store_1,SKU_3,165.76,17,0,0,0,5.11
2023-05-23,Store_1,SKU_3,165.69,18,0,0,0,5.11
2023-05-24,Store_1,SKU_3,173.55,14,0,0,0,5.11
2023-05-25,Store_1,SKU_3,260.92,22,1,0,0,5.11
2023-05-26,Store_1,SKU_3,200.21,22,0,0,0,5.11
2023-05-27,Store_1,SKU_3,226.95,19,0,0,0,5.11
2023-05-28,Store_1,SKU_3,102.05,10,0,0,0,5.11
2023-05-29,Store_1,SKU_3,247.17,18,1,0,0,5.11
2023-05-30,Store_1,SKU_3,179.63,16,0,0,0,5.11
2023-05-31,Store_1,SKU_3,164.62,13,0,0,0,5.11
2023-06-01,Store_1,SKU_3,272.27,28,1,0,0,5.11
2023-06-02,Store_1,SKU_3,184.24,22,0,0,0,5.11
2023-06-03,Store_1,SKU_3,236.96,28,0,0,0,5.11
2023-06-04,Store_1,SKU_3,114.84,11,0,0,0,5.11
2023-06-05,Store_1,SKU_3,196.54,18,0,0,0,5.11
2023-06-06,Store_1,SKU_3,178.27,13,0,0,0,5.11
2023-06-07,Store_1,SKU_3,178.56,17,0,0,0,5.11
2023-06-08,Store_1,SKU_3,192.79,17,0,0,0,5.11
2023-06-09,Store_1,SKU_3,203.34,21,0,0,0,5.11
2023-06-10,Store_1,SKU_3,235.35,17,0,0,0,5.11
2023-06-11,Store_1,SKU_3,153.92,14,1,0,0,5.11
2023-06-12,Store_1,SKU_3,158.67,11,0,0,0,5.11
2023-06-13,Store_1,SKU_3,247.95,17,1,0,0,5.11
2023-06-14,Store_1,SKU_3,169.16,13,0,0,0,5.11
2023-06-15,Store_1,SKU_3,170.59,13,0,0,0,5.11
2023-06-16,Store_1,SKU_3,198.91,17,0,0,0,5.11
2023-06-17,Store_1,SKU_3,258.79,27,0,0,0,5.11
2023-06-18,Store_1,SKU_3,146.79,15,1,0,0,5.11
2023-06-19,Store_1,SKU_3,271.93,24,1,0,0,5.11
2023-06-20,Store_1,SKU_3,167.54,20,0,0,0,5.11
2023-06-21,Store_1,SKU_3,144.57,16,0,0,0,5.11
2023-06-22,Store_1,SKU_3,184.63,21,0,0,0,5.11
2023-06-23,Store_1,SKU_3,192.12,20,0,0,0,5.11
2023-06-24,Store_1,SKU_3,249.22,23,0,0,0,5.11
2023-06-25,Store_1,SKU_3,152.2,18,1,0,0,5.11
2023-06-26,Store_1,SKU_3,162.16,18,0,0,0,5.11
2023-06-27,Store_1,SKU_3,149.44,18,0,0,0,5.11
2023-06-28,Store_1,SKU_3,214.88,25,1,0,0,5.11
2023-06-29,Store_1,SKU_3,169.53,13,0,0,0,5.11
2023-06-30,Store_1,SKU_3,165.03,13,0,0,0,5.11
2023-07-01,Store_1,SKU_3,207.66,20,0,0,0,5.11
2023-07-02,Store_1,SKU_3,163.96,14,1,0,1,5.11
2023-07-03,Store_1,SKU_3,170.97,17,0,0,0,5.11
2023-07-04,Store_1,SKU_3,168.84,14,0,0,1,5.11
2023-07-05,Store_1,SKU_3,237.08,19,1,0,0,5.11
2023-07-06,Store_1,SKU_3,185.66,14,0,0,0,5.11
2023-07-07,Store_1,SKU_3,213.92,20,0,0,0,5.11
2023-07-08,Store_1,SKU_3,218.96,23,0,0,0,5.11
2023-07-09,Store_1,SKU_3,101.77,11,0,0,1,5.11
2023-07-10,Store_1,SKU_3,168.99,14,0,0,1,5.11
2023-07-11,Store_1,SKU_3,178.57,12,0,0,0,5.11
2023-07-12,Store_1,SKU_3,149.28,10,0,0,1,5.11
2023-07-13,Store_1,SKU_3,160.53,17,0,0,0,5.11
2023-07-14,Store_1,SKU_3,161.29,17,0,0,0,5.11
2023-07-15,Store_1,SKU_3,186.18,19,0,0,1,5.11
2023-07-16,Store_1,SKU_3,89.36,7,0,0,1,5.11
2023-07-17,Store_1,SKU_3,172.53,13,0,0,0,5.11
2023-07-18,Store_1,SKU_3,174.77,15,0,0,0,5.11
2023-07-19,Store_1,SKU_3,166.5,15,0,0,0,5.11
2023-07-20,Store_1,SKU_3,174.52,18,0,0,1,5.11
2023-07-21,Store_1,SKU_3,197.82,15,0,0,0,5.11
2023-07-22,Store_1,SKU_3,238.08,17,0,0,0,5.11
2023-07-23,Store_1,SKU_3,101.69,10,0,0,0,5.11
2023-07-24,Store_1,SKU_3,167.34,12,0,0,0,5.11
2023-07-25,Store_1,SKU_3,163.88,13,0,0,0,5.11
2023-07-26,Store_1,SKU_3,179.44,13,0,0,0,5.11
2023-07-27,Store_1,SKU_3,159.05,14,0,0,0,5.11
2023-07-28,Store_1,SKU_3,264.67,31,1,0,0,5.11
2023-07-29,Store_1,SKU_3,205.04,16,0,0,0,5.11
2023-07-30,Store_1,SKU_3,106.53,9,0,0,1,5.11
2023-07-31,Store_1,SKU_3,186.84,16,0,0,0,5.11
2023-08-01,Store_1,SKU_3,159.5,17,0,0,0,5.11
2023-08-02,Store_1,SKU_3,206.92,22,1,0,0,5.11
2023-08-03,Store_1,SKU_3,161.89,17,0,0,0,5.11
2023-08-04,Store_1,SKU_3,161.63,13,0,0,1,5.11
2023-08-05,Store_1,SKU_3,274.41,26,1,0,0,5.11
2023-08-06,Store_1,SKU_3,101.65,7,0,0,0,5.11
2023-08-07,Store_1,SKU_3,235.65,23,1,0,0,5.11
2023-08-08,Store_1,SKU_3,154.56,12,0,0,0,5.11
2023-08-09,Store_1,SKU_3,151.16,13,0,0,0,5.11
2023-08-10,Store_1,SKU_3,144.2,11,0,0,1,5.11
2023-08-11,Store_1,SKU_3,276.91,22,1,0,0,5.11
2023-08-12,Store_1,SKU_3,181.01,19,0,0,1,5.11
2023-08-13,Store_1,SKU_3,89.72,9,0,0,1,5.11
2023-08-14,Store_1,SKU_3,172.33,12,0,0,0,5.11
2023-08-15,Store_1,SKU_3,168.55,15,0,0,0,5.11
2023-08-16,Store_1,SKU_3,153.9,13,0,0,1,5.11
2023-08-17,Store_1,SKU_3,159.11,14,0,0,0,5.11
2023-08-18,Store_1,SKU_3,158.96,15,0,0,0,5.11
2023-08-19,Store_1,SKU_3,190.48,17,0,0,1,5.11
2023-08-20,Store_1,SKU_3,108.11,10,0,0,0,5.11
2023-08-21,Store_1,SKU_3,167.05,18,0,0,0,5.11
2023-08-22,Store_1,SKU_3,170.1,18,0,0,0,5.11
2023-08-23,Store_1,SKU_3,227.06,25,1,0,0,5.11
2023-08-24,Store_1,SKU_3,224.3,17,1,0,1,5.11
2023-08-25,Store_1,SKU_3,199.61,18,0,0,1,5.11
2023-08-26,Store_1,SKU_3,202.85,20,0,0,1,5.11
2023-08-27,Store_1,SKU_3,80.67,6,0,0,0,5.11
2023-08-28,Store_1,SKU_3,133.8,14,0,0,1,5.11
2023-08-29,Store_1,SKU_3,145.53,14,0,0,0,5.11
2023-08-30,Store_1,SKU_3,169.15,12,0,0,0,5.11
2023-08-31,Store_1,SKU_3,162.91,12,0,0,0,5.11
2023-09-01,Store_1,SKU_3,247.24,29,1,0,0,5.11
2023-09-02,Store_1,SKU_3,255.24,20,1,0,0,5.11
2023-09-03,Store_1,SKU_3,83.55,7,0,0,0,5.11
2023-09-04,Store_1,SKU_3,127.1,10,0,0,0,5.11
2023-09-05,Store_1,SKU_3,143.97,10,0,0,0,5.11
2023-09-06,Store_1,SKU_3,194.2,14,1,0,0,5.11
2023-09-07,Store_1,SKU_3,146.29,14,0,0,0,5.11
2023-09-08,Store_1,SKU_3,164.34,12,0,0,0,5.11
2023-09-09,Store_1,SKU_3,160.94,13,0,0,0,5.11
2023-09-10,Store_1,SKU_3,97.27,8,0,0,0,5.11
2023-09-11,Store_1,SKU_3,205.08,16,1,0,0,5.11
2023-09-12,Store_1,SKU_3,210.12,17,1,0,0,5.11
2023-09-13,Store_1,SKU_3,204.14,16,1,0,0,5.11
2023-09-14,Store_1,SKU_3,140.58,10,0,0,0,5.11
2023-09-15,Store_1,SKU_3,149.59,14,0,0,0,5.11
2023-09-16,Store_1,SKU_3,187.91,19,0,0,0,5.11
2023-09-17,Store_1,SKU_3,89.76,8,0,0,0,5.11
2023-09-18,Store_1,SKU_3,139.54,11,0,0,0,5.11
2023-09-19,Store_1,SKU_3,135.64,16,0,0,0,5.11
2023-09-20,Store_1,SKU_3,142.18,13,0,0,0,5.11
2023-09-21,Store_1,SKU_3,153.64,15,0,0,0,5.11
2023-09-22,Store_1,SKU_3,168.25,16,0,0,0,5.11
2023-09-23,Store_1,SKU_3,219.57,24,1,0,0,5.11
2023-09-24,Store_1,SKU_3,96.89,9,0,0,0,5.11
2023-09-25,Store_1,SKU_3,205.06,19,1,0,0,5.11
2023-09-26,Store_1,SKU_3,143.5,16,0,0,0,5.11
2023-09-27,Store_1,SKU_3,131.39,10,0,0,0,5.11
2023-09-28,Store_1,SKU_3,157.79,13,0,0,0,5.11
2023-09-29,Store_1,SKU_3,164.52,12,0,0,0,5.11
2023-09-30,Store_1,SKU_3,188.03,17,0,0,0,5.11
2023-10-01,Store_1,SKU_3,87.95,7,0,0,0,5.11
2023-10-02,Store_1,SKU_3,136.54,11,0,0,0,5.11
2023-10-03,Store_1,SKU_3,135.39,13,0,0,0,5.11
2023-10-04,Store_1,SKU_3,109.6,8,0,0,0,5.11
2023-10-05,Store_1,SKU_3,197.73,16,1,0,0,5.11
2023-10-06,Store_1,SKU_3,187.64,17,1,0,0,5.11
2023-10-07,Store_1,SKU_3,135.0,14,0,0,0,5.11
2023-10-08,Store_1,SKU_3,97.94,10,1,0,0,5.11
2023-10-09,Store_1,SKU_3,122.38,11,0,0,0,5.11
2023-10-10,Store_1,SKU_3,120.1,12,0,0,0,5.11
2023-10-11,Store_1,SKU_3,125.58,11,0,0,0,5.11
2023-10-12,Store_1,SKU_3,121.61,8,0,0,0,5.11
2023-10-13,Store_1,SKU_3,137.94,12,0,0,0,5.11
2023-10-14,Store_1,SKU_3,168.1,13,0,0,0,5.11
2023-10-15,Store_1,SKU_3,81.79,6,0,0,0,5.11
2023-10-16,Store_1,SKU_3,118.5,11,0,0,0,5.11
2023-10-17,Store_1,SKU_3,107.14,10,0,0,0,5.11
2023-10-18,Store_1,SKU_3,122.79,10,0,0,0,5.11
2023-10-19,Store_1,SKU_3,122.26,10,0,0,0,5.11
2023-10-20,Store_1,SKU_3,122.77,12,0,0,0,5.11
2023-10-21,Store_1,SKU_3,172.77,18,0,0,0,5.11
2023-10-22,Store_1,SKU_3,79.74,6,0,0,0,5.11
2023-10-23,Store_1,SKU_3,186.48,17,1,0,0,5.11
2023-10-24,Store_1,SKU_3,124.11,10,0,0,0,5.11
2023-10-25,Store_1,SKU_3,121.1,12,0,0,0,5.11
2023-10-26,Store_1,SKU_3,168.65,12,1,0,0,5.11
2023-10-27,Store_1,SKU_3,129.13,15,0,0,0,5.11
2023-10-28,Store_1,SKU_3,172.89,16,0,0,0,5.11
2023-10-29,Store_1,SKU_3,84.81,8,0,0,0,5.11
2023-10-30,Store_1,SKU_3,126.86,9,0,0,0,5.11
2023-10-31,Store_1,SKU_3,112.79,10,0,0,0,5.11
2023-11-01,Store_1,SKU_3,147.53,14,1,0,0,5.11
2023-11-02,Store_1,SKU_3,126.19,10,0,0,0,5.11
2023-11-03,Store_1,SKU_3,134.45,12,0,0,0,5.11
2023-11-04,Store_1,SKU_3,119.31,12,0,0,0,5.11
2023-11-05,Store_1,SKU_3,61.57,7,0,0,0,5.11
2023-11-06,Store_1,SKU_3,113.64,8,0,0,0,5.11
2023-11-07,Store_1,SKU_3,117.43,9,0,0,0,5.11
2023-11-08,Store_1,SKU_3,156.58,18,1,0,0,5.11
2023-11-09,Store_1,SKU_3,102.27,8,0,0,0,5.11
2023-11-10,Store_1,SKU_3,114.66,9,0,0,0,5.11
2023-11-11,Store_1,SKU_3,145.49,13,0,0,0,5.11
2023-11-12,Store_1,SKU_3,71.24,7,0,0,0,5.11
2023-11-13,Store_1,SKU_3,116.43,10,0,0,0,5.11
2023-11-14,Store_1,SKU_3,103.12,9,0,0,0,5.11
2023-11-15,Store_1,SKU_3,99.29,9,0,0,0,5.11
2023-11-16,Store_1,SKU_3,110.49,8,0,0,0,5.11
2023-11-17,Store_1,SKU_3,135.12,14,0,0,0,5.11
2023-11-18,Store_1,SKU_3,159.77,15,0,0,0,5.11
2023-11-19,Store_1,SKU_3,87.7,10,1,0,0,5.11
2023-11-20,Store_1,SKU_3,125.57,8,0,0,0,5.11
2023-11-21,Store_1,SKU_3,103.43,7,0,0,0,5.11
2023-11-22,Store_1,SKU_3,122.54,10,0,0,0,5.11
2023-11-23,Store_1,SKU_3,169.05,12,1,0,0,5.11
2023-11-24,Store_1,SKU_3,122.15,11,0,0,0,5.11
2023-11-25,Store_1,SKU_3,191.64,16,1,0,0,5.11
2023-11-26,Store_1,SKU_3,80.62,8,0,0,0,5.11
2023-11-27,Store_1,SKU_3,104.98,8,0,0,0,5.11
2023-11-28,Store_1,SKU_3,112.55,10,0,0,0,5.11
2023-11-29,Store_1,SKU_3,153.2,14,1,0,0,5.11
2023-11-30,Store_1,SKU_3,125.7,12,0,0,0,5.11
2023-12-01,Store_1,SKU_3,107.08,11,0,0,0,5.11
2023-12-02,Store_1,SKU_3,131.3,10,0,0,0,5.11
2023-12-03,Store_1,SKU_3,59.92,5,0,0,0,5.11
2023-12-04,Store_1,SKU_3,108.4,10,0,0,0,5.11
2023-12-05,Store_1,SKU_3,108.07,8,0,0,0,5.11
2023-12-06,Store_1,SKU_3,101.86,8,0,0,0,5.11
2023-12-07,Store_1,SKU_3,114.08,8,0,0,0,5.11
2023-12-08,Store_1,SKU_3,114.01,9,0,0,0,5.11
2023-12-09,Store_1,SKU_3,147.5,12,0,0,0,5.11
2023-12-10,Store_1,SKU_3,100.31,12,1,0,0,5.11
2023-12-11,Store_1,SKU_3,118.15,8,0,0,0,5.11
2023-12-12,Store_1,SKU_3,97.09,10,0,0,0,5.11
2023-12-13,Store_1,SKU_3,108.83,8,0,0,0,5.11
2023-12-14,Store_1,SKU_3,106.44,12,0,0,0,5.11
2023-12-15,Store_1,SKU_3,116.5,9,0,0,0,5.11
2023-12-16,Store_1,SKU_3,188.8,18,1,0,0,5.11
2023-12-17,Store_1,SKU_3,89.73,7,1,0,0,5.11
2023-12-18,Store_1,SKU_3,147.16,14,1,0,0,5.11
2023-12-19,Store_1,SKU_3,94.7,11,0,0,0,5.11
2023-12-20,Store_1,SKU_3,89.85,6,0,0,0,5.11
2023-12-21,Store_1,SKU_3,108.04,11,0,0,0,5.11
2023-12-22,Store_1,SKU_3,120.97,10,0,0,0,5.11
2023-12-23,Store_1,SKU_3,129.62,9,0,0,0,5.11
2023-12-24,Store_1,SKU_3,68.49,7,0,0,0,5.11
2023-12-25,Store_1,SKU_3,44.8,5,0,a,0,5.11
2023-12-26,Store_1,SKU_3,44.77,4,0,a,0,5.11
2023-12-27,Store_1,SKU_3,112.8,13,0,0,0,5.11
2023-12-28,Store_1,SKU_3,82.26,8,0,0,0,5.11
2023-12-29,Store_1,SKU_3,125.45,9,0,0,0,5.11
2023-12-30,Store_1,SKU_3,143.38,12,0,0,0,5.11
2023-12-31,Store_1,SKU_3,63.38,7,0,0,0,5.11
2024-01-01,Store_1,SKU_3,49.73,4,0,a,0,5.11
2024-01-02,Store_1,SKU_3,105.74,8,0,0,0,5.11
2024-01-03,Store_1,SKU_3,108.22,8,0,0,0,5.11
2024-01-04,Store_1,SKU_3,106.25,8,0,0,0,5.11
2024-01-05,Store_1,SKU_3,136.97,9,0,0,0,5.11
2024-01-06,Store_1,SKU_3,157.05,18,0,0,0,5.11
2024-01-07,Store_1,SKU_3,64.15,5,0,0,0,5.11
2024-01-08,Store_1,SKU_3,116.55,12,0,0,0,5.11
2024-01-09,Store_1,SKU_3,113.62,9,0,0,0,5.11
2024-01-10,Store_1,SKU_3,110.9,13,0,0,0,5.11
2024-01-11,Store_1,SKU_3,127.59,11,0,0,0,5.11
2024-01-12,Store_1,SKU_3,139.88,15,0,0,0,5.11
2024-01-13,Store_1,SKU_3,150.14,13,0,0,0,5.11
2024-01-14,Store_1,SKU_3,75.77,5,0,0,0,5.11
2024-01-15,Store_1,SKU_3,114.52,8,0,0,0,5.11
2024-01-16,Store_1,SKU_3,130.79,16,0,0,0,5.11
2024-01-17,Store_1,SKU_3,120.54,10,0,0,0,5.11
2024-01-18,Store_1,SKU_3,100.41,8,0,0,0,5.11
2024-01-19,Store_1,SKU_3,143.49,11,0,0,0,5.11
2024-01-20,Store_1,SKU_3,151.46,12,0,0,0,5.11
2024-01-21,Store_1,SKU_3,74.43,6,0,0,0,5.11
2024-01-22,Store_1,SKU_3,103.88,11,0,0,0,5.11
2024-01-23,Store_1,SKU_3,107.55,10,0,0,0,5.11
2024-01-24,Store_1,SKU_3,129.27,9,0,0,0,5.11
2024-01-25,Store_1,SKU_3,106.19,10,0,0,0,5.11
2024-01-26,Store_1,SKU_3,124.47,8,0,0,0,5.11
2024-01-27,Store_1,SKU_3,198.44,17,1,0,0,5.11
2024-01-28,Store_1,SKU_3,51.46,4,0,0,0,5.11
2024-01-29,Store_1,SKU_3,153.93,12,1,0,0,5.11
2024-01-30,Store_1,SKU_3,97.84,10,0,0,0,5.11
2024-01-31,Store_1,SKU_3,121.69,9,0,0,0,5.11
2024-02-01,Store_1,SKU_3,125.47,10,0,0,0,5.11
2024-02-02,Store_1,SKU_3,132.2,11,0,0,0,5.11
2024-02-03,Store_1,SKU_3,146.43,14,0,0,0,5.11
2024-02-04,Store_1,SKU_3,75.25,6,0,0,0,5.11
2024-02-05,Store_1,SKU_3,150.31,14,0,0,0,5.11
2024-02-06,Store_1,SKU_3,123.4,9,0,0,0,5.11
2024-02-07,Store_1,SKU_3,121.73,13,0,0,0,5.11
2024-02-08,Store_1,SKU_3,136.25,11,0,0,0,5.11
2024-02-09,Store_1,SKU_3,142.62,17,0,0,0,5.11
2024-02-10,Store_1,SKU_3,160.33,11,0,0,0,5.11
2024-02-11,Store_1,SKU_3,85.57,7,0,0,0,5.11
2024-02-12,Store_1,SKU_3,136.96,11,0,0,0,5.11
2024-02-13,Store_1,SKU_3,172.0,20,1,0,0,5.11
2024-02-14,Store_1,SKU_3,116.38,10,0,0,0,5.11
2024-02-15,Store_1,SKU_3,144.76,11,0,0,0,5.11
2024-02-16,Store_1,SKU_3,125.45,8,0,0,0,5.11
2024-02-17,Store_1,SKU_3,147.84,15,0,0,0,5.11
2024-02-18,Store_1,SKU_3,76.84,5,0,0,0,5.11
2024-02-19,Store_1,SKU_3,126.82,9,0,0,0,5.11
2024-02-20,Store_1,SKU_3,114.09,13,0,0,0,5.11
2024-02-21,Store_1,SKU_3,111.1,12,0,0,0,5.11
2024-02-22,Store_1,SKU_3,111.67,9,0,0,0,5.11
2024-02-23,Store_1,SKU_3,142.73,15,0,0,0,5.11
2024-02-24,Store_1,SKU_3,162.75,14,0,0,0,5.11
2024-02-25,Store_1,SKU_3,67.63,8,0,0,0,5.11
2024-02-26,Store_1,SKU_3,133.92,14,0,0,0,5.11
2024-02-27,Store_1,SKU_3,114.67,8,0,0,0,5.11
2024-02-28,Store_1,SKU_3,114.47,11,0,0,0,5.11
2024-02-29,Store_1,SKU_3,173.3,14,1,0,0,5.11
2024-03-01,Store_1,SKU_3,226.62,26,1,0,0,5.11
2024-03-02,Store_1,SKU_3,187.38,22,0,0,0,5.11
2024-03-03,Store_1,SKU_3,87.7,7,0,0,0,5.11
2024-03-04,Store_1,SKU_3,142.73,13,0,0,0,5.11
2024-03-05,Store_1,SKU_3,114.48,8,0,0,0,5.11
2024-03-06,Store_1,SKU_3,125.62,14,0,0,0,5.11
2024-03-07,Store_1,SKU_3,169.16,15,0,0,0,5.11
2024-03-08,Store_1,SKU_3,139.64,14,0,0,0,5.11
2024-03-09,Store_1,SKU_3,174.31,15,0,0,0,5.11
2024-03-10,Store_1,SKU_3,134.06,15,1,0,0,5.11
2024-03-11,Store_1,SKU_3,138.75,15,0,0,0,5.11
2024-03-12,Store_1,SKU_3,180.79,15,1,0,0,5.11
2024-03-13,Store_1,SKU_3,134.34,11,0,0,0,5.11
2024-03-14,Store_1,SKU_3,196.21,16,1,0,0,5.11
2024-03-15,Store_1,SKU_3,156.25,16,0,0,0,5.11
2024-03-16,Store_1,SKU_3,181.0,15,0,0,0,5.11
2024-03-17,Store_1,SKU_3,121.11,11,1,0,0,5.11
2024-03-18,Store_1,SKU_3,154.06,13,0,0,0,5.11
2024-03-19,Store_1,SKU_3,189.73,21,1,0,0,5.11
2024-03-20,Store_1,SKU_3,165.91,19,1,0,0,5.11
2024-03-21,Store_1,SKU_3,165.49,12,0,0,0,5.11
2024-03-22,Store_1,SKU_3,174.24,15,0,0,0,5.11
2024-03-23,Store_1,SKU_3,189.65,15,0,0,0,5.11
2024-03-24,Store_1,SKU_3,118.85,10,1,0,0,5.11
2024-03-25,Store_1,SKU_3,152.61,15,0,0,0,5.11
2024-03-26,Store_1,SKU_3,145.26,12,0,0,0,5.11
2024-03-27,Store_1,SKU_3,150.35,14,0,0,0,5.11
2024-03-28,Store_1,SKU_3,154.3,13,0,0,0,5.11
2024-03-29,Store_1,SKU_3,199.97,19,0,0,0,5.11
2024-03-30,Store_1,SKU_3,174.25,14,0,0,0,5.11
2024-03-31,Store_1,SKU_3,82.94,7,0,0,0,5.11
2024-04-01,Store_1,SKU_3,266.55,23,1,0,0,5.11
2024-04-02,Store_1,SKU_3,153.27,12,0,0,0,5.11
2024-04-03,Store_1,SKU_3,136.99,10,0,0,0,5.11
2024-04-04,Store_1,SKU_3,189.08,18,0,0,0,5.11
2024-04-05,Store_1,SKU_3,191.63,15,0,0,0,5.11
2024-04-06,Store_1,SKU_3,245.23,24,0,0,0,5.11
2024-04-07,Store_1,SKU_3,99.52,8,0,0,0,5.11
2024-04-08,Store_1,SKU_3,178.3,18,0,0,0,5.11
2024-04-09,Store_1,SKU_3,156.13,11,0,0,0,5.11
2024-04-10,Store_1,SKU_3,203.49,18,1,0,0,5.11
2024-04-11,Store_1,SKU_3,168.68,18,0,0,0,5.11
2024-04-12,Store_1,SKU_3,172.72,13,0,0,0,5.11
2024-04-13,Store_1,SKU_3,194.54,18,0,0,0,5.11
2024-04-14,Store_1,SKU_3,131.72,12,1,0,0,5.11
2024-04-15,Store_1,SKU_3,171.82,17,0,0,0,5.11
2024-04-16,Store_1,SKU_3,145.83,11,0,0,0,5.11
2024-04-17,Store_1,SKU_3,167.34,12,0,0,0,5.11
2024-04-18,Store_1,SKU_3,157.85,11,0,0,0,5.11
2024-04-19,Store_1,SKU_3,181.66,20,0,0,0,5.11
2024-04-20,Store_1,SKU_3,233.47,22,0,0,0,5.11
2024-04-21,Store_1,SKU_3,106.31,13,0,0,0,5.11
2024-04-22,Store_1,SKU_3,174.59,19,0,0,0,5.11
2024-04-23,Store_1,SKU_3,256.29,19,1,0,0,5.11
2024-04-24,Store_1,SKU_3,221.66,20,1,0,0,5.11
2024-04-25,Store_1,SKU_3,146.86,17,0,0,0,5.11
2024-04-26,Store_1,SKU_3,188.67,17,0,0,0,5.11
2024-04-27,Store_1,SKU_3,207.04,22,0,0,0,5.11
2024-04-28,Store_1,SKU_3,171.49,12,1,0,0,5.11
2024-04-29,Store_1,SKU_3,161.04,18,0,0,0,5.11
2024-04-30,Store_1,SKU_3,155.49,12,0,0,0,5.11
2024-05-01,Store_1,SKU_3,160.66,15,0,0,0,5.11
2024-05-02,Store_1,SKU_3,193.87,24,0,0,0,5.11
2024-05-03,Store_1,SKU_3,203.31,23,0,0,0,5.11
2024-05-04,Store_1,SKU_3,224.51,18,0,0,0,5.11
2024-05-05,Store_1,SKU_3,100.64,9,0,0,0,5.11
2024-05-06,Store_1,SKU_3,165.4,17,0,0,0,5.11
2024-05-07,Store_1,SKU_3,187.18,13,0,0,0,5.11
2024-05-08,Store_1,SKU_3,173.75,12,0,0,0,5.11
2024-05-09,Store_1,SKU_3,167.89,14,0,0,0,5.11
2024-05-10,Store_1,SKU_3,272.2,23,1,0,0,5.11
2024-05-11,Store_1,SKU_3,231.19,22,0,0,0,5.11
2024-05-12,Store_1,SKU_3,105.03,8,0,0,0,5.11
2024-05-13,Store_1,SKU_3,192.92,14,0,0,0,5.11
2024-05-14,Store_1,SKU_3,173.28,12,0,0,0,5.11
2024-05-15,Store_1,SKU_3,155.45,19,0,0,0,5.11
2024-05-16,Store_1,SKU_3,168.53,13,0,0,0,5.11
2024-05-17,Store_1,SKU_3,199.19,21,0,0,0,5.11
2024-05-18,Store_1,SKU_3,241.43,19,0,0,0,5.11
2024-05-19,Store_1,SKU_3,103.48,9,0,0,0,5.11
2024-05-20,Store_1,SKU_3,174.45,14,0,0,0,5.11
2024-05-21,Store_1,SKU_3,264.5,21,1,0,0,5.11
2024-05-22,Store_1,SKU_3,168.14,13,0,0,0,5.11
2024-05-23,Store_1,SKU_3,313.02,26,1,0,0,5.11
2024-05-24,Store_1,SKU_3,211.79,23,0,0,0,5.11
2024-05-25,Store_1,SKU_3,222.25,23,0,0,0,5.11
2024-05-26,Store_1,SKU_3,108.75,11,0,0,0,5.11
2024-05-27,Store_1,SKU_3,165.5,12,0,0,0,5.11
2024-05-28,Store_1,SKU_3,157.87,19,0,0,0,5.11
2024-05-29,Store_1,SKU_3,262.83,22,1,0,0,5.11
2024-05-30,Store_1,SKU_3,247.89,29,1,0,0,5.11
2024-05-31,Store_1,SKU_3,212.91,18,0,0,0,5.11
2024-06-01,Store_1,SKU_3,261.76,28,0,0,0,5.11
2024-06-02,Store_1,SKU_3,120.37,14,0,0,0,5.11
2024-06-03,Store_1,SKU_3,190.8,19,0,0,0,5.11
2024-06-04,Store_1,SKU_3,180.64,21,0,0,0,5.11
2024-06-05,Store_1,SKU_3,169.7,20,0,0,0,5.11
2024-06-06,Store_1,SKU_3,256.46,19,1,0,0,5.11
2024-06-07,Store_1,SKU_3,200.95,17,0,0,0,5.11
2024-06-08,Store_1,SKU_3,235.98,28,0,0,0,5.11
2024-06-09,Store_1,SKU_3,114.66,8,0,0,0,5.11
2024-06-10,Store_1,SKU_3,206.36,16,0,0,0,5.11
2024-06-11,Store_1,SKU_3,177.6,19,0,0,0,5.11
2024-06-12,Store_1,SKU_3,191.32,13,0,0,0,5.11
2024-06-13,Store_1,SKU_3,219.09,24,0,0,0,5.11
2024-06-14,Store_1,SKU_3,185.47,16,0,0,0,5.11
2024-06-15,Store_1,SKU_3,241.07,23,0,0,0,5.11
2024-06-16,Store_1,SKU_3,158.09,12,1,0,0,5.11
2024-06-17,Store_1,SKU_3,192.6,22,0,0,0,5.11
2024-06-18,Store_1,SKU_3,267.14,22,1,0,0,5.11
2024-06-19,Store_1,SKU_3,180.33,20,0,0,0,5.11
2024-06-20,Store_1,SKU_3,177.93,13,0,0,0,5.11
2024-06-21,Store_1,SKU_3,304.71,38,1,0,0,5.11
2024-06-22,Store_1,SKU_3,226.58,17,0,0,0,5.11
2024-06-23,Store_1,SKU_3,103.64,10,0,0,0,5.11
2024-06-24,Store_1,SKU_3,169.04,18,0,0,0,5.11
2024-06-25,Store_1,SKU_3,203.85,23,0,0,0,5.11
2024-06-26,Store_1,SKU_3,191.16,20,0,0,0,5.11
2024-06-27,Store_1,SKU_3,154.54,12,0,0,0,5.11
2024-06-28,Store_1,SKU_3,284.8,24,1,0,0,5.11
2024-06-29,Store_1,SKU_3,240.13,17,0,0,0,5.11
2024-06-30,Store_1,SKU_3,109.08,9,0,0,0,5.11
2024-07-01,Store_1,SKU_3,194.74,20,0,0,0,5.11
2024-07-02,Store_1,SKU_3,175.78,15,0,0,0,5.11
2024-07-03,Store_1,SKU_3,181.85,18,0,0,0,5.11
2024-07-04,Store_1,SKU_3,182.68,13,0,0,1,5.11
2024-07-05,Store_1,SKU_3,191.4,16,0,0,1,5.11
2024-07-06,Store_1,SKU_3,225.95,24,0,0,1,5.11
2024-07-07,Store_1,SKU_3,116.67,13,0,0,0,5.11
2024-07-08,Store_1,SKU_3,178.79,14,0,0,0,5.11
2024-07-09,Store_1,SKU_3,168.58,15,0,0,1,5.11
2024-07-10,Store_1,SKU_3,183.72,18,0,0,0,5.11
2024-07-11,Store_1,SKU_3,174.98,13,0,0,0,5.11
2024-07-12,Store_1,SKU_3,183.8,18,0,0,0,5.11
2024-07-13,Store_1,SKU_3,278.45,23,1,0,0,5.11
2024-07-14,Store_1,SKU_3,123.25,9,0,0,1,5.11
2024-07-15,Store_1,SKU_3,177.53,14,0,0,0,5.11
2024-07-16,Store_1,SKU_3,221.83,20,1,0,0,5.11
2024-07-17,Store_1,SKU_3,159.1,19,0,0,1,5.11
2024-07-18,Store_1,SKU_3,318.58,35,1,0,1,5.11
2024-07-19,Store_1,SKU_3,233.83,16,0,0,0,5.11
2024-07-20,Store_1,SKU_3,197.15,16,0,0,0,5.11
2024-07-21,Store_1,SKU_3,111.39,11,0,0,1,5.11
2024-07-22,Store_1,SKU_3,275.06,23,1,0,0,5.11
2024-07-23,Store_1,SKU_3,165.13,16,0,0,0,5.11
2024-07-24,Store_1,SKU_3,191.07,18,0,0,1,5.11
2024-07-25,Store_1,SKU_3,279.39,28,1,0,1,5.11
2024-07-26,Store_1,SKU_3,211.19,17,0,0,1,5.11
2024-07-27,Store_1,SKU_3,223.53,22,0,0,1,5.11
2024-07-28,Store_1,SKU_3,101.31,11,0,0,1,5.11
2024-07-29,Store_1,SKU_3,184.13,22,0,0,0,5.11
2024-07-30,Store_1,SKU_3,203.33,17,0,0,0,5.11
2024-07-31,Store_1,SKU_3,190.88,21,0,0,1,5.11
2024-08-01,Store_1,SKU_3,146.93,15,0,0,1,5.11
2024-08-02,Store_1,SKU_3,277.28,20,1,0,0,5.11
2024-08-03,Store_1,SKU_3,214.94,17,0,0,0,5.11
2024-08-04,Store_1,SKU_3,154.91,11,1,0,0,5.11
2024-08-05,Store_1,SKU_3,184.48,22,0,0,0,5.11
2024-08-06,Store_1,SKU_3,154.78,15,0,0,0,5.11
2024-08-07,Store_1,SKU_3,170.94,12,0,0,0,5.11
2024-08-08,Store_1,SKU_3,168.48,13,0,0,1,5.11
2024-08-09,Store_1,SKU_3,176.69,21,0,0,0,5.11
2024-08-10,Store_1,SKU_3,192.19,14,0,0,0,5.11
2024-08-11,Store_1,SKU_3,100.53,8,0,0,0,5.11
2024-08-12,Store_1,SKU_3,166.43,17,0,0,1,5.11
2024-08-13,Store_1,SKU_3,230.63,23,1,0,0,5.11
2024-08-14,Store_1,SKU_3,141.25,12,0,0,1,5.11
2024-08-15,Store_1,SKU_3,190.61,17,0,0,0,5.11
2024-08-16,Store_1,SKU_3,195.02,16,0,0,1,5.11
2024-08-17,Store_1,SKU_3,224.22,24,0,0,0,5.11
2024-08-18,Store_1,SKU_3,97.17,10,0,0,0,5.11
2024-08-19,Store_1,SKU_3,173.68,21,0,0,0,5.11
2024-08-20,Store_1,SKU_3,138.03,9,0,0,1,5.11
2024-08-21,Store_1,SKU_3,153.66,12,0,0,0,5.11
2024-08-22,Store_1,SKU_3,184.05,13,0,0,1,5.11
2024-08-23,Store_1,SKU_3,176.31,17,0,0,1,5.11
2024-08-24,Store_1,SKU_3,204.86,15,0,0,1,5.11
2024-08-25,Store_1,SKU_3,98.9,11,0,0,0,5.11
2024-08-26,Store_1,SKU_3,172.95,19,0,0,1,5.11
2024-08-27,Store_1,SKU_3,172.14,19,0,0,1,5.11
2024-08-28,Store_1,SKU_3,184.25,16,0,0,0,5.11
2024-08-29,Store_1,SKU_3,187.74,15,0,0,0,5.11
2024-08-30,Store_1,SKU_3,168.14,20,0,0,1,5.11
2024-08-31,Store_1,SKU_3,211.91,19,0,0,1,5.11
2024-09-01,Store_1,SKU_3,94.06,11,0,0,0,5.11
2024-09-02,Store_1,SKU_3,141.74,13,0,0,0,5.11
2024-09-03,Store_1,SKU_3,140.18,13,0,0,0,5.11
2024-09-04,Store_1,SKU_3,169.38,15,0,0,0,5.11
2024-09-05,Store_1,SKU_3,164.55,13,0,0,0,5.11
2024-09-06,Store_1,SKU_3,261.18,25,1,0,0,5.11
2024-09-07,Store_1,SKU_3,168.69,12,0,0,0,5.11
2024-09-08,Store_1,SKU_3,95.78,7,0,0,0,5.11
2024-09-09,Store_1,SKU_3,214.72,21,1,0,0,5.11
2024-09-10,Store_1,SKU_3,129.23,13,0,0,0,5.11
2024-09-11,Store_1,SKU_3,130.79,10,0,0,0,5.11
2024-09-12,Store_1,SKU_3,152.82,11,0,0,0,5.11
2024-09-13,Store_1,SKU_3,185.29,22,0,0,0,5.11
2024-09-14,Store_1,SKU_3,292.1,25,1,0,0,5.11
2024-09-15,Store_1,SKU_3,71.95,7,0,0,0,5.11
2024-09-16,Store_1,SKU_3,184.46,18,0,0,0,5.11
2024-09-17,Store_1,SKU_3,146.51,10,0,0,0,5.11
2024-09-18,Store_1,SKU_3,222.67,18,1,0,0,5.11
2024-09-19,Store_1,SKU_3,160.64,12,0,0,0,5.11
2024-09-20,Store_1,SKU_3,183.71,15,0,0,0,5.11
2024-09-21,Store_1,SKU_3,190.2,20,0,0,0,5.11
2024-09-22,Store_1,SKU_3,86.95,10,0,0,0,5.11
2024-09-23,Store_1,SKU_3,154.04,13,0,0,0,5.11
2024-09-24,Store_1,SKU_3,160.94,13,0,0,0,5.11
2024-09-25,Store_1,SKU_3,220.95,18,1,0,0,5.11
2024-09-26,Store_1,SKU_3,158.11,13,0,0,0,5.11
2024-09-27,Store_1,SKU_3,175.61,14,0,0,0,5.11
2024-09-28,Store_1,SKU_3,203.78,24,0,0,0,5.11
2024-09-29,Store_1,SKU_3,92.2,7,0,0,0,5.11
2024-09-30,Store_1,SKU_3,152.21,11,0,0,0,5.11
2024-10-01,Store_1,SKU_3,117.99,13,0,0,0,5.11
2024-10-02,Store_1,SKU_3,125.52,12,0,0,0,5.11
2024-10-03,Store_1,SKU_3,211.55,21,1,0,0,5.11
2024-10-04,Store_1,SKU_3,157.94,19,0,0,0,5.11
2024-10-05,Store_1,SKU_3,174.51,12,0,0,0,5.11
2024-10-06,Store_1,SKU_3,76.59,5,0,0,0,5.11
2024-10-07,Store_1,SKU_3,122.7,12,0,0,0,5.11
2024-10-08,Store_1,SKU_3,132.87,12,0,0,0,5.11
2024-10-09,Store_1,SKU_3,141.44,10,0,0,0,5.11
2024-10-10,Store_1,SKU_3,165.41,16,1,0,0,5.11
2024-10-11,Store_1,SKU_3,152.77,15,0,0,0,5.11
2024-10-12,Store_1,SKU_3,197.57,16,0,0,0,5.11
2024-10-13,Store_1,SKU_3,74.44,7,0,0,0,5.11
2024-10-14,Store_1,SKU_3,136.49,10,0,0,0,5.11
2024-10-15,Store_1,SKU_3,133.92,9,0,0,0,5.11
2024-10-16,Store_1,SKU_3,111.93,10,0,0,0,5.11
2024-10-17,Store_1,SKU_3,127.36,13,0,0,0,5.11
2024-10-18,Store_1,SKU_3,146.85,13,0,0,0,5.11
2024-10-19,Store_1,SKU_3,256.34,20,1,0,0,5.11
2024-10-20,Store_1,SKU_3,73.25,8,0,0,0,5.11
2024-10-21,Store_1,SKU_3,139.36,12,0,0,0,5.11
2024-10-22,Store_1,SKU_3,133.21,11,0,0,0,5.11
2024-10-23,Store_1,SKU_3,121.1,10,0,0,0,5.11
2024-10-24,Store_1,SKU_3,161.3,13,0,0,0,5.11
2024-10-25,Store_1,SKU_3,215.02,19,1,0,0,5.11
2024-10-26,Store_1,SKU_3,135.6,11,0,0,0,5.11
2024-10-27,Store_1,SKU_3,84.02,7,0,0,0,5.11
2024-10-28,Store_1,SKU_3,133.41,10,0,0,0,5.11
2024-10-29,Store_1,SKU_3,123.2,10,0,0,0,5.11
2024-10-30,Store_1,SKU_3,128.32,13,0,0,0,5.11
2024-10-31,Store_1,SKU_3,121.98,9,0,0,0,5.11
2024-11-01,Store_1,SKU_3,128.45,11,0,0,0,5.11
2024-11-02,Store_1,SKU_3,231.06,17,1,0,0,5.11
2024-11-03,Store_1,SKU_3,69.73,7,0,0,0,5.11
2024-11-04,Store_1,SKU_3,119.68,8,0,0,0,5.11
2024-11-05,Store_1,SKU_3,137.25,13,1,0,0,5.11
2024-11-06,Store_1,SKU_3,112.16,9,0,0,0,5.11
2024-11-07,Store_1,SKU_3,111.29,11,0,0,0,5.11
2024-11-08,Store_1,SKU_3,124.67,10,0,0,0,5.11
2024-11-09,Store_1,SKU_3,146.35,13,0,0,0,5.11
2024-11-10,Store_1,SKU_3,67.2,5,0,0,0,5.11
2024-11-11,Store_1,SKU_3,118.3,12,0,0,0,5.11
2024-11-12,Store_1,SKU_3,100.62,10,0,0,0,5.11
2024-11-13,Store_1,SKU_3,122.15,11,0,0,0,5.11
2024-11-14,Store_1,SKU_3,127.1,15,0,0,0,5.11
2024-11-15,Store_1,SKU_3,170.61,13,1,0,0,5.11
2024-11-16,Store_1,SKU_3,140.2,14,0,0,0,5.11
2024-11-17,Store_1,SKU_3,74.65,6,0,0,0,5.11
2024-11-18,Store_1,SKU_3,123.92,9,0,0,0,5.11
2024-11-19,Store_1,SKU_3,110.4,9,0,0,0,5.11
2024-11-20,Store_1,SKU_3,117.64,12,0,0,0,5.11
2024-11-21,Store_1,SKU_3,132.04,11,0,0,0,5.11
2024-11-22,Store_1,SKU_3,136.61,12,0,0,0,5.11
2024-11-23,Store_1,SKU_3,218.54,16,1,0,0,5.11
2024-11-24,Store_1,SKU_3,67.98,7,0,0,0,5.11
2024-11-25,Store_1,SKU_3,105.14,11,0,0,0,5.11
2024-11-26,Store_1,SKU_3,111.46,9,0,0,0,5.11
2024-11-27,Store_1,SKU_3,114.11,10,0,0,0,5.11
2024-11-28,Store_1,SKU_3,170.18,15,1,0,0,5.11
2024-11-29,Store_1,SKU_3,126.14,11,0,0,0,5.11
2024-11-30,Store_1,SKU_3,210.43,17,1,0,0,5.11
2024-12-01,Store_1,SKU_3,62.06,5,0,0,0,5.11
2024-12-02,Store_1,SKU_3,127.09,11,0,0,0,5.11
2024-12-03,Store_1,SKU_3,149.65,14,1,0,0,5.11
2024-12-04,Store_1,SKU_3,110.55,9,0,0,0,5.11
2024-12-05,Store_1,SKU_3,142.39,14,0,0,0,5.11
2024-12-06,Store_1,SKU_3,108.08,8,0,0,0,5.11
2024-12-07,Store_1,SKU_3,156.66,15,0,0,0,5.11
2024-12-08,Store_1,SKU_3,65.28,5,0,0,0,5.11
2024-12-09,Store_1,SKU_3,112.01,8,0,0,0,5.11
2024-12-10,Store_1,SKU_3,145.9,15,1,0,0,5.11
2024-12-11,Store_1,SKU_3,110.12,8,0,0,0,5.11
2024-12-12,Store_1,SKU_3,101.93,8,0,0,0,5.11
2024-12-13,Store_1,SKU_3,132.16,12,0,0,0,5.11
2024-12-14,Store_1,SKU_3,125.08,10,0,0,0,5.11
2024-12-15,Store_1,SKU_3,114.11,12,1,0,0,5.11
2024-12-16,Store_1,SKU_3,116.86,12,0,0,0,5.11
2024-12-17,Store_1,SKU_3,111.73,11,0,0,0,5.11
2024-12-18,Store_1,SKU_3,113.85,8,0,0,0,5.11
2024-12-19,Store_1,SKU_3,125.04,11,0,0,0,5.11
2024-12-20,Store_1,SKU_3,120.74,9,0,0,0,5.11
2024-12-21,Store_1,SKU_3,153.02,11,0,0,0,5.11
2024-12-22,Store_1,SKU_3,69.33,5,0,0,0,5.11
2024-12-23,Store_1,SKU_3,179.83,12,1,0,0,5.11
2024-12-24,Store_1,SKU_3,110.91,10,0,0,0,5.11
2024-12-25,Store_1,SKU_3,42.07,3,0,a,0,5.11
2024-12-26,Store_1,SKU_3,50.81,4,0,a,0,5.11
2024-12-27,Store_1,SKU_3,127.6,12,0,0,0,5.11
2024-12-28,Store_1,SKU_3,193.41,16,1,0,0,5.11
2024-12-29,Store_1,SKU_3,70.24,6,0,0,0,5.11
2024-12-30,Store_1,SKU_3,161.11,12,1,0,0,5.11
2024-12-31,Store_1,SKU_3,106.31,11,0,0,0,5.11
2022-01-01,Store_1,SKU_4,36.85,3,0,a,0,23.38
2022-01-02,Store_1,SKU_4,46.34,3,0,0,0,23.38
2022-01-03,Store_1,SKU_4,66.31,6,0,0,0,23.38
2022-01-04,Store_1,SKU_4,59.79,4,0,0,0,23.38
2022-01-05,Store_1,SKU_4,70.92,6,0,0,0,23.38
2022-01-06,Store_1,SKU_4,70.32,6,0,0,0,23.38
2022-01-07,Store_1,SKU_4,77.77,7,0,0,0,23.38
2022-01-08,Store_1,SKU_4,82.82,7,0,0,0,23.38
2022-01-09,Store_1,SKU_4,39.36,3,0,0,0,23.38
2022-01-10,Store_1,SKU_4,66.39,7,0,0,0,23.38
2022-01-11,Store_1,SKU_4,57.35,5,0,0,0,23.38
2022-01-12,Store_1,SKU_4,68.43,5,0,0,0,23.38
2022-01-13,Store_1,SKU_4,60.09,7,0,0,0,23.38
2022-01-14,Store_1,SKU_4,70.63,6,0,0,0,23.38
2022-01-15,Store_1,SKU_4,109.06,8,1,0,0,23.38
2022-01-16,Store_1,SKU_4,40.91,3,0,0,0,23.38
2022-01-17,Store_1,SKU_4,67.6,6,0,0,0,23.38
2022-01-18,Store_1,SKU_4,70.41,7,0,0,0,23.38
2022-01-19,Store_1,SKU_4,71.16,6,0,0,0,23.38
2022-01-20,Store_1,SKU_4,66.92,5,0,0,0,23.38
2022-01-21,Store_1,SKU_4,73.11,6,0,0,0,23.38
2022-01-22,Store_1,SKU_4,80.94,6,0,0,0,23.38
2022-01-23,Store_1,SKU_4,40.46,3,0,0,0,23.38
2022-01-24,Store_1,SKU_4,65.28,5,0,0,0,23.38
2022-01-25,Store_1,SKU_4,63.57,5,0,0,0,23.38
2022-01-26,Store_1,SKU_4,86.81,7,1,0,0,23.38
2022-01-27,Store_1,SKU_4,63.63,5,0,0,0,23.38
2022-01-28,Store_1,SKU_4,71.53,8,0,0,0,23.38
2022-01-29,Store_1,SKU_4,69.5,5,0,0,0,23.38
2022-01-30,Store_1,SKU_4,39.42,3,0,0,0,23.38
2022-01-31,Store_1,SKU_4,80.75,5,1,0,0,23.38
2022-02-01,Store_1,SKU_4,72.98,7,0,0,0,23.38
2022-02-02,Store_1,SKU_4,72.41,8,0,0,0,23.38
2022-02-03,Store_1,SKU_4,75.87,7,0,0,0,23.38
2022-02-04,Store_1,SKU_4,74.42,5,0,0,0,23.38
2022-02-05,Store_1,SKU_4,99.81,7,0,0,0,23.38
2022-02-06,Store_1,SKU_4,48.93,4,0,0,0,23.38
2022-02-07,Store_1,SKU_4,72.63,5,0,0,0,23.38
2022-02-08,Store_1,SKU_4,69.63,7,0,0,0,23.38
2022-02-09,Store_1,SKU_4,72.71,6,0,0,0,23.38
2022-02-10,Store_1,SKU_4,114.26,8,1,0,0,23.38
2022-02-11,Store_1,SKU_4,79.01,6,0,0,0,23.38
2022-02-12,Store_1,SKU_4,98.63,7,0,0,0,23.38
2022-02-13,Store_1,SKU_4,48.57,4,0,0,0,23.38
2022-02-14,Store_1,SKU_4,74.49,7,0,0,0,23.38
2022-02-15,Store_1,SKU_4,70.17,5,0,0,0,23.38
2022-02-16,Store_1,SKU_4,109.64,11,1,0,0,23.38
2022-02-17,Store_1,SKU_4,76.99,7,0,0,0,23.38
2022-02-18,Store_1,SKU_4,82.93,6,0,0,0,23.38
2022-02-19,Store_1,SKU_4,92.77,9,0,0,0,23.38
2022-02-20,Store_1,SKU_4,47.92,5,0,0,0,23.38
2022-02-21,Store_1,SKU_4,82.51,8,0,0,0,23.38
2022-02-22,Store_1,SKU_4,68.0,5,0,0,0,23.38
2022-02-23,Store_1,SKU_4,79.37,7,0,0,0,23.38
2022-02-24,Store_1,SKU_4,82.51,7,0,0,0,23.38
2022-02-25,Store_1,SKU_4,79.42,6,0,0,0,23.38
2022-02-26,Store_1,SKU_4,88.07,7,0,0,0,23.38
2022-02-27,Store_1,SKU_4,52.08,4,0,0,0,23.38
2022-02-28,Store_1,SKU_4,71.51,7,0,0,0,23.38
2022-03-01,Store_1,SKU_4,78.1,7,0,0,0,23.38
2022-03-02,Store_1,SKU_4,82.8,6,0,0,0,23.38
2022-03-03,Store_1,SKU_4,85.67,9,0,0,0,23.38
2022-03-04,Store_1,SKU_4,103.16,9,0,0,0,23.38
2022-03-05,Store_1,SKU_4,120.84,10,0,0,0,23.38
2022-03-06,Store_1,SKU_4,56.78,5,0,0,0,23.38
2022-03-07,Store_1,SKU_4,89.54,7,0,0,0,23.38
2022-03-08,Store_1,SKU_4,82.36,6,0,0,0,23.38
2022-03-09,Store_1,SKU_4,121.1,13,1,0,0,23.38
2022-03-10,Store_1,SKU_4,84.19,9,0,0,0,23.38
2022-03-11,Store_1,SKU_4,108.97,8,0,0,0,23.38
2022-03-12,Store_1,SKU_4,111.74,8,0,0,0,23.38
2022-03-13,Store_1,SKU_4,49.18,4,0,0,0,23.38
2022-03-14,Store_1,SKU_4,88.29,8,0,0,0,23.38
2022-03-15,Store_1,SKU_4,80.4,6,0,0,0,23.38
2022-03-16,Store_1,SKU_4,75.45,5,0,0,0,23.38
2022-03-17,Store_1,SKU_4,117.67,9,1,0,0,23.38
2022-03-18,Store_1,SKU_4,112.59,8,0,0,0,23.38
2022-03-19,Store_1,SKU_4,107.26,10,0,0,0,23.38
2022-03-20,Store_1,SKU_4,55.36,6,0,0,0,23.38
2022-03-21,Store_1,SKU_4,95.27,7,0,0,0,23.38
2022-03-22,Store_1,SKU_4,79.61,5,0,0,0,23.38
2022-03-23,Store_1,SKU_4,77.83,8,0,0,0,23.38
2022-03-24,Store_1,SKU_4,88.16,9,0,0,0,23.38
2022-03-25,Store_1,SKU_4,104.52,8,0,0,0,23.38
2022-03-26,Store_1,SKU_4,112.87,11,0,0,0,23.38
2022-03-27,Store_1,SKU_4,55.45,6,0,0,0,23.38
2022-03-28,Store_1,SKU_4,88.44,8,0,0,0,23.38
2022-03-29,Store_1,SKU_4,80.65,7,0,0,0,23.38
2022-03-30,Store_1,SKU_4,84.28,8,0,0,0,23.38
2022-03-31,Store_1,SKU_4,97.82,7,0,0,0,23.38
2022-04-01,Store_1,SKU_4,147.21,16,1,0,0,23.38
2022-04-02,Store_1,SKU_4,110.7,9,0,0,0,23.38
2022-04-03,Store_1,SKU_4,58.27,5,0,0,0,23.38
2022-04-04,Store_1,SKU_4,104.61,7,0,0,0,23.38
2022-04-05,Store_1,SKU_4,86.76,9,0,0,0,23.38
2022-04-06,Store_1,SKU_4,98.03,8,0,0,0,23.38
2022-04-07,Store_1,SKU_4,96.32,9,0,0,0,23.38
2022-04-08,Store_1,SKU_4,103.99,10,0,0,0,23.38
2022-04-09,Store_1,SKU_4,118.03,9,0,0,0,23.38
2022-04-10,Store_1,SKU_4,88.54,7,1,0,0,23.38
2022-04-11,Store_1,SKU_4,97.62,9,0,0,0,23.38
2022-04-12,Store_1,SKU_4,99.09,10,0,0,0,23.38
2022-04-13,Store_1,SKU_4,91.25,7,0,0,0,23.38
2022-04-14,Store_1,SKU_4,95.43,8,0,0,0,23.38
2022-04-15,Store_1,SKU_4,107.59,13,0,0,0,23.38
2022-04-16,Store_1,SKU_4,131.49,13,0,0,0,23.38
2022-04-17,Store_1,SKU_4,92.0,7,1,0,0,23.38
2022-04-18,Store_1,SKU_4,127.43,10,1,0,0,23.38
2022-04-19,Store_1,SKU_4,80.85,6,0,0,0,23.38
2022-04-20,Store_1,SKU_4,98.53,8,0,0,0,23.38
2022-04-21,Store_1,SKU_4,142.16,12,1,0,0,23.38
2022-04-22,Store_1,SKU_4,114.36,9,0,0,0,23.38
2022-04-23,Store_1,SKU_4,126.21,13,0,0,0,23.38
2022-04-24,Store_1,SKU_4,63.65,5,0,0,0,23.38
2022-04-25,Store_1,SKU_4,102.62,8,0,0,0,23.38
2022-04-26,Store_1,SKU_4,81.21,7,0,0,0,23.38
2022-04-27,Store_1,SKU_4,98.14,11,0,0,0,23.38
2022-04-28,Store_1,SKU_4,91.97,8,0,0,0,23.38
2022-04-29,Store_1,SKU_4,145.85,15,1,0,0,23.38
2022-04-30,Store_1,SKU_4,133.46,14,0,0,0,23.38
2022-05-01,Store_1,SKU_4,69.45,5,0,0,0,23.38
2022-05-02,Store_1,SKU_4,163.14,12,1,0,0,23.38
2022-05-03,Store_1,SKU_4,100.22,7,0,0,0,23.38
2022-05-04,Store_1,SKU_4,96.07,9,0,0,0,23.38
2022-05-05,Store_1,SKU_4,114.82,10,0,0,0,23.38
2022-05-06,Store_1,SKU_4,130.17,13,0,0,0,23.38
2022-05-07,Store_1,SKU_4,137.55,15,0,0,0,23.38
2022-05-08,Store_1,SKU_4,61.32,5,0,0,0,23.38
2022-05-09,Store_1,SKU_4,87.63,10,0,0,0,23.38
2022-05-10,Store_1,SKU_4,100.11,7,0,0,0,23.38
2022-05-11,Store_1,SKU_4,106.64,9,0,0,0,23.38
2022-05-12,Store_1,SKU_4,110.28,8,0,0,0,23.38
2022-05-13,Store_1,SKU_4,127.52,10,0,0,0,23.38
2022-05-14,Store_1,SKU_4,134.89,12,0,0,0,23.38
2022-05-15,Store_1,SKU_4,74.15,7,0,0,0,23.38
2022-05-16,Store_1,SKU_4,103.71,9,0,0,0,23.38
2022-05-17,Store_1,SKU_4,100.34,9,0,0,0,23.38
2022-05-18,Store_1,SKU_4,106.01,8,0,0,0,23.38
2022-05-19,Store_1,SKU_4,104.61,11,0,0,0,23.38
2022-05-20,Store_1,SKU_4,137.48,13,0,0,0,23.38
2022-05-21,Store_1,SKU_4,129.01,9,0,0,0,23.38
2022-05-22,Store_1,SKU_4,62.34,4,0,0,0,23.38
2022-05-23,Store_1,SKU_4,118.7,9,0,0,0,23.38
2022-05-24,Store_1,SKU_4,114.97,11,0,0,0,23.38
2022-05-25,Store_1,SKU_4,106.91,8,0,0,0,23.38
2022-05-26,Store_1,SKU_4,123.86,9,0,0,0,23.38
2022-05-27,Store_1,SKU_4,109.11,7,0,0,0,23.38
2022-05-28,Store_1,SKU_4,129.21,9,0,0,0,23.38
2022-05-29,Store_1,SKU_4,67.66,7,0,0,0,23.38
2022-05-30,Store_1,SKU_4,103.53,8,0,0,0,23.38
2022-05-31,Store_1,SKU_4,107.49,8,0,0,0,23.38
2022-06-01,Store_1,SKU_4,109.39,9,0,0,0,23.38
2022-06-02,Store_1,SKU_4,118.13,12,0,0,0,23.38
2022-06-03,Store_1,SKU_4,112.79,11,0,0,0,23.38
2022-06-04,Store_1,SKU_4,141.02,15,0,0,0,23.38
2022-06-05,Store_1,SKU_4,60.67,6,0,0,0,23.38
2022-06-06,Store_1,SKU_4,109.68,8,0,0,0,23.38
2022-06-07,Store_1,SKU_4,120.82,10,0,0,0,23.38
2022-06-08,Store_1,SKU_4,93.28,7,0,0,0,23.38
2022-06-09,Store_1,SKU_4,109.24,9,0,0,0,23.38
2022-06-10,Store_1,SKU_4,128.88,15,0,0,0,23.38
2022-06-11,Store_1,SKU_4,126.93,10,0,0,0,23.38
2022-06-12,Store_1,SKU_4,98.35,8,1,0,0,23.38
2022-06-13,Store_1,SKU_4,110.77,9,0,0,0,23.38
2022-06-14,Store_1,SKU_4,100.88,10,0,0,0,23.38
2022-06-15,Store_1,SKU_4,97.72,8,0,0,0,23.38
2022-06-16,Store_1,SKU_4,112.42,9,0,0,0,23.38
2022-06-17,Store_1,SKU_4,127.99,9,0,0,0,23.38
2022-06-18,Store_1,SKU_4,149.55,12,0,0,0,23.38
2022-06-19,Store_1,SKU_4,98.43,8,1,0,0,23.38
2022-06-20,Store_1,SKU_4,111.18,11,0,0,0,23.38
2022-06-21,Store_1,SKU_4,101.77,7,0,0,0,23.38
2022-06-22,Store_1,SKU_4,104.2,9,0,0,0,23.38
2022-06-23,Store_1,SKU_4,124.31,9,0,0,0,23.38
2022-06-24,Store_1,SKU_4,97.81,10,0,0,0,23.38
2022-06-25,Store_1,SKU_4,135.82,10,0,0,0,23.38
2022-06-26,Store_1,SKU_4,57.77,6,0,0,0,23.38
2022-06-27,Store_1,SKU_4,179.57,13,1,0,0,23.38
2022-06-28,Store_1,SKU_4,98.19,7,0,0,0,23.38
2022-06-29,Store_1,SKU_4,106.32,7,0,0,0,23.38
2022-06-30,Store_1,SKU_4,149.33,13,1,0,0,23.38
2022-07-01,Store_1,SKU_4,116.16,11,0,0,1,23.38
2022-07-02,Store_1,SKU_4,129.88,12,0,0,0,23.38
2022-07-03,Store_1,SKU_4,59.76,5,0,0,1,23.38
2022-07-04,Store_1,SKU_4,105.32,9,0,0,1,23.38
2022-07-05,Store_1,SKU_4,109.21,9,0,0,0,23.38
2022-07-06,Store_1,SKU_4,96.36,6,0,0,0,23.38
2022-07-07,Store_1,SKU_4,99.37,8,0,0,0,23.38
2022-07-08,Store_1,SKU_4,117.52,11,0,0,1,23.38
2022-07-09,Store_1,SKU_4,197.01,16,1,0,0,23.38
2022-07-10,Store_1,SKU_4,73.12,8,0,0,0,23.38
2022-07-11,Store_1,SKU_4,96.02,10,0,0,0,23.38
2022-07-12,Store_1,SKU_4,112.13,11,0,0,0,23.38
2022-07-13,Store_1,SKU_4,92.76,8,0,0,0,23.38
2022-07-14,Store_1,SKU_4,111.13,10,0,0,0,23.38
2022-07-15,Store_1,SKU_4,121.25,10,0,0,0,23.38
2022-07-16,Store_1,SKU_4,124.19,12,0,0,1,23.38
2022-07-17,Store_1,SKU_4,55.65,4,0,0,1,23.38
2022-07-18,Store_1,SKU_4,116.4,8,0,0,1,23.38
2022-07-19,Store_1,SKU_4,116.76,8,0,0,0,23.38
2022-07-20,Store_1,SKU_4,116.57,11,0,0,1,23.38
2022-07-21,Store_1,SKU_4,107.09,8,0,0,1,23.38
2022-07-22,Store_1,SKU_4,186.8,15,1,0,1,23.38
2022-07-23,Store_1,SKU_4,224.98,17,1,0,1,23.38
2022-07-24,Store_1,SKU_4,64.16,4,0,0,1,23.38
2022-07-25,Store_1,SKU_4,116.99,9,0,0,1,23.38
2022-07-26,Store_1,SKU_4,96.94,8,0,0,0,23.38
2022-07-27,Store_1,SKU_4,121.98,9,1,0,0,23.38
2022-07-28,Store_1,SKU_4,159.96,11,1,0,0,23.38
2022-07-29,Store_1,SKU_4,131.98,10,0,0,0,23.38
2022-07-30,Store_1,SKU_4,139.67,17,0,0,0,23.38
2022-07-31,Store_1,SKU_4,68.93,6,0,0,0,23.38
2022-08-01,Store_1,SKU_4,102.48,9,0,0,0,23.38
2022-08-02,Store_1,SKU_4,118.76,9,1,0,0,23.38
2022-08-03,Store_1,SKU_4,92.21,10,0,0,1,23.38
2022-08-04,Store_1,SKU_4,167.46,13,1,0,0,23.38
2022-08-05,Store_1,SKU_4,120.23,10,0,0,1,23.38
2022-08-06,Store_1,SKU_4,127.3,10,0,0,0,23.38
2022-08-07,Store_1,SKU_4,66.26,7,0,0,1,23.38
2022-08-08,Store_1,SKU_4,142.36,12,1,0,0,23.38
2022-08-09,Store_1,SKU_4,94.81,11,0,0,1,23.38
2022-08-10,Store_1,SKU_4,102.82,10,0,0,1,23.38
2022-08-11,Store_1,SKU_4,117.09,13,0,0,0,23.38
2022-08-12,Store_1,SKU_4,124.88,10,0,0,1,23.38
2022-08-13,Store_1,SKU_4,127.26,10,0,0,0,23.38
2022-08-14,Store_1,SKU_4,84.25,7,1,0,0,23.38
2022-08-15,Store_1,SKU_4,116.33,10,0,0,0,23.38
2022-08-16,Store_1,SKU_4,88.8,7,0,0,0,23.38
2022-08-17,Store_1,SKU_4,99.96,12,0,0,1,23.38
2022-08-18,Store_1,SKU_4,118.01,12,0,0,1,23.38
2022-08-19,Store_1,SKU_4,106.0,10,0,0,0,23.38
2022-08-20,Store_1,SKU_4,165.13,13,1,0,1,23.38
2022-08-21,Store_1,SKU_4,87.43,8,1,0,1,23.38
2022-08-22,Store_1,SKU_4,96.86,9,0,0,1,23.38
2022-08-23,Store_1,SKU_4,133.2,13,1,0,1,23.38
2022-08-24,Store_1,SKU_4,135.41,16,1,0,0,23.38
2022-08-25,Store_1,SKU_4,97.9,7,0,0,1,23.38
2022-08-26,Store_1,SKU_4,125.02,12,0,0,1,23.38
2022-08-27,Store_1,SKU_4,153.64,11,0,0,0,23.38
2022-08-28,Store_1,SKU_4,54.94,4,0,0,0,23.38
2022-08-29,Store_1,SKU_4,104.23,7,0,0,0,23.38
2022-08-30,Store_1,SKU_4,95.48,7,0,0,0,23.38
2022-08-31,Store_1,SKU_4,138.24,12,1,0,1,23.38
2022-09-01,Store_1,SKU_4,91.64,10,0,0,0,23.38
2022-09-02,Store_1,SKU_4,113.63,14,0,0,0,23.38
2022-09-03,Store_1,SKU_4,99.94,9,0,0,0,23.38
2022-09-04,Store_1,SKU_4,54.03,4,0,0,0,23.38
2022-09-05,Store_1,SKU_4,117.96,9,1,0,0,23.38
2022-09-06,Store_1,SKU_4,111.15,8,1,0,0,23.38
2022-09-07,Store_1,SKU_4,88.4,8,0,0,0,23.38
2022-09-08,Store_1,SKU_4,101.74,12,0,0,0,23.38
2022-09-09,Store_1,SKU_4,118.94,10,0,0,0,23.38
2022-09-10,Store_1,SKU_4,123.09,13,0,0,0,23.38
2022-09-11,Store_1,SKU_4,52.53,4,0,0,0,23.38
2022-09-12,Store_1,SKU_4,101.01,12,0,0,0,23.38
2022-09-13,Store_1,SKU_4,94.53,11,0,0,0,23.38
2022-09-14,Store_1,SKU_4,83.56,9,0,0,0,23.38
2022-09-15,Store_1,SKU_4,86.77,7,0,0,0,23.38
2022-09-16,Store_1,SKU_4,109.01,12,0,0,0,23.38
2022-09-17,Store_1,SKU_4,121.7,9,0,0,0,23.38
2022-09-18,Store_1,SKU_4,54.52,4,0,0,0,23.38
2022-09-19,Store_1,SKU_4,95.28,8,0,0,0,23.38
2022-09-20,Store_1,SKU_4,94.93,8,0,0,0,23.38
2022-09-21,Store_1,SKU_4,112.69,13,1,0,0,23.38
2022-09-22,Store_1,SKU_4,129.74,13,1,0,0,23.38
2022-09-23,Store_1,SKU_4,95.88,8,0,0,0,23.38
2022-09-24,Store_1,SKU_4,117.49,10,0,0,0,23.38
2022-09-25,Store_1,SKU_4,54.75,6,0,0,0,23.38
2022-09-26,Store_1,SKU_4,89.11,9,0,0,0,23.38
2022-09-27,Store_1,SKU_4,74.9,6,0,0,0,23.38
2022-09-28,Store_1,SKU_4,77.25,6,0,0,0,23.38
2022-09-29,Store_1,SKU_4,80.9,9,0,0,0,23.38
2022-09-30,Store_1,SKU_4,103.3,9,0,0,0,23.38
2022-10-01,Store_1,SKU_4,102.91,8,0,0,0,23.38
2022-10-02,Store_1,SKU_4,44.87,4,0,0,0,23.38
2022-10-03,Store_1,SKU_4,70.67,7,0,0,0,23.38
2022-10-04,Store_1,SKU_4,115.02,10,1,0,0,23.38
2022-10-05,Store_1,SKU_4,65.96,5,0,0,0,23.38
2022-10-06,Store_1,SKU_4,76.95,6,0,0,0,23.38
2022-10-07,Store_1,SKU_4,121.45,13,1,0,0,23.38
2022-10-08,Store_1,SKU_4,152.47,11,1,0,0,23.38
2022-10-09,Store_1,SKU_4,42.67,3,0,0,0,23.38
2022-10-10,Store_1,SKU_4,108.87,8,1,0,0,23.38
2022-10-11,Store_1,SKU_4,77.74,6,0,0,0,23.38
2022-10-12,Store_1,SKU_4,71.23,5,0,0,0,23.38
2022-10-13,Store_1,SKU_4,88.84,9,0,0,0,23.38
2022-10-14,Store_1,SKU_4,81.64,8,0,0,0,23.38
2022-10-15,Store_1,SKU_4,136.59,14,1,0,0,23.38
2022-10-16,Store_1,SKU_4,45.73,3,0,0,0,23.38
2022-10-17,Store_1,SKU_4,60.51,7,0,0,0,23.38
2022-10-18,Store_1,SKU_4,74.38,7,0,0,0,23.38
2022-10-19,Store_1,SKU_4,101.45,12,1,0,0,23.38
2022-10-20,Store_1,SKU_4,77.3,6,0,0,0,23.38
2022-10-21,Store_1,SKU_4,84.86,8,0,0,0,23.38
2022-10-22,Store_1,SKU_4,100.37,9,0,0,0,23.38
2022-10-23,Store_1,SKU_4,50.87,5,0,0,0,23.38
2022-10-24,Store_1,SKU_4,114.6,12,1,0,0,23.38
2022-10-25,Store_1,SKU_4,74.12,5,0,0,0,23.38
2022-10-26,Store_1,SKU_4,86.64,9,0,0,0,23.38
2022-10-27,Store_1,SKU_4,75.33,6,0,0,0,23.38
2022-10-28,Store_1,SKU_4,78.94,8,0,0,0,23.38
2022-10-29,Store_1,SKU_4,102.52,12,0,0,0,23.38
2022-10-30,Store_1,SKU_4,69.73,5,1,0,0,23.38
2022-10-31,Store_1,SKU_4,80.72,5,0,0,0,23.38
2022-11-01,Store_1,SKU_4,66.12,5,0,0,0,23.38
2022-11-02,Store_1,SKU_4,62.69,5,0,0,0,23.38
2022-11-03,Store_1,SKU_4,69.99,6,0,0,0,23.38
2022-11-04,Store_1,SKU_4,107.85,11,1,0,0,23.38
2022-11-05,Store_1,SKU_4,94.57,10,0,0,0,23.38
2022-11-06,Store_1,SKU_4,40.27,2,0,0,0,23.38
2022-11-07,Store_1,SKU_4,74.82,6,0,0,0,23.38
2022-11-08,Store_1,SKU_4,70.35,5,0,0,0,23.38
2022-11-09,Store_1,SKU_4,93.77,7,1,0,0,23.38
2022-11-10,Store_1,SKU_4,102.66,8,1,0,0,23.38
2022-11-11,Store_1,SKU_4,78.16,9,0,0,0,23.38
2022-11-12,Store_1,SKU_4,78.2,8,0,0,0,23.38
2022-11-13,Store_1,SKU_4,41.67,3,0,0,0,23.38
2022-11-14,Store_1,SKU_4,67.97,8,0,0,0,23.38
2022-11-15,Store_1,SKU_4,76.17,7,0,0,0,23.38
2022-11-16,Store_1,SKU_4,70.1,6,0,0,0,23.38
2022-11-17,Store_1,SKU_4,69.65,7,0,0,0,23.38
2022-11-18,Store_1,SKU_4,78.0,8,0,0,0,23.38
2022-11-19,Store_1,SKU_4,93.82,10,0,0,0,23.38
2022-11-20,Store_1,SKU_4,49.73,4,0,0,0,23.38
2022-11-21,Store_1,SKU_4,68.38,6,0,0,0,23.38
2022-11-22,Store_1,SKU_4,67.04,6,0,0,0,23.38
2022-11-23,Store_1,SKU_4,74.58,7,0,0,0,23.38
2022-11-24,Store_1,SKU_4,74.28,5,0,0,0,23.38
2022-11-25,Store_1,SKU_4,82.16,6,0,0,0,23.38
2022-11-26,Store_1,SKU_4,114.92,12,1,0,0,23.38
2022-11-27,Store_1,SKU_4,44.96,4,0,0,0,23.38
2022-11-28,Store_1,SKU_4,64.34,6,0,0,0,23.38
2022-11-29,Store_1,SKU_4,59.87,4,0,0,0,23.38
2022-11-30,Store_1,SKU_4,58.61,6,0,0,0,23.38
2022-12-01,Store_1,SKU_4,78.78,5,0,0,0,23.38
2022-12-02,Store_1,SKU_4,73.87,7,0,0,0,23.38
2022-12-03,Store_1,SKU_4,81.75,6,0,0,0,23.38
2022-12-04,Store_1,SKU_4,62.13,7,1,0,0,23.38
2022-12-05,Store_1,SKU_4,59.98,6,0,0,0,23.38
2022-12-06,Store_1,SKU_4,90.34,8,1,0,0,23.38
2022-12-07,Store_1,SKU_4,91.67,10,1,0,0,23.38
2022-12-08,Store_1,SKU_4,71.15,5,0,0,0,23.38
2022-12-09,Store_1,SKU_4,73.94,7,0,0,0,23.38
2022-12-10,Store_1,SKU_4,118.19,12,1,0,0,23.38
2022-12-11,Store_1,SKU_4,45.07,4,0,0,0,23.38
2022-12-12,Store_1,SKU_4,73.07,7,0,0,0,23.38
2022-12-13,Store_1,SKU_4,55.35,5,0,0,0,23.38
2022-12-14,Store_1,SKU_4,60.05,5,0,0,0,23.38
2022-12-15,Store_1,SKU_4,67.9,6,0,0,0,23.38
2022-12-16,Store_1,SKU_4,73.07,5,0,0,0,23.38
2022-12-17,Store_1,SKU_4,80.05,6,0,0,0,23.38
2022-12-18,Store_1,SKU_4,56.48,4,1,0,0,23.38
2022-12-19,Store_1,SKU_4,74.31,6,0,0,0,23.38
2022-12-20,Store_1,SKU_4,61.28,4,0,0,0,23.38
2022-12-21,Store_1,SKU_4,68.17,5,0,0,0,23.38
2022-12-22,Store_1,SKU_4,75.77,6,0,0,0,23.38
2022-12-23,Store_1,SKU_4,73.6,8,0,0,0,23.38
2022-12-24,Store_1,SKU_4,82.42,7,0,0,0,23.38
2022-12-25,Store_1,SKU_4,16.76,1,0,a,0,23.38
2022-12-26,Store_1,SKU_4,25.67,1,0,a,0,23.38
2022-12-27,Store_1,SKU_4,71.56,6,0,0,0,23.38
2022-12-28,Store_1,SKU_4,64.17,5,0,0,0,23.38
2022-12-29,Store_1,SKU_4,84.24,8,1,0,0,23.38
2022-12-30,Store_1,SKU_4,76.84,7,0,0,0,23.38
2022-12-31,Store_1,SKU_4,82.87,6,0,0,0,23.38
2023-01-01,Store_1,SKU_4,18.79,1,0,a,0,23.38
2023-01-02,Store_1,SKU_4,73.22,6,0,0,0,23.38
2023-01-03,Store_1,SKU_4,64.25,5,0,0,0,23.38
2023-01-04,Store_1,SKU_4,70.39,7,0,0,0,23.38
2023-01-05,Store_1,SKU_4,76.61,6,0,0,0,23.38
2023-01-06,Store_1,SKU_4,68.09,6,0,0,0,23.38
2023-01-07,Store_1,SKU_4,99.09,8,0,0,0,23.38
2023-01-08,Store_1,SKU_4,63.46,5,1,0,0,23.38
2023-01-09,Store_1,SKU_4,108.12,9,1,0,0,23.38
2023-01-10,Store_1,SKU_4,63.58,7,0,0,0,23.38
2023-01-11,Store_1,SKU_4,73.89,5,0,0,0,23.38
2023-01-12,Store_1,SKU_4,61.06,5,0,0,0,23.38
2023-01-13,Store_1,SKU_4,74.42,6,0,0,0,23.38
2023-01-14,Store_1,SKU_4,99.69,12,0,0,0,23.38
2023-01-15,Store_1,SKU_4,67.97,5,1,0,0,23.38
2023-01-16,Store_1,SKU_4,65.6,4,0,0,0,23.38
2023-01-17,Store_1,SKU_4,60.53,6,0,0,0,23.38
2023-01-18,Store_1,SKU_4,70.88,5,0,0,0,23.38
2023-01-19,Store_1,SKU_4,60.84,4,0,0,0,23.38
2023-01-20,Store_1,SKU_4,77.08,5,0,0,0,23.38
2023-01-21,Store_1,SKU_4,89.76,6,0,0,0,23.38
2023-01-22,Store_1,SKU_4,45.07,4,0,0,0,23.38
2023-01-23,Store_1,SKU_4,88.92,10,0,0,0,23.38
2023-01-24,Store_1,SKU_4,71.23,5,0,0,0,23.38
2023-01-25,Store_1,SKU_4,61.58,6,0,0,0,23.38
2023-01-26,Store_1,SKU_4,78.66,7,0,0,0,23.38
2023-01-27,Store_1,SKU_4,82.54,9,0,0,0,23.38
2023-01-28,Store_1,SKU_4,97.02,8,0,0,0,23.38
2023-01-29,Store_1,SKU_4,43.32,4,0,0,0,23.38
2023-01-30,Store_1,SKU_4,73.34,7,0,0,0,23.38
2023-01-31,Store_1,SKU_4,64.72,7,0,0,0,23.38
2023-02-01,Store_1,SKU_4,124.29,12,1,0,0,23.38
2023-02-02,Store_1,SKU_4,86.21,7,0,0,0,23.38
2023-02-03,Store_1,SKU_4,85.86,7,0,0,0,23.38
2023-02-04,Store_1,SKU_4,143.28,14,1,0,0,23.38
2023-02-05,Store_1,SKU_4,50.54,4,0,0,0,23.38
2023-02-06,Store_1,SKU_4,78.84,8,0,0,0,23.38
2023-02-07,Store_1,SKU_4,84.18,7,0,0,0,23.38
2023-02-08,Store_1,SKU_4,79.81,8,0,0,0,23.38
2023-02-09,Store_1,SKU_4,84.05,6,0,0,0,23.38
2023-02-10,Store_1,SKU_4,93.91,7,0,0,0,23.38
2023-02-11,Store_1,SKU_4,102.79,11,0,0,0,23.38
2023-02-12,Store_1,SKU_4,54.8,5,0,0,0,23.38
2023-02-13,Store_1,SKU_4,90.24,8,0,0,0,23.38
2023-02-14,Store_1,SKU_4,79.6,8,0,0,0,23.38
2023-02-15,Store_1,SKU_4,102.16,8,1,0,0,23.38
2023-02-16,Store_1,SKU_4,80.32,6,0,0,0,23.38
2023-02-17,Store_1,SKU_4,85.19,7,0,0,0,23.38
2023-02-18,Store_1,SKU_4,98.44,11,0,0,0,23.38
2023-02-19,Store_1,SKU_4,54.04,5,0,0,0,23.38
2023-02-20,Store_1,SKU_4,74.02,6,0,0,0,23.38
2023-02-21,Store_1,SKU_4,78.83,9,0,0,0,23.38
2023-02-22,Store_1,SKU_4,82.39,6,0,0,0,23.38
2023-02-23,Store_1,SKU_4,75.32,6,0,0,0,23.38
2023-02-24,Store_1,SKU_4,91.44,10,0,0,0,23.38
2023-02-25,Store_1,SKU_4,143.26,15,1,0,0,23.38
2023-02-26,Store_1,SKU_4,50.82,5,0,0,0,23.38
2023-02-27,Store_1,SKU_4,87.03,7,0,0,0,23.38
2023-02-28,Store_1,SKU_4,72.83,5,0,0,0,23.38
2023-03-01,Store_1,SKU_4,94.19,7,0,0,0,23.38
2023-03-02,Store_1,SKU_4,101.35,10,0,0,0,23.38
2023-03-03,Store_1,SKU_4,111.16,11,0,0,0,23.38
2023-03-04,Store_1,SKU_4,147.14,12,1,0,0,23.38
2023-03-05,Store_1,SKU_4,79.29,7,1,0,0,23.38
2023-03-06,Store_1,SKU_4,88.63,10,0,0,0,23.38
2023-03-07,Store_1,SKU_4,85.4,6,0,0,0,23.38
2023-03-08,Store_1,SKU_4,93.71,9,0,0,0,23.38
2023-03-09,Store_1,SKU_4,107.62,12,0,0,0,23.38
2023-03-10,Store_1,SKU_4,103.96,9,0,0,0,23.38
2023-03-11,Store_1,SKU_4,113.13,12,0,0,0,23.38
2023-03-12,Store_1,SKU_4,56.62,5,0,0,0,23.38
2023-03-13,Store_1,SKU_4,103.1,9,0,0,0,23.38
2023-03-14,Store_1,SKU_4,86.96,8,0,0,0,23.38
2023-03-15,Store_1,SKU_4,75.81,5,0,0,0,23.38
2023-03-16,Store_1,SKU_4,83.01,6,0,0,0,23.38
2023-03-17,Store_1,SKU_4,110.18,11,0,0,0,23.38
2023-03-18,Store_1,SKU_4,124.04,9,0,0,0,23.38
2023-03-19,Store_1,SKU_4,65.05,6,0,0,0,23.38
2023-03-20,Store_1,SKU_4,85.98,6,0,0,0,23.38
2023-03-21,Store_1,SKU_4,80.54,7,0,0,0,23.38
2023-03-22,Store_1,SKU_4,80.34,6,0,0,0,23.38
2023-03-23,Store_1,SKU_4,89.23,7,0,0,0,23.38
2023-03-24,Store_1,SKU_4,145.19,10,1,0,0,23.38
2023-03-25,Store_1,SKU_4,116.8,8,0,0,0,23.38
2023-03-26,Store_1,SKU_4,51.74,4,0,0,0,23.38
2023-03-27,Store_1,SKU_4,109.55,11,0,0,0,23.38
2023-03-28,Store_1,SKU_4,90.03,10,0,0,0,23.38
2023-03-29,Store_1,SKU_4,87.14,8,0,0,0,23.38
2023-03-30,Store_1,SKU_4,107.69,12,0,0,0,23.38
2023-03-31,Store_1,SKU_4,101.38,8,0,0,0,23.38
2023-04-01,Store_1,SKU_4,132.82,10,0,0,0,23.38
2023-04-02,Store_1,SKU_4,68.29,7,0,0,0,23.38
2023-04-03,Store_1,SKU_4,95.13,9,0,0,0,23.38
2023-04-04,Store_1,SKU_4,134.32,13,1,0,0,23.38
2023-04-05,Store_1,SKU_4,115.78,9,0,0,0,23.38
2023-04-06,Store_1,SKU_4,111.43,11,0,0,0,23.38
2023-04-07,Store_1,SKU_4,153.65,18,1,0,0,23.38
2023-04-08,Store_1,SKU_4,132.46,9,0,0,0,23.38
2023-04-09,Store_1,SKU_4,60.58,5,0,0,0,23.38
2023-04-10,Store_1,SKU_4,111.86,11,0,0,0,23.38
2023-04-11,Store_1,SKU_4,131.68,9,1,0,0,23.38
2023-04-12,Store_1,SKU_4,97.81,10,0,0,0,23.38
2023-04-13,Store_1,SKU_4,125.84,14,0,0,0,23.38
2023-04-14,Store_1,SKU_4,111.68,10,0,0,0,23.38
2023-04-15,Store_1,SKU_4,112.32,10,0,0,0,23.38
2023-04-16,Store_1,SKU_4,61.63,4,0,0,0,23.38
2023-04-17,Store_1,SKU_4,106.47,11,0,0,0,23.38
2023-04-18,Store_1,SKU_4,100.15,9,0,0,0,23.38
2023-04-19,Store_1,SKU_4,96.1,7,0,0,0,23.38
2023-04-20,Store_1,SKU_4,147.75,17,1,0,0,23.38
2023-04-21,Store_1,SKU_4,123.85,10,0,0,0,23.38
2023-04-22,Store_1,SKU_4,135.48,12,0,0,0,23.38
2023-04-23,Store_1,SKU_4,64.51,5,0,0,0,23.38
2023-04-24,Store_1,SKU_4,108.79,10,0,0,0,23.38
2023-04-25,Store_1,SKU_4,102.57,11,0,0,0,23.38
2023-04-26,Store_1,SKU_4,102.15,11,0,0,0,23.38
2023-04-27,Store_1,SKU_4,114.01,10,0,0,0,23.38
2023-04-28,Store_1,SKU_4,105.82,9,0,0,0,23.38
2023-04-29,Store_1,SKU_4,200.66,14,1,0,0,23.38
2023-04-30,Store_1,SKU_4,82.33,6,1,0,0,23.38
2023-05-01,Store_1,SKU_4,113.83,10,0,0,0,23.38
2023-05-02,Store_1,SKU_4,108.57,12,0,0,0,23.38
2023-05-03,Store_1,SKU_4,145.65,10,1,0,0,23.38
2023-05-04,Store_1,SKU_4,104.69,7,0,0,0,23.38
2023-05-05,Store_1,SKU_4,127.26,14,0,0,0,23.38
2023-05-06,Store_1,SKU_4,125.04,9,0,0,0,23.38
2023-05-07,Store_1,SKU_4,66.58,7,0,0,0,23.38
2023-05-08,Store_1,SKU_4,128.74,10,0,0,0,23.38
2023-05-09,Store_1,SKU_4,104.38,10,0,0,0,23.38
2023-05-10,Store_1,SKU_4,147.42,10,1,0,0,23.38
2023-05-11,Store_1,SKU_4,127.09,14,0,0,0,23.38
2023-05-12,Store_1,SKU_4,131.28,9,0,0,0,23.38
2023-05-13,Store_1,SKU_4,136.66,10,0,0,0,23.38
2023-05-14,Store_1,SKU_4,69.28,7,0,0,0,23.38
2023-05-15,Store_1,SKU_4,170.15,15,1,0,0,23.38
2023-05-16,Store_1,SKU_4,106.25,10,0,0,0,23.38
2023-05-17,Store_1,SKU_4,111.37,10,0,0,0,23.38
2023-05-18,Store_1,SKU_4,181.41,15,1,0,0,23.38
2023-05-19,Store_1,SKU_4,171.1,16,1,0,0,23.38
2023-05-20,Store_1,SKU_4,159.89,13,0,0,0,23.38
2023-05-21,Store_1,SKU_4,76.26,7,0,0,0,23.38
2023-05-22,Store_1,SKU_4,172.65,16,1,0,0,23.38
2023-05-23,Store_1,SKU_4,115.89,9,0,0,0,23.38
2023-05-24,Store_1,SKU_4,108.85,8,0,0,0,23.38
2023-05-25,Store_1,SKU_4,144.18,13,1,0,0,23.38
2023-05-26,Store_1,SKU_4,135.29,9,0,0,0,23.38
2023-05-27,Store_1,SKU_4,161.35,16,0,0,0,23.38
2023-05-28,Store_1,SKU_4,63.25,4,0,0,0,23.38
2023-05-29,Store_1,SKU_4,108.87,10,0,0,0,23.38
2023-05-30,Store_1,SKU_4,102.01,9,0,0,0,23.38
2023-05-31,Store_1,SKU_4,110.02,8,0,0,0,23.38
2023-06-01,Store_1,SKU_4,120.09,10,0,0,0,23.38
2023-06-02,Store_1,SKU_4,134.96,13,0,0,0,23.38
2023-06-03,Store_1,SKU_4,218.31,17,1,0,0,23.38
2023-06-04,Store_1,SKU_4,69.73,8,0,0,0,23.38
2023-06-05,Store_1,SKU_4,123.42,11,0,0,0,23.38
2023-06-06,Store_1,SKU_4,131.35,10,0,0,0,23.38
2023-06-07,Store_1,SKU_4,99.19,7,0,0,0,23.38
2023-06-08,Store_1,SKU_4,167.28,18,1,0,0,23.38
2023-06-09,Store_1,SKU_4,143.09,16,0,0,0,23.38
2023-06-10,Store_1,SKU_4,161.85,16,0,0,0,23.38
2023-06-11,Store_1,SKU_4,71.91,5,0,0,0,23.38
2023-06-12,Store_1,SKU_4,114.84,8,0,0,0,23.38
2023-06-13,Store_1,SKU_4,105.56,7,0,0,0,23.38
2023-06-14,Store_1,SKU_4,113.89,11,0,0,0,23.38
2023-06-15,Store_1,SKU_4,129.64,10,0,0,0,23.38
2023-06-16,Store_1,SKU_4,134.54,16,0,0,0,23.38
2023-06-17,Store_1,SKU_4,145.08,16,0,0,0,23.38
2023-06-18,Store_1,SKU_4,70.12,8,0,0,0,23.38
2023-06-19,Store_1,SKU_4,99.6,11,0,0,0,23.38
2023-06-20,Store_1,SKU_4,159.97,14,1,0,0,23.38
2023-06-21,Store_1,SKU_4,106.29,8,0,0,0,23.38
2023-06-22,Store_1,SKU_4,110.79,9,0,0,0,23.38
2023-06-23,Store_1,SKU_4,129.61,13,0,0,0,23.38
2023-06-24,Store_1,SKU_4,146.01,11,0,0,0,23.38
2023-06-25,Store_1,SKU_4,92.55,7,1,0,0,23.38
2023-06-26,Store_1,SKU_4,114.05,10,0,0,0,23.38
2023-06-27,Store_1,SKU_4,97.62,8,0,0,0,23.38
2023-06-28,Store_1,SKU_4,115.34,9,0,0,0,23.38
2023-06-29,Store_1,SKU_4,124.55,13,0,0,0,23.38
2023-06-30,Store_1,SKU_4,185.06,13,1,0,0,23.38
2023-07-01,Store_1,SKU_4,137.93,15,0,0,0,23.38
2023-07-02,Store_1,SKU_4,101.02,8,1,0,0,23.38
2023-07-03,Store_1,SKU_4,117.94,9,0,0,0,23.38
2023-07-04,Store_1,SKU_4,105.35,8,0,0,0,23.38
2023-07-05,Store_1,SKU_4,103.64,9,0,0,0,23.38
2023-07-06,Store_1,SKU_4,116.67,9,0,0,1,23.38
2023-07-07,Store_1,SKU_4,185.52,15,1,0,1,23.38
2023-07-08,Store_1,SKU_4,201.57,19,1,0,1,23.38
2023-07-09,Store_1,SKU_4,75.07,6,0,0,0,23.38
2023-07-10,Store_1,SKU_4,157.98,19,1,0,0,23.38
2023-07-11,Store_1,SKU_4,141.33,14,1,0,0,23.38
2023-07-12,Store_1,SKU_4,164.89,12,1,0,0,23.38
2023-07-13,Store_1,SKU_4,115.43,14,0,0,0,23.38
2023-07-14,Store_1,SKU_4,125.14,10,0,0,0,23.38
2023-07-15,Store_1,SKU_4,147.97,10,0,0,0,23.38
2023-07-16,Store_1,SKU_4,66.48,7,0,0,0,23.38
2023-07-17,Store_1,SKU_4,114.74,8,0,0,0,23.38
2023-07-18,Store_1,SKU_4,153.7,17,1,0,1,23.38
2023-07-19,Store_1,SKU_4,100.96,8,0,0,0,23.38
2023-07-20,Store_1,SKU_4,126.75,10,0,0,1,23.38
2023-07-21,Store_1,SKU_4,157.5,14,0,0,0,23.38
2023-07-22,Store_1,SKU_4,154.82,13,0,0,1,23.38
2023-07-23,Store_1,SKU_4,79.02,7,0,0,0,23.38
2023-07-24,Store_1,SKU_4,166.97,18,1,0,1,23.38
2023-07-25,Store_1,SKU_4,114.29,10,0,0,1,23.38
2023-07-26,Store_1,SKU_4,115.46,11,0,0,0,23.38
2023-07-27,Store_1,SKU_4,146.99,13,1,0,0,23.38
2023-07-28,Store_1,SKU_4,98.03,7,0,0,0,23.38
2023-07-29,Store_1,SKU_4,140.83,15,0,0,0,23.38
2023-07-30,Store_1,SKU_4,76.87,6,0,0,1,23.38
2023-07-31,Store_1,SKU_4,102.55,9,0,0,0,23.38
2023-08-01,Store_1,SKU_4,97.18,6,0,0,1,23.38
2023-08-02,Store_1,SKU_4,153.0,13,1,0,0,23.38
2023-08-03,Store_1,SKU_4,100.55,10,0,0,0,23.38
2023-08-04,Store_1,SKU_4,115.14,12,0,0,1,23.38
2023-08-05,Store_1,SKU_4,143.3,15,0,0,1,23.38
2023-08-06,Store_1,SKU_4,92.52,9,1,0,0,23.38
2023-08-07,Store_1,SKU_4,111.71,11,0,0,0,23.38
2023-08-08,Store_1,SKU_4,110.84,9,0,0,1,23.38
2023-08-09,Store_1,SKU_4,92.16,8,0,0,0,23.38
2023-08-10,Store_1,SKU_4,98.11,9,0,0,1,23.38
2023-08-11,Store_1,SKU_4,122.75,10,0,0,1,23.38
2023-08-12,Store_1,SKU_4,130.31,12,0,0,0,23.38
2023-08-13,Store_1,SKU_4,63.28,6,0,0,0,23.38
2023-08-14,Store_1,SKU_4,110.36,8,0,0,0,23.38
2023-08-15,Store_1,SKU_4,103.76,7,0,0,0,23.38
2023-08-16,Store_1,SKU_4,103.94,11,0,0,1,23.38
2023-08-17,Store_1,SKU_4,104.15,12,0,0,1,23.38
2023-08-18,Store_1,SKU_4,125.0,9,0,0,1,23.38
2023-08-19,Store_1,SKU_4,137.03,10,0,0,0,23.38
2023-08-20,Store_1,SKU_4,98.85,8,1,0,0,23.38
2023-08-21,Store_1,SKU_4,147.12,14,1,0,1,23.38
2023-08-22,Store_1,SKU_4,99.2,10,0,0,0,23.38
2023-08-23,Store_1,SKU_4,97.18,8,0,0,1,23.38
2023-08-24,Store_1,SKU_4,109.84,8,0,0,0,23.38
2023-08-25,Store_1,SKU_4,113.63,8,0,0,0,23.38
2023-08-26,Store_1,SKU_4,127.35,14,0,0,0,23.38
2023-08-27,Store_1,SKU_4,65.21,7,0,0,1,23.38
2023-08-28,Store_1,SKU_4,104.01,11,0,0,0,23.38
2023-08-29,Store_1,SKU_4,87.36,9,0,0,1,23.38
2023-08-30,Store_1,SKU_4,115.76,9,0,0,1,23.38
2023-08-31,Store_1,SKU_4,113.09,10,0,0,0,23.38
2023-09-01,Store_1,SKU_4,110.01,12,0,0,0,23.38
2023-09-02,Store_1,SKU_4,142.63,11,0,0,0,23.38
2023-09-03,Store_1,SKU_4,56.06,4,0,0,0,23.38
2023-09-04,Store_1,SKU_4,96.79,10,0,0,0,23.38
2023-09-05,Store_1,SKU_4,78.76,6,0,0,0,23.38
2023-09-06,Store_1,SKU_4,90.21,8,0,0,0,23.38
2023-09-07,Store_1,SKU_4,89.62,7,0,0,0,23.38
2023-09-08,Store_1,SKU_4,137.36,10,1,0,0,23.38
2023-09-09,Store_1,SKU_4,116.45,9,0,0,0,23.38
2023-09-10,Store_1,SKU_4,55.68,4,0,0,0,23.38
2023-09-11,Store_1,SKU_4,147.26,15,1,0,0,23.38
2023-09-12,Store_1,SKU_4,91.18,7,0,0,0,23.38
2023-09-13,Store_1,SKU_4,89.15,10,0,0,0,23.38
2023-09-14,Store_1,SKU_4,93.78,8,0,0,0,23.38
2023-09-15,Store_1,SKU_4,98.76,8,0,0,0,23.38
2023-09-16,Store_1,SKU_4,129.1,16,0,0,0,23.38
2023-09-17,Store_1,SKU_4,60.71,6,0,0,0,23.38
2023-09-18,Store_1,SKU_4,97.02,8,0,0,0,23.38
2023-09-19,Store_1,SKU_4,101.28,10,0,0,0,23.38
2023-09-20,Store_1,SKU_4,87.6,7,0,0,0,23.38
2023-09-21,Store_1,SKU_4,90.3,10,0,0,0,23.38
2023-09-22,Store_1,SKU_4,99.35,7,0,0,0,23.38
2023-09-23,Store_1,SKU_4,124.79,14,0,0,0,23.38
2023-09-24,Store_1,SKU_4,60.77,5,0,0,0,23.38
2023-09-25,Store_1,SKU_4,95.87,7,0,0,0,23.38
2023-09-26,Store_1,SKU_4,90.18,9,0,0,0,23.38
2023-09-27,Store_1,SKU_4,93.06,9,0,0,0,23.38
2023-09-28,Store_1,SKU_4,82.93,6,0,0,0,23.38
2023-09-29,Store_1,SKU_4,108.75,10,0,0,0,23.38
2023-09-30,Store_1,SKU_4,134.33,12,0,0,0,23.38
2023-10-01,Store_1,SKU_4,52.43,4,0,0,0,23.38
2023-10-02,Store_1,SKU_4,70.73,6,0,0,0,23.38
2023-10-03,Store_1,SKU_4,65.63,6,0,0,0,23.38
2023-10-04,Store_1,SKU_4,76.64,8,0,0,0,23.38
2023-10-05,Store_1,SKU_4,85.07,7,0,0,0,23.38
2023-10-06,Store_1,SKU_4,88.32,8,0,0,0,23.38
2023-10-07,Store_1,SKU_4,109.62,9,0,0,0,23.38
2023-10-08,Store_1,SKU_4,49.36,4,0,0,0,23.38
2023-10-09,Store_1,SKU_4,96.77,7,0,0,0,23.38
2023-10-10,Store_1,SKU_4,78.42,7,0,0,0,23.38
2023-10-11,Store_1,SKU_4,83.44,6,0,0,0,23.38
2023-10-12,Store_1,SKU_4,79.65,6,0,0,0,23.38
2023-10-13,Store_1,SKU_4,92.41,9,0,0,0,23.38
2023-10-14,Store_1,SKU_4,103.52,11,0,0,0,23.38
2023-10-15,Store_1,SKU_4,75.38,8,1,0,0,23.38
2023-10-16,Store_1,SKU_4,87.83,8,0,0,0,23.38
2023-10-17,Store_1,SKU_4,86.92,7,0,0,0,23.38
2023-10-18,Store_1,SKU_4,82.3,7,0,0,0,23.38
2023-10-19,Store_1,SKU_4,76.14,6,0,0,0,23.38
2023-10-20,Store_1,SKU_4,90.98,7,0,0,0,23.38
2023-10-21,Store_1,SKU_4,94.84,6,0,0,0,23.38
2023-10-22,Store_1,SKU_4,43.35,3,0,0,0,23.38
2023-10-23,Store_1,SKU_4,124.13,11,1,0,0,23.38
2023-10-24,Store_1,SKU_4,73.47,6,0,0,0,23.38
2023-10-25,Store_1,SKU_4,83.18,7,0,0,0,23.38
2023-10-26,Store_1,SKU_4,86.54,8,0,0,0,23.38
2023-10-27,Store_1,SKU_4,91.45,10,0,0,0,23.38
2023-10-28,Store_1,SKU_4,86.12,7,0,0,0,23.38
2023-10-29,Store_1,SKU_4,53.63,5,0,0,0,23.38
2023-10-30,Store_1,SKU_4,78.07,8,0,0,0,23.38
2023-10-31,Store_1,SKU_4,75.24,6,0,0,0,23.38
2023-11-01,Store_1,SKU_4,67.38,6,0,0,0,23.38
2023-11-02,Store_1,SKU_4,113.48,10,1,0,0,23.38
2023-11-03,Store_1,SKU_4,82.93,6,0,0,0,23.38
2023-11-04,Store_1,SKU_4,128.49,13,1,0,0,23.38
2023-11-05,Store_1,SKU_4,50.36,4,0,0,0,23.38
2023-11-06,Store_1,SKU_4,72.36,5,0,0,0,23.38
2023-11-07,Store_1,SKU_4,68.37,7,0,0,0,23.38
2023-11-08,Store_1,SKU_4,94.69,7,1,0,0,23.38
2023-11-09,Store_1,SKU_4,74.31,6,0,0,0,23.38
2023-11-10,Store_1,SKU_4,88.99,6,0,0,0,23.38
2023-11-11,Store_1,SKU_4,96.8,7,0,0,0,23.38
2023-11-12,Store_1,SKU_4,45.98,3,0,0,0,23.38
2023-11-13,Store_1,SKU_4,75.66,6,0,0,0,23.38
2023-11-14,Store_1,SKU_4,66.94,6,0,0,0,23.38
2023-11-15,Store_1,SKU_4,62.91,7,0,0,0,23.38
2023-11-16,Store_1,SKU_4,76.58,6,0,0,0,23.38
2023-11-17,Store_1,SKU_4,87.48,7,0,0,0,23.38
2023-11-18,Store_1,SKU_4,97.44,8,0,0,0,23.38
2023-11-19,Store_1,SKU_4,47.34,5,0,0,0,23.38
2023-11-20,Store_1,SKU_4,71.54,8,0,0,0,23.38
2023-11-21,Store_1,SKU_4,65.88,7,0,0,0,23.38
2023-11-22,Store_1,SKU_4,76.44,7,0,0,0,23.38
2023-11-23,Store_1,SKU_4,73.44,8,0,0,0,23.38
2023-11-24,Store_1,SKU_4,75.08,5,0,0,0,23.38
2023-11-25,Store_1,SKU_4,101.45,7,0,0,0,23.38
2023-11-26,Store_1,SKU_4,43.4,3,0,0,0,23.38
2023-11-27,Store_1,SKU_4,69.14,6,0,0,0,23.38
2023-11-28,Store_1,SKU_4,72.08,5,0,0,0,23.38
2023-11-29,Store_1,SKU_4,67.43,6,0,0,0,23.38
2023-11-30,Store_1,SKU_4,76.76,6,0,0,0,23.38
2023-12-01,Store_1,SKU_4,106.36,8,1,0,0,23.38
2023-12-02,Store_1,SKU_4,96.24,9,0,0,0,23.38
2023-12-03,Store_1,SKU_4,39.5,3,0,0,0,23.38
2023-12-04,Store_1,SKU_4,71.02,6,0,0,0,23.38
2023-12-05,Store_1,SKU_4,104.21,10,1,0,0,23.38
2023-12-06,Store_1,SKU_4,69.22,6,0,0,0,23.38
2023-12-07,Store_1,SKU_4,78.78,9,0,0,0,23.38
2023-12-08,Store_1,SKU_4,74.17,7,0,0,0,23.38
2023-12-09,Store_1,SKU_4,116.79,9,1,0,0,23.38
2023-12-10,Store_1,SKU_4,55.78,4,1,0,0,23.38
2023-12-11,Store_1,SKU_4,86.47,8,0,0,0,23.38
2023-12-12,Store_1,SKU_4,71.64,5,0,0,0,23.38
2023-12-13,Store_1,SKU_4,67.68,7,0,0,0,23.38
2023-12-14,Store_1,SKU_4,73.76,8,0,0,0,23.38
2023-12-15,Store_1,SKU_4,88.4,7,0,0,0,23.38
2023-12-16,Store_1,SKU_4,87.77,7,0,0,0,23.38
2023-12-17,Store_1,SKU_4,60.78,5,1,0,0,23.38
2023-12-18,Store_1,SKU_4,77.08,5,0,0,0,23.38
2023-12-19,Store_1,SKU_4,69.11,5,0,0,0,23.38
2023-12-20,Store_1,SKU_4,73.33,7,0,0,0,23.38
2023-12-21,Store_1,SKU_4,64.54,4,0,0,0,23.38
2023-12-22,Store_1,SKU_4,86.57,7,0,0,0,23.38
2023-12-23,Store_1,SKU_4,88.58,10,0,0,0,23.38
2023-12-24,Store_1,SKU_4,46.04,3,0,0,0,23.38
2023-12-25,Store_1,SKU_4,30.4,2,0,a,0,23.38
2023-12-26,Store_1,SKU_4,42.79,3,1,a,0,23.38
2023-12-27,Store_1,SKU_4,99.94,10,1,0,0,23.38
2023-12-28,Store_1,SKU_4,107.14,11,1,0,0,23.38
2023-12-29,Store_1,SKU_4,62.31,5,0,0,0,23.38
2023-12-30,Store_1,SKU_4,86.53,9,0,0,0,23.38
2023-12-31,Store_1,SKU_4,42.47,4,0,0,0,23.38
2024-01-01,Store_1,SKU_4,32.29,2,0,a,0,23.38
2024-01-02,Store_1,SKU_4,80.19,9,0,0,0,23.38
2024-01-03,Store_1,SKU_4,72.82,6,0,0,0,23.38
2024-01-04,Store_1,SKU_4,102.75,8,1,0,0,23.38
2024-01-05,Store_1,SKU_4,92.68,6,0,0,0,23.38
2024-01-06,Store_1,SKU_4,94.6,8,0,0,0,23.38
2024-01-07,Store_1,SKU_4,47.47,3,0,0,0,23.38
2024-01-08,Store_1,SKU_4,80.12,5,0,0,0,23.38
2024-01-09,Store_1,SKU_4,101.05,7,1,0,0,23.38
2024-01-10,Store_1,SKU_4,72.08,5,0,0,0,23.38
2024-01-11,Store_1,SKU_4,76.36,7,0,0,0,23.38
2024-01-12,Store_1,SKU_4,132.69,13,1,0,0,23.38
2024-01-13,Store_1,SKU_4,92.23,7,0,0,0,23.38
2024-01-14,Store_1,SKU_4,51.57,3,0,0,0,23.38
2024-01-15,Store_1,SKU_4,86.5,6,0,0,0,23.38
2024-01-16,Store_1,SKU_4,61.13,5,0,0,0,23.38
2024-01-17,Store_1,SKU_4,72.72,6,0,0,0,23.38
2024-01-18,Store_1,SKU_4,95.84,10,0,0,0,23.38
2024-01-19,Store_1,SKU_4,89.25,6,0,0,0,23.38
2024-01-20,Store_1,SKU_4,137.92,10,1,0,0,23.38
2024-01-21,Store_1,SKU_4,42.78,5,0,0,0,23.38
2024-01-22,Store_1,SKU_4,73.32,7,0,0,0,23.38
2024-01-23,Store_1,SKU_4,71.79,5,0,0,0,23.38
2024-01-24,Store_1,SKU_4,83.46,8,0,0,0,23.38
2024-01-25,Store_1,SKU_4,75.56,5,0,0,0,23.38
2024-01-26,Store_1,SKU_4,98.75,7,0,0,0,23.38
2024-01-27,Store_1,SKU_4,137.12,16,1,0,0,23.38
2024-01-28,Store_1,SKU_4,69.84,6,1,0,0,23.38
2024-01-29,Store_1,SKU_4,89.45,7,0,0,0,23.38
2024-01-30,Store_1,SKU_4,76.23,7,0,0,0,23.38
2024-01-31,Store_1,SKU_4,72.64,7,0,0,0,23.38
2024-02-01,Store_1,SKU_4,85.13,7,0,0,0,23.38
2024-02-02,Store_1,SKU_4,93.99,8,0,0,0,23.38
2024-02-03,Store_1,SKU_4,111.82,11,0,0,0,23.38
2024-02-04,Store_1,SKU_4,52.73,6,0,0,0,23.38
2024-02-05,Store_1,SKU_4,85.01,6,0,0,0,23.38
2024-02-06,Store_1,SKU_4,81.16,7,0,0,0,23.38
2024-02-07,Store_1,SKU_4,76.42,8,0,0,0,23.38
2024-02-08,Store_1,SKU_4,88.2,6,0,0,0,23.38
2024-02-09,Store_1,SKU_4,93.59,10,0,0,0,23.38
2024-02-10,Store_1,SKU_4,140.08,16,1,0,0,23.38
2024-02-11,Store_1,SKU_4,48.89,3,0,0,0,23.38
2024-02-12,Store_1,SKU_4,126.5,10,1,0,0,23.38
2024-02-13,Store_1,SKU_4,81.47,6,0,0,0,23.38
2024-02-14,Store_1,SKU_4,71.69,5,0,0,0,23.38
2024-02-15,Store_1,SKU_4,85.44,7,0,0,0,23.38
2024-02-16,Store_1,SKU_4,99.09,8,0,0,0,23.38
2024-02-17,Store_1,SKU_4,95.18,9,0,0,0,23.38
2024-02-18,Store_1,SKU_4,56.2,4,0,0,0,23.38
2024-02-19,Store_1,SKU_4,86.51,8,0,0,0,23.38
2024-02-20,Store_1,SKU_4,79.03,7,0,0,0,23.38
2024-02-21,Store_1,SKU_4,80.71,7,0,0,0,23.38
2024-02-22,Store_1,SKU_4,94.42,8,0,0,0,23.38
2024-02-23,Store_1,SKU_4,96.46,9,0,0,0,23.38
2024-02-24,Store_1,SKU_4,123.31,8,0,0,0,23.38
2024-02-25,Store_1,SKU_4,63.25,6,0,0,0,23.38
2024-02-26,Store_1,SKU_4,82.38,7,0,0,0,23.38
2024-02-27,Store_1,SKU_4,81.11,7,0,0,0,23.38
2024-02-28,Store_1,SKU_4,90.56,10,0,0,0,23.38
2024-02-29,Store_1,SKU_4,103.97,9,1,0,0,23.38
2024-03-01,Store_1,SKU_4,115.92,14,0,0,0,23.38
2024-03-02,Store_1,SKU_4,144.43,16,0,0,0,23.38
2024-03-03,Store_1,SKU_4,80.02,5,1,0,0,23.38
2024-03-04,Store_1,SKU_4,88.02,6,0,0,0,23.38
2024-03-05,Store_1,SKU_4,83.09,9,0,0,0,23.38
2024-03-06,Store_1,SKU_4,108.17,8,0,0,0,23.38
2024-03-07,Store_1,SKU_4,110.25,7,0,0,0,23.38
2024-03-08,Store_1,SKU_4,149.91,11,1,0,0,23.38
2024-03-09,Store_1,SKU_4,176.54,18,1,0,0,23.38
2024-03-10,Store_1,SKU_4,57.23,5,0,0,0,23.38
2024-03-11,Store_1,SKU_4,97.43,9,0,0,0,23.38
2024-03-12,Store_1,SKU_4,105.78,7,0,0,0,23.38
2024-03-13,Store_1,SKU_4,95.44,7,0,0,0,23.38
2024-03-14,Store_1,SKU_4,97.29,8,0,0,0,23.38
2024-03-15,Store_1,SKU_4,113.05,9,0,0,0,23.38
2024-03-16,Store_1,SKU_4,127.96,9,0,0,0,23.38
2024-03-17,Store_1,SKU_4,59.11,4,0,0,0,23.38
2024-03-18,Store_1,SKU_4,96.12,9,0,0,0,23.38
2024-03-19,Store_1,SKU_4,95.2,8,0,0,0,23.38
2024-03-20,Store_1,SKU_4,102.01,11,0,0,0,23.38
2024-03-21,Store_1,SKU_4,97.3,9,0,0,0,23.38
2024-03-22,Store_1,SKU_4,123.27,9,0,0,0,23.38
2024-03-23,Store_1,SKU_4,119.88,14,0,0,0,23.38
2024-03-24,Store_1,SKU_4,62.43,6,0,0,0,23.38
2024-03-25,Store_1,SKU_4,144.22,13,1,0,0,23.38
2024-03-26,Store_1,SKU_4,83.51,6,0,0,0,23.38
2024-03-27,Store_1,SKU_4,105.53,8,0,0,0,23.38
2024-03-28,Store_1,SKU_4,131.32,15,1,0,0,23.38
2024-03-29,Store_1,SKU_4,170.95,19,1,0,0,23.38
2024-03-30,Store_1,SKU_4,122.31,8,0,0,0,23.38
2024-03-31,Store_1,SKU_4,60.62,6,0,0,0,23.38
2024-04-01,Store_1,SKU_4,115.26,8,0,0,0,23.38
2024-04-02,Store_1,SKU_4,97.6,8,0,0,0,23.38
2024-04-03,Store_1,SKU_4,114.36,13,0,0,0,23.38
2024-04-04,Store_1,SKU_4,120.12,11,0,0,0,23.38
2024-04-05,Store_1,SKU_4,140.72,10,0,0,0,23.38
2024-04-06,Store_1,SKU_4,208.28,21,1,0,0,23.38
2024-04-07,Store_1,SKU_4,64.1,7,0,0,0,23.38
2024-04-08,Store_1,SKU_4,113.13,10,0,0,0,23.38
2024-04-09,Store_1,SKU_4,136.3,15,1,0,0,23.38
2024-04-10,Store_1,SKU_4,93.58,7,0,0,0,23.38
2024-04-11,Store_1,SKU_4,114.62,9,0,0,0,23.38
2024-04-12,Store_1,SKU_4,136.1,12,0,0,0,23.38
2024-04-13,Store_1,SKU_4,142.89,17,0,0,0,23.38
2024-04-14,Store_1,SKU_4,104.54,8,1,0,0,23.38
2024-04-15,Store_1,SKU_4,107.43,9,0,0,0,23.38
2024-04-16,Store_1,SKU_4,98.54,9,0,0,0,23.38
2024-04-17,Store_1,SKU_4,124.7,13,0,0,0,23.38
2024-04-18,Store_1,SKU_4,116.95,13,0,0,0,23.38
2024-04-19,Store_1,SKU_4,174.57,17,1,0,0,23.38
2024-04-20,Store_1,SKU_4,144.78,13,0,0,0,23.38
2024-04-21,Store_1,SKU_4,63.37,6,0,0,0,23.38
2024-04-22,Store_1,SKU_4,115.15,12,0,0,0,23.38
2024-04-23,Store_1,SKU_4,139.01,11,1,0,0,23.38
2024-04-24,Store_1,SKU_4,100.3,11,0,0,0,23.38
2024-04-25,Store_1,SKU_4,126.29,9,0,0,0,23.38
2024-04-26,Store_1,SKU_4,170.96,13,1,0,0,23.38
2024-04-27,Store_1,SKU_4,189.83,19,1,0,0,23.38
2024-04-28,Store_1,SKU_4,65.89,6,0,0,0,23.38
2024-04-29,Store_1,SKU_4,110.62,8,0,0,0,23.38
2024-04-30,Store_1,SKU_4,92.57,8,0,0,0,23.38
2024-05-01,Store_1,SKU_4,122.34,13,0,0,0,23.38
2024-05-02,Store_1,SKU_4,113.82,9,0,0,0,23.38
2024-05-03,Store_1,SKU_4,142.67,11,0,0,0,23.38
2024-05-04,Store_1,SKU_4,124.47,10,0,0,0,23.38
2024-05-05,Store_1,SKU_4,72.71,6,0,0,0,23.38
2024-05-06,Store_1,SKU_4,93.12,8,0,0,0,23.38
2024-05-07,Store_1,SKU_4,111.32,9,0,0,0,23.38
2024-05-08,Store_1,SKU_4,101.55,11,0,0,0,23.38
2024-05-09,Store_1,SKU_4,110.19,12,0,0,0,23.38
2024-05-10,Store_1,SKU_4,171.26,12,1,0,0,23.38
2024-05-11,Store_1,SKU_4,160.78,11,0,0,0,23.38
2024-05-12,Store_1,SKU_4,64.64,4,0,0,0,23.38
2024-05-13,Store_1,SKU_4,171.05,21,1,0,0,23.38
2024-05-14,Store_1,SKU_4,88.68,7,0,0,0,23.38
2024-05-15,Store_1,SKU_4,144.26,11,1,0,0,23.38
2024-05-16,Store_1,SKU_4,166.56,16,1,0,0,23.38
2024-05-17,Store_1,SKU_4,126.77,12,0,0,0,23.38
2024-05-18,Store_1,SKU_4,151.72,12,0,0,0,23.38
2024-05-19,Store_1,SKU_4,69.95,5,0,0,0,23.38
2024-05-20,Store_1,SKU_4,107.99,8,0,0,0,23.38
2024-05-21,Store_1,SKU_4,125.05,9,0,0,0,23.38
2024-05-22,Store_1,SKU_4,102.01,10,0,0,0,23.38
2024-05-23,Store_1,SKU_4,111.64,13,0,0,0,23.38
2024-05-24,Store_1,SKU_4,118.88,8,0,0,0,23.38
2024-05-25,Store_1,SKU_4,149.75,10,0,0,0,23.38
2024-05-26,Store_1,SKU_4,75.17,6,0,0,0,23.38
2024-05-27,Store_1,SKU_4,121.51,12,0,0,0,23.38
2024-05-28,Store_1,SKU_4,113.8,10,0,0,0,23.38
2024-05-29,Store_1,SKU_4,112.65,8,0,0,0,23.38
2024-05-30,Store_1,SKU_4,124.82,10,0,0,0,23.38
2024-05-31,Store_1,SKU_4,147.53,16,0,0,0,23.38
2024-06-01,Store_1,SKU_4,155.97,13,0,0,0,23.38
2024-06-02,Store_1,SKU_4,76.87,6,0,0,0,23.38
2024-06-03,Store_1,SKU_4,135.86,13,0,0,0,23.38
2024-06-04,Store_1,SKU_4,121.85,14,0,0,0,23.38
2024-06-05,Store_1,SKU_4,122.49,9,0,0,0,23.38
2024-06-06,Store_1,SKU_4,131.76,11,0,0,0,23.38
2024-06-07,Store_1,SKU_4,140.1,16,0,0,0,23.38
2024-06-08,Store_1,SKU_4,159.57,14,0,0,0,23.38
2024-06-09,Store_1,SKU_4,71.54,6,0,0,0,23.38
2024-06-10,Store_1,SKU_4,115.12,13,0,0,0,23.38
2024-06-11,Store_1,SKU_4,163.44,19,1,0,0,23.38
2024-06-12,Store_1,SKU_4,163.38,12,1,0,0,23.38
2024-06-13,Store_1,SKU_4,129.88,11,0,0,0,23.38
2024-06-14,Store_1,SKU_4,130.67,9,0,0,0,23.38
2024-06-15,Store_1,SKU_4,181.78,14,0,0,0,23.38
2024-06-16,Store_1,SKU_4,72.16,8,0,0,0,23.38
2024-06-17,Store_1,SKU_4,142.36,15,0,0,0,23.38
2024-06-18,Store_1,SKU_4,179.65,12,1,0,0,23.38
2024-06-19,Store_1,SKU_4,110.25,10,0,0,0,23.38
2024-06-20,Store_1,SKU_4,120.75,10,0,0,0,23.38
2024-06-21,Store_1,SKU_4,192.54,23,1,0,0,23.38
2024-06-22,Store_1,SKU_4,167.78,12,0,0,0,23.38
2024-06-23,Store_1,SKU_4,71.53,5,0,0,0,23.38
2024-06-24,Store_1,SKU_4,126.68,11,0,0,0,23.38
2024-06-25,Store_1,SKU_4,116.41,9,0,0,0,23.38
2024-06-26,Store_1,SKU_4,133.4,10,0,0,0,23.38
2024-06-27,Store_1,SKU_4,116.7,9,0,0,0,23.38
2024-06-28,Store_1,SKU_4,142.04,16,0,0,0,23.38
2024-06-29,Store_1,SKU_4,229.2,25,1,0,0,23.38
2024-06-30,Store_1,SKU_4,88.13,9,0,0,0,23.38
2024-07-01,Store_1,SKU_4,107.81,8,0,0,0,23.38
2024-07-02,Store_1,SKU_4,172.91,14,1,0,0,23.38
2024-07-03,Store_1,SKU_4,169.87,18,1,0,1,23.38
2024-07-04,Store_1,SKU_4,112.76,11,0,0,1,23.38
2024-07-05,Store_1,SKU_4,113.24,10,0,0,1,23.38
2024-07-06,Store_1,SKU_4,175.41,15,0,0,0,23.38
2024-07-07,Store_1,SKU_4,78.61,7,0,0,1,23.38
2024-07-08,Store_1,SKU_4,108.87,10,0,0,0,23.38
2024-07-09,Store_1,SKU_4,98.23,8,0,0,0,23.38
2024-07-10,Store_1,SKU_4,121.94,14,0,0,1,23.38
2024-07-11,Store_1,SKU_4,125.74,9,0,0,1,23.38
2024-07-12,Store_1,SKU_4,125.14,14,0,0,1,23.38
2024-07-13,Store_1,SKU_4,164.05,13,0,0,1,23.38
2024-07-14,Store_1,SKU_4,65.98,5,0,0,0,23.38
2024-07-15,Store_1,SKU_4,156.49,14,1,0,0,23.38
2024-07-16,Store_1,SKU_4,178.4,18,1,0,0,23.38
2024-07-17,Store_1,SKU_4,107.76,8,0,0,1,23.38
2024-07-18,Store_1,SKU_4,171.62,13,1,0,1,23.38
2024-07-19,Store_1,SKU_4,203.98,17,1,0,1,23.38
2024-07-20,Store_1,SKU_4,156.63,11,0,0,0,23.38
2024-07-21,Store_1,SKU_4,73.38,8,0,0,1,23.38
2024-07-22,Store_1,SKU_4,121.91,13,0,0,0,23.38
2024-07-23,Store_1,SKU_4,127.86,10,0,0,0,23.38
2024-07-24,Store_1,SKU_4,137.0,12,0,0,0,23.38
2024-07-25,Store_1,SKU_4,121.46,9,0,0,0,23.38
2024-07-26,Store_1,SKU_4,129.27,13,0,0,1,23.38
2024-07-27,Store_1,SKU_4,219.93,17,1,0,0,23.38
2024-07-28,Store_1,SKU_4,67.17,6,0,0,0,23.38
2024-07-29,Store_1,SKU_4,117.74,8,0,0,0,23.38
2024-07-30,Store_1,SKU_4,124.01,10,0,0,1,23.38
2024-07-31,Store_1,SKU_4,114.81,12,0,0,0,23.38
2024-08-01,Store_1,SKU_4,126.86,14,0,0,1,23.38
2024-08-02,Store_1,SKU_4,133.98,15,0,0,0,23.38
2024-08-03,Store_1,SKU_4,162.43,15,0,0,0,23.38
2024-08-04,Store_1,SKU_4,68.69,5,0,0,0,23.38
2024-08-05,Store_1,SKU_4,171.21,17,1,0,0,23.38
2024-08-06,Store_1,SKU_4,130.95,13,1,0,0,23.38
2024-08-07,Store_1,SKU_4,111.49,8,0,0,1,23.38
2024-08-08,Store_1,SKU_4,168.77,19,1,0,0,23.38
2024-08-09,Store_1,SKU_4,142.91,11,0,0,0,23.38
2024-08-10,Store_1,SKU_4,190.33,18,1,0,1,23.38
2024-08-11,Store_1,SKU_4,70.57,7,0,0,0,23.38
2024-08-12,Store_1,SKU_4,123.95,14,0,0,0,23.38
2024-08-13,Store_1,SKU_4,112.89,8,0,0,0,23.38
2024-08-14,Store_1,SKU_4,121.26,12,0,0,0,23.38
2024-08-15,Store_1,SKU_4,110.55,9,0,0,1,23.38
2024-08-16,Store_1,SKU_4,113.0,8,0,0,0,23.38
2024-08-17,Store_1,SKU_4,147.68,12,0,0,0,23.38
2024-08-18,Store_1,SKU_4,67.94,6,0,0,1,23.38
2024-08-19,Store_1,SKU_4,110.84,9,0,0,0,23.38
2024-08-20,Store_1,SKU_4,105.13,11,0,0,1,23.38
2024-08-21,Store_1,SKU_4,109.15,7,0,0,0,23.38
2024-08-22,Store_1,SKU_4,119.16,10,0,0,1,23.38
2024-08-23,Store_1,SKU_4,123.62,14,0,0,0,23.38
2024-08-24,Store_1,SKU_4,137.64,11,0,0,1,23.38
2024-08-25,Store_1,SKU_4,85.92,10,0,0,0,23.38
2024-08-26,Store_1,SKU_4,106.29,7,0,0,0,23.38
2024-08-27,Store_1,SKU_4,117.42,8,0,0,1,23.38
2024-08-28,Store_1,SKU_4,139.61,17,1,0,0,23.38
2024-08-29,Store_1,SKU_4,117.44,13,0,0,0,23.38
2024-08-30,Store_1,SKU_4,124.3,13,0,0,0,23.38
2024-08-31,Store_1,SKU_4,143.53,16,0,0,0,23.38
2024-09-01,Store_1,SKU_4,58.58,6,0,0,0,23.38
2024-09-02,Store_1,SKU_4,103.67,10,0,0,0,23.38
2024-09-03,Store_1,SKU_4,110.36,10,0,0,0,23.38
2024-09-04,Store_1,SKU_4,88.6,7,0,0,0,23.38
2024-09-05,Store_1,SKU_4,97.4,9,0,0,0,23.38
2024-09-06,Store_1,SKU_4,116.93,10,0,0,0,23.38
2024-09-07,Store_1,SKU_4,128.96,10,0,0,0,23.38
2024-09-08,Store_1,SKU_4,57.98,6,0,0,0,23.38
2024-09-09,Store_1,SKU_4,97.12,6,0,0,0,23.38
2024-09-10,Store_1,SKU_4,86.76,7,0,0,0,23.38
2024-09-11,Store_1,SKU_4,124.01,13,1,0,0,23.38
2024-09-12,Store_1,SKU_4,170.23,17,1,0,0,23.38
2024-09-13,Store_1,SKU_4,115.17,11,0,0,0,23.38
2024-09-14,Store_1,SKU_4,137.04,17,0,0,0,23.38
2024-09-15,Store_1,SKU_4,51.18,5,0,0,0,23.38
2024-09-16,Store_1,SKU_4,110.85,12,0,0,0,23.38
2024-09-17,Store_1,SKU_4,83.11,9,0,0,0,23.38
2024-09-18,Store_1,SKU_4,93.01,10,0,0,0,23.38
2024-09-19,Store_1,SKU_4,85.23,6,0,0,0,23.38
2024-09-20,Store_1,SKU_4,174.04,12,1,0,0,23.38
2024-09-21,Store_1,SKU_4,144.78,12,0,0,0,23.38
2024-09-22,Store_1,SKU_4,61.29,5,0,0,0,23.38
2024-09-23,Store_1,SKU_4,100.67,10,0,0,0,23.38
2024-09-24,Store_1,SKU_4,80.72,7,0,0,0,23.38
2024-09-25,Store_1,SKU_4,90.48,7,0,0,0,23.38
2024-09-26,Store_1,SKU_4,88.82,8,0,0,0,23.38
2024-09-27,Store_1,SKU_4,111.83,8,0,0,0,23.38
2024-09-28,Store_1,SKU_4,122.61,11,0,0,0,23.38
2024-09-29,Store_1,SKU_4,66.21,5,0,0,0,23.38
2024-09-30,Store_1,SKU_4,88.21,6,0,0,0,23.38
2024-10-01,Store_1,SKU_4,80.74,6,0,0,0,23.38
2024-10-02,Store_1,SKU_4,102.85,9,0,0,0,23.38
2024-10-03,Store_1,SKU_4,81.14,7,0,0,0,23.38
2024-10-04,Store_1,SKU_4,106.17,9,0,0,0,23.38
2024-10-05,Store_1,SKU_4,110.61,12,0,0,0,23.38
2024-10-06,Store_1,SKU_4,44.76,3,0,0,0,23.38
2024-10-07,Store_1,SKU_4,97.23,9,0,0,0,23.38
2024-10-08,Store_1,SKU_4,88.05,9,0,0,0,23.38
2024-10-09,Store_1,SKU_4,90.18,7,0,0,0,23.38
2024-10-10,Store_1,SKU_4,90.93,9,0,0,0,23.38
2024-10-11,Store_1,SKU_4,107.16,10,0,0,0,23.38
2024-10-12,Store_1,SKU_4,115.81,8,0,0,0,23.38
2024-10-13,Store_1,SKU_4,51.22,3,0,0,0,23.38
2024-10-14,Store_1,SKU_4,80.06,7,0,0,0,23.38
2024-10-15,Store_1,SKU_4,90.28,11,0,0,0,23.38
2024-10-16,Store_1,SKU_4,96.46,8,0,0,0,23.38
2024-10-17,Store_1,SKU_4,92.59,7,0,0,0,23.38
2024-10-18,Store_1,SKU_4,95.35,9,0,0,0,23.38
2024-10-19,Store_1,SKU_4,100.34,8,0,0,0,23.38
2024-10-20,Store_1,SKU_4,74.88,8,1,0,0,23.38
2024-10-21,Store_1,SKU_4,84.75,6,0,0,0,23.38
2024-10-22,Store_1,SKU_4,112.92,9,1,0,0,23.38
2024-10-23,Store_1,SKU_4,126.64,12,1,0,0,23.38
2024-10-24,Store_1,SKU_4,100.39,11,0,0,0,23.38
2024-10-25,Store_1,SKU_4,109.89,9,0,0,0,23.38
2024-10-26,Store_1,SKU_4,117.01,10,0,0,0,23.38
2024-10-27,Store_1,SKU_4,55.43,4,0,0,0,23.38
2024-10-28,Store_1,SKU_4,94.87,9,0,0,0,23.38
2024-10-29,Store_1,SKU_4,89.83,7,0,0,0,23.38
2024-10-30,Store_1,SKU_4,87.93,8,0,0,0,23.38
2024-10-31,Store_1,SKU_4,144.68,17,1,0,0,23.38
2024-11-01,Store_1,SKU_4,80.84,6,0,0,0,23.38
2024-11-02,Store_1,SKU_4,98.14,9,0,0,0,23.38
2024-11-03,Store_1,SKU_4,49.2,5,0,0,0,23.38
2024-11-04,Store_1,SKU_4,84.59,7,0,0,0,23.38
2024-11-05,Store_1,SKU_4,87.21,6,0,0,0,23.38
2024-11-06,Store_1,SKU_4,77.4,8,0,0,0,23.38
2024-11-07,Store_1,SKU_4,66.2,6,0,0,0,23.38
2024-11-08,Store_1,SKU_4,93.67,8,0,0,0,23.38
2024-11-09,Store_1,SKU_4,110.02,9,0,0,0,23.38
2024-11-10,Store_1,SKU_4,46.98,3,0,0,0,23.38
2024-11-11,Store_1,SKU_4,77.13,8,0,0,0,23.38
2024-11-12,Store_1,SKU_4,98.39,7,1,0,0,23.38
2024-11-13,Store_1,SKU_4,111.64,10,1,0,0,23.38
2024-11-14,Store_1,SKU_4,83.62,6,0,0,0,23.38
2024-11-15,Store_1,SKU_4,86.99,9,0,0,0,23.38
2024-11-16,Store_1,SKU_4,98.41,9,0,0,0,23.38
2024-11-17,Store_1,SKU_4,45.27,4,0,0,0,23.38
2024-11-18,Store_1,SKU_4,81.99,7,0,0,0,23.38
2024-11-19,Store_1,SKU_4,76.24,6,0,0,0,23.38
2024-11-20,Store_1,SKU_4,80.03,5,0,0,0,23.38
2024-11-21,Store_1,SKU_4,88.81,9,0,0,0,23.38
2024-11-22,Store_1,SKU_4,91.1,9,0,0,0,23.38
2024-11-23,Store_1,SKU_4,98.12,9,0,0,0,23.38
2024-11-24,Store_1,SKU_4,47.29,4,0,0,0,23.38
2024-11-25,Store_1,SKU_4,117.87,11,1,0,0,23.38
2024-11-26,Store_1,SKU_4,81.62,8,0,0,0,23.38
2024-11-27,Store_1,SKU_4,79.34,5,0,0,0,23.38
2024-11-28,Store_1,SKU_4,109.3,9,1,0,0,23.38
2024-11-29,Store_1,SKU_4,84.25,6,0,0,0,23.38
2024-11-30,Store_1,SKU_4,96.01,6,0,0,0,23.38
2024-12-01,Store_1,SKU_4,47.51,4,0,0,0,23.38
2024-12-02,Store_1,SKU_4,86.23,7,0,0,0,23.38
2024-12-03,Store_1,SKU_4,81.13,7,0,0,0,23.38
2024-12-04,Store_1,SKU_4,74.03,7,0,0,0,23.38
2024-12-05,Store_1,SKU_4,84.52,6,0,0,0,23.38
2024-12-06,Store_1,SKU_4,85.65,8,0,0,0,23.38
2024-12-07,Store_1,SKU_4,95.08,11,0,0,0,23.38
2024-12-08,Store_1,SKU_4,42.19,5,0,0,0,23.38
2024-12-09,Store_1,SKU_4,86.14,6,0,0,0,23.38
2024-12-10,Store_1,SKU_4,75.82,5,0,0,0,23.38
2024-12-11,Store_1,SKU_4,74.47,7,0,0,0,23.38
2024-12-12,Store_1,SKU_4,78.48,8,0,0,0,23.38
2024-12-13,Store_1,SKU_4,94.38,7,0,0,0,23.38
2024-12-14,Store_1,SKU_4,94.69,6,0,0,0,23.38
2024-12-15,Store_1,SKU_4,51.15,5,0,0,0,23.38
2024-12-16,Store_1,SKU_4,74.37,7,0,0,0,23.38
2024-12-17,Store_1,SKU_4,100.54,11,1,0,0,23.38
2024-12-18,Store_1,SKU_4,73.68,5,0,0,0,23.38
2024-12-19,Store_1,SKU_4,80.88,6,0,0,0,23.38
2024-12-20,Store_1,SKU_4,82.92,6,0,0,0,23.38
2024-12-21,Store_1,SKU_4,98.23,11,0,0,0,23.38
2024-12-22,Store_1,SKU_4,46.67,3,0,0,0,23.38
2024-12-23,Store_1,SKU_4,120.09,11,1,0,0,23.38
2024-12-24,Store_1,SKU_4,80.93,8,0,0,0,23.38
2024-12-25,Store_1,SKU_4,25.33,2,0,a,0,23.38
2024-12-26,Store_1,SKU_4,35.0,2,0,a,0,23.38
2024-12-27,Store_1,SKU_4,88.85,6,0,0,0,23.38
2024-12-28,Store_1,SKU_4,94.48,6,0,0,0,23.38
2024-12-29,Store_1,SKU_4,46.67,4,0,0,0,23.38
2024-12-30,Store_1,SKU_4,68.17,5,0,0,0,23.38
2024-12-31,Store_1,SKU_4,75.13,7,0,0,0,23.38
2022-01-01,Store_1,SKU_5,32.46,2,0,a,0,21.41
2022-01-02,Store_1,SKU_5,38.8,3,0,0,0,21.41
2022-01-03,Store_1,SKU_5,65.12,6,0,0,0,21.41
2022-01-04,Store_1,SKU_5,57.22,5,0,0,0,21.41
2022-01-05,Store_1,SKU_5,68.61,5,0,0,0,21.41
2022-01-06,Store_1,SKU_5,76.28,7,0,0,0,21.41
2022-01-07,Store_1,SKU_5,77.94,6,0,0,0,21.41
2022-01-08,Store_1,SKU_5,76.98,7,0,0,0,21.41
2022-01-09,Store_1,SKU_5,36.81,3,0,0,0,21.41
2022-01-10,Store_1,SKU_5,96.01,7,1,0,0,21.41
2022-01-11,Store_1,SKU_5,59.44,5,0,0,0,21.41
2022-01-12,Store_1,SKU_5,85.28,8,1,0,0,21.41
2022-01-13,Store_1,SKU_5,105.17,11,1,0,0,21.41
2022-01-14,Store_1,SKU_5,72.1,7,0,0,0,21.41
2022-01-15,Store_1,SKU_5,67.69,4,0,0,0,21.41
2022-01-16,Store_1,SKU_5,39.9,3,0,0,0,21.41
2022-01-17,Store_1,SKU_5,70.99,6,0,0,0,21.41
2022-01-18,Store_1,SKU_5,65.51,6,0,0,0,21.41
2022-01-19,Store_1,SKU_5,71.4,6,0,0,0,21.41
2022-01-20,Store_1,SKU_5,67.47,6,0,0,0,21.41
2022-01-21,Store_1,SKU_5,73.7,9,0,0,0,21.41
2022-01-22,Store_1,SKU_5,126.07,13,1,0,0,21.41
2022-01-23,Store_1,SKU_5,41.0,3,0,0,0,21.41
2022-01-24,Store_1,SKU_5,66.63,6,0,0,0,21.41
2022-01-25,Store_1,SKU_5,63.55,4,0,0,0,21.41
2022-01-26,Store_1,SKU_5,69.73,7,0,0,0,21.41
2022-01-27,Store_1,SKU_5,68.15,5,0,0,0,21.41
2022-01-28,Store_1,SKU_5,71.48,7,0,0,0,21.41
2022-01-29,Store_1,SKU_5,94.55,6,0,0,0,21.41
2022-01-30,Store_1,SKU_5,46.7,5,0,0,0,21.41
2022-01-31,Store_1,SKU_5,61.96,4,0,0,0,21.41
2022-02-01,Store_1,SKU_5,91.29,9,1,0,0,21.41
2022-02-02,Store_1,SKU_5,67.94,6,0,0,0,21.41
2022-02-03,Store_1,SKU_5,74.9,5,0,0,0,21.41
2022-02-04,Store_1,SKU_5,69.97,5,0,0,0,21.41
2022-02-05,Store_1,SKU_5,97.04,7,0,0,0,21.41
2022-02-06,Store_1,SKU_5,47.53,3,0,0,0,21.41
2022-02-07,Store_1,SKU_5,63.06,4,0,0,0,21.41
2022-02-08,Store_1,SKU_5,72.53,6,0,0,0,21.41
2022-02-09,Store_1,SKU_5,68.23,5,0,0,0,21.41
2022-02-10,Store_1,SKU_5,72.25,7,0,0,0,21.41
2022-02-11,Store_1,SKU_5,78.91,6,0,0,0,21.41
2022-02-12,Store_1,SKU_5,100.01,7,0,0,0,21.41
2022-02-13,Store_1,SKU_5,63.21,4,1,0,0,21.41
2022-02-14,Store_1,SKU_5,81.38,6,0,0,0,21.41
2022-02-15,Store_1,SKU_5,78.13,6,0,0,0,21.41
2022-02-16,Store_1,SKU_5,75.84,8,0,0,0,21.41
2022-02-17,Store_1,SKU_5,67.87,5,0,0,0,21.41
2022-02-18,Store_1,SKU_5,79.51,6,0,0,0,21.41
2022-02-19,Store_1,SKU_5,107.46,9,0,0,0,21.41
2022-02-20,Store_1,SKU_5,38.4,3,0,0,0,21.41
2022-02-21,Store_1,SKU_5,82.63,9,0,0,0,21.41
2022-02-22,Store_1,SKU_5,62.59,5,0,0,0,21.41
2022-02-23,Store_1,SKU_5,74.43,8,0,0,0,21.41
2022-02-24,Store_1,SKU_5,77.84,6,0,0,0,21.41
2022-02-25,Store_1,SKU_5,73.68,5,0,0,0,21.41
2022-02-26,Store_1,SKU_5,90.04,6,0,0,0,21.41
2022-02-27,Store_1,SKU_5,45.96,4,0,0,0,21.41
2022-02-28,Store_1,SKU_5,79.73,7,0,0,0,21.41
2022-03-01,Store_1,SKU_5,79.31,9,0,0,0,21.41
2022-03-02,Store_1,SKU_5,72.68,8,0,0,0,21.41
2022-03-03,Store_1,SKU_5,86.17,7,0,0,0,21.41
2022-03-04,Store_1,SKU_5,131.57,13,1,0,0,21.41
2022-03-05,Store_1,SKU_5,105.84,8,0,0,0,21.41
2022-03-06,Store_1,SKU_5,51.41,4,0,0,0,21.41
2022-03-07,Store_1,SKU_5,93.77,6,0,0,0,21.41
2022-03-08,Store_1,SKU_5,70.96,8,0,0,0,21.41
2022-03-09,Store_1,SKU_5,82.41,8,0,0,0,21.41
2022-03-10,Store_1,SKU_5,90.66,7,0,0,0,21.41
2022-03-11,Store_1,SKU_5,97.5,9,0,0,0,21.41
2022-03-12,Store_1,SKU_5,94.81,8,0,0,0,21.41
2022-03-13,Store_1,SKU_5,66.23,7,1,0,0,21.41
2022-03-14,Store_1,SKU_5,92.87,9,0,0,0,21.41
2022-03-15,Store_1,SKU_5,71.66,6,0,0,0,21.41
2022-03-16,Store_1,SKU_5,107.88,8,1,0,0,21.41
2022-03-17,Store_1,SKU_5,97.37,12,0,0,0,21.41
2022-03-18,Store_1,SKU_5,100.31,12,0,0,0,21.41
2022-03-19,Store_1,SKU_5,97.71,7,0,0,0,21.41
2022-03-20,Store_1,SKU_5,57.07,6,0,0,0,21.41
2022-03-21,Store_1,SKU_5,110.2,9,1,0,0,21.41
2022-03-22,Store_1,SKU_5,89.41,7,0,0,0,21.41
2022-03-23,Store_1,SKU_5,82.29,6,0,0,0,21.41
2022-03-24,Store_1,SKU_5,76.59,7,0,0,0,21.41
2022-03-25,Store_1,SKU_5,100.46,11,0,0,0,21.41
2022-03-26,Store_1,SKU_5,118.94,11,0,0,0,21.41
2022-03-27,Store_1,SKU_5,56.69,4,0,0,0,21.41
2022-03-28,Store_1,SKU_5,87.3,7,0,0,0,21.41
2022-03-29,Store_1,SKU_5,102.48,10,1,0,0,21.41
2022-03-30,Store_1,SKU_5,78.33,6,0,0,0,21.41
2022-03-31,Store_1,SKU_5,81.55,6,0,0,0,21.41
2022-04-01,Store_1,SKU_5,160.7,18,1,0,0,21.41
2022-04-02,Store_1,SKU_5,112.55,9,0,0,0,21.41
2022-04-03,Store_1,SKU_5,56.12,4,0,0,0,21.41
2022-04-04,Store_1,SKU_5,94.03,6,0,0,0,21.41
2022-04-05,Store_1,SKU_5,103.88,12,0,0,0,21.41
2022-04-06,Store_1,SKU_5,88.44,8,0,0,0,21.41
2022-04-07,Store_1,SKU_5,90.1,7,0,0,0,21.41
2022-04-08,Store_1,SKU_5,118.47,10,0,0,0,21.41
2022-04-09,Store_1,SKU_5,123.16,9,0,0,0,21.41
2022-04-10,Store_1,SKU_5,63.16,5,0,0,0,21.41
2022-04-11,Store_1,SKU_5,92.36,6,0,0,0,21.41
2022-04-12,Store_1,SKU_5,80.47,6,0,0,0,21.41
2022-04-13,Store_1,SKU_5,124.62,14,1,0,0,21.41
2022-04-14,Store_1,SKU_5,128.97,9,1,0,0,21.41
2022-04-15,Store_1,SKU_5,101.91,8,0,0,0,21.41
2022-04-16,Store_1,SKU_5,124.38,12,0,0,0,21.41
2022-04-17,Store_1,SKU_5,56.86,7,0,0,0,21.41
2022-04-18,Store_1,SKU_5,103.84,7,0,0,0,21.41
2022-04-19,Store_1,SKU_5,127.18,11,1,0,0,21.41
2022-04-20,Store_1,SKU_5,135.06,10,1,0,0,21.41
2022-04-21,Store_1,SKU_5,143.66,16,1,0,0,21.41
2022-04-22,Store_1,SKU_5,108.26,12,0,0,0,21.41
2022-04-23,Store_1,SKU_5,127.65,13,0,0,0,21.41
2022-04-24,Store_1,SKU_5,57.47,4,0,0,0,21.41
2022-04-25,Store_1,SKU_5,98.09,8,0,0,0,21.41
2022-04-26,Store_1,SKU_5,86.1,9,0,0,0,21.41
2022-04-27,Store_1,SKU_5,82.82,8,0,0,0,21.41
2022-04-28,Store_1,SKU_5,93.16,8,0,0,0,21.41
2022-04-29,Store_1,SKU_5,110.02,8,0,0,0,21.41
2022-04-30,Store_1,SKU_5,174.99,14,1,0,0,21.41
2022-05-01,Store_1,SKU_5,59.76,5,0,0,0,21.41
2022-05-02,Store_1,SKU_5,135.83,12,1,0,0,21.41
2022-05-03,Store_1,SKU_5,96.53,7,0,0,0,21.41
2022-05-04,Store_1,SKU_5,101.47,11,0,0,0,21.41
2022-05-05,Store_1,SKU_5,95.16,10,0,0,0,21.41
2022-05-06,Store_1,SKU_5,115.07,9,0,0,0,21.41
2022-05-07,Store_1,SKU_5,128.66,13,0,0,0,21.41
2022-05-08,Store_1,SKU_5,62.53,5,0,0,0,21.41
2022-05-09,Store_1,SKU_5,104.05,12,0,0,0,21.41
2022-05-10,Store_1,SKU_5,95.77,8,0,0,0,21.41
2022-05-11,Store_1,SKU_5,115.1,10,0,0,0,21.41
2022-05-12,Store_1,SKU_5,106.82,9,0,0,0,21.41
2022-05-13,Store_1,SKU_5,105.73,11,0,0,0,21.41
2022-05-14,Store_1,SKU_5,113.34,12,0,0,0,21.41
2022-05-15,Store_1,SKU_5,67.49,6,0,0,0,21.41
2022-05-16,Store_1,SKU_5,111.96,8,0,0,0,21.41
2022-05-17,Store_1,SKU_5,139.82,15,1,0,0,21.41
2022-05-18,Store_1,SKU_5,113.68,9,0,0,0,21.41
2022-05-19,Store_1,SKU_5,100.42,11,0,0,0,21.41
2022-05-20,Store_1,SKU_5,98.67,9,0,0,0,21.41
2022-05-21,Store_1,SKU_5,124.31,10,0,0,0,21.41
2022-05-22,Store_1,SKU_5,64.42,4,0,0,0,21.41
2022-05-23,Store_1,SKU_5,134.38,10,1,0,0,21.41
2022-05-24,Store_1,SKU_5,102.11,10,0,0,0,21.41
2022-05-25,Store_1,SKU_5,110.57,9,0,0,0,21.41
2022-05-26,Store_1,SKU_5,99.34,10,0,0,0,21.41
2022-05-27,Store_1,SKU_5,109.6,12,0,0,0,21.41
2022-05-28,Store_1,SKU_5,134.46,9,0,0,0,21.41
2022-05-29,Store_1,SKU_5,64.11,7,0,0,0,21.41
2022-05-30,Store_1,SKU_5,141.74,11,1,0,0,21.41
2022-05-31,Store_1,SKU_5,103.74,12,0,0,0,21.41
2022-06-01,Store_1,SKU_5,100.35,8,0,0,0,21.41
2022-06-02,Store_1,SKU_5,109.93,9,0,0,0,21.41
2022-06-03,Store_1,SKU_5,124.94,9,0,0,0,21.41
2022-06-04,Store_1,SKU_5,142.36,11,0,0,0,21.41
2022-06-05,Store_1,SKU_5,63.56,4,0,0,0,21.41
2022-06-06,Store_1,SKU_5,108.68,7,0,0,0,21.41
2022-06-07,Store_1,SKU_5,94.0,6,0,0,0,21.41
2022-06-08,Store_1,SKU_5,133.13,12,1,0,0,21.41
2022-06-09,Store_1,SKU_5,124.18,10,0,0,0,21.41
2022-06-10,Store_1,SKU_5,126.05,10,0,0,0,21.41
2022-06-11,Store_1,SKU_5,144.21,10,0,0,0,21.41
2022-06-12,Store_1,SKU_5,63.74,5,0,0,0,21.41
2022-06-13,Store_1,SKU_5,104.55,12,0,0,0,21.41
2022-06-14,Store_1,SKU_5,113.8,11,0,0,0,21.41
2022-06-15,Store_1,SKU_5,106.27,7,0,0,0,21.41
2022-06-16,Store_1,SKU_5,103.32,7,0,0,0,21.41
2022-06-17,Store_1,SKU_5,123.19,13,0,0,0,21.41
2022-06-18,Store_1,SKU_5,192.29,19,1,0,0,21.41
2022-06-19,Store_1,SKU_5,72.76,7,0,0,0,21.41
2022-06-20,Store_1,SKU_5,101.38,8,0,0,0,21.41
2022-06-21,Store_1,SKU_5,112.51,9,0,0,0,21.41
2022-06-22,Store_1,SKU_5,107.8,9,0,0,0,21.41
2022-06-23,Store_1,SKU_5,111.12,13,0,0,0,21.41
2022-06-24,Store_1,SKU_5,155.49,18,1,0,0,21.41
2022-06-25,Store_1,SKU_5,127.01,10,0,0,0,21.41
2022-06-26,Store_1,SKU_5,66.42,5,0,0,0,21.41
2022-06-27,Store_1,SKU_5,148.61,13,1,0,0,21.41
2022-06-28,Store_1,SKU_5,91.28,7,0,0,0,21.41
2022-06-29,Store_1,SKU_5,100.48,8,0,0,0,21.41
2022-06-30,Store_1,SKU_5,153.97,11,1,0,0,21.41
2022-07-01,Store_1,SKU_5,92.23,9,0,0,1,21.41
2022-07-02,Store_1,SKU_5,127.1,15,0,0,1,21.41
2022-07-03,Store_1,SKU_5,85.64,8,1,0,1,21.41
2022-07-04,Store_1,SKU_5,98.11,9,0,0,0,21.41
2022-07-05,Store_1,SKU_5,100.62,9,0,0,1,21.41
2022-07-06,Store_1,SKU_5,98.15,7,0,0,0,21.41
2022-07-07,Store_1,SKU_5,134.91,13,1,0,0,21.41
2022-07-08,Store_1,SKU_5,132.17,10,0,0,0,21.41
2022-07-09,Store_1,SKU_5,133.76,10,0,0,0,21.41
2022-07-10,Store_1,SKU_5,71.25,5,0,0,0,21.41
2022-07-11,Store_1,SKU_5,143.38,14,1,0,1,21.41
2022-07-12,Store_1,SKU_5,89.81,7,0,0,1,21.41
2022-07-13,Store_1,SKU_5,108.4,9,0,0,1,21.41
2022-07-14,Store_1,SKU_5,129.33,14,0,0,0,21.41
2022-07-15,Store_1,SKU_5,102.48,9,0,0,0,21.41
2022-07-16,Store_1,SKU_5,123.51,9,0,0,1,21.41
2022-07-17,Store_1,SKU_5,73.51,6,0,0,0,21.41
2022-07-18,Store_1,SKU_5,107.5,8,0,0,0,21.41
2022-07-19,Store_1,SKU_5,101.14,7,0,0,0,21.41
2022-07-20,Store_1,SKU_5,98.98,8,0,0,0,21.41
2022-07-21,Store_1,SKU_5,112.01,9,0,0,1,21.41
2022-07-22,Store_1,SKU_5,182.67,18,1,0,1,21.41
2022-07-23,Store_1,SKU_5,129.51,11,0,0,1,21.41
2022-07-24,Store_1,SKU_5,62.05,5,0,0,0,21.41
2022-07-25,Store_1,SKU_5,128.84,13,1,0,0,21.41
2022-07-26,Store_1,SKU_5,107.11,9,0,0,1,21.41
2022-07-27,Store_1,SKU_5,94.47,7,0,0,1,21.41
2022-07-28,Store_1,SKU_5,164.13,13,1,0,0,21.41
2022-07-29,Store_1,SKU_5,97.05,8,0,0,0,21.41
2022-07-30,Store_1,SKU_5,134.01,15,0,0,0,21.41
2022-07-31,Store_1,SKU_5,62.61,5,0,0,1,21.41
2022-08-01,Store_1,SKU_5,88.96,7,0,0,0,21.41
2022-08-02,Store_1,SKU_5,88.76,10,0,0,0,21.41
2022-08-03,Store_1,SKU_5,84.84,8,0,0,1,21.41
2022-08-04,Store_1,SKU_5,103.61,8,0,0,0,21.41
2022-08-05,Store_1,SKU_5,111.51,13,0,0,1,21.41
2022-08-06,Store_1,SKU_5,119.35,11,0,0,0,21.41
2022-08-07,Store_1,SKU_5,51.49,4,0,0,1,21.41
2022-08-08,Store_1,SKU_5,101.36,11,0,0,0,21.41
2022-08-09,Store_1,SKU_5,112.59,12,0,0,0,21.41
2022-08-10,Store_1,SKU_5,122.36,12,1,0,0,21.41
2022-08-11,Store_1,SKU_5,106.78,8,0,0,0,21.41
2022-08-12,Store_1,SKU_5,104.7,9,0,0,0,21.41
2022-08-13,Store_1,SKU_5,128.13,11,0,0,0,21.41
2022-08-14,Store_1,SKU_5,54.18,5,0,0,0,21.41
2022-08-15,Store_1,SKU_5,88.38,6,0,0,0,21.41
2022-08-16,Store_1,SKU_5,96.54,9,0,0,0,21.41
2022-08-17,Store_1,SKU_5,95.41,10,0,0,0,21.41
2022-08-18,Store_1,SKU_5,98.97,10,0,0,0,21.41
2022-08-19,Store_1,SKU_5,102.78,9,0,0,1,21.41
2022-08-20,Store_1,SKU_5,129.16,10,0,0,0,21.41
2022-08-21,Store_1,SKU_5,58.6,5,0,0,0,21.41
2022-08-22,Store_1,SKU_5,92.19,10,0,0,0,21.41
2022-08-23,Store_1,SKU_5,92.17,8,0,0,0,21.41
2022-08-24,Store_1,SKU_5,92.77,7,0,0,0,21.41
2022-08-25,Store_1,SKU_5,85.09,9,0,0,0,21.41
2022-08-26,Store_1,SKU_5,119.49,9,0,0,0,21.41
2022-08-27,Store_1,SKU_5,141.23,11,0,0,1,21.41
2022-08-28,Store_1,SKU_5,55.83,6,0,0,1,21.41
2022-08-29,Store_1,SKU_5,112.36,13,0,0,1,21.41
2022-08-30,Store_1,SKU_5,131.88,9,1,0,0,21.41
2022-08-31,Store_1,SKU_5,98.42,8,0,0,1,21.41
2022-09-01,Store_1,SKU_5,84.93,7,0,0,0,21.41
2022-09-02,Store_1,SKU_5,110.98,12,0,0,0,21.41
2022-09-03,Store_1,SKU_5,107.33,10,0,0,0,21.41
2022-09-04,Store_1,SKU_5,56.2,5,0,0,0,21.41
2022-09-05,Store_1,SKU_5,86.25,7,0,0,0,21.41
2022-09-06,Store_1,SKU_5,79.07,9,0,0,0,21.41
2022-09-07,Store_1,SKU_5,123.94,12,1,0,0,21.41
2022-09-08,Store_1,SKU_5,91.22,10,0,0,0,21.41
2022-09-09,Store_1,SKU_5,84.92,8,0,0,0,21.41
2022-09-10,Store_1,SKU_5,127.64,10,1,0,0,21.41
2022-09-11,Store_1,SKU_5,50.68,3,0,0,0,21.41
2022-09-12,Store_1,SKU_5,104.38,11,0,0,0,21.41
2022-09-13,Store_1,SKU_5,84.9,9,0,0,0,21.41
2022-09-14,Store_1,SKU_5,89.75,10,0,0,0,21.41
2022-09-15,Store_1,SKU_5,87.65,8,0,0,0,21.41
2022-09-16,Store_1,SKU_5,126.59,12,1,0,0,21.41
2022-09-17,Store_1,SKU_5,103.09,7,0,0,0,21.41
2022-09-18,Store_1,SKU_5,48.62,3,0,0,0,21.41
2022-09-19,Store_1,SKU_5,102.69,11,0,0,0,21.41
2022-09-20,Store_1,SKU_5,83.82,6,0,0,0,21.41
2022-09-21,Store_1,SKU_5,127.31,10,1,0,0,21.41
2022-09-22,Store_1,SKU_5,91.77,7,0,0,0,21.41
2022-09-23,Store_1,SKU_5,106.69,7,0,0,0,21.41
2022-09-24,Store_1,SKU_5,103.72,7,0,0,0,21.41
2022-09-25,Store_1,SKU_5,60.7,7,0,0,0,21.41
2022-09-26,Store_1,SKU_5,116.1,8,1,0,0,21.41
2022-09-27,Store_1,SKU_5,86.53,8,0,0,0,21.41
2022-09-28,Store_1,SKU_5,84.73,7,0,0,0,21.41
2022-09-29,Store_1,SKU_5,119.1,10,1,0,0,21.41
2022-09-30,Store_1,SKU_5,98.08,8,0,0,0,21.41
2022-10-01,Store_1,SKU_5,91.66,9,0,0,0,21.41
2022-10-02,Store_1,SKU_5,40.18,3,0,0,0,21.41
2022-10-03,Store_1,SKU_5,65.78,5,0,0,0,21.41
2022-10-04,Store_1,SKU_5,79.91,9,0,0,0,21.41
2022-10-05,Store_1,SKU_5,67.81,5,0,0,0,21.41
2022-10-06,Store_1,SKU_5,79.31,8,0,0,0,21.41
2022-10-07,Store_1,SKU_5,91.73,10,0,0,0,21.41
2022-10-08,Store_1,SKU_5,91.57,8,0,0,0,21.41
2022-10-09,Store_1,SKU_5,62.76,6,1,0,0,21.41
2022-10-10,Store_1,SKU_5,83.13,6,0,0,0,21.41
2022-10-11,Store_1,SKU_5,70.18,6,0,0,0,21.41
2022-10-12,Store_1,SKU_5,117.08,9,1,0,0,21.41
2022-10-13,Store_1,SKU_5,77.72,6,0,0,0,21.41
2022-10-14,Store_1,SKU_5,79.35,6,0,0,0,21.41
2022-10-15,Store_1,SKU_5,99.23,9,0,0,0,21.41
2022-10-16,Store_1,SKU_5,48.68,5,0,0,0,21.41
2022-10-17,Store_1,SKU_5,114.44,8,1,0,0,21.41
2022-10-18,Store_1,SKU_5,79.08,6,0,0,0,21.41
2022-10-19,Store_1,SKU_5,71.59,5,0,0,0,21.41
2022-10-20,Store_1,SKU_5,71.27,6,0,0,0,21.41
2022-10-21,Store_1,SKU_5,74.96,5,0,0,0,21.41
2022-10-22,Store_1,SKU_5,87.92,6,0,0,0,21.41
2022-10-23,Store_1,SKU_5,45.18,3,0,0,0,21.41
2022-10-24,Store_1,SKU_5,77.83,5,0,0,0,21.41
2022-10-25,Store_1,SKU_5,85.82,8,0,0,0,21.41
2022-10-26,Store_1,SKU_5,83.6,6,0,0,0,21.41
2022-10-27,Store_1,SKU_5,111.8,11,1,0,0,21.41
2022-10-28,Store_1,SKU_5,78.37,7,0,0,0,21.41
2022-10-29,Store_1,SKU_5,107.56,12,0,0,0,21.41
2022-10-30,Store_1,SKU_5,41.79,3,0,0,0,21.41
2022-10-31,Store_1,SKU_5,79.34,5,0,0,0,21.41
2022-11-01,Store_1,SKU_5,69.75,7,0,0,0,21.41
2022-11-02,Store_1,SKU_5,61.45,4,0,0,0,21.41
2022-11-03,Store_1,SKU_5,68.11,6,0,0,0,21.41
2022-11-04,Store_1,SKU_5,74.57,7,0,0,0,21.41
2022-11-05,Store_1,SKU_5,89.66,7,0,0,0,21.41
2022-11-06,Store_1,SKU_5,38.4,3,0,0,0,21.41
2022-11-07,Store_1,SKU_5,59.64,4,0,0,0,21.41
2022-11-08,Store_1,SKU_5,66.64,6,0,0,0,21.41
2022-11-09,Store_1,SKU_5,61.0,4,0,0,0,21.41
2022-11-10,Store_1,SKU_5,83.99,10,1,0,0,21.41
2022-11-11,Store_1,SKU_5,73.51,7,0,0,0,21.41
2022-11-12,Store_1,SKU_5,94.2,8,0,0,0,21.41
2022-11-13,Store_1,SKU_5,42.42,4,0,0,0,21.41
2022-11-14,Store_1,SKU_5,68.21,4,0,0,0,21.41
2022-11-15,Store_1,SKU_5,59.46,5,0,0,0,21.41
2022-11-16,Store_1,SKU_5,75.84,5,0,0,0,21.41
2022-11-17,Store_1,SKU_5,76.47,5,0,0,0,21.41
2022-11-18,Store_1,SKU_5,113.63,8,1,0,0,21.41
2022-11-19,Store_1,SKU_5,93.76,8,0,0,0,21.41
2022-11-20,Store_1,SKU_5,36.42,2,0,0,0,21.41
2022-11-21,Store_1,SKU_5,90.05,11,1,0,0,21.41
2022-11-22,Store_1,SKU_5,63.04,5,0,0,0,21.41
2022-11-23,Store_1,SKU_5,66.01,5,0,0,0,21.41
2022-11-24,Store_1,SKU_5,69.57,8,0,0,0,21.41
2022-11-25,Store_1,SKU_5,82.74,8,0,0,0,21.41
2022-11-26,Store_1,SKU_5,92.89,7,0,0,0,21.41
2022-11-27,Store_1,SKU_5,57.21,6,1,0,0,21.41
2022-11-28,Store_1,SKU_5,77.31,6,0,0,0,21.41
2022-11-29,Store_1,SKU_5,68.05,5,0,0,0,21.41
2022-11-30,Store_1,SKU_5,74.82,6,0,0,0,21.41
2022-12-01,Store_1,SKU_5,78.28,6,0,0,0,21.41
2022-12-02,Store_1,SKU_5,60.62,7,0,0,0,21.41
2022-12-03,Store_1,SKU_5,86.01,7,0,0,0,21.41
2022-12-04,Store_1,SKU_5,41.75,3,0,0,0,21.41
2022-12-05,Store_1,SKU_5,74.91,5,0,0,0,21.41
2022-12-06,Store_1,SKU_5,60.13,5,0,0,0,21.41
2022-12-07,Store_1,SKU_5,82.19,7,1,0,0,21.41
2022-12-08,Store_1,SKU_5,67.31,5,0,0,0,21.41
2022-12-09,Store_1,SKU_5,112.31,10,1,0,0,21.41
2022-12-10,Store_1,SKU_5,88.14,9,0,0,0,21.41
2022-12-11,Store_1,SKU_5,43.03,3,0,0,0,21.41
2022-12-12,Store_1,SKU_5,97.08,8,1,0,0,21.41
2022-12-13,Store_1,SKU_5,60.59,7,0,0,0,21.41
2022-12-14,Store_1,SKU_5,63.72,6,0,0,0,21.41
2022-12-15,Store_1,SKU_5,68.08,8,0,0,0,21.41
2022-12-16,Store_1,SKU_5,69.87,8,0,0,0,21.41
2022-12-17,Store_1,SKU_5,79.02,8,0,0,0,21.41
2022-12-18,Store_1,SKU_5,43.2,3,0,0,0,21.41
2022-12-19,Store_1,SKU_5,75.37,6,0,0,0,21.41
2022-12-20,Store_1,SKU_5,65.9,6,0,0,0,21.41
2022-12-21,Store_1,SKU_5,62.82,7,0,0,0,21.41
2022-12-22,Store_1,SKU_5,63.51,6,0,0,0,21.41
2022-12-23,Store_1,SKU_5,69.39,7,0,0,0,21.41
2022-12-24,Store_1,SKU_5,73.9,6,0,0,0,21.41
2022-12-25,Store_1,SKU_5,15.54,1,0,a,0,21.41
2022-12-26,Store_1,SKU_5,28.37,2,0,a,0,21.41
2022-12-27,Store_1,SKU_5,66.13,5,0,0,0,21.41
2022-12-28,Store_1,SKU_5,68.46,5,0,0,0,21.41
2022-12-29,Store_1,SKU_5,69.14,4,0,0,0,21.41
2022-12-30,Store_1,SKU_5,70.33,5,0,0,0,21.41
2022-12-31,Store_1,SKU_5,81.63,9,0,0,0,21.41
2023-01-01,Store_1,SKU_5,15.99,1,0,a,0,21.41
2023-01-02,Store_1,SKU_5,69.93,5,0,0,0,21.41
2023-01-03,Store_1,SKU_5,92.03,7,1,0,0,21.41
2023-01-04,Store_1,SKU_5,104.97,8,1,0,0,21.41
2023-01-05,Store_1,SKU_5,77.83,6,0,0,0,21.41
2023-01-06,Store_1,SKU_5,71.37,7,0,0,0,21.41
2023-01-07,Store_1,SKU_5,87.72,9,0,0,0,21.41
2023-01-08,Store_1,SKU_5,41.17,4,0,0,0,21.41
2023-01-09,Store_1,SKU_5,68.59,5,0,0,0,21.41
2023-01-10,Store_1,SKU_5,93.12,10,1,0,0,21.41
2023-01-11,Store_1,SKU_5,70.36,6,0,0,0,21.41
2023-01-12,Store_1,SKU_5,68.77,6,0,0,0,21.41
2023-01-13,Store_1,SKU_5,77.47,6,0,0,0,21.41
2023-01-14,Store_1,SKU_5,86.92,9,0,0,0,21.41
2023-01-15,Store_1,SKU_5,40.22,2,0,0,0,21.41
2023-01-16,Store_1,SKU_5,80.19,6,0,0,0,21.41
2023-01-17,Store_1,SKU_5,56.5,4,0,0,0,21.41
2023-01-18,Store_1,SKU_5,86.02,6,1,0,0,21.41
2023-01-19,Store_1,SKU_5,65.96,6,0,0,0,21.41
2023-01-20,Store_1,SKU_5,71.49,5,0,0,0,21.41
2023-01-21,Store_1,SKU_5,93.56,11,0,0,0,21.41
2023-01-22,Store_1,SKU_5,45.68,4,0,0,0,21.41
2023-01-23,Store_1,SKU_5,64.99,4,0,0,0,21.41
2023-01-24,Store_1,SKU_5,67.45,7,0,0,0,21.41
2023-01-25,Store_1,SKU_5,82.5,9,1,0,0,21.41
2023-01-26,Store_1,SKU_5,90.17,9,1,0,0,21.41
2023-01-27,Store_1,SKU_5,83.12,6,0,0,0,21.41
2023-01-28,Store_1,SKU_5,87.27,9,0,0,0,21.41
2023-01-29,Store_1,SKU_5,48.11,3,0,0,0,21.41
2023-01-30,Store_1,SKU_5,75.72,5,0,0,0,21.41
2023-01-31,Store_1,SKU_5,72.01,8,0,0,0,21.41
2023-02-01,Store_1,SKU_5,71.02,5,0,0,0,21.41
2023-02-02,Store_1,SKU_5,70.37,8,0,0,0,21.41
2023-02-03,Store_1,SKU_5,84.87,6,0,0,0,21.41
2023-02-04,Store_1,SKU_5,113.69,12,0,0,0,21.41
2023-02-05,Store_1,SKU_5,64.41,7,1,0,0,21.41
2023-02-06,Store_1,SKU_5,75.57,7,0,0,0,21.41
2023-02-07,Store_1,SKU_5,69.88,6,0,0,0,21.41
2023-02-08,Store_1,SKU_5,73.61,7,0,0,0,21.41
2023-02-09,Store_1,SKU_5,73.13,7,0,0,0,21.41
2023-02-10,Store_1,SKU_5,79.49,7,0,0,0,21.41
2023-02-11,Store_1,SKU_5,102.27,9,0,0,0,21.41
2023-02-12,Store_1,SKU_5,61.24,5,1,0,0,21.41
2023-02-13,Store_1,SKU_5,75.02,5,0,0,0,21.41
2023-02-14,Store_1,SKU_5,72.71,8,0,0,0,21.41
2023-02-15,Store_1,SKU_5,73.95,5,0,0,0,21.41
2023-02-16,Store_1,SKU_5,78.51,6,0,0,0,21.41
2023-02-17,Store_1,SKU_5,86.26,7,0,0,0,21.41
2023-02-18,Store_1,SKU_5,97.56,8,0,0,0,21.41
2023-02-19,Store_1,SKU_5,44.34,3,0,0,0,21.41
2023-02-20,Store_1,SKU_5,77.46,5,0,0,0,21.41
2023-02-21,Store_1,SKU_5,77.96,7,0,0,0,21.41
2023-02-22,Store_1,SKU_5,76.72,6,0,0,0,21.41
2023-02-23,Store_1,SKU_5,69.32,8,0,0,0,21.41
2023-02-24,Store_1,SKU_5,87.22,8,0,0,0,21.41
2023-02-25,Store_1,SKU_5,93.82,7,0,0,0,21.41
2023-02-26,Store_1,SKU_5,44.75,3,0,0,0,21.41
2023-02-27,Store_1,SKU_5,78.49,6,0,0,0,21.41
2023-02-28,Store_1,SKU_5,71.67,7,0,0,0,21.41
2023-03-01,Store_1,SKU_5,77.44,5,0,0,0,21.41
2023-03-02,Store_1,SKU_5,97.03,9,0,0,0,21.41
2023-03-03,Store_1,SKU_5,102.87,10,0,0,0,21.41
2023-03-04,Store_1,SKU_5,116.67,12,0,0,0,21.41
2023-03-05,Store_1,SKU_5,56.28,6,0,0,0,21.41
2023-03-06,Store_1,SKU_5,82.95,8,0,0,0,21.41
2023-03-07,Store_1,SKU_5,70.98,6,0,0,0,21.41
2023-03-08,Store_1,SKU_5,92.86,8,0,0,0,21.41
2023-03-09,Store_1,SKU_5,91.95,7,0,0,0,21.41
2023-03-10,Store_1,SKU_5,103.6,10,0,0,0,21.41
2023-03-11,Store_1,SKU_5,112.49,12,0,0,0,21.41
2023-03-12,Store_1,SKU_5,52.59,3,0,0,0,21.41
2023-03-13,Store_1,SKU_5,84.85,8,0,0,0,21.41
2023-03-14,Store_1,SKU_5,131.92,10,1,0,0,21.41
2023-03-15,Store_1,SKU_5,105.61,11,0,0,0,21.41
2023-03-16,Store_1,SKU_5,135.48,10,1,0,0,21.41
2023-03-17,Store_1,SKU_5,99.85,8,0,0,0,21.41
2023-03-18,Store_1,SKU_5,108.08,13,0,0,0,21.41
2023-03-19,Store_1,SKU_5,53.79,4,0,0,0,21.41
2023-03-20,Store_1,SKU_5,92.65,7,0,0,0,21.41
2023-03-21,Store_1,SKU_5,90.69,6,0,0,0,21.41
2023-03-22,Store_1,SKU_5,78.94,7,0,0,0,21.41
2023-03-23,Store_1,SKU_5,91.37,6,0,0,0,21.41
2023-03-24,Store_1,SKU_5,106.01,7,0,0,0,21.41
2023-03-25,Store_1,SKU_5,110.92,8,0,0,0,21.41
2023-03-26,Store_1,SKU_5,53.71,4,0,0,0,21.41
2023-03-27,Store_1,SKU_5,91.78,9,0,0,0,21.41
2023-03-28,Store_1,SKU_5,86.08,9,0,0,0,21.41
2023-03-29,Store_1,SKU_5,82.19,8,0,0,0,21.41
2023-03-30,Store_1,SKU_5,97.13,8,0,0,0,21.41
2023-03-31,Store_1,SKU_5,102.99,12,0,0,0,21.41
2023-04-01,Store_1,SKU_5,119.91,9,0,0,0,21.41
2023-04-02,Store_1,SKU_5,85.49,9,1,0,0,21.41
2023-04-03,Store_1,SKU_5,103.88,8,0,0,0,21.41
2023-04-04,Store_1,SKU_5,95.26,8,0,0,0,21.41
2023-04-05,Store_1,SKU_5,101.44,11,0,0,0,21.41
2023-04-06,Store_1,SKU_5,115.3,12,0,0,0,21.41
2023-04-07,Store_1,SKU_5,112.38,13,0,0,0,21.41
2023-04-08,Store_1,SKU_5,140.27,12,0,0,0,21.41
2023-04-09,Store_1,SKU_5,63.04,5,0,0,0,21.41
2023-04-10,Store_1,SKU_5,145.22,13,1,0,0,21.41
2023-04-11,Store_1,SKU_5,100.59,8,0,0,0,21.41
2023-04-12,Store_1,SKU_5,84.67,9,0,0,0,21.41
2023-04-13,Store_1,SKU_5,92.23,8,0,0,0,21.41
2023-04-14,Store_1,SKU_5,108.57,8,0,0,0,21.41
2023-04-15,Store_1,SKU_5,134.73,15,0,0,0,21.41
2023-04-16,Store_1,SKU_5,55.97,4,0,0,0,21.41
2023-04-17,Store_1,SKU_5,115.2,11,0,0,0,21.41
2023-04-18,Store_1,SKU_5,89.7,9,0,0,0,21.41
2023-04-19,Store_1,SKU_5,103.99,8,0,0,0,21.41
2023-04-20,Store_1,SKU_5,102.21,8,0,0,0,21.41
2023-04-21,Store_1,SKU_5,119.44,9,0,0,0,21.41
2023-04-22,Store_1,SKU_5,131.88,9,0,0,0,21.41
2023-04-23,Store_1,SKU_5,57.42,4,0,0,0,21.41
2023-04-24,Store_1,SKU_5,99.03,8,0,0,0,21.41
2023-04-25,Store_1,SKU_5,148.3,10,1,0,0,21.41
2023-04-26,Store_1,SKU_5,97.69,10,0,0,0,21.41
2023-04-27,Store_1,SKU_5,94.43,10,0,0,0,21.41
2023-04-28,Store_1,SKU_5,130.84,10,0,0,0,21.41
2023-04-29,Store_1,SKU_5,136.09,13,0,0,0,21.41
2023-04-30,Store_1,SKU_5,61.13,5,0,0,0,21.41
2023-05-01,Store_1,SKU_5,89.92,9,0,0,0,21.41
2023-05-02,Store_1,SKU_5,161.87,19,1,0,0,21.41
2023-05-03,Store_1,SKU_5,86.52,6,0,0,0,21.41
2023-05-04,Store_1,SKU_5,125.58,10,0,0,0,21.41
2023-05-05,Store_1,SKU_5,109.5,13,0,0,0,21.41
2023-05-06,Store_1,SKU_5,156.4,16,0,0,0,21.41
2023-05-07,Store_1,SKU_5,67.12,6,0,0,0,21.41
2023-05-08,Store_1,SKU_5,104.78,9,0,0,0,21.41
2023-05-09,Store_1,SKU_5,91.81,9,0,0,0,21.41
2023-05-10,Store_1,SKU_5,100.76,7,0,0,0,21.41
2023-05-11,Store_1,SKU_5,99.57,10,0,0,0,21.41
2023-05-12,Store_1,SKU_5,168.46,15,1,0,0,21.41
2023-05-13,Store_1,SKU_5,185.76,17,1,0,0,21.41
2023-05-14,Store_1,SKU_5,64.81,7,0,0,0,21.41
2023-05-15,Store_1,SKU_5,96.77,8,0,0,0,21.41
2023-05-16,Store_1,SKU_5,93.77,7,0,0,0,21.41
2023-05-17,Store_1,SKU_5,137.93,13,1,0,0,21.41
2023-05-18,Store_1,SKU_5,112.95,12,0,0,0,21.41
2023-05-19,Store_1,SKU_5,119.8,11,0,0,0,21.41
2023-05-20,Store_1,SKU_5,142.83,12,0,0,0,21.41
2023-05-21,Store_1,SKU_5,60.73,6,0,0,0,21.41
2023-05-22,Store_1,SKU_5,113.59,8,0,0,0,21.41
2023-05-23,Store_1,SKU_5,104.17,8,0,0,0,21.41
2023-05-24,Store_1,SKU_5,158.96,14,1,0,0,21.41
2023-05-25,Store_1,SKU_5,106.68,10,0,0,0,21.41
2023-05-26,Store_1,SKU_5,125.19,14,0,0,0,21.41
2023-05-27,Store_1,SKU_5,139.93,10,0,0,0,21.41
2023-05-28,Store_1,SKU_5,73.52,6,0,0,0,21.41
2023-05-29,Store_1,SKU_5,107.88,10,0,0,0,21.41
2023-05-30,Store_1,SKU_5,106.3,8,0,0,0,21.41
2023-05-31,Store_1,SKU_5,148.45,11,1,0,0,21.41
2023-06-01,Store_1,SKU_5,110.94,9,0,0,0,21.41
2023-06-02,Store_1,SKU_5,145.33,14,0,0,0,21.41
2023-06-03,Store_1,SKU_5,219.58,23,1,0,0,21.41
2023-06-04,Store_1,SKU_5,72.24,5,0,0,0,21.41
2023-06-05,Store_1,SKU_5,109.45,8,0,0,0,21.41
2023-06-06,Store_1,SKU_5,104.87,8,0,0,0,21.41
2023-06-07,Store_1,SKU_5,98.57,10,0,0,0,21.41
2023-06-08,Store_1,SKU_5,113.17,13,0,0,0,21.41
2023-06-09,Store_1,SKU_5,128.57,14,0,0,0,21.41
2023-06-10,Store_1,SKU_5,132.66,16,0,0,0,21.41
2023-06-11,Store_1,SKU_5,75.47,6,0,0,0,21.41
2023-06-12,Store_1,SKU_5,119.41,9,0,0,0,21.41
2023-06-13,Store_1,SKU_5,157.76,11,1,0,0,21.41
2023-06-14,Store_1,SKU_5,108.43,7,0,0,0,21.41
2023-06-15,Store_1,SKU_5,165.95,15,1,0,0,21.41
2023-06-16,Store_1,SKU_5,127.96,10,0,0,0,21.41
2023-06-17,Store_1,SKU_5,144.7,12,0,0,0,21.41
2023-06-18,Store_1,SKU_5,93.83,6,1,0,0,21.41
2023-06-19,Store_1,SKU_5,126.56,10,0,0,0,21.41
2023-06-20,Store_1,SKU_5,167.32,12,1,0,0,21.41
2023-06-21,Store_1,SKU_5,109.6,7,0,0,0,21.41
2023-06-22,Store_1,SKU_5,120.34,9,0,0,0,21.41
2023-06-23,Store_1,SKU_5,118.75,13,0,0,0,21.41
2023-06-24,Store_1,SKU_5,115.88,9,0,0,0,21.41
2023-06-25,Store_1,SKU_5,67.07,5,0,0,0,21.41
2023-06-26,Store_1,SKU_5,107.03,11,0,0,0,21.41
2023-06-27,Store_1,SKU_5,111.94,8,0,0,0,21.41
2023-06-28,Store_1,SKU_5,114.0,10,0,0,0,21.41
2023-06-29,Store_1,SKU_5,110.27,8,0,0,0,21.41
2023-06-30,Store_1,SKU_5,143.98,10,0,0,0,21.41
2023-07-01,Store_1,SKU_5,211.16,18,1,0,0,21.41
2023-07-02,Store_1,SKU_5,63.22,6,0,0,0,21.41
2023-07-03,Store_1,SKU_5,108.85,10,0,0,0,21.41
2023-07-04,Store_1,SKU_5,158.42,16,1,0,0,21.41
2023-07-05,Store_1,SKU_5,111.82,11,0,0,1,21.41
2023-07-06,Store_1,SKU_5,113.46,10,0,0,0,21.41
2023-07-07,Store_1,SKU_5,123.13,9,0,0,1,21.41
2023-07-08,Store_1,SKU_5,156.04,19,0,0,0,21.41
2023-07-09,Store_1,SKU_5,72.99,5,0,0,1,21.41
2023-07-10,Store_1,SKU_5,150.71,14,1,0,0,21.41
2023-07-11,Store_1,SKU_5,125.85,13,1,0,0,21.41
2023-07-12,Store_1,SKU_5,94.76,8,0,0,1,21.41
2023-07-13,Store_1,SKU_5,114.32,8,0,0,0,21.41
2023-07-14,Store_1,SKU_5,131.77,15,0,0,1,21.41
2023-07-15,Store_1,SKU_5,146.83,11,0,0,1,21.41
2023-07-16,Store_1,SKU_5,73.93,5,0,0,0,21.41
2023-07-17,Store_1,SKU_5,116.08,13,0,0,0,21.41
2023-07-18,Store_1,SKU_5,120.3,12,0,0,0,21.41
2023-07-19,Store_1,SKU_5,110.02,10,0,0,1,21.41
2023-07-20,Store_1,SKU_5,119.18,9,0,0,1,21.41
2023-07-21,Store_1,SKU_5,132.55,12,0,0,0,21.41
2023-07-22,Store_1,SKU_5,140.3,11,0,0,0,21.41
2023-07-23,Store_1,SKU_5,105.94,7,1,0,0,21.41
2023-07-24,Store_1,SKU_5,128.01,14,0,0,1,21.41
2023-07-25,Store_1,SKU_5,114.7,10,0,0,0,21.41
2023-07-26,Store_1,SKU_5,95.52,7,0,0,0,21.41
2023-07-27,Store_1,SKU_5,116.8,8,0,0,1,21.41
2023-07-28,Store_1,SKU_5,122.45,9,0,0,1,21.41
2023-07-29,Store_1,SKU_5,145.64,11,0,0,0,21.41
2023-07-30,Store_1,SKU_5,85.53,8,1,0,0,21.41
2023-07-31,Store_1,SKU_5,104.21,8,0,0,0,21.41
2023-08-01,Store_1,SKU_5,147.49,14,1,0,0,21.41
2023-08-02,Store_1,SKU_5,83.31,9,0,0,1,21.41
2023-08-03,Store_1,SKU_5,101.53,7,0,0,0,21.41
2023-08-04,Store_1,SKU_5,119.79,14,0,0,0,21.41
2023-08-05,Store_1,SKU_5,137.92,11,0,0,1,21.41
2023-08-06,Store_1,SKU_5,67.44,4,0,0,0,21.41
2023-08-07,Store_1,SKU_5,145.36,14,1,0,1,21.41
2023-08-08,Store_1,SKU_5,103.42,11,0,0,0,21.41
2023-08-09,Store_1,SKU_5,86.4,9,0,0,1,21.41
2023-08-10,Store_1,SKU_5,99.29,7,0,0,0,21.41
2023-08-11,Store_1,SKU_5,154.2,15,1,0,0,21.41
2023-08-12,Store_1,SKU_5,132.37,13,0,0,0,21.41
2023-08-13,Store_1,SKU_5,64.77,5,0,0,0,21.41
2023-08-14,Store_1,SKU_5,107.54,13,0,0,1,21.41
2023-08-15,Store_1,SKU_5,105.9,9,0,0,1,21.41
2023-08-16,Store_1,SKU_5,103.15,10,0,0,0,21.41
2023-08-17,Store_1,SKU_5,114.94,13,0,0,0,21.41
2023-08-18,Store_1,SKU_5,115.01,8,0,0,1,21.41
2023-08-19,Store_1,SKU_5,133.91,12,0,0,0,21.41
2023-08-20,Store_1,SKU_5,56.38,5,0,0,1,21.41
2023-08-21,Store_1,SKU_5,106.78,11,0,0,1,21.41
2023-08-22,Store_1,SKU_5,91.09,7,0,0,0,21.41
2023-08-23,Store_1,SKU_5,98.29,7,0,0,0,21.41
2023-08-24,Store_1,SKU_5,120.61,10,0,0,1,21.41
2023-08-25,Store_1,SKU_5,122.47,10,0,0,1,21.41
2023-08-26,Store_1,SKU_5,123.75,12,0,0,1,21.41
2023-08-27,Store_1,SKU_5,68.56,6,0,0,0,21.41
2023-08-28,Store_1,SKU_5,105.22,12,0,0,0,21.41
2023-08-29,Store_1,SKU_5,108.16,8,0,0,1,21.41
2023-08-30,Store_1,SKU_5,135.9,11,1,0,1,21.41
2023-08-31,Store_1,SKU_5,115.4,12,0,0,1,21.41
2023-09-01,Store_1,SKU_5,98.22,8,0,0,0,21.41
2023-09-02,Store_1,SKU_5,128.88,9,0,0,0,21.41
2023-09-03,Store_1,SKU_5,54.1,5,0,0,0,21.41
2023-09-04,Store_1,SKU_5,92.34,6,0,0,0,21.41
2023-09-05,Store_1,SKU_5,98.26,8,0,0,0,21.41
2023-09-06,Store_1,SKU_5,79.43,7,0,0,0,21.41
2023-09-07,Store_1,SKU_5,83.47,7,0,0,0,21.41
2023-09-08,Store_1,SKU_5,103.27,8,0,0,0,21.41
2023-09-09,Store_1,SKU_5,130.62,14,0,0,0,21.41
2023-09-10,Store_1,SKU_5,64.56,5,0,0,0,21.41
2023-09-11,Store_1,SKU_5,83.18,6,0,0,0,21.41
2023-09-12,Store_1,SKU_5,88.99,8,0,0,0,21.41
2023-09-13,Store_1,SKU_5,84.01,9,0,0,0,21.41
2023-09-14,Store_1,SKU_5,92.89,7,0,0,0,21.41
2023-09-15,Store_1,SKU_5,109.79,9,0,0,0,21.41
2023-09-16,Store_1,SKU_5,152.38,13,1,0,0,21.41
2023-09-17,Store_1,SKU_5,54.45,4,0,0,0,21.41
2023-09-18,Store_1,SKU_5,91.46,9,0,0,0,21.41
2023-09-19,Store_1,SKU_5,87.43,7,0,0,0,21.41
2023-09-20,Store_1,SKU_5,93.38,7,0,0,0,21.41
2023-09-21,Store_1,SKU_5,99.59,7,0,0,0,21.41
2023-09-22,Store_1,SKU_5,106.15,10,0,0,0,21.41
2023-09-23,Store_1,SKU_5,109.91,9,0,0,0,21.41
2023-09-24,Store_1,SKU_5,51.71,3,0,0,0,21.41
2023-09-25,Store_1,SKU_5,100.65,10,0,0,0,21.41
2023-09-26,Store_1,SKU_5,128.51,12,1,0,0,21.41
2023-09-27,Store_1,SKU_5,102.93,8,0,0,0,21.41
2023-09-28,Store_1,SKU_5,92.0,9,0,0,0,21.41
2023-09-29,Store_1,SKU_5,158.03,17,1,0,0,21.41
2023-09-30,Store_1,SKU_5,110.97,8,0,0,0,21.41
2023-10-01,Store_1,SKU_5,46.49,4,0,0,0,21.41
2023-10-02,Store_1,SKU_5,116.64,11,1,0,0,21.41
2023-10-03,Store_1,SKU_5,69.45,7,0,0,0,21.41
2023-10-04,Store_1,SKU_5,103.44,10,1,0,0,21.41
2023-10-05,Store_1,SKU_5,85.06,8,0,0,0,21.41
2023-10-06,Store_1,SKU_5,77.85,7,0,0,0,21.41
2023-10-07,Store_1,SKU_5,117.82,10,0,0,0,21.41
2023-10-08,Store_1,SKU_5,51.15,4,0,0,0,21.41
2023-10-09,Store_1,SKU_5,84.31,6,0,0,0,21.41
2023-10-10,Store_1,SKU_5,81.42,6,0,0,0,21.41
2023-10-11,Store_1,SKU_5,104.85,11,1,0,0,21.41
2023-10-12,Store_1,SKU_5,79.5,6,0,0,0,21.41
2023-10-13,Store_1,SKU_5,94.56,11,0,0,0,21.41
2023-10-14,Store_1,SKU_5,95.37,7,0,0,0,21.41
2023-10-15,Store_1,SKU_5,47.69,4,0,0,0,21.41
2023-10-16,Store_1,SKU_5,78.85,5,0,0,0,21.41
2023-10-17,Store_1,SKU_5,82.35,7,0,0,0,21.41
2023-10-18,Store_1,SKU_5,85.85,9,0,0,0,21.41
2023-10-19,Store_1,SKU_5,85.97,7,0,0,0,21.41
2023-10-20,Store_1,SKU_5,85.89,6,0,0,0,21.41
2023-10-21,Store_1,SKU_5,92.73,10,0,0,0,21.41
2023-10-22,Store_1,SKU_5,53.92,6,0,0,0,21.41
2023-10-23,Store_1,SKU_5,90.67,8,0,0,0,21.41
2023-10-24,Store_1,SKU_5,83.02,6,0,0,0,21.41
2023-10-25,Store_1,SKU_5,77.4,5,0,0,0,21.41
2023-10-26,Store_1,SKU_5,85.05,8,0,0,0,21.41
2023-10-27,Store_1,SKU_5,88.26,10,0,0,0,21.41
2023-10-28,Store_1,SKU_5,108.57,8,1,0,0,21.41
2023-10-29,Store_1,SKU_5,47.01,3,0,0,0,21.41
2023-10-30,Store_1,SKU_5,120.35,14,1,0,0,21.41
2023-10-31,Store_1,SKU_5,72.05,5,0,0,0,21.41
2023-11-01,Store_1,SKU_5,67.8,4,0,0,0,21.41
2023-11-02,Store_1,SKU_5,65.19,6,0,0,0,21.41
2023-11-03,Store_1,SKU_5,118.02,13,1,0,0,21.41
2023-11-04,Store_1,SKU_5,85.66,6,0,0,0,21.41
2023-11-05,Store_1,SKU_5,41.56,4,0,0,0,21.41
2023-11-06,Store_1,SKU_5,75.73,6,0,0,0,21.41
2023-11-07,Store_1,SKU_5,76.07,7,0,0,0,21.41
2023-11-08,Store_1,SKU_5,65.3,6,0,0,0,21.41
2023-11-09,Store_1,SKU_5,76.54,6,0,0,0,21.41
2023-11-10,Store_1,SKU_5,78.31,5,0,0,0,21.41
2023-11-11,Store_1,SKU_5,93.3,11,0,0,0,21.41
2023-11-12,Store_1,SKU_5,44.52,4,0,0,0,21.41
2023-11-13,Store_1,SKU_5,114.28,9,1,0,0,21.41
2023-11-14,Store_1,SKU_5,67.43,5,0,0,0,21.41
2023-11-15,Store_1,SKU_5,73.04,6,0,0,0,21.41
2023-11-16,Store_1,SKU_5,66.33,6,0,0,0,21.41
2023-11-17,Store_1,SKU_5,87.07,6,0,0,0,21.41
2023-11-18,Store_1,SKU_5,96.48,10,0,0,0,21.41
2023-11-19,Store_1,SKU_5,49.63,4,0,0,0,21.41
2023-11-20,Store_1,SKU_5,87.06,6,0,0,0,21.41
2023-11-21,Store_1,SKU_5,54.35,3,0,0,0,21.41
2023-11-22,Store_1,SKU_5,71.06,5,0,0,0,21.41
2023-11-23,Store_1,SKU_5,105.46,10,1,0,0,21.41
2023-11-24,Store_1,SKU_5,86.01,8,0,0,0,21.41
2023-11-25,Store_1,SKU_5,97.52,7,0,0,0,21.41
2023-11-26,Store_1,SKU_5,48.93,5,0,0,0,21.41
2023-11-27,Store_1,SKU_5,117.8,13,1,0,0,21.41
2023-11-28,Store_1,SKU_5,67.9,8,0,0,0,21.41
2023-11-29,Store_1,SKU_5,63.58,7,0,0,0,21.41
2023-11-30,Store_1,SKU_5,73.08,6,0,0,0,21.41
2023-12-01,Store_1,SKU_5,82.3,6,0,0,0,21.41
2023-12-02,Store_1,SKU_5,108.9,12,0,0,0,21.41
2023-12-03,Store_1,SKU_5,41.22,4,0,0,0,21.41
2023-12-04,Store_1,SKU_5,91.31,7,1,0,0,21.41
2023-12-05,Store_1,SKU_5,82.95,6,1,0,0,21.41
2023-12-06,Store_1,SKU_5,62.46,5,0,0,0,21.41
2023-12-07,Store_1,SKU_5,64.8,5,0,0,0,21.41
2023-12-08,Store_1,SKU_5,109.78,10,1,0,0,21.41
2023-12-09,Store_1,SKU_5,90.75,7,0,0,0,21.41
2023-12-10,Store_1,SKU_5,44.96,5,0,0,0,21.41
2023-12-11,Store_1,SKU_5,79.73,7,0,0,0,21.41
2023-12-12,Store_1,SKU_5,74.38,7,0,0,0,21.41
2023-12-13,Store_1,SKU_5,67.74,5,0,0,0,21.41
2023-12-14,Store_1,SKU_5,58.96,4,0,0,0,21.41
2023-12-15,Store_1,SKU_5,83.65,6,0,0,0,21.41
2023-12-16,Store_1,SKU_5,79.36,9,0,0,0,21.41
2023-12-17,Store_1,SKU_5,42.36,4,0,0,0,21.41
2023-12-18,Store_1,SKU_5,73.28,6,0,0,0,21.41
2023-12-19,Store_1,SKU_5,81.62,9,0,0,0,21.41
2023-12-20,Store_1,SKU_5,64.19,5,0,0,0,21.41
2023-12-21,Store_1,SKU_5,110.39,11,1,0,0,21.41
2023-12-22,Store_1,SKU_5,75.85,5,0,0,0,21.41
2023-12-23,Store_1,SKU_5,97.83,11,0,0,0,21.41
2023-12-24,Store_1,SKU_5,42.85,4,0,0,0,21.41
2023-12-25,Store_1,SKU_5,31.08,3,0,a,0,21.41
2023-12-26,Store_1,SKU_5,43.19,5,1,a,0,21.41
2023-12-27,Store_1,SKU_5,65.37,4,0,0,0,21.41
2023-12-28,Store_1,SKU_5,73.15,6,0,0,0,21.41
2023-12-29,Store_1,SKU_5,78.3,6,0,0,0,21.41
2023-12-30,Store_1,SKU_5,90.11,8,0,0,0,21.41
2023-12-31,Store_1,SKU_5,42.04,4,0,0,0,21.41
2024-01-01,Store_1,SKU_5,30.69,2,0,a,0,21.41
2024-01-02,Store_1,SKU_5,72.59,6,0,0,0,21.41
2024-01-03,Store_1,SKU_5,72.92,7,0,0,0,21.41
2024-01-04,Store_1,SKU_5,72.95,5,0,0,0,21.41
2024-01-05,Store_1,SKU_5,83.77,6,0,0,0,21.41
2024-01-06,Store_1,SKU_5,97.02,11,0,0,0,21.41
2024-01-07,Store_1,SKU_5,39.77,3,0,0,0,21.41
2024-01-08,Store_1,SKU_5,61.59,5,0,0,0,21.41
2024-01-09,Store_1,SKU_5,77.85,7,0,0,0,21.41
2024-01-10,Store_1,SKU_5,79.39,6,0,0,0,21.41
2024-01-11,Store_1,SKU_5,63.24,4,0,0,0,21.41
2024-01-12,Store_1,SKU_5,112.11,10,1,0,0,21.41
2024-01-13,Store_1,SKU_5,95.75,8,0,0,0,21.41
2024-01-14,Store_1,SKU_5,43.44,3,0,0,0,21.41
2024-01-15,Store_1,SKU_5,65.5,6,0,0,0,21.41
2024-01-16,Store_1,SKU_5,73.44,5,0,0,0,21.41
2024-01-17,Store_1,SKU_5,70.04,5,0,0,0,21.41
2024-01-18,Store_1,SKU_5,80.7,7,0,0,0,21.41
2024-01-19,Store_1,SKU_5,72.65,6,0,0,0,21.41
2024-01-20,Store_1,SKU_5,94.28,6,0,0,0,21.41
2024-01-21,Store_1,SKU_5,50.8,4,0,0,0,21.41
2024-01-22,Store_1,SKU_5,75.18,7,0,0,0,21.41
2024-01-23,Store_1,SKU_5,99.71,12,1,0,0,21.41
2024-01-24,Store_1,SKU_5,66.14,5,0,0,0,21.41
2024-01-25,Store_1,SKU_5,81.2,6,0,0,0,21.41
2024-01-26,Store_1,SKU_5,78.32,7,0,0,0,21.41
2024-01-27,Store_1,SKU_5,89.83,6,0,0,0,21.41
2024-01-28,Store_1,SKU_5,48.08,5,0,0,0,21.41
2024-01-29,Store_1,SKU_5,77.18,8,0,0,0,21.41
2024-01-30,Store_1,SKU_5,97.97,7,1,0,0,21.41
2024-01-31,Store_1,SKU_5,64.53,5,0,0,0,21.41
2024-02-01,Store_1,SKU_5,102.45,8,1,0,0,21.41
2024-02-02,Store_1,SKU_5,93.37,9,0,0,0,21.41
2024-02-03,Store_1,SKU_5,109.26,12,0,0,0,21.41
2024-02-04,Store_1,SKU_5,66.04,5,1,0,0,21.41
2024-02-05,Store_1,SKU_5,92.26,9,0,0,0,21.41
2024-02-06,Store_1,SKU_5,80.0,6,0,0,0,21.41
2024-02-07,Store_1,SKU_5,71.22,6,0,0,0,21.41
2024-02-08,Store_1,SKU_5,93.52,8,0,0,0,21.41
2024-02-09,Store_1,SKU_5,98.5,7,0,0,0,21.41
2024-02-10,Store_1,SKU_5,111.84,12,0,0,0,21.41
2024-02-11,Store_1,SKU_5,54.53,4,0,0,0,21.41
2024-02-12,Store_1,SKU_5,83.92,8,0,0,0,21.41
2024-02-13,Store_1,SKU_5,77.41,6,0,0,0,21.41
2024-02-14,Store_1,SKU_5,84.47,8,0,0,0,21.41
2024-02-15,Store_1,SKU_5,85.42,6,0,0,0,21.41
2024-02-16,Store_1,SKU_5,104.41,11,0,0,0,21.41
2024-02-17,Store_1,SKU_5,173.85,16,1,0,0,21.41
2024-02-18,Store_1,SKU_5,51.79,5,0,0,0,21.41
2024-02-19,Store_1,SKU_5,69.49,7,0,0,0,21.41
2024-02-20,Store_1,SKU_5,76.79,6,0,0,0,21.41
2024-02-21,Store_1,SKU_5,95.84,8,1,0,0,21.41
2024-02-22,Store_1,SKU_5,67.97,5,0,0,0,21.41
2024-02-23,Store_1,SKU_5,90.59,7,0,0,0,21.41
2024-02-24,Store_1,SKU_5,131.45,11,1,0,0,21.41
2024-02-25,Store_1,SKU_5,44.94,5,0,0,0,21.41
2024-02-26,Store_1,SKU_5,111.95,12,1,0,0,21.41
2024-02-27,Store_1,SKU_5,83.38,8,0,0,0,21.41
2024-02-28,Store_1,SKU_5,83.97,6,0,0,0,21.41
2024-02-29,Store_1,SKU_5,97.13,6,0,0,0,21.41
2024-03-01,Store_1,SKU_5,95.54,7,0,0,0,21.41
2024-03-02,Store_1,SKU_5,106.66,10,0,0,0,21.41
2024-03-03,Store_1,SKU_5,61.99,5,0,0,0,21.41
2024-03-04,Store_1,SKU_5,84.19,6,0,0,0,21.41
2024-03-05,Store_1,SKU_5,141.52,12,1,0,0,21.41
2024-03-06,Store_1,SKU_5,93.34,7,0,0,0,21.41
2024-03-07,Store_1,SKU_5,100.46,9,0,0,0,21.41
2024-03-08,Store_1,SKU_5,111.04,12,0,0,0,21.41
2024-03-09,Store_1,SKU_5,119.46,14,0,0,0,21.41
2024-03-10,Store_1,SKU_5,53.83,4,0,0,0,21.41
2024-03-11,Store_1,SKU_5,100.51,10,0,0,0,21.41
2024-03-12,Store_1,SKU_5,135.31,12,1,0,0,21.41
2024-03-13,Store_1,SKU_5,125.65,9,1,0,0,21.41
2024-03-14,Store_1,SKU_5,141.84,10,1,0,0,21.41
2024-03-15,Store_1,SKU_5,138.73,9,1,0,0,21.41
2024-03-16,Store_1,SKU_5,121.52,9,0,0,0,21.41
2024-03-17,Store_1,SKU_5,55.56,5,0,0,0,21.41
2024-03-18,Store_1,SKU_5,78.89,7,0,0,0,21.41
2024-03-19,Store_1,SKU_5,96.18,7,0,0,0,21.41
2024-03-20,Store_1,SKU_5,101.29,11,0,0,0,21.41
2024-03-21,Store_1,SKU_5,135.46,15,1,0,0,21.41
2024-03-22,Store_1,SKU_5,102.64,12,0,0,0,21.41
2024-03-23,Store_1,SKU_5,136.65,13,0,0,0,21.41
2024-03-24,Store_1,SKU_5,78.49,7,1,0,0,21.41
2024-03-25,Store_1,SKU_5,96.23,7,0,0,0,21.41
2024-03-26,Store_1,SKU_5,88.6,7,0,0,0,21.41
2024-03-27,Store_1,SKU_5,88.02,7,0,0,0,21.41
2024-03-28,Store_1,SKU_5,151.63,15,1,0,0,21.41
2024-03-29,Store_1,SKU_5,129.96,15,0,0,0,21.41
2024-03-30,Store_1,SKU_5,164.68,20,1,0,0,21.41
2024-03-31,Store_1,SKU_5,87.39,8,1,0,0,21.41
2024-04-01,Store_1,SKU_5,118.13,13,0,0,0,21.41
2024-04-02,Store_1,SKU_5,112.78,11,0,0,0,21.41
2024-04-03,Store_1,SKU_5,99.36,8,0,0,0,21.41
2024-04-04,Store_1,SKU_5,98.77,10,0,0,0,21.41
2024-04-05,Store_1,SKU_5,114.57,11,0,0,0,21.41
2024-04-06,Store_1,SKU_5,147.31,13,0,0,0,21.41
2024-04-07,Store_1,SKU_5,89.93,8,1,0,0,21.41
2024-04-08,Store_1,SKU_5,108.98,10,0,0,0,21.41
2024-04-09,Store_1,SKU_5,158.54,16,1,0,0,21.41
2024-04-10,Store_1,SKU_5,105.9,12,0,0,0,21.41
2024-04-11,Store_1,SKU_5,105.31,9,0,0,0,21.41
2024-04-12,Store_1,SKU_5,109.3,8,0,0,0,21.41
2024-04-13,Store_1,SKU_5,152.24,13,1,0,0,21.41
2024-04-14,Store_1,SKU_5,56.95,5,0,0,0,21.41
2024-04-15,Store_1,SKU_5,109.08,11,0,0,0,21.41
2024-04-16,Store_1,SKU_5,91.76,7,0,0,0,21.41
2024-04-17,Store_1,SKU_5,98.12,7,0,0,0,21.41
2024-04-18,Store_1,SKU_5,108.74,8,0,0,0,21.41
2024-04-19,Store_1,SKU_5,127.39,11,0,0,0,21.41
2024-04-20,Store_1,SKU_5,151.43,14,1,0,0,21.41
2024-04-21,Store_1,SKU_5,60.88,4,0,0,0,21.41
2024-04-22,Store_1,SKU_5,109.09,12,0,0,0,21.41
2024-04-23,Store_1,SKU_5,142.0,13,1,0,0,21.41
2024-04-24,Store_1,SKU_5,95.29,8,0,0,0,21.41
2024-04-25,Store_1,SKU_5,118.36,13,0,0,0,21.41
2024-04-26,Store_1,SKU_5,110.31,9,0,0,0,21.41
2024-04-27,Store_1,SKU_5,197.97,17,1,0,0,21.41
2024-04-28,Store_1,SKU_5,65.55,6,0,0,0,21.41
2024-04-29,Store_1,SKU_5,111.83,10,0,0,0,21.41
2024-04-30,Store_1,SKU_5,108.21,10,0,0,0,21.41
2024-05-01,Store_1,SKU_5,121.87,9,0,0,0,21.41
2024-05-02,Store_1,SKU_5,134.13,11,0,0,0,21.41
2024-05-03,Store_1,SKU_5,163.78,15,0,0,0,21.41
2024-05-04,Store_1,SKU_5,144.87,10,0,0,0,21.41
2024-05-05,Store_1,SKU_5,66.87,5,0,0,0,21.41
2024-05-06,Store_1,SKU_5,117.56,10,0,0,0,21.41
2024-05-07,Store_1,SKU_5,139.23,16,1,0,0,21.41
2024-05-08,Store_1,SKU_5,115.05,10,0,0,0,21.41
2024-05-09,Store_1,SKU_5,116.1,11,0,0,0,21.41
2024-05-10,Store_1,SKU_5,123.63,11,0,0,0,21.41
2024-05-11,Store_1,SKU_5,144.02,13,0,0,0,21.41
2024-05-12,Store_1,SKU_5,72.48,5,0,0,0,21.41
2024-05-13,Store_1,SKU_5,125.36,9,0,0,0,21.41
2024-05-14,Store_1,SKU_5,112.61,9,0,0,0,21.41
2024-05-15,Store_1,SKU_5,115.97,8,0,0,0,21.41
2024-05-16,Store_1,SKU_5,126.25,14,0,0,0,21.41
2024-05-17,Store_1,SKU_5,128.46,10,0,0,0,21.41
2024-05-18,Store_1,SKU_5,152.81,18,0,0,0,21.41
2024-05-19,Store_1,SKU_5,75.5,9,0,0,0,21.41
2024-05-20,Store_1,SKU_5,122.35,10,0,0,0,21.41
2024-05-21,Store_1,SKU_5,116.36,9,0,0,0,21.41
2024-05-22,Store_1,SKU_5,114.75,10,0,0,0,21.41
2024-05-23,Store_1,SKU_5,126.58,10,0,0,0,21.41
2024-05-24,Store_1,SKU_5,112.02,10,0,0,0,21.41
2024-05-25,Store_1,SKU_5,162.64,15,0,0,0,21.41
2024-05-26,Store_1,SKU_5,62.82,5,0,0,0,21.41
2024-05-27,Store_1,SKU_5,175.48,14,1,0,0,21.41
2024-05-28,Store_1,SKU_5,155.29,15,1,0,0,21.41
2024-05-29,Store_1,SKU_5,106.89,8,0,0,0,21.41
2024-05-30,Store_1,SKU_5,129.69,10,0,0,0,21.41
2024-05-31,Store_1,SKU_5,138.35,10,0,0,0,21.41
2024-06-01,Store_1,SKU_5,144.75,10,0,0,0,21.41
2024-06-02,Store_1,SKU_5,70.83,8,0,0,0,21.41
2024-06-03,Store_1,SKU_5,125.25,15,0,0,0,21.41
2024-06-04,Store_1,SKU_5,108.65,11,0,0,0,21.41
2024-06-05,Store_1,SKU_5,116.8,9,0,0,0,21.41
2024-06-06,Store_1,SKU_5,143.82,13,0,0,0,21.41
2024-06-07,Store_1,SKU_5,126.67,9,0,0,0,21.41
2024-06-08,Store_1,SKU_5,148.36,15,0,0,0,21.41
2024-06-09,Store_1,SKU_5,76.01,8,0,0,0,21.41
2024-06-10,Store_1,SKU_5,115.62,12,0,0,0,21.41
2024-06-11,Store_1,SKU_5,120.78,10,0,0,0,21.41
2024-06-12,Store_1,SKU_5,163.09,12,1,0,0,21.41
2024-06-13,Store_1,SKU_5,105.56,8,0,0,0,21.41
2024-06-14,Store_1,SKU_5,173.22,13,1,0,0,21.41
2024-06-15,Store_1,SKU_5,139.47,16,0,0,0,21.41
2024-06-16,Store_1,SKU_5,64.19,6,0,0,0,21.41
2024-06-17,Store_1,SKU_5,115.36,9,0,0,0,21.41
2024-06-18,Store_1,SKU_5,121.98,11,0,0,0,21.41
2024-06-19,Store_1,SKU_5,126.21,15,0,0,0,21.41
2024-06-20,Store_1,SKU_5,127.4,12,0,0,0,21.41
2024-06-21,Store_1,SKU_5,146.66,17,0,0,0,21.41
2024-06-22,Store_1,SKU_5,154.74,13,0,0,0,21.41
2024-06-23,Store_1,SKU_5,68.32,5,0,0,0,21.41
2024-06-24,Store_1,SKU_5,164.76,18,1,0,0,21.41
2024-06-25,Store_1,SKU_5,127.14,13,0,0,0,21.41
2024-06-26,Store_1,SKU_5,165.44,12,1,0,0,21.41
2024-06-27,Store_1,SKU_5,116.85,11,0,0,0,21.41
2024-06-28,Store_1,SKU_5,191.01,17,1,0,0,21.41
2024-06-29,Store_1,SKU_5,152.55,16,0,0,0,21.41
2024-06-30,Store_1,SKU_5,73.07,6,0,0,0,21.41
2024-07-01,Store_1,SKU_5,137.59,12,0,0,0,21.41
2024-07-02,Store_1,SKU_5,106.43,11,0,0,0,21.41
2024-07-03,Store_1,SKU_5,144.52,16,1,0,1,21.41
2024-07-04,Store_1,SKU_5,131.94,10,0,0,0,21.41
2024-07-05,Store_1,SKU_5,129.0,14,0,0,0,21.41
2024-07-06,Store_1,SKU_5,165.6,16,0,0,0,21.41
2024-07-07,Store_1,SKU_5,67.05,5,0,0,0,21.41
2024-07-08,Store_1,SKU_5,107.47,8,0,0,0,21.41
2024-07-09,Store_1,SKU_5,100.54,7,0,0,1,21.41
2024-07-10,Store_1,SKU_5,114.21,12,0,0,0,21.41
2024-07-11,Store_1,SKU_5,111.42,8,0,0,0,21.41
2024-07-12,Store_1,SKU_5,136.18,15,0,0,0,21.41
2024-07-13,Store_1,SKU_5,156.47,11,0,0,0,21.41
2024-07-14,Store_1,SKU_5,72.63,6,0,0,1,21.41
2024-07-15,Store_1,SKU_5,122.63,15,0,0,1,21.41
2024-07-16,Store_1,SKU_5,111.74,8,0,0,0,21.41
2024-07-17,Store_1,SKU_5,156.46,18,1,0,0,21.41
2024-07-18,Store_1,SKU_5,113.65,8,0,0,0,21.41
2024-07-19,Store_1,SKU_5,121.25,10,0,0,1,21.41
2024-07-20,Store_1,SKU_5,157.85,13,0,0,1,21.41
2024-07-21,Store_1,SKU_5,66.53,5,0,0,0,21.41
2024-07-22,Store_1,SKU_5,120.83,8,0,0,1,21.41
2024-07-23,Store_1,SKU_5,120.05,10,0,0,1,21.41
2024-07-24,Store_1,SKU_5,182.28,16,1,0,1,21.41
2024-07-25,Store_1,SKU_5,109.33,9,0,0,0,21.41
2024-07-26,Store_1,SKU_5,129.62,9,0,0,1,21.41
2024-07-27,Store_1,SKU_5,154.37,12,0,0,0,21.41
2024-07-28,Store_1,SKU_5,59.01,5,0,0,0,21.41
2024-07-29,Store_1,SKU_5,162.35,18,1,0,1,21.41
2024-07-30,Store_1,SKU_5,156.84,13,1,0,0,21.41
2024-07-31,Store_1,SKU_5,122.83,10,0,0,0,21.41
2024-08-01,Store_1,SKU_5,110.93,8,0,0,1,21.41
2024-08-02,Store_1,SKU_5,144.24,13,1,0,1,21.41
2024-08-03,Store_1,SKU_5,133.69,10,0,0,1,21.41
2024-08-04,Store_1,SKU_5,63.96,6,0,0,1,21.41
2024-08-05,Store_1,SKU_5,161.17,13,1,0,0,21.41
2024-08-06,Store_1,SKU_5,116.6,8,0,0,0,21.41
2024-08-07,Store_1,SKU_5,114.9,8,0,0,0,21.41
2024-08-08,Store_1,SKU_5,140.92,10,1,0,0,21.41
2024-08-09,Store_1,SKU_5,138.41,17,0,0,1,21.41
2024-08-10,Store_1,SKU_5,157.7,19,0,0,0,21.41
2024-08-11,Store_1,SKU_5,68.33,8,0,0,0,21.41
2024-08-12,Store_1,SKU_5,108.31,8,0,0,0,21.41
2024-08-13,Store_1,SKU_5,98.34,7,0,0,0,21.41
2024-08-14,Store_1,SKU_5,108.56,9,0,0,0,21.41
2024-08-15,Store_1,SKU_5,115.63,9,0,0,1,21.41
2024-08-16,Store_1,SKU_5,200.57,20,1,0,0,21.41
2024-08-17,Store_1,SKU_5,153.02,15,0,0,0,21.41
2024-08-18,Store_1,SKU_5,78.91,9,0,0,0,21.41
2024-08-19,Store_1,SKU_5,111.28,10,0,0,0,21.41
2024-08-20,Store_1,SKU_5,115.75,13,0,0,0,21.41
2024-08-21,Store_1,SKU_5,110.31,10,0,0,1,21.41
2024-08-22,Store_1,SKU_5,164.66,16,1,0,0,21.41
2024-08-23,Store_1,SKU_5,106.38,10,0,0,0,21.41
2024-08-24,Store_1,SKU_5,147.79,14,0,0,1,21.41
2024-08-25,Store_1,SKU_5,90.97,6,1,0,0,21.41
2024-08-26,Store_1,SKU_5,145.02,12,1,0,1,21.41
2024-08-27,Store_1,SKU_5,98.33,7,0,0,0,21.41
2024-08-28,Store_1,SKU_5,138.16,11,1,0,0,21.41
2024-08-29,Store_1,SKU_5,127.45,13,0,0,0,21.41
2024-08-30,Store_1,SKU_5,192.46,16,1,0,0,21.41
2024-08-31,Store_1,SKU_5,140.55,12,0,0,0,21.41
2024-09-01,Store_1,SKU_5,64.28,5,0,0,0,21.41
2024-09-02,Store_1,SKU_5,98.69,9,0,0,0,21.41
2024-09-03,Store_1,SKU_5,120.74,9,1,0,0,21.41
2024-09-04,Store_1,SKU_5,157.19,12,1,0,0,21.41
2024-09-05,Store_1,SKU_5,125.16,10,1,0,0,21.41
2024-09-06,Store_1,SKU_5,109.3,10,0,0,0,21.41
2024-09-07,Store_1,SKU_5,130.73,10,0,0,0,21.41
2024-09-08,Store_1,SKU_5,61.44,4,0,0,0,21.41
2024-09-09,Store_1,SKU_5,87.1,10,0,0,0,21.41
2024-09-10,Store_1,SKU_5,91.12,9,0,0,0,21.41
2024-09-11,Store_1,SKU_5,104.68,11,0,0,0,21.41
2024-09-12,Store_1,SKU_5,97.37,10,0,0,0,21.41
2024-09-13,Store_1,SKU_5,105.22,7,0,0,0,21.41
2024-09-14,Store_1,SKU_5,103.99,10,0,0,0,21.41
2024-09-15,Store_1,SKU_5,59.29,7,0,0,0,21.41
2024-09-16,Store_1,SKU_5,101.83,10,0,0,0,21.41
2024-09-17,Store_1,SKU_5,92.83,10,0,0,0,21.41
2024-09-18,Store_1,SKU_5,83.32,6,0,0,0,21.41
2024-09-19,Store_1,SKU_5,100.85,7,0,0,0,21.41
2024-09-20,Store_1,SKU_5,110.31,11,0,0,0,21.41
2024-09-21,Store_1,SKU_5,136.27,12,0,0,0,21.41
2024-09-22,Store_1,SKU_5,58.24,6,0,0,0,21.41
2024-09-23,Store_1,SKU_5,81.03,8,0,0,0,21.41
2024-09-24,Store_1,SKU_5,100.47,7,0,0,0,21.41
2024-09-25,Store_1,SKU_5,102.28,7,0,0,0,21.41
2024-09-26,Store_1,SKU_5,109.76,9,0,0,0,21.41
2024-09-27,Store_1,SKU_5,136.66,12,1,0,0,21.41
2024-09-28,Store_1,SKU_5,124.02,13,0,0,0,21.41
2024-09-29,Store_1,SKU_5,67.26,5,0,0,0,21.41
2024-09-30,Store_1,SKU_5,107.37,12,0,0,0,21.41
2024-10-01,Store_1,SKU_5,120.88,9,1,0,0,21.41
2024-10-02,Store_1,SKU_5,95.75,6,0,0,0,21.41
2024-10-03,Store_1,SKU_5,94.41,8,0,0,0,21.41
2024-10-04,Store_1,SKU_5,106.56,10,0,0,0,21.41
2024-10-05,Store_1,SKU_5,101.34,10,0,0,0,21.41
2024-10-06,Store_1,SKU_5,64.71,5,1,0,0,21.41
2024-10-07,Store_1,SKU_5,87.02,8,0,0,0,21.41
2024-10-08,Store_1,SKU_5,81.84,7,0,0,0,21.41
2024-10-09,Store_1,SKU_5,84.24,9,0,0,0,21.41
2024-10-10,Store_1,SKU_5,83.39,8,0,0,0,21.41
2024-10-11,Store_1,SKU_5,99.79,11,0,0,0,21.41
2024-10-12,Store_1,SKU_5,118.06,14,0,0,0,21.41
2024-10-13,Store_1,SKU_5,56.64,4,0,0,0,21.41
2024-10-14,Store_1,SKU_5,73.75,6,0,0,0,21.41
2024-10-15,Store_1,SKU_5,79.69,5,0,0,0,21.41
2024-10-16,Store_1,SKU_5,82.77,6,0,0,0,21.41
2024-10-17,Store_1,SKU_5,90.87,9,0,0,0,21.41
2024-10-18,Store_1,SKU_5,131.81,12,1,0,0,21.41
2024-10-19,Store_1,SKU_5,119.41,8,0,0,0,21.41
2024-10-20,Store_1,SKU_5,46.74,3,0,0,0,21.41
2024-10-21,Store_1,SKU_5,80.44,6,0,0,0,21.41
2024-10-22,Store_1,SKU_5,89.9,6,0,0,0,21.41
2024-10-23,Store_1,SKU_5,81.53,6,0,0,0,21.41
2024-10-24,Store_1,SKU_5,87.32,6,0,0,0,21.41
2024-10-25,Store_1,SKU_5,120.15,8,1,0,0,21.41
2024-10-26,Store_1,SKU_5,148.61,13,1,0,0,21.41
2024-10-27,Store_1,SKU_5,52.58,6,0,0,0,21.41
2024-10-28,Store_1,SKU_5,123.13,12,1,0,0,21.41
2024-10-29,Store_1,SKU_5,73.25,8,0,0,0,21.41
2024-10-30,Store_1,SKU_5,88.71,7,0,0,0,21.41
2024-10-31,Store_1,SKU_5,86.03,7,0,0,0,21.41
2024-11-01,Store_1,SKU_5,100.24,8,0,0,0,21.41
2024-11-02,Store_1,SKU_5,136.18,11,1,0,0,21.41
2024-11-03,Store_1,SKU_5,47.8,5,0,0,0,21.41
2024-11-04,Store_1,SKU_5,80.97,7,0,0,0,21.41
2024-11-05,Store_1,SKU_5,117.92,10,1,0,0,21.41
2024-11-06,Store_1,SKU_5,75.15,5,0,0,0,21.41
2024-11-07,Store_1,SKU_5,122.68,14,1,0,0,21.41
2024-11-08,Store_1,SKU_5,84.86,6,0,0,0,21.41
2024-11-09,Store_1,SKU_5,129.24,13,1,0,0,21.41
2024-11-10,Store_1,SKU_5,49.07,3,0,0,0,21.41
2024-11-11,Store_1,SKU_5,73.23,5,0,0,0,21.41
2024-11-12,Store_1,SKU_5,78.62,6,0,0,0,21.41
2024-11-13,Store_1,SKU_5,78.6,7,0,0,0,21.41
2024-11-14,Store_1,SKU_5,74.18,8,0,0,0,21.41
2024-11-15,Store_1,SKU_5,107.8,8,1,0,0,21.41
2024-11-16,Store_1,SKU_5,108.85,9,0,0,0,21.41
2024-11-17,Store_1,SKU_5,49.89,6,0,0,0,21.41
2024-11-18,Store_1,SKU_5,80.45,10,0,0,0,21.41
2024-11-19,Store_1,SKU_5,69.44,8,0,0,0,21.41
2024-11-20,Store_1,SKU_5,73.8,6,0,0,0,21.41
2024-11-21,Store_1,SKU_5,80.28,6,0,0,0,21.41
2024-11-22,Store_1,SKU_5,75.44,5,0,0,0,21.41
2024-11-23,Store_1,SKU_5,109.21,7,0,0,0,21.41
2024-11-24,Store_1,SKU_5,71.79,6,1,0,0,21.41
2024-11-25,Store_1,SKU_5,89.48,7,0,0,0,21.41
2024-11-26,Store_1,SKU_5,109.09,9,1,0,0,21.41
2024-11-27,Store_1,SKU_5,81.14,9,0,0,0,21.41
2024-11-28,Store_1,SKU_5,81.44,7,0,0,0,21.41
2024-11-29,Store_1,SKU_5,137.51,13,1,0,0,21.41
2024-11-30,Store_1,SKU_5,103.05,11,0,0,0,21.41
2024-12-01,Store_1,SKU_5,48.05,3,0,0,0,21.41
2024-12-02,Store_1,SKU_5,83.47,9,0,0,0,21.41
2024-12-03,Store_1,SKU_5,75.97,8,0,0,0,21.41
2024-12-04,Store_1,SKU_5,77.52,6,0,0,0,21.41
2024-12-05,Store_1,SKU_5,61.31,6,0,0,0,21.41
2024-12-06,Store_1,SKU_5,91.31,9,0,0,0,21.41
2024-12-07,Store_1,SKU_5,126.67,15,1,0,0,21.41
2024-12-08,Store_1,SKU_5,41.93,3,0,0,0,21.41
2024-12-09,Store_1,SKU_5,74.64,8,0,0,0,21.41
2024-12-10,Store_1,SKU_5,72.04,5,0,0,0,21.41
2024-12-11,Store_1,SKU_5,72.08,6,0,0,0,21.41
2024-12-12,Store_1,SKU_5,122.85,9,1,0,0,21.41
2024-12-13,Store_1,SKU_5,80.37,8,0,0,0,21.41
2024-12-14,Store_1,SKU_5,113.87,10,0,0,0,21.41
2024-12-15,Store_1,SKU_5,42.53,3,0,0,0,21.41
2024-12-16,Store_1,SKU_5,90.38,8,0,0,0,21.41
2024-12-17,Store_1,SKU_5,98.18,8,1,0,0,21.41
2024-12-18,Store_1,SKU_5,74.44,6,0,0,0,21.41
2024-12-19,Store_1,SKU_5,72.73,5,0,0,0,21.41
2024-12-20,Store_1,SKU_5,89.85,7,0,0,0,21.41
2024-12-21,Store_1,SKU_5,135.04,14,1,0,0,21.41
2024-12-22,Store_1,SKU_5,44.04,5,0,0,0,21.41
2024-12-23,Store_1,SKU_5,82.21,5,0,0,0,21.41
2024-12-24,Store_1,SKU_5,109.97,10,1,0,0,21.41
2024-12-25,Store_1,SKU_5,28.04,2,0,a,0,21.41
2024-12-26,Store_1,SKU_5,33.3,2,0,a,0,21.41
2024-12-27,Store_1,SKU_5,91.97,9,0,0,0,21.41
2024-12-28,Store_1,SKU_5,94.26,8,0,0,0,21.41
2024-12-29,Store_1,SKU_5,61.93,5,1,0,0,21.41
2024-12-30,Store_1,SKU_5,81.49,6,0,0,0,21.41
2024-12-31,Store_1,SKU_5,69.66,5,0,0,0,21.41
2022-01-01,Store_2,SKU_1,24.68,2,0,a,0,18.53
2022-01-02,Store_2,SKU_1,44.32,3,1,0,0,18.53
2022-01-03,Store_2,SKU_1,51.96,4,0,0,0,18.53
2022-01-04,Store_2,SKU_1,51.95,5,0,0,0,18.53
2022-01-05,Store_2,SKU_1,47.82,3,0,0,0,18.53
2022-01-06,Store_2,SKU_1,54.41,5,0,0,0,18.53
2022-01-07,Store_2,SKU_1,97.66,9,1,0,0,18.53
2022-01-08,Store_2,SKU_1,98.78,7,1,0,0,18.53
2022-01-09,Store_2,SKU_1,32.08,2,0,0,0,18.53
2022-01-10,Store_2,SKU_1,71.8,5,1,0,0,18.53
2022-01-11,Store_2,SKU_1,56.81,5,0,0,0,18.53
2022-01-12,Store_2,SKU_1,56.67,6,0,0,0,18.53
2022-01-13,Store_2,SKU_1,58.05,6,0,0,0,18.53
2022-01-14,Store_2,SKU_1,56.78,4,0,0,0,18.53
2022-01-15,Store_2,SKU_1,71.67,8,0,0,0,18.53
2022-01-16,Store_2,SKU_1,30.76,3,0,0,0,18.53
2022-01-17,Store_2,SKU_1,55.2,5,0,0,0,18.53
2022-01-18,Store_2,SKU_1,40.3,3,0,0,0,18.53
2022-01-19,Store_2,SKU_1,77.8,8,1,0,0,18.53
2022-01-20,Store_2,SKU_1,56.94,6,0,0,0,18.53
2022-01-21,Store_2,SKU_1,57.25,5,0,0,0,18.53
2022-01-22,Store_2,SKU_1,98.19,11,1,0,0,18.53
2022-01-23,Store_2,SKU_1,31.01,3,0,0,0,18.53
2022-01-24,Store_2,SKU_1,47.27,5,0,0,0,18.53
2022-01-25,Store_2,SKU_1,53.05,6,0,0,0,18.53
2022-01-26,Store_2,SKU_1,47.03,5,0,0,0,18.53
2022-01-27,Store_2,SKU_1,53.31,4,0,0,0,18.53
2022-01-28,Store_2,SKU_1,56.27,4,0,0,0,18.53
2022-01-29,Store_2,SKU_1,68.76,7,0,0,0,18.53
2022-01-30,Store_2,SKU_1,43.26,3,1,0,0,18.53
2022-01-31,Store_2,SKU_1,61.55,5,0,0,0,18.53
2022-02-01,Store_2,SKU_1,55.75,4,0,0,0,18.53
2022-02-02,Store_2,SKU_1,55.05,4,0,0,0,18.53
2022-02-03,Store_2,SKU_1,61.84,4,0,0,0,18.53
2022-02-04,Store_2,SKU_1,70.85,7,0,0,0,18.53
2022-02-05,Store_2,SKU_1,77.01,6,0,0,0,18.53
2022-02-06,Store_2,SKU_1,35.4,3,0,0,0,18.53
2022-02-07,Store_2,SKU_1,56.47,5,0,0,0,18.53
2022-02-08,Store_2,SKU_1,58.93,4,0,0,0,18.53
2022-02-09,Store_2,SKU_1,87.77,9,1,0,0,18.53
2022-02-10,Store_2,SKU_1,66.43,6,0,0,0,18.53
2022-02-11,Store_2,SKU_1,72.03,7,0,0,0,18.53
2022-02-12,Store_2,SKU_1,76.48,6,0,0,0,18.53
2022-02-13,Store_2,SKU_1,38.55,3,0,0,0,18.53
2022-02-14,Store_2,SKU_1,58.75,4,0,0,0,18.53
2022-02-15,Store_2,SKU_1,61.97,5,0,0,0,18.53
2022-02-16,Store_2,SKU_1,69.2,6,0,0,0,18.53
2022-02-17,Store_2,SKU_1,55.04,4,0,0,0,18.53
2022-02-18,Store_2,SKU_1,70.57,6,0,0,0,18.53
2022-02-19,Store_2,SKU_1,73.46,6,0,0,0,18.53
2022-02-20,Store_2,SKU_1,36.88,3,0,0,0,18.53
2022-02-21,Store_2,SKU_1,62.23,7,0,0,0,18.53
2022-02-22,Store_2,SKU_1,87.52,7,1,0,0,18.53
2022-02-23,Store_2,SKU_1,60.08,5,0,0,0,18.53
2022-02-24,Store_2,SKU_1,66.68,6,0,0,0,18.53
2022-02-25,Store_2,SKU_1,72.53,7,0,0,0,18.53
2022-02-26,Store_2,SKU_1,96.52,9,1,0,0,18.53
2022-02-27,Store_2,SKU_1,41.11,3,0,0,0,18.53
2022-02-28,Store_2,SKU_1,55.18,5,0,0,0,18.53
2022-03-01,Store_2,SKU_1,64.52,5,0,0,0,18.53
2022-03-02,Store_2,SKU_1,77.38,6,0,0,0,18.53
2022-03-03,Store_2,SKU_1,78.16,6,0,0,0,18.53
2022-03-04,Store_2,SKU_1,109.3,11,1,0,0,18.53
2022-03-05,Store_2,SKU_1,77.18,8,0,0,0,18.53
2022-03-06,Store_2,SKU_1,47.35,4,0,0,0,18.53
2022-03-07,Store_2,SKU_1,63.63,5,0,0,0,18.53
2022-03-08,Store_2,SKU_1,68.63,4,0,0,0,18.53
2022-03-09,Store_2,SKU_1,81.7,7,1,0,0,18.53
2022-03-10,Store_2,SKU_1,64.99,5,0,0,0,18.53
2022-03-11,Store_2,SKU_1,76.43,7,0,0,0,18.53
2022-03-12,Store_2,SKU_1,89.0,7,0,0,0,18.53
2022-03-13,Store_2,SKU_1,42.36,3,0,0,0,18.53
2022-03-14,Store_2,SKU_1,64.6,6,0,0,0,18.53
2022-03-15,Store_2,SKU_1,63.49,6,0,0,0,18.53
2022-03-16,Store_2,SKU_1,55.99,6,0,0,0,18.53
2022-03-17,Store_2,SKU_1,69.27,5,0,0,0,18.53
2022-03-18,Store_2,SKU_1,75.13,7,0,0,0,18.53
2022-03-19,Store_2,SKU_1,82.05,8,0,0,0,18.53
2022-03-20,Store_2,SKU_1,42.79,4,0,0,0,18.53
2022-03-21,Store_2,SKU_1,77.44,6,0,0,0,18.53
2022-03-22,Store_2,SKU_1,68.83,7,0,0,0,18.53
2022-03-23,Store_2,SKU_1,87.48,9,1,0,0,18.53
2022-03-24,Store_2,SKU_1,68.39,4,0,0,0,18.53
2022-03-25,Store_2,SKU_1,84.75,8,0,0,0,18.53
2022-03-26,Store_2,SKU_1,81.82,9,0,0,0,18.53
2022-03-27,Store_2,SKU_1,38.3,3,0,0,0,18.53
2022-03-28,Store_2,SKU_1,92.15,8,1,0,0,18.53
2022-03-29,Store_2,SKU_1,58.81,7,0,0,0,18.53
2022-03-30,Store_2,SKU_1,69.01,5,0,0,0,18.53
2022-03-31,Store_2,SKU_1,57.91,6,0,0,0,18.53
2022-04-01,Store_2,SKU_1,82.31,6,0,0,0,18.53
2022-04-02,Store_2,SKU_1,100.32,7,0,0,0,18.53
2022-04-03,Store_2,SKU_1,52.79,4,0,0,0,18.53
2022-04-04,Store_2,SKU_1,83.25,7,0,0,0,18.53
2022-04-05,Store_2,SKU_1,76.89,7,0,0,0,18.53
2022-04-06,Store_2,SKU_1,83.55,8,0,0,0,18.53
2022-04-07,Store_2,SKU_1,72.76,5,0,0,0,18.53
2022-04-08,Store_2,SKU_1,79.3,7,0,0,0,18.53
2022-04-09,Store_2,SKU_1,87.39,9,0,0,0,18.53
2022-04-10,Store_2,SKU_1,46.51,3,0,0,0,18.53
2022-04-11,Store_2,SKU_1,75.92,7,0,0,0,18.53
2022-04-12,Store_2,SKU_1,85.62,10,0,0,0,18.53
2022-04-13,Store_2,SKU_1,72.47,6,0,0,0,18.53
2022-04-14,Store_2,SKU_1,73.19,5,0,0,0,18.53
2022-04-15,Store_2,SKU_1,107.41,9,1,0,0,18.53
2022-04-16,Store_2,SKU_1,96.29,10,0,0,0,18.53
2022-04-17,Store_2,SKU_1,40.89,4,0,0,0,18.53
2022-04-18,Store_2,SKU_1,80.21,9,0,0,0,18.53
2022-04-19,Store_2,SKU_1,74.86,5,0,0,0,18.53
2022-04-20,Store_2,SKU_1,105.64,7,1,0,0,18.53
2022-04-21,Store_2,SKU_1,81.91,8,0,0,0,18.53
2022-04-22,Store_2,SKU_1,85.02,6,0,0,0,18.53
2022-04-23,Store_2,SKU_1,103.14,8,0,0,0,18.53
2022-04-24,Store_2,SKU_1,61.82,7,1,0,0,18.53
2022-04-25,Store_2,SKU_1,75.46,6,0,0,0,18.53
2022-04-26,Store_2,SKU_1,72.57,6,0,0,0,18.53
2022-04-27,Store_2,SKU_1,103.31,9,1,0,0,18.53
2022-04-28,Store_2,SKU_1,82.15,6,0,0,0,18.53
2022-04-29,Store_2,SKU_1,86.58,8,0,0,0,18.53
2022-04-30,Store_2,SKU_1,90.74,10,0,0,0,18.53
2022-05-01,Store_2,SKU_1,54.52,6,0,0,0,18.53
2022-05-02,Store_2,SKU_1,82.28,7,0,0,0,18.53
2022-05-03,Store_2,SKU_1,83.18,9,0,0,0,18.53
2022-05-04,Store_2,SKU_1,80.11,6,0,0,0,18.53
2022-05-05,Store_2,SKU_1,85.2,6,0,0,0,18.53
2022-05-06,Store_2,SKU_1,106.33,11,0,0,0,18.53
2022-05-07,Store_2,SKU_1,111.47,10,0,0,0,18.53
2022-05-08,Store_2,SKU_1,49.86,4,0,0,0,18.53
2022-05-09,Store_2,SKU_1,96.06,7,0,0,0,18.53
2022-05-10,Store_2,SKU_1,70.31,5,0,0,0,18.53
2022-05-11,Store_2,SKU_1,80.0,5,0,0,0,18.53
2022-05-12,Store_2,SKU_1,85.94,8,0,0,0,18.53
2022-05-13,Store_2,SKU_1,84.51,6,0,0,0,18.53
2022-05-14,Store_2,SKU_1,97.38,11,0,0,0,18.53
2022-05-15,Store_2,SKU_1,52.37,4,0,0,0,18.53
2022-05-16,Store_2,SKU_1,84.66,10,0,0,0,18.53
2022-05-17,Store_2,SKU_1,77.37,5,0,0,0,18.53
2022-05-18,Store_2,SKU_1,84.03,8,0,0,0,18.53
2022-05-19,Store_2,SKU_1,81.54,6,0,0,0,18.53
2022-05-20,Store_2,SKU_1,138.92,9,1,0,0,18.53
2022-05-21,Store_2,SKU_1,103.09,7,0,0,0,18.53
2022-05-22,Store_2,SKU_1,58.23,5,0,0,0,18.53
2022-05-23,Store_2,SKU_1,83.51,6,0,0,0,18.53
2022-05-24,Store_2,SKU_1,80.18,5,0,0,0,18.53
2022-05-25,Store_2,SKU_1,83.13,10,0,0,0,18.53
2022-05-26,Store_2,SKU_1,78.93,8,0,0,0,18.53
2022-05-27,Store_2,SKU_1,89.78,6,0,0,0,18.53
2022-05-28,Store_2,SKU_1,116.61,8,0,0,0,18.53
2022-05-29,Store_2,SKU_1,64.05,5,1,0,0,18.53
2022-05-30,Store_2,SKU_1,85.77,7,0,0,0,18.53
2022-05-31,Store_2,SKU_1,79.01,8,0,0,0,18.53
2022-06-01,Store_2,SKU_1,98.83,12,0,0,0,18.53
2022-06-02,Store_2,SKU_1,83.56,8,0,0,0,18.53
2022-06-03,Store_2,SKU_1,144.22,12,1,0,0,18.53
2022-06-04,Store_2,SKU_1,96.49,9,0,0,0,18.53
2022-06-05,Store_2,SKU_1,67.65,4,1,0,0,18.53
2022-06-06,Store_2,SKU_1,73.14,5,0,0,0,18.53
2022-06-07,Store_2,SKU_1,86.27,10,0,0,0,18.53
2022-06-08,Store_2,SKU_1,119.15,9,1,0,0,18.53
2022-06-09,Store_2,SKU_1,85.28,10,0,0,0,18.53
2022-06-10,Store_2,SKU_1,90.41,8,0,0,0,18.53
2022-06-11,Store_2,SKU_1,112.84,8,0,0,0,18.53
2022-06-12,Store_2,SKU_1,57.57,4,0,0,0,18.53
2022-06-13,Store_2,SKU_1,89.95,7,0,0,0,18.53
2022-06-14,Store_2,SKU_1,92.21,7,0,0,0,18.53
2022-06-15,Store_2,SKU_1,90.75,9,0,0,0,18.53
2022-06-16,Store_2,SKU_1,93.45,11,0,0,0,18.53
2022-06-17,Store_2,SKU_1,96.99,7,0,0,0,18.53
2022-06-18,Store_2,SKU_1,118.65,8,0,0,0,18.53
2022-06-19,Store_2,SKU_1,53.52,3,0,0,0,18.53
2022-06-20,Store_2,SKU_1,129.81,11,1,0,0,18.53
2022-06-21,Store_2,SKU_1,81.41,5,0,0,0,18.53
2022-06-22,Store_2,SKU_1,72.57,8,0,0,0,18.53
2022-06-23,Store_2,SKU_1,129.65,15,1,0,0,18.53
2022-06-24,Store_2,SKU_1,100.58,7,0,0,0,18.53
2022-06-25,Store_2,SKU_1,109.07,8,0,0,0,18.53
2022-06-26,Store_2,SKU_1,59.65,4,0,0,0,18.53
2022-06-27,Store_2,SKU_1,86.77,6,0,0,0,18.53
2022-06-28,Store_2,SKU_1,91.1,6,0,0,0,18.53
2022-06-29,Store_2,SKU_1,84.38,7,0,0,0,18.53
2022-06-30,Store_2,SKU_1,83.21,7,0,0,0,18.53
2022-07-01,Store_2,SKU_1,96.08,8,0,0,0,18.53
2022-07-02,Store_2,SKU_1,111.67,12,0,0,0,18.53
2022-07-03,Store_2,SKU_1,53.04,5,0,0,0,18.53
2022-07-04,Store_2,SKU_1,78.77,7,0,0,0,18.53
2022-07-05,Store_2,SKU_1,72.32,6,0,0,1,18.53
2022-07-06,Store_2,SKU_1,82.1,6,0,0,0,18.53
2022-07-07,Store_2,SKU_1,92.47,7,0,0,1,18.53
2022-07-08,Store_2,SKU_1,148.07,11,1,0,0,18.53
2022-07-09,Store_2,SKU_1,112.92,11,0,0,0,18.53
2022-07-10,Store_2,SKU_1,54.25,6,0,0,1,18.53
2022-07-11,Store_2,SKU_1,80.63,8,0,0,0,18.53
2022-07-12,Store_2,SKU_1,81.35,7,0,0,1,18.53
2022-07-13,Store_2,SKU_1,84.05,7,0,0,1,18.53
2022-07-14,Store_2,SKU_1,91.07,8,0,0,1,18.53
2022-07-15,Store_2,SKU_1,97.28,6,0,0,1,18.53
2022-07-16,Store_2,SKU_1,106.43,9,0,0,1,18.53
2022-07-17,Store_2,SKU_1,48.68,5,0,0,1,18.53
2022-07-18,Store_2,SKU_1,100.18,7,0,0,0,18.53
2022-07-19,Store_2,SKU_1,83.51,8,0,0,1,18.53
2022-07-20,Store_2,SKU_1,77.98,6,0,0,1,18.53
2022-07-21,Store_2,SKU_1,82.02,6,0,0,0,18.53
2022-07-22,Store_2,SKU_1,90.28,11,0,0,0,18.53
2022-07-23,Store_2,SKU_1,100.76,7,0,0,0,18.53
2022-07-24,Store_2,SKU_1,55.64,4,0,0,0,18.53
2022-07-25,Store_2,SKU_1,90.45,8,0,0,1,18.53
2022-07-26,Store_2,SKU_1,78.96,8,0,0,0,18.53
2022-07-27,Store_2,SKU_1,82.81,9,0,0,0,18.53
2022-07-28,Store_2,SKU_1,88.29,6,0,0,0,18.53
2022-07-29,Store_2,SKU_1,86.59,8,0,0,1,18.53
2022-07-30,Store_2,SKU_1,103.88,12,0,0,0,18.53
2022-07-31,Store_2,SKU_1,55.82,5,0,0,1,18.53
2022-08-01,Store_2,SKU_1,78.77,7,0,0,1,18.53
2022-08-02,Store_2,SKU_1,79.46,9,0,0,0,18.53
2022-08-03,Store_2,SKU_1,73.84,7,0,0,0,18.53
2022-08-04,Store_2,SKU_1,85.68,9,0,0,0,18.53
2022-08-05,Store_2,SKU_1,80.77,6,0,0,1,18.53
2022-08-06,Store_2,SKU_1,118.49,9,1,0,0,18.53
2022-08-07,Store_2,SKU_1,66.47,5,1,0,1,18.53
2022-08-08,Store_2,SKU_1,115.56,9,1,0,1,18.53
2022-08-09,Store_2,SKU_1,77.64,6,0,0,0,18.53
2022-08-10,Store_2,SKU_1,81.26,9,0,0,1,18.53
2022-08-11,Store_2,SKU_1,75.68,5,0,0,0,18.53
2022-08-12,Store_2,SKU_1,91.94,9,0,0,0,18.53
2022-08-13,Store_2,SKU_1,94.71,10,0,0,1,18.53
2022-08-14,Store_2,SKU_1,40.11,3,0,0,1,18.53
2022-08-15,Store_2,SKU_1,83.35,6,0,0,0,18.53
2022-08-16,Store_2,SKU_1,70.14,5,0,0,0,18.53
2022-08-17,Store_2,SKU_1,79.38,6,0,0,0,18.53
2022-08-18,Store_2,SKU_1,114.94,11,1,0,0,18.53
2022-08-19,Store_2,SKU_1,85.9,6,0,0,1,18.53
2022-08-20,Store_2,SKU_1,87.59,8,0,0,1,18.53
2022-08-21,Store_2,SKU_1,46.1,4,0,0,1,18.53
2022-08-22,Store_2,SKU_1,81.67,6,0,0,0,18.53
2022-08-23,Store_2,SKU_1,74.5,7,0,0,1,18.53
2022-08-24,Store_2,SKU_1,75.09,7,0,0,0,18.53
2022-08-25,Store_2,SKU_1,88.2,10,0,0,1,18.53
2022-08-26,Store_2,SKU_1,97.92,7,0,0,0,18.53
2022-08-27,Store_2,SKU_1,97.98,10,0,0,1,18.53
2022-08-28,Store_2,SKU_1,55.27,5,0,0,1,18.53
2022-08-29,Store_2,SKU_1,116.96,8,1,0,0,18.53
2022-08-30,Store_2,SKU_1,76.76,6,0,0,1,18.53
2022-08-31,Store_2,SKU_1,64.68,5,0,0,0,18.53
2022-09-01,Store_2,SKU_1,73.29,7,0,0,0,18.53
2022-09-02,Store_2,SKU_1,71.49,5,0,0,0,18.53
2022-09-03,Store_2,SKU_1,75.16,7,0,0,0,18.53
2022-09-04,Store_2,SKU_1,46.99,3,0,0,0,18.53
2022-09-05,Store_2,SKU_1,65.45,6,0,0,0,18.53
2022-09-06,Store_2,SKU_1,61.65,5,0,0,0,18.53
2022-09-07,Store_2,SKU_1,68.97,5,0,0,0,18.53
2022-09-08,Store_2,SKU_1,73.91,5,0,0,0,18.53
2022-09-09,Store_2,SKU_1,73.36,7,0,0,0,18.53
2022-09-10,Store_2,SKU_1,129.06,13,1,0,0,18.53
2022-09-11,Store_2,SKU_1,52.83,4,1,0,0,18.53
2022-09-12,Store_2,SKU_1,75.67,6,0,0,0,18.53
2022-09-13,Store_2,SKU_1,94.75,6,1,0,0,18.53
2022-09-14,Store_2,SKU_1,70.03,6,0,0,0,18.53
2022-09-15,Store_2,SKU_1,77.64,5,0,0,0,18.53
2022-09-16,Store_2,SKU_1,77.72,6,0,0,0,18.53
2022-09-17,Store_2,SKU_1,83.67,6,0,0,0,18.53
2022-09-18,Store_2,SKU_1,42.16,4,0,0,0,18.53
2022-09-19,Store_2,SKU_1,65.51,5,0,0,0,18.53
2022-09-20,Store_2,SKU_1,63.8,6,0,0,0,18.53
2022-09-21,Store_2,SKU_1,59.68,6,0,0,0,18.53
2022-09-22,Store_2,SKU_1,75.63,5,0,0,0,18.53
2022-09-23,Store_2,SKU_1,82.69,7,0,0,0,18.53
2022-09-24,Store_2,SKU_1,88.44,8,0,0,0,18.53
2022-09-25,Store_2,SKU_1,40.72,4,0,0,0,18.53
2022-09-26,Store_2,SKU_1,116.27,9,1,0,0,18.53
2022-09-27,Store_2,SKU_1,65.44,7,0,0,0,18.53
2022-09-28,Store_2,SKU_1,69.89,5,0,0,0,18.53
2022-09-29,Store_2,SKU_1,73.03,9,0,0,0,18.53
2022-09-30,Store_2,SKU_1,79.85,6,0,0,0,18.53
2022-10-01,Store_2,SKU_1,69.82,5,0,0,0,18.53
2022-10-02,Store_2,SKU_1,50.26,4,1,0,0,18.53
2022-10-03,Store_2,SKU_1,68.38,5,0,0,0,18.53
2022-10-04,Store_2,SKU_1,60.66,5,0,0,0,18.53
2022-10-05,Store_2,SKU_1,53.52,4,0,0,0,18.53
2022-10-06,Store_2,SKU_1,67.82,5,0,0,0,18.53
2022-10-07,Store_2,SKU_1,66.16,7,0,0,0,18.53
2022-10-08,Store_2,SKU_1,73.71,7,0,0,0,18.53
2022-10-09,Store_2,SKU_1,49.64,3,1,0,0,18.53
2022-10-10,Store_2,SKU_1,80.64,9,1,0,0,18.53
2022-10-11,Store_2,SKU_1,54.11,6,0,0,0,18.53
2022-10-12,Store_2,SKU_1,60.54,4,0,0,0,18.53
2022-10-13,Store_2,SKU_1,66.12,5,0,0,0,18.53
2022-10-14,Store_2,SKU_1,66.2,5,0,0,0,18.53
2022-10-15,Store_2,SKU_1,79.29,8,0,0,0,18.53
2022-10-16,Store_2,SKU_1,38.97,3,0,0,0,18.53
2022-10-17,Store_2,SKU_1,71.57,5,0,0,0,18.53
2022-10-18,Store_2,SKU_1,53.73,4,0,0,0,18.53
2022-10-19,Store_2,SKU_1,60.65,5,0,0,0,18.53
2022-10-20,Store_2,SKU_1,64.67,5,0,0,0,18.53
2022-10-21,Store_2,SKU_1,53.37,4,0,0,0,18.53
2022-10-22,Store_2,SKU_1,73.56,6,0,0,0,18.53
2022-10-23,Store_2,SKU_1,43.55,3,0,0,0,18.53
2022-10-24,Store_2,SKU_1,66.9,7,0,0,0,18.53
2022-10-25,Store_2,SKU_1,59.37,7,0,0,0,18.53
2022-10-26,Store_2,SKU_1,60.78,4,0,0,0,18.53
2022-10-27,Store_2,SKU_1,86.89,6,1,0,0,18.53
2022-10-28,Store_2,SKU_1,77.57,6,0,0,0,18.53
2022-10-29,Store_2,SKU_1,66.62,5,0,0,0,18.53
2022-10-30,Store_2,SKU_1,37.77,3,0,0,0,18.53
2022-10-31,Store_2,SKU_1,70.19,6,0,0,0,18.53
2022-11-01,Store_2,SKU_1,58.64,6,0,0,0,18.53
2022-11-02,Store_2,SKU_1,54.32,4,0,0,0,18.53
2022-11-03,Store_2,SKU_1,55.38,5,0,0,0,18.53
2022-11-04,Store_2,SKU_1,68.14,5,0,0,0,18.53
2022-11-05,Store_2,SKU_1,104.37,10,1,0,0,18.53
2022-11-06,Store_2,SKU_1,50.56,4,1,0,0,18.53
2022-11-07,Store_2,SKU_1,85.34,6,1,0,0,18.53
2022-11-08,Store_2,SKU_1,89.33,8,1,0,0,18.53
2022-11-09,Store_2,SKU_1,78.4,6,1,0,0,18.53
2022-11-10,Store_2,SKU_1,63.41,5,0,0,0,18.53
2022-11-11,Store_2,SKU_1,71.54,6,0,0,0,18.53
2022-11-12,Store_2,SKU_1,69.45,7,0,0,0,18.53
2022-11-13,Store_2,SKU_1,35.73,2,0,0,0,18.53
2022-11-14,Store_2,SKU_1,60.75,6,0,0,0,18.53
2022-11-15,Store_2,SKU_1,57.44,4,0,0,0,18.53
2022-11-16,Store_2,SKU_1,60.33,6,0,0,0,18.53
2022-11-17,Store_2,SKU_1,53.8,4,0,0,0,18.53
2022-11-18,Store_2,SKU_1,61.9,5,0,0,0,18.53
2022-11-19,Store_2,SKU_1,70.73,7,0,0,0,18.53
2022-11-20,Store_2,SKU_1,31.75,2,0,0,0,18.53
2022-11-21,Store_2,SKU_1,54.48,4,0,0,0,18.53
2022-11-22,Store_2,SKU_1,53.22,4,0,0,0,18.53
2022-11-23,Store_2,SKU_1,78.86,7,1,0,0,18.53
2022-11-24,Store_2,SKU_1,55.47,5,0,0,0,18.53
2022-11-25,Store_2,SKU_1,63.16,6,0,0,0,18.53
2022-11-26,Store_2,SKU_1,102.5,11,1,0,0,18.53
2022-11-27,Store_2,SKU_1,45.25,4,1,0,0,18.53
2022-11-28,Store_2,SKU_1,46.4,5,0,0,0,18.53
2022-11-29,Store_2,SKU_1,77.7,7,1,0,0,18.53
2022-11-30,Store_2,SKU_1,70.3,5,1,0,0,18.53
2022-12-01,Store_2,SKU_1,53.02,4,0,0,0,18.53
2022-12-02,Store_2,SKU_1,56.25,4,0,0,0,18.53
2022-12-03,Store_2,SKU_1,62.82,4,0,0,0,18.53
2022-12-04,Store_2,SKU_1,34.66,3,0,0,0,18.53
2022-12-05,Store_2,SKU_1,58.44,5,0,0,0,18.53
2022-12-06,Store_2,SKU_1,63.69,5,1,0,0,18.53
2022-12-07,Store_2,SKU_1,55.06,4,0,0,0,18.53
2022-12-08,Store_2,SKU_1,68.5,6,1,0,0,18.53
2022-12-09,Store_2,SKU_1,58.43,6,0,0,0,18.53
2022-12-10,Store_2,SKU_1,59.37,6,0,0,0,18.53
2022-12-11,Store_2,SKU_1,28.93,3,0,0,0,18.53
2022-12-12,Store_2,SKU_1,52.22,4,0,0,0,18.53
2022-12-13,Store_2,SKU_1,55.31,3,0,0,0,18.53
2022-12-14,Store_2,SKU_1,49.74,4,0,0,0,18.53
2022-12-15,Store_2,SKU_1,43.13,4,0,0,0,18.53
2022-12-16,Store_2,SKU_1,58.4,6,0,0,0,18.53
2022-12-17,Store_2,SKU_1,70.98,5,0,0,0,18.53
2022-12-18,Store_2,SKU_1,30.64,2,0,0,0,18.53
2022-12-19,Store_2,SKU_1,52.53,6,0,0,0,18.53
2022-12-20,Store_2,SKU_1,50.48,4,0,0,0,18.53
2022-12-21,Store_2,SKU_1,69.54,5,1,0,0,18.53
2022-12-22,Store_2,SKU_1,54.69,5,0,0,0,18.53
2022-12-23,Store_2,SKU_1,64.88,5,0,0,0,18.53
2022-12-24,Store_2,SKU_1,66.54,6,0,0,0,18.53
2022-12-25,Store_2,SKU_1,14.65,1,0,a,0,18.53
2022-12-26,Store_2,SKU_1,21.07,1,0,a,0,18.53
2022-12-27,Store_2,SKU_1,55.37,4,0,0,0,18.53
2022-12-28,Store_2,SKU_1,73.83,5,1,0,0,18.53
2022-12-29,Store_2,SKU_1,50.67,4,0,0,0,18.53
2022-12-30,Store_2,SKU_1,55.86,5,0,0,0,18.53
2022-12-31,Store_2,SKU_1,66.21,6,0,0,0,18.53
2023-01-01,Store_2,SKU_1,14.25,1,0,a,0,18.53
2023-01-02,Store_2,SKU_1,47.88,4,0,0,0,18.53
2023-01-03,Store_2,SKU_1,55.43,4,0,0,0,18.53
2023-01-04,Store_2,SKU_1,59.86,5,0,0,0,18.53
2023-01-05,Store_2,SKU_1,61.99,4,0,0,0,18.53
2023-01-06,Store_2,SKU_1,72.27,6,0,0,0,18.53
2023-01-07,Store_2,SKU_1,94.7,8,1,0,0,18.53
2023-01-08,Store_2,SKU_1,34.43,3,0,0,0,18.53
2023-01-09,Store_2,SKU_1,59.8,4,0,0,0,18.53
2023-01-10,Store_2,SKU_1,56.84,4,0,0,0,18.53
2023-01-11,Store_2,SKU_1,68.69,5,1,0,0,18.53
2023-01-12,Store_2,SKU_1,56.86,6,0,0,0,18.53
2023-01-13,Store_2,SKU_1,64.78,4,0,0,0,18.53
2023-01-14,Store_2,SKU_1,111.51,9,1,0,0,18.53
2023-01-15,Store_2,SKU_1,36.77,2,0,0,0,18.53
2023-01-16,Store_2,SKU_1,86.86,6,1,0,0,18.53
2023-01-17,Store_2,SKU_1,51.69,4,0,0,0,18.53
2023-01-18,Store_2,SKU_1,47.09,4,0,0,0,18.53
2023-01-19,Store_2,SKU_1,63.82,4,0,0,0,18.53
2023-01-20,Store_2,SKU_1,76.97,6,1,0,0,18.53
2023-01-21,Store_2,SKU_1,73.21,7,0,0,0,18.53
2023-01-22,Store_2,SKU_1,33.55,4,0,0,0,18.53
2023-01-23,Store_2,SKU_1,60.44,5,0,0,0,18.53
2023-01-24,Store_2,SKU_1,57.73,4,0,0,0,18.53
2023-01-25,Store_2,SKU_1,63.46,5,0,0,0,18.53
2023-01-26,Store_2,SKU_1,63.46,5,0,0,0,18.53
2023-01-27,Store_2,SKU_1,60.25,6,0,0,0,18.53
2023-01-28,Store_2,SKU_1,70.71,7,0,0,0,18.53
2023-01-29,Store_2,SKU_1,31.81,3,0,0,0,18.53
2023-01-30,Store_2,SKU_1,73.68,8,1,0,0,18.53
2023-01-31,Store_2,SKU_1,54.42,3,0,0,0,18.53
2023-02-01,Store_2,SKU_1,69.44,5,0,0,0,18.53
2023-02-02,Store_2,SKU_1,69.86,7,0,0,0,18.53
2023-02-03,Store_2,SKU_1,73.2,7,0,0,0,18.53
2023-02-04,Store_2,SKU_1,69.24,7,0,0,0,18.53
2023-02-05,Store_2,SKU_1,55.44,5,1,0,0,18.53
2023-02-06,Store_2,SKU_1,65.83,5,0,0,0,18.53
2023-02-07,Store_2,SKU_1,80.33,7,1,0,0,18.53
2023-02-08,Store_2,SKU_1,60.49,4,0,0,0,18.53
2023-02-09,Store_2,SKU_1,92.55,6,1,0,0,18.53
2023-02-10,Store_2,SKU_1,66.43,5,0,0,0,18.53
2023-02-11,Store_2,SKU_1,82.01,6,0,0,0,18.53
2023-02-12,Store_2,SKU_1,40.12,4,0,0,0,18.53
2023-02-13,Store_2,SKU_1,69.98,6,0,0,0,18.53
2023-02-14,Store_2,SKU_1,58.98,4,0,0,0,18.53
2023-02-15,Store_2,SKU_1,56.29,5,0,0,0,18.53
2023-02-16,Store_2,SKU_1,56.52,6,0,0,0,18.53
2023-02-17,Store_2,SKU_1,65.26,5,0,0,0,18.53
2023-02-18,Store_2,SKU_1,84.26,8,0,0,0,18.53
2023-02-19,Store_2,SKU_1,51.65,4,1,0,0,18.53
2023-02-20,Store_2,SKU_1,66.29,4,0,0,0,18.53
2023-02-21,Store_2,SKU_1,82.44,7,1,0,0,18.53
2023-02-22,Store_2,SKU_1,66.26,5,0,0,0,18.53
2023-02-23,Store_2,SKU_1,59.52,4,0,0,0,18.53
2023-02-24,Store_2,SKU_1,75.96,6,0,0,0,18.53
2023-02-25,Store_2,SKU_1,120.64,9,1,0,0,18.53
2023-02-26,Store_2,SKU_1,38.64,4,0,0,0,18.53
2023-02-27,Store_2,SKU_1,69.07,7,0,0,0,18.53
2023-02-28,Store_2,SKU_1,61.08,4,0,0,0,18.53
2023-03-01,Store_2,SKU_1,62.9,5,0,0,0,18.53
2023-03-02,Store_2,SKU_1,93.91,8,1,0,0,18.53
2023-03-03,Store_2,SKU_1,87.44,7,0,0,0,18.53
2023-03-04,Store_2,SKU_1,83.29,8,0,0,0,18.53
2023-03-05,Store_2,SKU_1,37.5,4,0,0,0,18.53
2023-03-06,Store_2,SKU_1,75.77,9,0,0,0,18.53
2023-03-07,Store_2,SKU_1,71.22,8,0,0,0,18.53
2023-03-08,Store_2,SKU_1,68.57,5,0,0,0,18.53
2023-03-09,Store_2,SKU_1,78.38,6,0,0,0,18.53
2023-03-10,Store_2,SKU_1,81.15,8,0,0,0,18.53
2023-03-11,Store_2,SKU_1,91.29,7,0,0,0,18.53
2023-03-12,Store_2,SKU_1,66.91,7,1,0,0,18.53
2023-03-13,Store_2,SKU_1,80.24,7,0,0,0,18.53
2023-03-14,Store_2,SKU_1,65.48,5,0,0,0,18.53
2023-03-15,Store_2,SKU_1,86.12,7,1,0,0,18.53
2023-03-16,Store_2,SKU_1,106.83,7,1,0,0,18.53
2023-03-17,Store_2,SKU_1,116.75,12,1,0,0,18.53
2023-03-18,Store_2,SKU_1,97.88,7,0,0,0,18.53
2023-03-19,Store_2,SKU_1,44.37,4,0,0,0,18.53
2023-03-20,Store_2,SKU_1,80.75,6,0,0,0,18.53
2023-03-21,Store_2,SKU_1,71.77,5,0,0,0,18.53
2023-03-22,Store_2,SKU_1,81.12,8,1,0,0,18.53
2023-03-23,Store_2,SKU_1,75.04,8,0,0,0,18.53
2023-03-24,Store_2,SKU_1,77.46,7,0,0,0,18.53
2023-03-25,Store_2,SKU_1,83.94,9,0,0,0,18.53
2023-03-26,Store_2,SKU_1,42.33,3,0,0,0,18.53
2023-03-27,Store_2,SKU_1,78.78,9,0,0,0,18.53
2023-03-28,Store_2,SKU_1,66.96,6,0,0,0,18.53
2023-03-29,Store_2,SKU_1,91.58,9,1,0,0,18.53
2023-03-30,Store_2,SKU_1,69.65,5,0,0,0,18.53
2023-03-31,Store_2,SKU_1,71.15,5,0,0,0,18.53
2023-04-01,Store_2,SKU_1,108.73,9,0,0,0,18.53
2023-04-02,Store_2,SKU_1,46.18,5,0,0,0,18.53
2023-04-03,Store_2,SKU_1,98.87,8,1,0,0,18.53
2023-04-04,Store_2,SKU_1,78.13,5,0,0,0,18.53
2023-04-05,Store_2,SKU_1,103.25,9,1,0,0,18.53
2023-04-06,Store_2,SKU_1,79.64,9,0,0,0,18.53
2023-04-07,Store_2,SKU_1,109.85,13,0,0,0,18.53
2023-04-08,Store_2,SKU_1,103.72,11,0,0,0,18.53
2023-04-09,Store_2,SKU_1,52.06,4,0,0,0,18.53
2023-04-10,Store_2,SKU_1,80.45,6,0,0,0,18.53
2023-04-11,Store_2,SKU_1,71.45,5,0,0,0,18.53
2023-04-12,Store_2,SKU_1,80.57,5,0,0,0,18.53
2023-04-13,Store_2,SKU_1,82.27,7,0,0,0,18.53
2023-04-14,Store_2,SKU_1,89.25,7,0,0,0,18.53
2023-04-15,Store_2,SKU_1,139.5,16,1,0,0,18.53
2023-04-16,Store_2,SKU_1,56.77,4,0,0,0,18.53
2023-04-17,Store_2,SKU_1,73.9,6,0,0,0,18.53
2023-04-18,Store_2,SKU_1,75.16,8,0,0,0,18.53
2023-04-19,Store_2,SKU_1,70.98,5,0,0,0,18.53
2023-04-20,Store_2,SKU_1,76.62,6,0,0,0,18.53
2023-04-21,Store_2,SKU_1,114.88,14,1,0,0,18.53
2023-04-22,Store_2,SKU_1,108.13,8,0,0,0,18.53
2023-04-23,Store_2,SKU_1,53.64,3,0,0,0,18.53
2023-04-24,Store_2,SKU_1,84.02,9,0,0,0,18.53
2023-04-25,Store_2,SKU_1,81.13,7,0,0,0,18.53
2023-04-26,Store_2,SKU_1,71.77,6,0,0,0,18.53
2023-04-27,Store_2,SKU_1,78.11,6,0,0,0,18.53
2023-04-28,Store_2,SKU_1,84.16,7,0,0,0,18.53
2023-04-29,Store_2,SKU_1,103.51,8,0,0,0,18.53
2023-04-30,Store_2,SKU_1,50.36,4,0,0,0,18.53
2023-05-01,Store_2,SKU_1,100.27,9,0,0,0,18.53
2023-05-02,Store_2,SKU_1,79.45,6,0,0,0,18.53
2023-05-03,Store_2,SKU_1,94.3,9,0,0,0,18.53
2023-05-04,Store_2,SKU_1,96.25,7,0,0,0,18.53
2023-05-05,Store_2,SKU_1,100.72,9,0,0,0,18.53
2023-05-06,Store_2,SKU_1,107.21,7,0,0,0,18.53
2023-05-07,Store_2,SKU_1,54.35,5,0,0,0,18.53
2023-05-08,Store_2,SKU_1,100.53,9,0,0,0,18.53
2023-05-09,Store_2,SKU_1,76.48,6,0,0,0,18.53
2023-05-10,Store_2,SKU_1,97.14,9,0,0,0,18.53
2023-05-11,Store_2,SKU_1,93.61,9,0,0,0,18.53
2023-05-12,Store_2,SKU_1,111.51,9,0,0,0,18.53
2023-05-13,Store_2,SKU_1,146.12,16,1,0,0,18.53
2023-05-14,Store_2,SKU_1,61.04,5,0,0,0,18.53
2023-05-15,Store_2,SKU_1,130.68,15,1,0,0,18.53
2023-05-16,Store_2,SKU_1,72.22,6,0,0,0,18.53
2023-05-17,Store_2,SKU_1,131.87,11,1,0,0,18.53
2023-05-18,Store_2,SKU_1,81.65,8,0,0,0,18.53
2023-05-19,Store_2,SKU_1,163.78,13,1,0,0,18.53
2023-05-20,Store_2,SKU_1,107.34,12,0,0,0,18.53
2023-05-21,Store_2,SKU_1,53.08,4,0,0,0,18.53
2023-05-22,Store_2,SKU_1,82.69,8,0,0,0,18.53
2023-05-23,Store_2,SKU_1,84.83,9,0,0,0,18.53
2023-05-24,Store_2,SKU_1,87.1,8,0,0,0,18.53
2023-05-25,Store_2,SKU_1,94.07,8,0,0,0,18.53
2023-05-26,Store_2,SKU_1,109.9,9,0,0,0,18.53
2023-05-27,Store_2,SKU_1,117.86,8,0,0,0,18.53
2023-05-28,Store_2,SKU_1,55.74,4,0,0,0,18.53
2023-05-29,Store_2,SKU_1,95.14,9,0,0,0,18.53
2023-05-30,Store_2,SKU_1,92.48,6,0,0,0,18.53
2023-05-31,Store_2,SKU_1,79.95,7,0,0,0,18.53
2023-06-01,Store_2,SKU_1,102.8,7,0,0,0,18.53
2023-06-02,Store_2,SKU_1,142.59,10,1,0,0,18.53
2023-06-03,Store_2,SKU_1,124.33,9,0,0,0,18.53
2023-06-04,Store_2,SKU_1,71.1,6,1,0,0,18.53
2023-06-05,Store_2,SKU_1,96.95,11,0,0,0,18.53
2023-06-06,Store_2,SKU_1,97.38,7,0,0,0,18.53
2023-06-07,Store_2,SKU_1,93.46,8,0,0,0,18.53
2023-06-08,Store_2,SKU_1,97.48,10,0,0,0,18.53
2023-06-09,Store_2,SKU_1,101.87,10,0,0,0,18.53
2023-06-10,Store_2,SKU_1,119.23,9,0,0,0,18.53
2023-06-11,Store_2,SKU_1,64.15,5,0,0,0,18.53
2023-06-12,Store_2,SKU_1,76.89,5,0,0,0,18.53
2023-06-13,Store_2,SKU_1,94.2,7,0,0,0,18.53
2023-06-14,Store_2,SKU_1,93.76,6,0,0,0,18.53
2023-06-15,Store_2,SKU_1,95.51,7,0,0,0,18.53
2023-06-16,Store_2,SKU_1,112.38,12,0,0,0,18.53
2023-06-17,Store_2,SKU_1,101.23,9,0,0,0,18.53
2023-06-18,Store_2,SKU_1,58.52,5,0,0,0,18.53
2023-06-19,Store_2,SKU_1,92.54,7,0,0,0,18.53
2023-06-20,Store_2,SKU_1,130.77,13,1,0,0,18.53
2023-06-21,Store_2,SKU_1,90.16,9,0,0,0,18.53
2023-06-22,Store_2,SKU_1,84.97,6,0,0,0,18.53
2023-06-23,Store_2,SKU_1,107.06,7,0,0,0,18.53
2023-06-24,Store_2,SKU_1,103.81,12,0,0,0,18.53
2023-06-25,Store_2,SKU_1,51.01,5,0,0,0,18.53
2023-06-26,Store_2,SKU_1,89.27,8,0,0,0,18.53
2023-06-27,Store_2,SKU_1,85.28,6,0,0,0,18.53
2023-06-28,Store_2,SKU_1,82.35,6,0,0,0,18.53
2023-06-29,Store_2,SKU_1,98.17,8,0,0,0,18.53
2023-06-30,Store_2,SKU_1,106.85,9,0,0,0,18.53
2023-07-01,Store_2,SKU_1,109.27,8,0,0,0,18.53
2023-07-02,Store_2,SKU_1,55.47,4,0,0,1,18.53
2023-07-03,Store_2,SKU_1,87.66,9,0,0,1,18.53
2023-07-04,Store_2,SKU_1,93.87,11,0,0,1,18.53
2023-07-05,Store_2,SKU_1,92.13,9,0,0,0,18.53
2023-07-06,Store_2,SKU_1,94.35,9,0,0,0,18.53
2023-07-07,Store_2,SKU_1,133.96,12,1,0,0,18.53
2023-07-08,Store_2,SKU_1,126.42,14,0,0,1,18.53
2023-07-09,Store_2,SKU_1,58.98,7,0,0,1,18.53
2023-07-10,Store_2,SKU_1,137.54,11,1,0,0,18.53
2023-07-11,Store_2,SKU_1,87.57,8,0,0,0,18.53
2023-07-12,Store_2,SKU_1,83.52,7,0,0,0,18.53
2023-07-13,Store_2,SKU_1,93.24,7,0,0,1,18.53
2023-07-14,Store_2,SKU_1,99.07,10,0,0,1,18.53
2023-07-15,Store_2,SKU_1,116.77,8,0,0,0,18.53
2023-07-16,Store_2,SKU_1,58.39,4,0,0,0,18.53
2023-07-17,Store_2,SKU_1,98.28,10,0,0,1,18.53
2023-07-18,Store_2,SKU_1,98.47,7,0,0,0,18.53
2023-07-19,Store_2,SKU_1,91.5,10,0,0,0,18.53
2023-07-20,Store_2,SKU_1,103.78,10,0,0,1,18.53
2023-07-21,Store_2,SKU_1,93.69,9,0,0,0,18.53
2023-07-22,Store_2,SKU_1,119.75,14,0,0,1,18.53
2023-07-23,Store_2,SKU_1,61.38,5,0,0,0,18.53
2023-07-24,Store_2,SKU_1,87.07,9,0,0,0,18.53
2023-07-25,Store_2,SKU_1,77.39,6,0,0,0,18.53
2023-07-26,Store_2,SKU_1,84.64,6,0,0,0,18.53
2023-07-27,Store_2,SKU_1,97.46,11,0,0,0,18.53
2023-07-28,Store_2,SKU_1,116.11,14,0,0,0,18.53
2023-07-29,Store_2,SKU_1,97.8,12,0,0,1,18.53
2023-07-30,Store_2,SKU_1,51.86,4,0,0,1,18.53
2023-07-31,Store_2,SKU_1,104.25,11,0,0,0,18.53
2023-08-01,Store_2,SKU_1,122.71,9,1,0,0,18.53
2023-08-02,Store_2,SKU_1,68.56,5,0,0,0,18.53
2023-08-03,Store_2,SKU_1,81.4,7,0,0,0,18.53
2023-08-04,Store_2,SKU_1,95.78,7,0,0,0,18.53
2023-08-05,Store_2,SKU_1,154.8,12,1,0,0,18.53
2023-08-06,Store_2,SKU_1,70.52,6,1,0,0,18.53
2023-08-07,Store_2,SKU_1,87.77,9,0,0,1,18.53
2023-08-08,Store_2,SKU_1,84.37,6,0,0,0,18.53
2023-08-09,Store_2,SKU_1,88.82,8,0,0,1,18.53
2023-08-10,Store_2,SKU_1,83.41,7,0,0,0,18.53
2023-08-11,Store_2,SKU_1,81.96,9,0,0,0,18.53
2023-08-12,Store_2,SKU_1,100.24,11,0,0,0,18.53
2023-08-13,Store_2,SKU_1,51.58,4,0,0,0,18.53
2023-08-14,Store_2,SKU_1,72.93,5,0,0,1,18.53
2023-08-15,Store_2,SKU_1,83.9,6,0,0,0,18.53
2023-08-16,Store_2,SKU_1,85.28,7,0,0,1,18.53
2023-08-17,Store_2,SKU_1,99.87,7,0,0,0,18.53
2023-08-18,Store_2,SKU_1,96.68,7,0,0,1,18.53
2023-08-19,Store_2,SKU_1,120.2,12,0,0,0,18.53
2023-08-20,Store_2,SKU_1,67.44,5,1,0,1,18.53
2023-08-21,Store_2,SKU_1,121.37,12,1,0,0,18.53
2023-08-22,Store_2,SKU_1,76.16,9,0,0,0,18.53
2023-08-23,Store_2,SKU_1,77.57,5,0,0,1,18.53
2023-08-24,Store_2,SKU_1,78.66,8,0,0,0,18.53
2023-08-25,Store_2,SKU_1,115.62,13,1,0,0,18.53
2023-08-26,Store_2,SKU_1,159.85,11,1,0,0,18.53
2023-08-27,Store_2,SKU_1,50.73,4,0,0,1,18.53
2023-08-28,Store_2,SKU_1,91.51,6,0,0,1,18.53
2023-08-29,Store_2,SKU_1,101.77,9,0,0,0,18.53
2023-08-30,Store_2,SKU_1,71.54,5,0,0,1,18.53
2023-08-31,Store_2,SKU_1,89.17,7,0,0,0,18.53
2023-09-01,Store_2,SKU_1,115.08,10,1,0,0,18.53
2023-09-02,Store_2,SKU_1,98.06,9,0,0,0,18.53
2023-09-03,Store_2,SKU_1,51.62,6,0,0,0,18.53
2023-09-04,Store_2,SKU_1,81.55,6,0,0,0,18.53
2023-09-05,Store_2,SKU_1,65.66,5,0,0,0,18.53
2023-09-06,Store_2,SKU_1,65.22,5,0,0,0,18.53
2023-09-07,Store_2,SKU_1,92.82,10,0,0,0,18.53
2023-09-08,Store_2,SKU_1,75.78,7,0,0,0,18.53
2023-09-09,Store_2,SKU_1,85.1,9,0,0,0,18.53
2023-09-10,Store_2,SKU_1,46.34,5,0,0,0,18.53
2023-09-11,Store_2,SKU_1,82.07,8,0,0,0,18.53
2023-09-12,Store_2,SKU_1,73.87,6,0,0,0,18.53
2023-09-13,Store_2,SKU_1,70.0,7,0,0,0,18.53
2023-09-14,Store_2,SKU_1,64.13,5,0,0,0,18.53
2023-09-15,Store_2,SKU_1,76.83,6,0,0,0,18.53
2023-09-16,Store_2,SKU_1,102.33,7,0,0,0,18.53
2023-09-17,Store_2,SKU_1,47.4,5,0,0,0,18.53
2023-09-18,Store_2,SKU_1,74.46,6,0,0,0,18.53
2023-09-19,Store_2,SKU_1,68.44,7,0,0,0,18.53
2023-09-20,Store_2,SKU_1,66.87,6,0,0,0,18.53
2023-09-21,Store_2,SKU_1,83.7,6,0,0,0,18.53
2023-09-22,Store_2,SKU_1,111.82,12,1,0,0,18.53
2023-09-23,Store_2,SKU_1,87.22,10,0,0,0,18.53
2023-09-24,Store_2,SKU_1,43.13,5,0,0,0,18.53
2023-09-25,Store_2,SKU_1,102.64,12,1,0,0,18.53
2023-09-26,Store_2,SKU_1,60.83,5,0,0,0,18.53
2023-09-27,Store_2,SKU_1,74.59,5,0,0,0,18.53
2023-09-28,Store_2,SKU_1,88.76,7,0,0,0,18.53
2023-09-29,Store_2,SKU_1,90.68,6,0,0,0,18.53
2023-09-30,Store_2,SKU_1,141.61,12,1,0,0,18.53
2023-10-01,Store_2,SKU_1,55.35,5,1,0,0,18.53
2023-10-02,Store_2,SKU_1,70.93,7,0,0,0,18.53
2023-10-03,Store_2,SKU_1,56.03,6,0,0,0,18.53
2023-10-04,Store_2,SKU_1,68.49,6,0,0,0,18.53
2023-10-05,Store_2,SKU_1,110.32,11,1,0,0,18.53
2023-10-06,Store_2,SKU_1,77.36,5,0,0,0,18.53
2023-10-07,Store_2,SKU_1,90.67,7,0,0,0,18.53
2023-10-08,Store_2,SKU_1,39.49,2,0,0,0,18.53
2023-10-09,Store_2,SKU_1,72.88,8,0,0,0,18.53
2023-10-10,Store_2,SKU_1,71.5,5,0,0,0,18.53
2023-10-11,Store_2,SKU_1,65.24,7,0,0,0,18.53
2023-10-12,Store_2,SKU_1,74.82,7,0,0,0,18.53
2023-10-13,Store_2,SKU_1,75.04,5,0,0,0,18.53
2023-10-14,Store_2,SKU_1,93.8,7,0,0,0,18.53
2023-10-15,Store_2,SKU_1,34.37,2,0,0,0,18.53
2023-10-16,Store_2,SKU_1,94.48,11,1,0,0,18.53
2023-10-17,Store_2,SKU_1,65.85,6,0,0,0,18.53
2023-10-18,Store_2,SKU_1,67.88,4,0,0,0,18.53
2023-10-19,Store_2,SKU_1,63.86,5,0,0,0,18.53
2023-10-20,Store_2,SKU_1,82.58,6,0,0,0,18.53
2023-10-21,Store_2,SKU_1,78.43,8,0,0,0,18.53
2023-10-22,Store_2,SKU_1,28.46,2,0,0,0,18.53
2023-10-23,Store_2,SKU_1,64.55,6,0,0,0,18.53
2023-10-24,Store_2,SKU_1,92.1,9,1,0,0,18.53
2023-10-25,Store_2,SKU_1,64.33,5,0,0,0,18.53
2023-10-26,Store_2,SKU_1,66.27,6,0,0,0,18.53
2023-10-27,Store_2,SKU_1,108.79,8,1,0,0,18.53
2023-10-28,Store_2,SKU_1,86.94,9,0,0,0,18.53
2023-10-29,Store_2,SKU_1,42.97,4,0,0,0,18.53
2023-10-30,Store_2,SKU_1,70.36,8,0,0,0,18.53
2023-10-31,Store_2,SKU_1,65.41,7,0,0,0,18.53
2023-11-01,Store_2,SKU_1,55.79,4,0,0,0,18.53
2023-11-02,Store_2,SKU_1,65.02,6,0,0,0,18.53
2023-11-03,Store_2,SKU_1,67.02,5,0,0,0,18.53
2023-11-04,Store_2,SKU_1,71.91,8,0,0,0,18.53
2023-11-05,Store_2,SKU_1,33.15,3,0,0,0,18.53
2023-11-06,Store_2,SKU_1,59.74,4,0,0,0,18.53
2023-11-07,Store_2,SKU_1,57.39,4,0,0,0,18.53
2023-11-08,Store_2,SKU_1,52.76,6,0,0,0,18.53
2023-11-09,Store_2,SKU_1,94.71,10,1,0,0,18.53
2023-11-10,Store_2,SKU_1,66.91,7,0,0,0,18.53
2023-11-11,Store_2,SKU_1,79.79,7,0,0,0,18.53
2023-11-12,Store_2,SKU_1,29.95,3,0,0,0,18.53
2023-11-13,Store_2,SKU_1,67.02,7,0,0,0,18.53
2023-11-14,Store_2,SKU_1,50.58,3,0,0,0,18.53
2023-11-15,Store_2,SKU_1,59.74,5,0,0,0,18.53
2023-11-16,Store_2,SKU_1,56.37,5,0,0,0,18.53
2023-11-17,Store_2,SKU_1,78.74,6,0,0,0,18.53
2023-11-18,Store_2,SKU_1,72.97,5,0,0,0,18.53
2023-11-19,Store_2,SKU_1,33.1,3,0,0,0,18.53
2023-11-20,Store_2,SKU_1,60.99,5,0,0,0,18.53
2023-11-21,Store_2,SKU_1,53.23,5,0,0,0,18.53
2023-11-22,Store_2,SKU_1,57.53,4,0,0,0,18.53
2023-11-23,Store_2,SKU_1,76.09,8,1,0,0,18.53
2023-11-24,Store_2,SKU_1,65.37,6,0,0,0,18.53
2023-11-25,Store_2,SKU_1,76.04,9,0,0,0,18.53
2023-11-26,Store_2,SKU_1,42.55,3,0,0,0,18.53
2023-11-27,Store_2,SKU_1,61.67,7,0,0,0,18.53
2023-11-28,Store_2,SKU_1,62.73,5,0,0,0,18.53
2023-11-29,Store_2,SKU_1,60.69,5,0,0,0,18.53
2023-11-30,Store_2,SKU_1,62.92,4,0,0,0,18.53
2023-12-01,Store_2,SKU_1,68.98,5,0,0,0,18.53
2023-12-02,Store_2,SKU_1,96.19,11,1,0,0,18.53
2023-12-03,Store_2,SKU_1,34.81,4,0,0,0,18.53
2023-12-04,Store_2,SKU_1,52.84,5,0,0,0,18.53
2023-12-05,Store_2,SKU_1,73.15,5,1,0,0,18.53
2023-12-06,Store_2,SKU_1,59.2,6,0,0,0,18.53
2023-12-07,Store_2,SKU_1,90.4,8,1,0,0,18.53
2023-12-08,Store_2,SKU_1,69.21,6,0,0,0,18.53
2023-12-09,Store_2,SKU_1,106.95,7,1,0,0,18.53
2023-12-10,Store_2,SKU_1,42.73,4,1,0,0,18.53
2023-12-11,Store_2,SKU_1,60.98,5,0,0,0,18.53
2023-12-12,Store_2,SKU_1,53.98,4,0,0,0,18.53
2023-12-13,Store_2,SKU_1,51.18,6,0,0,0,18.53
2023-12-14,Store_2,SKU_1,57.23,4,0,0,0,18.53
2023-12-15,Store_2,SKU_1,96.96,9,1,0,0,18.53
2023-12-16,Store_2,SKU_1,73.57,8,0,0,0,18.53
2023-12-17,Store_2,SKU_1,30.3,3,0,0,0,18.53
2023-12-18,Store_2,SKU_1,59.87,4,0,0,0,18.53
2023-12-19,Store_2,SKU_1,51.74,6,0,0,0,18.53
2023-12-20,Store_2,SKU_1,53.68,4,0,0,0,18.53
2023-12-21,Store_2,SKU_1,62.44,6,0,0,0,18.53
2023-12-22,Store_2,SKU_1,64.99,4,0,0,0,18.53
2023-12-23,Store_2,SKU_1,69.35,5,0,0,0,18.53
2023-12-24,Store_2,SKU_1,37.2,3,0,0,0,18.53
2023-12-25,Store_2,SKU_1,25.63,2,0,a,0,18.53
2023-12-26,Store_2,SKU_1,19.88,1,0,a,0,18.53
2023-12-27,Store_2,SKU_1,64.42,4,0,0,0,18.53
2023-12-28,Store_2,SKU_1,66.48,5,0,0,0,18.53
2023-12-29,Store_2,SKU_1,74.57,7,0,0,0,18.53
2023-12-30,Store_2,SKU_1,77.66,8,0,0,0,18.53
2023-12-31,Store_2,SKU_1,35.08,2,0,0,0,18.53
2024-01-01,Store_2,SKU_1,22.5,2,0,a,0,18.53
2024-01-02,Store_2,SKU_1,65.88,5,0,0,0,18.53
2024-01-03,Store_2,SKU_1,48.02,5,0,0,0,18.53
2024-01-04,Store_2,SKU_1,68.41,6,0,0,0,18.53
2024-01-05,Store_2,SKU_1,65.92,6,0,0,0,18.53
2024-01-06,Store_2,SKU_1,124.1,9,1,0,0,18.53
2024-01-07,Store_2,SKU_1,36.42,3,0,0,0,18.53
2024-01-08,Store_2,SKU_1,83.49,10,1,0,0,18.53
2024-01-09,Store_2,SKU_1,62.51,7,0,0,0,18.53
2024-01-10,Store_2,SKU_1,60.33,6,0,0,0,18.53
2024-01-11,Store_2,SKU_1,89.59,7,1,0,0,18.53
2024-01-12,Store_2,SKU_1,62.67,5,0,0,0,18.53
2024-01-13,Store_2,SKU_1,80.05,7,0,0,0,18.53
2024-01-14,Store_2,SKU_1,48.51,4,1,0,0,18.53
2024-01-15,Store_2,SKU_1,55.42,5,0,0,0,18.53
2024-01-16,Store_2,SKU_1,50.75,4,0,0,0,18.53
2024-01-17,Store_2,SKU_1,66.7,6,0,0,0,18.53
2024-01-18,Store_2,SKU_1,79.81,8,1,0,0,18.53
2024-01-19,Store_2,SKU_1,76.92,5,0,0,0,18.53
2024-01-20,Store_2,SKU_1,102.49,12,1,0,0,18.53
2024-01-21,Store_2,SKU_1,32.25,2,0,0,0,18.53
2024-01-22,Store_2,SKU_1,64.9,7,0,0,0,18.53
2024-01-23,Store_2,SKU_1,51.89,4,0,0,0,18.53
2024-01-24,Store_2,SKU_1,61.09,4,0,0,0,18.53
2024-01-25,Store_2,SKU_1,64.95,7,0,0,0,18.53
2024-01-26,Store_2,SKU_1,74.08,6,0,0,0,18.53
2024-01-27,Store_2,SKU_1,98.85,9,1,0,0,18.53
2024-01-28,Store_2,SKU_1,34.36,3,0,0,0,18.53
2024-01-29,Store_2,SKU_1,58.53,4,0,0,0,18.53
2024-01-30,Store_2,SKU_1,54.18,5,0,0,0,18.53
2024-01-31,Store_2,SKU_1,51.55,4,0,0,0,18.53
2024-02-01,Store_2,SKU_1,60.89,4,0,0,0,18.53
2024-02-02,Store_2,SKU_1,70.27,7,0,0,0,18.53
2024-02-03,Store_2,SKU_1,127.81,10,1,0,0,18.53
2024-02-04,Store_2,SKU_1,47.94,3,0,0,0,18.53
2024-02-05,Store_2,SKU_1,70.36,5,0,0,0,18.53
2024-02-06,Store_2,SKU_1,94.52,10,1,0,0,18.53
2024-02-07,Store_2,SKU_1,57.77,4,0,0,0,18.53
2024-02-08,Store_2,SKU_1,65.08,6,0,0,0,18.53
2024-02-09,Store_2,SKU_1,71.38,5,0,0,0,18.53
2024-02-10,Store_2,SKU_1,80.4,7,0,0,0,18.53
2024-02-11,Store_2,SKU_1,40.57,3,0,0,0,18.53
2024-02-12,Store_2,SKU_1,70.46,5,0,0,0,18.53
2024-02-13,Store_2,SKU_1,67.32,6,0,0,0,18.53
2024-02-14,Store_2,SKU_1,86.16,9,1,0,0,18.53
2024-02-15,Store_2,SKU_1,66.38,5,0,0,0,18.53
2024-02-16,Store_2,SKU_1,73.88,8,0,0,0,18.53
2024-02-17,Store_2,SKU_1,83.26,8,0,0,0,18.53
2024-02-18,Store_2,SKU_1,41.97,3,0,0,0,18.53
2024-02-19,Store_2,SKU_1,72.13,8,0,0,0,18.53
2024-02-20,Store_2,SKU_1,72.22,7,0,0,0,18.53
2024-02-21,Store_2,SKU_1,64.76,6,0,0,0,18.53
2024-02-22,Store_2,SKU_1,71.69,5,0,0,0,18.53
2024-02-23,Store_2,SKU_1,75.27,5,0,0,0,18.53
2024-02-24,Store_2,SKU_1,83.36,6,0,0,0,18.53
2024-02-25,Store_2,SKU_1,36.46,4,0,0,0,18.53
2024-02-26,Store_2,SKU_1,66.87,7,0,0,0,18.53
2024-02-27,Store_2,SKU_1,65.41,6,0,0,0,18.53
2024-02-28,Store_2,SKU_1,57.53,5,0,0,0,18.53
2024-02-29,Store_2,SKU_1,67.64,6,0,0,0,18.53
2024-03-01,Store_2,SKU_1,77.49,5,0,0,0,18.53
2024-03-02,Store_2,SKU_1,154.79,13,1,0,0,18.53
2024-03-03,Store_2,SKU_1,48.44,5,0,0,0,18.53
2024-03-04,Store_2,SKU_1,75.23,6,0,0,0,18.53
2024-03-05,Store_2,SKU_1,68.03,5,0,0,0,18.53
2024-03-06,Store_2,SKU_1,102.48,7,1,0,0,18.53
2024-03-07,Store_2,SKU_1,93.64,7,0,0,0,18.53
2024-03-08,Store_2,SKU_1,121.84,14,1,0,0,18.53
2024-03-09,Store_2,SKU_1,103.76,8,0,0,0,18.53
2024-03-10,Store_2,SKU_1,50.51,5,0,0,0,18.53
2024-03-11,Store_2,SKU_1,91.89,9,0,0,0,18.53
2024-03-12,Store_2,SKU_1,63.44,6,0,0,0,18.53
2024-03-13,Store_2,SKU_1,77.94,9,0,0,0,18.53
2024-03-14,Store_2,SKU_1,79.48,6,0,0,0,18.53
2024-03-15,Store_2,SKU_1,84.19,7,0,0,0,18.53
2024-03-16,Store_2,SKU_1,100.82,9,0,0,0,18.53
2024-03-17,Store_2,SKU_1,47.68,3,0,0,0,18.53
2024-03-18,Store_2,SKU_1,78.55,8,0,0,0,18.53
2024-03-19,Store_2,SKU_1,96.57,9,1,0,0,18.53
2024-03-20,Store_2,SKU_1,110.12,13,1,0,0,18.53
2024-03-21,Store_2,SKU_1,84.19,6,0,0,0,18.53
2024-03-22,Store_2,SKU_1,91.25,8,0,0,0,18.53
2024-03-23,Store_2,SKU_1,97.26,12,0,0,0,18.53
2024-03-24,Store_2,SKU_1,41.51,4,0,0,0,18.53
2024-03-25,Store_2,SKU_1,84.84,8,0,0,0,18.53
2024-03-26,Store_2,SKU_1,71.05,6,0,0,0,18.53
2024-03-27,Store_2,SKU_1,116.12,11,1,0,0,18.53
2024-03-28,Store_2,SKU_1,85.92,6,0,0,0,18.53
2024-03-29,Store_2,SKU_1,96.01,8,0,0,0,18.53
2024-03-30,Store_2,SKU_1,121.4,11,1,0,0,18.53
2024-03-31,Store_2,SKU_1,52.64,5,0,0,0,18.53
2024-04-01,Store_2,SKU_1,107.9,13,0,0,0,18.53
2024-04-02,Store_2,SKU_1,129.39,11,1,0,0,18.53
2024-04-03,Store_2,SKU_1,84.0,7,0,0,0,18.53
2024-04-04,Store_2,SKU_1,84.22,6,0,0,0,18.53
2024-04-05,Store_2,SKU_1,91.51,11,0,0,0,18.53
2024-04-06,Store_2,SKU_1,93.85,9,0,0,0,18.53
2024-04-07,Store_2,SKU_1,62.21,5,0,0,0,18.53
2024-04-08,Store_2,SKU_1,98.53,7,0,0,0,18.53
2024-04-09,Store_2,SKU_1,96.89,9,0,0,0,18.53
2024-04-10,Store_2,SKU_1,122.12,9,1,0,0,18.53
2024-04-11,Store_2,SKU_1,90.91,11,0,0,0,18.53
2024-04-12,Store_2,SKU_1,101.94,9,0,0,0,18.53
2024-04-13,Store_2,SKU_1,107.39,8,0,0,0,18.53
2024-04-14,Store_2,SKU_1,57.63,4,0,0,0,18.53
2024-04-15,Store_2,SKU_1,84.75,8,0,0,0,18.53
2024-04-16,Store_2,SKU_1,85.75,6,0,0,0,18.53
2024-04-17,Store_2,SKU_1,83.5,9,0,0,0,18.53
2024-04-18,Store_2,SKU_1,80.38,7,0,0,0,18.53
2024-04-19,Store_2,SKU_1,111.68,11,0,0,0,18.53
2024-04-20,Store_2,SKU_1,110.08,9,0,0,0,18.53
2024-04-21,Store_2,SKU_1,45.39,4,0,0,0,18.53
2024-04-22,Store_2,SKU_1,119.88,9,1,0,0,18.53
2024-04-23,Store_2,SKU_1,83.27,6,0,0,0,18.53
2024-04-24,Store_2,SKU_1,77.04,6,0,0,0,18.53
2024-04-25,Store_2,SKU_1,80.65,8,0,0,0,18.53
2024-04-26,Store_2,SKU_1,105.32,8,0,0,0,18.53
2024-04-27,Store_2,SKU_1,150.62,12,1,0,0,18.53
2024-04-28,Store_2,SKU_1,49.47,4,0,0,0,18.53
2024-04-29,Store_2,SKU_1,84.27,10,0,0,0,18.53
2024-04-30,Store_2,SKU_1,83.99,6,0,0,0,18.53
2024-05-01,Store_2,SKU_1,89.38,7,0,0,0,18.53
2024-05-02,Store_2,SKU_1,91.67,8,0,0,0,18.53
2024-05-03,Store_2,SKU_1,157.68,13,1,0,0,18.53
2024-05-04,Store_2,SKU_1,105.74,9,0,0,0,18.53
2024-05-05,Store_2,SKU_1,68.55,5,0,0,0,18.53
2024-05-06,Store_2,SKU_1,106.94,11,0,0,0,18.53
2024-05-07,Store_2,SKU_1,128.27,10,1,0,0,18.53
2024-05-08,Store_2,SKU_1,119.03,10,1,0,0,18.53
2024-05-09,Store_2,SKU_1,128.13,11,1,0,0,18.53
2024-05-10,Store_2,SKU_1,116.94,12,0,0,0,18.53
2024-05-11,Store_2,SKU_1,193.34,15,1,0,0,18.53
2024-05-12,Store_2,SKU_1,67.34,4,0,0,0,18.53
2024-05-13,Store_2,SKU_1,87.42,9,0,0,0,18.53
2024-05-14,Store_2,SKU_1,95.49,6,0,0,0,18.53
2024-05-15,Store_2,SKU_1,125.73,14,1,0,0,18.53
2024-05-16,Store_2,SKU_1,97.05,7,0,0,0,18.53
2024-05-17,Store_2,SKU_1,137.64,10,1,0,0,18.53
2024-05-18,Store_2,SKU_1,157.66,17,1,0,0,18.53
2024-05-19,Store_2,SKU_1,76.92,9,1,0,0,18.53
2024-05-20,Store_2,SKU_1,90.2,10,0,0,0,18.53
2024-05-21,Store_2,SKU_1,101.14,7,0,0,0,18.53
2024-05-22,Store_2,SKU_1,95.65,9,0,0,0,18.53
2024-05-23,Store_2,SKU_1,97.6,9,0,0,0,18.53
2024-05-24,Store_2,SKU_1,159.78,16,1,0,0,18.53
2024-05-25,Store_2,SKU_1,130.45,9,0,0,0,18.53
2024-05-26,Store_2,SKU_1,77.61,6,1,0,0,18.53
2024-05-27,Store_2,SKU_1,112.3,9,0,0,0,18.53
2024-05-28,Store_2,SKU_1,95.59,10,0,0,0,18.53
2024-05-29,Store_2,SKU_1,76.58,9,0,0,0,18.53
2024-05-30,Store_2,SKU_1,81.37,7,0,0,0,18.53
2024-05-31,Store_2,SKU_1,112.64,8,0,0,0,18.53
2024-06-01,Store_2,SKU_1,122.49,13,0,0,0,18.53
2024-06-02,Store_2,SKU_1,52.24,4,0,0,0,18.53
2024-06-03,Store_2,SKU_1,104.89,8,0,0,0,18.53
2024-06-04,Store_2,SKU_1,139.98,10,1,0,0,18.53
2024-06-05,Store_2,SKU_1,93.02,9,0,0,0,18.53
2024-06-06,Store_2,SKU_1,100.05,11,0,0,0,18.53
2024-06-07,Store_2,SKU_1,109.75,12,0,0,0,18.53
2024-06-08,Store_2,SKU_1,118.74,11,0,0,0,18.53
2024-06-09,Store_2,SKU_1,59.0,6,0,0,0,18.53
2024-06-10,Store_2,SKU_1,102.66,8,0,0,0,18.53
2024-06-11,Store_2,SKU_1,114.16,13,0,0,0,18.53
2024-06-12,Store_2,SKU_1,110.44,10,0,0,0,18.53
2024-06-13,Store_2,SKU_1,137.15,16,1,0,0,18.53
2024-06-14,Store_2,SKU_1,101.39,10,0,0,0,18.53
2024-06-15,Store_2,SKU_1,127.12,12,0,0,0,18.53
2024-06-16,Store_2,SKU_1,58.44,6,0,0,0,18.53
2024-06-17,Store_2,SKU_1,93.58,11,0,0,0,18.53
2024-06-18,Store_2,SKU_1,98.41,8,0,0,0,18.53
2024-06-19,Store_2,SKU_1,125.04,11,1,0,0,18.53
2024-06-20,Store_2,SKU_1,103.73,7,0,0,0,18.53
2024-06-21,Store_2,SKU_1,105.07,9,0,0,0,18.53
2024-06-22,Store_2,SKU_1,135.45,15,0,0,0,18.53
2024-06-23,Store_2,SKU_1,73.85,5,0,0,0,18.53
2024-06-24,Store_2,SKU_1,103.1,10,0,0,0,18.53
2024-06-25,Store_2,SKU_1,91.53,7,0,0,0,18.53
2024-06-26,Store_2,SKU_1,162.24,11,1,0,0,18.53
2024-06-27,Store_2,SKU_1,102.19,7,0,0,0,18.53
2024-06-28,Store_2,SKU_1,159.35,16,1,0,0,18.53
2024-06-29,Store_2,SKU_1,123.81,13,0,0,0,18.53
2024-06-30,Store_2,SKU_1,64.41,5,0,0,0,18.53
2024-07-01,Store_2,SKU_1,95.17,11,0,0,0,18.53
2024-07-02,Store_2,SKU_1,133.2,14,1,0,0,18.53
2024-07-03,Store_2,SKU_1,97.5,9,0,0,0,18.53
2024-07-04,Store_2,SKU_1,97.03,7,0,0,0,18.53
2024-07-05,Store_2,SKU_1,110.47,8,0,0,0,18.53
2024-07-06,Store_2,SKU_1,121.34,12,0,0,0,18.53
2024-07-07,Store_2,SKU_1,57.13,5,0,0,0,18.53
2024-07-08,Store_2,SKU_1,100.03,9,0,0,0,18.53
2024-07-09,Store_2,SKU_1,126.57,11,1,0,0,18.53
2024-07-10,Store_2,SKU_1,96.79,10,0,0,1,18.53
2024-07-11,Store_2,SKU_1,114.52,8,0,0,0,18.53
2024-07-12,Store_2,SKU_1,98.2,10,0,0,1,18.53
2024-07-13,Store_2,SKU_1,124.39,9,0,0,0,18.53
2024-07-14,Store_2,SKU_1,52.8,4,0,0,0,18.53
2024-07-15,Store_2,SKU_1,113.68,9,0,0,1,18.53
2024-07-16,Store_2,SKU_1,95.93,7,0,0,0,18.53
2024-07-17,Store_2,SKU_1,90.71,7,0,0,1,18.53
2024-07-18,Store_2,SKU_1,102.69,9,0,0,0,18.53
2024-07-19,Store_2,SKU_1,114.84,13,0,0,0,18.53
2024-07-20,Store_2,SKU_1,115.48,8,0,0,0,18.53
2024-07-21,Store_2,SKU_1,61.93,6,0,0,0,18.53
2024-07-22,Store_2,SKU_1,105.2,11,0,0,1,18.53
2024-07-23,Store_2,SKU_1,101.05,10,0,0,0,18.53
2024-07-24,Store_2,SKU_1,85.35,9,0,0,0,18.53
2024-07-25,Store_2,SKU_1,119.33,13,0,0,0,18.53
2024-07-26,Store_2,SKU_1,97.48,10,0,0,0,18.53
2024-07-27,Store_2,SKU_1,173.97,13,1,0,0,18.53
2024-07-28,Store_2,SKU_1,55.23,4,0,0,1,18.53
2024-07-29,Store_2,SKU_1,96.61,8,0,0,0,18.53
2024-07-30,Store_2,SKU_1,90.68,6,0,0,0,18.53
2024-07-31,Store_2,SKU_1,142.6,12,1,0,1,18.53
2024-08-01,Store_2,SKU_1,100.46,9,0,0,1,18.53
2024-08-02,Store_2,SKU_1,109.93,9,0,0,0,18.53
2024-08-03,Store_2,SKU_1,182.14,13,1,0,1,18.53
2024-08-04,Store_2,SKU_1,61.04,5,0,0,1,18.53
2024-08-05,Store_2,SKU_1,79.8,9,0,0,0,18.53
2024-08-06,Store_2,SKU_1,79.16,8,0,0,0,18.53
2024-08-07,Store_2,SKU_1,100.58,8,0,0,1,18.53
2024-08-08,Store_2,SKU_1,80.4,7,0,0,0,18.53
2024-08-09,Store_2,SKU_1,101.35,8,0,0,0,18.53
2024-08-10,Store_2,SKU_1,109.39,9,0,0,0,18.53
2024-08-11,Store_2,SKU_1,79.46,7,1,0,0,18.53
2024-08-12,Store_2,SKU_1,137.86,16,1,0,1,18.53
2024-08-13,Store_2,SKU_1,82.1,9,0,0,1,18.53
2024-08-14,Store_2,SKU_1,118.77,13,1,0,0,18.53
2024-08-15,Store_2,SKU_1,85.12,8,0,0,1,18.53
2024-08-16,Store_2,SKU_1,123.77,11,0,0,0,18.53
2024-08-17,Store_2,SKU_1,135.59,10,0,0,0,18.53
2024-08-18,Store_2,SKU_1,56.62,7,0,0,0,18.53
2024-08-19,Store_2,SKU_1,83.01,7,0,0,0,18.53
2024-08-20,Store_2,SKU_1,94.13,8,0,0,1,18.53
2024-08-21,Store_2,SKU_1,85.75,8,0,0,1,18.53
2024-08-22,Store_2,SKU_1,94.67,7,0,0,0,18.53
2024-08-23,Store_2,SKU_1,114.65,9,0,0,1,18.53
2024-08-24,Store_2,SKU_1,117.94,13,0,0,0,18.53
2024-08-25,Store_2,SKU_1,59.14,5,0,0,0,18.53
2024-08-26,Store_2,SKU_1,85.68,8,0,0,1,18.53
2024-08-27,Store_2,SKU_1,85.12,7,0,0,1,18.53
2024-08-28,Store_2,SKU_1,100.43,8,0,0,0,18.53
2024-08-29,Store_2,SKU_1,101.32,8,0,0,1,18.53
2024-08-30,Store_2,SKU_1,107.55,10,0,0,1,18.53
2024-08-31,Store_2,SKU_1,113.09,10,0,0,0,18.53
2024-09-01,Store_2,SKU_1,52.63,6,0,0,0,18.53
2024-09-02,Store_2,SKU_1,76.91,7,0,0,0,18.53
2024-09-03,Store_2,SKU_1,87.41,6,0,0,0,18.53
2024-09-04,Store_2,SKU_1,93.28,6,0,0,0,18.53
2024-09-05,Store_2,SKU_1,81.67,6,0,0,0,18.53
2024-09-06,Store_2,SKU_1,140.37,17,1,0,0,18.53
2024-09-07,Store_2,SKU_1,98.85,7,0,0,0,18.53
2024-09-08,Store_2,SKU_1,42.54,4,0,0,0,18.53
2024-09-09,Store_2,SKU_1,78.74,9,0,0,0,18.53
2024-09-10,Store_2,SKU_1,83.67,8,0,0,0,18.53
2024-09-11,Store_2,SKU_1,76.74,5,0,0,0,18.53
2024-09-12,Store_2,SKU_1,85.65,6,0,0,0,18.53
2024-09-13,Store_2,SKU_1,98.61,9,0,0,0,18.53
2024-09-14,Store_2,SKU_1,108.94,9,0,0,0,18.53
2024-09-15,Store_2,SKU_1,50.37,4,0,0,0,18.53
2024-09-16,Store_2,SKU_1,84.36,6,0,0,0,18.53
2024-09-17,Store_2,SKU_1,67.92,4,0,0,0,18.53
2024-09-18,Store_2,SKU_1,84.88,8,0,0,0,18.53
2024-09-19,Store_2,SKU_1,83.9,6,0,0,0,18.53
2024-09-20,Store_2,SKU_1,115.41,9,1,0,0,18.53
2024-09-21,Store_2,SKU_1,99.99,10,0,0,0,18.53
2024-09-22,Store_2,SKU_1,45.6,5,0,0,0,18.53
2024-09-23,Store_2,SKU_1,85.59,8,0,0,0,18.53
2024-09-24,Store_2,SKU_1,83.81,7,0,0,0,18.53
2024-09-25,Store_2,SKU_1,78.95,6,0,0,0,18.53
2024-09-26,Store_2,SKU_1,82.59,6,0,0,0,18.53
2024-09-27,Store_2,SKU_1,98.31,7,0,0,0,18.53
2024-09-28,Store_2,SKU_1,112.92,8,0,0,0,18.53
2024-09-29,Store_2,SKU_1,49.62,5,0,0,0,18.53
2024-09-30,Store_2,SKU_1,79.86,8,0,0,0,18.53
2024-10-01,Store_2,SKU_1,67.31,6,0,0,0,18.53
2024-10-02,Store_2,SKU_1,66.93,5,0,0,0,18.53
2024-10-03,Store_2,SKU_1,75.03,5,0,0,0,18.53
2024-10-04,Store_2,SKU_1,67.63,7,0,0,0,18.53
2024-10-05,Store_2,SKU_1,121.91,12,1,0,0,18.53
2024-10-06,Store_2,SKU_1,50.38,3,0,0,0,18.53
2024-10-07,Store_2,SKU_1,66.25,7,0,0,0,18.53
2024-10-08,Store_2,SKU_1,62.86,6,0,0,0,18.53
2024-10-09,Store_2,SKU_1,64.74,5,0,0,0,18.53
2024-10-10,Store_2,SKU_1,65.28,5,0,0,0,18.53
2024-10-11,Store_2,SKU_1,84.23,6,0,0,0,18.53
2024-10-12,Store_2,SKU_1,79.56,7,0,0,0,18.53
2024-10-13,Store_2,SKU_1,41.98,4,0,0,0,18.53
2024-10-14,Store_2,SKU_1,61.48,5,0,0,0,18.53
2024-10-15,Store_2,SKU_1,70.97,5,0,0,0,18.53
2024-10-16,Store_2,SKU_1,64.02,6,0,0,0,18.53
2024-10-17,Store_2,SKU_1,69.38,6,0,0,0,18.53
2024-10-18,Store_2,SKU_1,74.03,5,0,0,0,18.53
2024-10-19,Store_2,SKU_1,82.74,8,0,0,0,18.53
2024-10-20,Store_2,SKU_1,42.85,3,0,0,0,18.53
2024-10-21,Store_2,SKU_1,92.52,7,1,0,0,18.53
2024-10-22,Store_2,SKU_1,65.41,6,0,0,0,18.53
2024-10-23,Store_2,SKU_1,64.33,5,0,0,0,18.53
2024-10-24,Store_2,SKU_1,72.47,8,0,0,0,18.53
2024-10-25,Store_2,SKU_1,74.61,6,0,0,0,18.53
2024-10-26,Store_2,SKU_1,85.69,6,0,0,0,18.53
2024-10-27,Store_2,SKU_1,45.84,4,0,0,0,18.53
2024-10-28,Store_2,SKU_1,102.32,9,1,0,0,18.53
2024-10-29,Store_2,SKU_1,101.15,7,1,0,0,18.53
2024-10-30,Store_2,SKU_1,68.76,5,0,0,0,18.53
2024-10-31,Store_2,SKU_1,70.04,7,0,0,0,18.53
2024-11-01,Store_2,SKU_1,68.81,5,0,0,0,18.53
2024-11-02,Store_2,SKU_1,89.75,10,0,0,0,18.53
2024-11-03,Store_2,SKU_1,38.43,2,0,0,0,18.53
2024-11-04,Store_2,SKU_1,64.67,5,0,0,0,18.53
2024-11-05,Store_2,SKU_1,63.41,6,0,0,0,18.53
2024-11-06,Store_2,SKU_1,74.82,7,1,0,0,18.53
2024-11-07,Store_2,SKU_1,72.79,8,0,0,0,18.53
2024-11-08,Store_2,SKU_1,97.09,10,1,0,0,18.53
2024-11-09,Store_2,SKU_1,109.34,7,1,0,0,18.53
2024-11-10,Store_2,SKU_1,36.33,3,0,0,0,18.53
2024-11-11,Store_2,SKU_1,56.7,5,0,0,0,18.53
2024-11-12,Store_2,SKU_1,62.98,5,0,0,0,18.53
2024-11-13,Store_2,SKU_1,67.46,6,0,0,0,18.53
2024-11-14,Store_2,SKU_1,64.92,5,0,0,0,18.53
2024-11-15,Store_2,SKU_1,82.85,8,0,0,0,18.53
2024-11-16,Store_2,SKU_1,84.29,7,0,0,0,18.53
2024-11-17,Store_2,SKU_1,40.99,3,0,0,0,18.53
2024-11-18,Store_2,SKU_1,72.08,6,0,0,0,18.53
2024-11-19,Store_2,SKU_1,61.26,7,0,0,0,18.53
2024-11-20,Store_2,SKU_1,61.12,7,0,0,0,18.53
2024-11-21,Store_2,SKU_1,68.67,8,0,0,0,18.53
2024-11-22,Store_2,SKU_1,64.9,6,0,0,0,18.53
2024-11-23,Store_2,SKU_1,80.3,6,0,0,0,18.53
2024-11-24,Store_2,SKU_1,40.09,3,0,0,0,18.53
2024-11-25,Store_2,SKU_1,59.61,7,0,0,0,18.53
2024-11-26,Store_2,SKU_1,59.75,5,0,0,0,18.53
2024-11-27,Store_2,SKU_1,93.12,9,1,0,0,18.53
2024-11-28,Store_2,SKU_1,62.94,5,0,0,0,18.53
2024-11-29,Store_2,SKU_1,61.64,7,0,0,0,18.53
2024-11-30,Store_2,SKU_1,81.34,6,0,0,0,18.53
2024-12-01,Store_2,SKU_1,34.95,2,0,0,0,18.53
2024-12-02,Store_2,SKU_1,74.34,6,0,0,0,18.53
2024-12-03,Store_2,SKU_1,65.24,5,0,0,0,18.53
2024-12-04,Store_2,SKU_1,57.78,4,0,0,0,18.53
2024-12-05,Store_2,SKU_1,60.82,4,0,0,0,18.53
2024-12-06,Store_2,SKU_1,103.39,7,1,0,0,18.53
2024-12-07,Store_2,SKU_1,66.02,7,0,0,0,18.53
2024-12-08,Store_2,SKU_1,38.18,4,0,0,0,18.53
2024-12-09,Store_2,SKU_1,68.69,5,0,0,0,18.53
2024-12-10,Store_2,SKU_1,56.75,5,0,0,0,18.53
2024-12-11,Store_2,SKU_1,94.3,8,1,0,0,18.53
2024-12-12,Store_2,SKU_1,58.09,5,0,0,0,18.53
2024-12-13,Store_2,SKU_1,99.66,9,1,0,0,18.53
2024-12-14,Store_2,SKU_1,77.58,5,0,0,0,18.53
2024-12-15,Store_2,SKU_1,33.2,2,0,0,0,18.53
2024-12-16,Store_2,SKU_1,63.93,4,0,0,0,18.53
2024-12-17,Store_2,SKU_1,50.44,4,0,0,0,18.53
2024-12-18,Store_2,SKU_1,60.83,4,0,0,0,18.53
2024-12-19,Store_2,SKU_1,62.18,7,0,0,0,18.53
2024-12-20,Store_2,SKU_1,67.85,7,0,0,0,18.53
2024-12-21,Store_2,SKU_1,62.64,5,0,0,0,18.53
2024-12-22,Store_2,SKU_1,37.69,2,0,0,0,18.53
2024-12-23,Store_2,SKU_1,52.19,4,0,0,0,18.53
2024-12-24,Store_2,SKU_1,56.1,4,0,0,0,18.53
2024-12-25,Store_2,SKU_1,24.13,1,0,a,0,18.53
2024-12-26,Store_2,SKU_1,24.7,2,0,a,0,18.53
2024-12-27,Store_2,SKU_1,62.91,6,0,0,0,18.53
2024-12-28,Store_2,SKU_1,81.73,7,0,0,0,18.53
2024-12-29,Store_2,SKU_1,40.06,4,0,0,0,18.53
2024-12-30,Store_2,SKU_1,51.32,4,0,0,0,18.53
2024-12-31,Store_2,SKU_1,60.55,4,0,0,0,18.53
2022-01-01,Store_2,SKU_2,28.71,2,0,a,0,20.96
2022-01-02,Store_2,SKU_2,51.23,4,1,0,0,20.96
2022-01-03,Store_2,SKU_2,76.96,6,1,0,0,20.96
2022-01-04,Store_2,SKU_2,54.87,4,0,0,0,20.96
2022-01-05,Store_2,SKU_2,59.32,6,0,0,0,20.96
2022-01-06,Store_2,SKU_2,60.84,5,0,0,0,20.96
2022-01-07,Store_2,SKU_2,69.2,7,0,0,0,20.96
2022-01-08,Store_2,SKU_2,85.94,6,0,0,0,20.96
2022-01-09,Store_2,SKU_2,35.17,3,0,0,0,20.96
2022-01-10,Store_2,SKU_2,60.2,4,0,0,0,20.96
2022-01-11,Store_2,SKU_2,80.49,7,1,0,0,20.96
2022-01-12,Store_2,SKU_2,53.42,5,0,0,0,20.96
2022-01-13,Store_2,SKU_2,61.95,6,0,0,0,20.96
2022-01-14,Store_2,SKU_2,69.49,5,0,0,0,20.96
2022-01-15,Store_2,SKU_2,94.79,7,1,0,0,20.96
2022-01-16,Store_2,SKU_2,53.65,5,1,0,0,20.96
2022-01-17,Store_2,SKU_2,86.33,7,1,0,0,20.96
2022-01-18,Store_2,SKU_2,57.86,5,0,0,0,20.96
2022-01-19,Store_2,SKU_2,57.91,5,0,0,0,20.96
2022-01-20,Store_2,SKU_2,62.49,5,0,0,0,20.96
2022-01-21,Store_2,SKU_2,66.53,5,0,0,0,20.96
2022-01-22,Store_2,SKU_2,84.81,9,0,0,0,20.96
2022-01-23,Store_2,SKU_2,34.02,2,0,0,0,20.96
2022-01-24,Store_2,SKU_2,60.02,5,0,0,0,20.96
2022-01-25,Store_2,SKU_2,62.76,5,0,0,0,20.96
2022-01-26,Store_2,SKU_2,79.85,7,1,0,0,20.96
2022-01-27,Store_2,SKU_2,58.88,6,0,0,0,20.96
2022-01-28,Store_2,SKU_2,66.11,5,0,0,0,20.96
2022-01-29,Store_2,SKU_2,83.84,7,0,0,0,20.96
2022-01-30,Store_2,SKU_2,35.48,2,0,0,0,20.96
2022-01-31,Store_2,SKU_2,86.24,7,1,0,0,20.96
2022-02-01,Store_2,SKU_2,63.5,4,0,0,0,20.96
2022-02-02,Store_2,SKU_2,65.88,6,0,0,0,20.96
2022-02-03,Store_2,SKU_2,93.07,8,1,0,0,20.96
2022-02-04,Store_2,SKU_2,63.24,5,0,0,0,20.96
2022-02-05,Store_2,SKU_2,83.52,6,0,0,0,20.96
2022-02-06,Store_2,SKU_2,66.32,6,1,0,0,20.96
2022-02-07,Store_2,SKU_2,67.6,6,0,0,0,20.96
2022-02-08,Store_2,SKU_2,63.25,7,0,0,0,20.96
2022-02-09,Store_2,SKU_2,71.74,8,0,0,0,20.96
2022-02-10,Store_2,SKU_2,73.66,5,0,0,0,20.96
2022-02-11,Store_2,SKU_2,75.03,8,0,0,0,20.96
2022-02-12,Store_2,SKU_2,93.16,6,0,0,0,20.96
2022-02-13,Store_2,SKU_2,39.83,3,0,0,0,20.96
2022-02-14,Store_2,SKU_2,79.39,8,0,0,0,20.96
2022-02-15,Store_2,SKU_2,70.52,5,0,0,0,20.96
2022-02-16,Store_2,SKU_2,64.61,6,0,0,0,20.96
2022-02-17,Store_2,SKU_2,72.22,5,0,0,0,20.96
2022-02-18,Store_2,SKU_2,113.99,12,1,0,0,20.96
2022-02-19,Store_2,SKU_2,85.99,6,0,0,0,20.96
2022-02-20,Store_2,SKU_2,42.89,3,0,0,0,20.96
2022-02-21,Store_2,SKU_2,96.14,9,1,0,0,20.96
2022-02-22,Store_2,SKU_2,59.52,5,0,0,0,20.96
2022-02-23,Store_2,SKU_2,63.77,5,0,0,0,20.96
2022-02-24,Store_2,SKU_2,66.15,7,0,0,0,20.96
2022-02-25,Store_2,SKU_2,89.01,6,0,0,0,20.96
2022-02-26,Store_2,SKU_2,88.48,10,0,0,0,20.96
2022-02-27,Store_2,SKU_2,58.58,5,1,0,0,20.96
2022-02-28,Store_2,SKU_2,71.5,7,0,0,0,20.96
2022-03-01,Store_2,SKU_2,65.84,7,0,0,0,20.96
2022-03-02,Store_2,SKU_2,82.26,8,0,0,0,20.96
2022-03-03,Store_2,SKU_2,112.53,9,1,0,0,20.96
2022-03-04,Store_2,SKU_2,86.34,6,0,0,0,20.96
2022-03-05,Store_2,SKU_2,93.74,9,0,0,0,20.96
2022-03-06,Store_2,SKU_2,51.36,3,0,0,0,20.96
2022-03-07,Store_2,SKU_2,112.38,11,1,0,0,20.96
2022-03-08,Store_2,SKU_2,121.38,13,1,0,0,20.96
2022-03-09,Store_2,SKU_2,69.48,6,0,0,0,20.96
2022-03-10,Store_2,SKU_2,81.61,7,0,0,0,20.96
2022-03-11,Store_2,SKU_2,90.06,6,0,0,0,20.96
2022-03-12,Store_2,SKU_2,127.67,13,1,0,0,20.96
2022-03-13,Store_2,SKU_2,50.7,4,0,0,0,20.96
2022-03-14,Store_2,SKU_2,87.86,9,0,0,0,20.96
2022-03-15,Store_2,SKU_2,84.35,7,0,0,0,20.96
2022-03-16,Store_2,SKU_2,80.84,7,0,0,0,20.96
2022-03-17,Store_2,SKU_2,119.51,8,1,0,0,20.96
2022-03-18,Store_2,SKU_2,84.69,7,0,0,0,20.96
2022-03-19,Store_2,SKU_2,113.05,12,0,0,0,20.96
2022-03-20,Store_2,SKU_2,47.0,3,0,0,0,20.96
2022-03-21,Store_2,SKU_2,86.79,8,0,0,0,20.96
2022-03-22,Store_2,SKU_2,79.87,6,0,0,0,20.96
2022-03-23,Store_2,SKU_2,76.22,5,0,0,0,20.96
2022-03-24,Store_2,SKU_2,107.97,9,1,0,0,20.96
2022-03-25,Store_2,SKU_2,96.35,8,0,0,0,20.96
2022-03-26,Store_2,SKU_2,109.76,8,0,0,0,20.96
2022-03-27,Store_2,SKU_2,65.39,5,1,0,0,20.96
2022-03-28,Store_2,SKU_2,78.22,5,0,0,0,20.96
2022-03-29,Store_2,SKU_2,76.43,9,0,0,0,20.96
2022-03-30,Store_2,SKU_2,82.76,7,0,0,0,20.96
2022-03-31,Store_2,SKU_2,73.73,7,0,0,0,20.96
2022-04-01,Store_2,SKU_2,143.4,12,1,0,0,20.96
2022-04-02,Store_2,SKU_2,99.34,10,0,0,0,20.96
2022-04-03,Store_2,SKU_2,52.82,3,0,0,0,20.96
2022-04-04,Store_2,SKU_2,95.9,7,0,0,0,20.96
2022-04-05,Store_2,SKU_2,84.49,6,0,0,0,20.96
2022-04-06,Store_2,SKU_2,96.82,8,0,0,0,20.96
2022-04-07,Store_2,SKU_2,86.51,6,0,0,0,20.96
2022-04-08,Store_2,SKU_2,102.98,11,0,0,0,20.96
2022-04-09,Store_2,SKU_2,119.73,10,0,0,0,20.96
2022-04-10,Store_2,SKU_2,55.33,5,0,0,0,20.96
2022-04-11,Store_2,SKU_2,104.17,7,0,0,0,20.96
2022-04-12,Store_2,SKU_2,86.91,6,0,0,0,20.96
2022-04-13,Store_2,SKU_2,81.34,6,0,0,0,20.96
2022-04-14,Store_2,SKU_2,86.13,9,0,0,0,20.96
2022-04-15,Store_2,SKU_2,107.09,8,0,0,0,20.96
2022-04-16,Store_2,SKU_2,109.87,8,0,0,0,20.96
2022-04-17,Store_2,SKU_2,48.03,5,0,0,0,20.96
2022-04-18,Store_2,SKU_2,98.34,8,0,0,0,20.96
2022-04-19,Store_2,SKU_2,118.46,8,1,0,0,20.96
2022-04-20,Store_2,SKU_2,80.11,9,0,0,0,20.96
2022-04-21,Store_2,SKU_2,96.27,7,0,0,0,20.96
2022-04-22,Store_2,SKU_2,99.78,7,0,0,0,20.96
2022-04-23,Store_2,SKU_2,104.99,9,0,0,0,20.96
2022-04-24,Store_2,SKU_2,57.09,5,0,0,0,20.96
2022-04-25,Store_2,SKU_2,85.38,8,0,0,0,20.96
2022-04-26,Store_2,SKU_2,93.29,10,0,0,0,20.96
2022-04-27,Store_2,SKU_2,83.76,6,0,0,0,20.96
2022-04-28,Store_2,SKU_2,91.99,10,0,0,0,20.96
2022-04-29,Store_2,SKU_2,100.4,7,0,0,0,20.96
2022-04-30,Store_2,SKU_2,110.01,12,0,0,0,20.96
2022-05-01,Store_2,SKU_2,61.32,6,0,0,0,20.96
2022-05-02,Store_2,SKU_2,137.23,15,1,0,0,20.96
2022-05-03,Store_2,SKU_2,126.01,9,1,0,0,20.96
2022-05-04,Store_2,SKU_2,138.04,12,1,0,0,20.96
2022-05-05,Store_2,SKU_2,100.24,12,0,0,0,20.96
2022-05-06,Store_2,SKU_2,155.6,11,1,0,0,20.96
2022-05-07,Store_2,SKU_2,115.05,8,0,0,0,20.96
2022-05-08,Store_2,SKU_2,57.49,5,0,0,0,20.96
2022-05-09,Store_2,SKU_2,108.34,9,0,0,0,20.96
2022-05-10,Store_2,SKU_2,88.99,6,0,0,0,20.96
2022-05-11,Store_2,SKU_2,102.52,10,0,0,0,20.96
2022-05-12,Store_2,SKU_2,109.15,9,0,0,0,20.96
2022-05-13,Store_2,SKU_2,145.59,10,1,0,0,20.96
2022-05-14,Store_2,SKU_2,152.89,11,1,0,0,20.96
2022-05-15,Store_2,SKU_2,71.87,6,1,0,0,20.96
2022-05-16,Store_2,SKU_2,85.95,9,0,0,0,20.96
2022-05-17,Store_2,SKU_2,80.31,9,0,0,0,20.96
2022-05-18,Store_2,SKU_2,91.76,7,0,0,0,20.96
2022-05-19,Store_2,SKU_2,116.53,13,0,0,0,20.96
2022-05-20,Store_2,SKU_2,107.36,9,0,0,0,20.96
2022-05-21,Store_2,SKU_2,182.61,15,1,0,0,20.96
2022-05-22,Store_2,SKU_2,57.28,4,0,0,0,20.96
2022-05-23,Store_2,SKU_2,105.81,8,0,0,0,20.96
2022-05-24,Store_2,SKU_2,152.66,11,1,0,0,20.96
2022-05-25,Store_2,SKU_2,89.29,10,0,0,0,20.96
2022-05-26,Store_2,SKU_2,103.54,7,0,0,0,20.96
2022-05-27,Store_2,SKU_2,117.34,11,0,0,0,20.96
2022-05-28,Store_2,SKU_2,116.42,12,0,0,0,20.96
2022-05-29,Store_2,SKU_2,58.43,4,0,0,0,20.96
2022-05-30,Store_2,SKU_2,146.02,11,1,0,0,20.96
2022-05-31,Store_2,SKU_2,94.99,8,0,0,0,20.96
2022-06-01,Store_2,SKU_2,103.05,8,0,0,0,20.96
2022-06-02,Store_2,SKU_2,96.93,10,0,0,0,20.96
2022-06-03,Store_2,SKU_2,106.34,7,0,0,0,20.96
2022-06-04,Store_2,SKU_2,142.25,12,0,0,0,20.96
2022-06-05,Store_2,SKU_2,67.25,6,0,0,0,20.96
2022-06-06,Store_2,SKU_2,105.75,8,0,0,0,20.96
2022-06-07,Store_2,SKU_2,85.94,9,0,0,0,20.96
2022-06-08,Store_2,SKU_2,97.95,7,0,0,0,20.96
2022-06-09,Store_2,SKU_2,95.81,8,0,0,0,20.96
2022-06-10,Store_2,SKU_2,111.11,9,0,0,0,20.96
2022-06-11,Store_2,SKU_2,130.24,10,0,0,0,20.96
2022-06-12,Store_2,SKU_2,60.76,4,0,0,0,20.96
2022-06-13,Store_2,SKU_2,94.93,6,0,0,0,20.96
2022-06-14,Store_2,SKU_2,92.66,8,0,0,0,20.96
2022-06-15,Store_2,SKU_2,96.46,8,0,0,0,20.96
2022-06-16,Store_2,SKU_2,89.51,7,0,0,0,20.96
2022-06-17,Store_2,SKU_2,115.49,11,0,0,0,20.96
2022-06-18,Store_2,SKU_2,128.3,15,0,0,0,20.96
2022-06-19,Store_2,SKU_2,75.27,7,1,0,0,20.96
2022-06-20,Store_2,SKU_2,123.0,13,1,0,0,20.96
2022-06-21,Store_2,SKU_2,153.8,13,1,0,0,20.96
2022-06-22,Store_2,SKU_2,101.4,11,0,0,0,20.96
2022-06-23,Store_2,SKU_2,106.19,12,0,0,0,20.96
2022-06-24,Store_2,SKU_2,112.85,12,0,0,0,20.96
2022-06-25,Store_2,SKU_2,192.53,16,1,0,0,20.96
2022-06-26,Store_2,SKU_2,64.29,7,0,0,0,20.96
2022-06-27,Store_2,SKU_2,117.31,10,0,0,0,20.96
2022-06-28,Store_2,SKU_2,96.74,8,0,0,0,20.96
2022-06-29,Store_2,SKU_2,89.01,8,0,0,0,20.96
2022-06-30,Store_2,SKU_2,103.85,8,0,0,0,20.96
2022-07-01,Store_2,SKU_2,123.86,10,0,0,0,20.96
2022-07-02,Store_2,SKU_2,160.4,11,1,0,0,20.96
2022-07-03,Store_2,SKU_2,63.49,5,0,0,1,20.96
2022-07-04,Store_2,SKU_2,144.4,13,1,0,0,20.96
2022-07-05,Store_2,SKU_2,94.05,8,0,0,1,20.96
2022-07-06,Store_2,SKU_2,93.46,8,0,0,0,20.96
2022-07-07,Store_2,SKU_2,101.61,7,0,0,1,20.96
2022-07-08,Store_2,SKU_2,106.94,9,0,0,0,20.96
2022-07-09,Store_2,SKU_2,105.39,12,0,0,0,20.96
2022-07-10,Store_2,SKU_2,56.25,5,0,0,0,20.96
2022-07-11,Store_2,SKU_2,106.88,8,0,0,1,20.96
2022-07-12,Store_2,SKU_2,93.53,10,0,0,0,20.96
2022-07-13,Store_2,SKU_2,98.9,9,0,0,0,20.96
2022-07-14,Store_2,SKU_2,89.47,10,0,0,0,20.96
2022-07-15,Store_2,SKU_2,134.68,13,1,0,0,20.96
2022-07-16,Store_2,SKU_2,117.54,8,0,0,1,20.96
2022-07-17,Store_2,SKU_2,61.65,5,0,0,0,20.96
2022-07-18,Store_2,SKU_2,112.72,8,0,0,1,20.96
2022-07-19,Store_2,SKU_2,123.68,9,1,0,0,20.96
2022-07-20,Store_2,SKU_2,101.32,11,0,0,1,20.96
2022-07-21,Store_2,SKU_2,104.09,8,0,0,1,20.96
2022-07-22,Store_2,SKU_2,122.12,10,0,0,0,20.96
2022-07-23,Store_2,SKU_2,130.1,11,0,0,1,20.96
2022-07-24,Store_2,SKU_2,56.21,5,0,0,1,20.96
2022-07-25,Store_2,SKU_2,101.78,10,0,0,1,20.96
2022-07-26,Store_2,SKU_2,103.87,12,0,0,0,20.96
2022-07-27,Store_2,SKU_2,105.97,9,0,0,1,20.96
2022-07-28,Store_2,SKU_2,93.33,7,0,0,1,20.96
2022-07-29,Store_2,SKU_2,120.48,13,0,0,0,20.96
2022-07-30,Store_2,SKU_2,133.34,12,0,0,0,20.96
2022-07-31,Store_2,SKU_2,65.53,5,0,0,1,20.96
2022-08-01,Store_2,SKU_2,93.02,8,0,0,1,20.96
2022-08-02,Store_2,SKU_2,104.14,8,0,0,1,20.96
2022-08-03,Store_2,SKU_2,85.23,6,0,0,1,20.96
2022-08-04,Store_2,SKU_2,83.03,6,0,0,0,20.96
2022-08-05,Store_2,SKU_2,106.71,9,0,0,1,20.96
2022-08-06,Store_2,SKU_2,121.27,12,0,0,0,20.96
2022-08-07,Store_2,SKU_2,55.22,4,0,0,1,20.96
2022-08-08,Store_2,SKU_2,91.37,8,0,0,0,20.96
2022-08-09,Store_2,SKU_2,98.9,7,0,0,0,20.96
2022-08-10,Store_2,SKU_2,101.75,12,0,0,1,20.96
2022-08-11,Store_2,SKU_2,88.21,11,0,0,0,20.96
2022-08-12,Store_2,SKU_2,99.15,8,0,0,0,20.96
2022-08-13,Store_2,SKU_2,119.17,8,0,0,0,20.96
2022-08-14,Store_2,SKU_2,58.41,4,0,0,0,20.96
2022-08-15,Store_2,SKU_2,104.86,9,0,0,0,20.96
2022-08-16,Store_2,SKU_2,83.81,8,0,0,1,20.96
2022-08-17,Store_2,SKU_2,128.33,12,1,0,0,20.96
2022-08-18,Store_2,SKU_2,89.43,6,0,0,0,20.96
2022-08-19,Store_2,SKU_2,110.72,10,0,0,0,20.96
2022-08-20,Store_2,SKU_2,178.41,14,1,0,1,20.96
2022-08-21,Store_2,SKU_2,58.36,5,0,0,0,20.96
2022-08-22,Store_2,SKU_2,83.03,8,0,0,0,20.96
2022-08-23,Store_2,SKU_2,91.9,8,0,0,0,20.96
2022-08-24,Store_2,SKU_2,81.44,7,0,0,0,20.96
2022-08-25,Store_2,SKU_2,87.92,9,0,0,0,20.96
2022-08-26,Store_2,SKU_2,111.77,8,0,0,0,20.96
2022-08-27,Store_2,SKU_2,124.83,14,0,0,1,20.96
2022-08-28,Store_2,SKU_2,51.35,4,0,0,0,20.96
2022-08-29,Store_2,SKU_2,134.49,12,1,0,0,20.96
2022-08-30,Store_2,SKU_2,85.4,9,0,0,1,20.96
2022-08-31,Store_2,SKU_2,81.34,9,0,0,1,20.96
2022-09-01,Store_2,SKU_2,81.9,8,0,0,0,20.96
2022-09-02,Store_2,SKU_2,127.29,10,1,0,0,20.96
2022-09-03,Store_2,SKU_2,100.85,7,0,0,0,20.96
2022-09-04,Store_2,SKU_2,50.89,4,0,0,0,20.96
2022-09-05,Store_2,SKU_2,91.88,6,0,0,0,20.96
2022-09-06,Store_2,SKU_2,92.46,7,0,0,0,20.96
2022-09-07,Store_2,SKU_2,84.74,7,0,0,0,20.96
2022-09-08,Store_2,SKU_2,83.61,10,0,0,0,20.96
2022-09-09,Store_2,SKU_2,109.23,11,1,0,0,20.96
2022-09-10,Store_2,SKU_2,95.88,10,0,0,0,20.96
2022-09-11,Store_2,SKU_2,54.63,4,0,0,0,20.96
2022-09-12,Store_2,SKU_2,84.83,8,0,0,0,20.96
2022-09-13,Store_2,SKU_2,82.85,6,0,0,0,20.96
2022-09-14,Store_2,SKU_2,82.1,6,0,0,0,20.96
2022-09-15,Store_2,SKU_2,95.89,7,1,0,0,20.96
2022-09-16,Store_2,SKU_2,104.38,8,0,0,0,20.96
2022-09-17,Store_2,SKU_2,87.42,6,0,0,0,20.96
2022-09-18,Store_2,SKU_2,49.35,4,0,0,0,20.96
2022-09-19,Store_2,SKU_2,90.86,7,0,0,0,20.96
2022-09-20,Store_2,SKU_2,70.66,5,0,0,0,20.96
2022-09-21,Store_2,SKU_2,71.52,7,0,0,0,20.96
2022-09-22,Store_2,SKU_2,76.1,7,0,0,0,20.96
2022-09-23,Store_2,SKU_2,91.48,7,0,0,0,20.96
2022-09-24,Store_2,SKU_2,100.72,7,0,0,0,20.96
2022-09-25,Store_2,SKU_2,56.85,4,0,0,0,20.96
2022-09-26,Store_2,SKU_2,78.21,8,0,0,0,20.96
2022-09-27,Store_2,SKU_2,79.71,5,0,0,0,20.96
2022-09-28,Store_2,SKU_2,90.99,10,0,0,0,20.96
2022-09-29,Store_2,SKU_2,82.51,10,0,0,0,20.96
2022-09-30,Store_2,SKU_2,91.11,8,0,0,0,20.96
2022-10-01,Store_2,SKU_2,91.0,10,0,0,0,20.96
2022-10-02,Store_2,SKU_2,45.22,4,0,0,0,20.96
2022-10-03,Store_2,SKU_2,73.18,7,0,0,0,20.96
2022-10-04,Store_2,SKU_2,65.35,5,0,0,0,20.96
2022-10-05,Store_2,SKU_2,93.09,9,1,0,0,20.96
2022-10-06,Store_2,SKU_2,78.92,7,0,0,0,20.96
2022-10-07,Store_2,SKU_2,82.84,8,0,0,0,20.96
2022-10-08,Store_2,SKU_2,93.8,11,0,0,0,20.96
2022-10-09,Store_2,SKU_2,44.76,3,0,0,0,20.96
2022-10-10,Store_2,SKU_2,75.55,7,0,0,0,20.96
2022-10-11,Store_2,SKU_2,75.66,5,0,0,0,20.96
2022-10-12,Store_2,SKU_2,65.99,6,0,0,0,20.96
2022-10-13,Store_2,SKU_2,69.15,6,0,0,0,20.96
2022-10-14,Store_2,SKU_2,74.96,8,0,0,0,20.96
2022-10-15,Store_2,SKU_2,99.22,8,0,0,0,20.96
2022-10-16,Store_2,SKU_2,36.41,3,0,0,0,20.96
2022-10-17,Store_2,SKU_2,91.36,11,0,0,0,20.96
2022-10-18,Store_2,SKU_2,67.09,5,0,0,0,20.96
2022-10-19,Store_2,SKU_2,64.8,7,0,0,0,20.96
2022-10-20,Store_2,SKU_2,72.68,7,0,0,0,20.96
2022-10-21,Store_2,SKU_2,78.38,6,0,0,0,20.96
2022-10-22,Store_2,SKU_2,96.87,11,0,0,0,20.96
2022-10-23,Store_2,SKU_2,47.86,4,0,0,0,20.96
2022-10-24,Store_2,SKU_2,71.58,8,0,0,0,20.96
2022-10-25,Store_2,SKU_2,67.98,7,0,0,0,20.96
2022-10-26,Store_2,SKU_2,61.77,7,0,0,0,20.96
2022-10-27,Store_2,SKU_2,97.11,11,1,0,0,20.96
2022-10-28,Store_2,SKU_2,81.53,8,0,0,0,20.96
2022-10-29,Store_2,SKU_2,91.32,8,0,0,0,20.96
2022-10-30,Store_2,SKU_2,36.45,3,0,0,0,20.96
2022-10-31,Store_2,SKU_2,110.6,9,1,0,0,20.96
2022-11-01,Store_2,SKU_2,58.14,5,0,0,0,20.96
2022-11-02,Store_2,SKU_2,59.51,5,0,0,0,20.96
2022-11-03,Store_2,SKU_2,74.13,7,0,0,0,20.96
2022-11-04,Store_2,SKU_2,82.02,8,0,0,0,20.96
2022-11-05,Store_2,SKU_2,101.08,12,0,0,0,20.96
2022-11-06,Store_2,SKU_2,53.85,3,1,0,0,20.96
2022-11-07,Store_2,SKU_2,68.64,6,0,0,0,20.96
2022-11-08,Store_2,SKU_2,65.3,5,0,0,0,20.96
2022-11-09,Store_2,SKU_2,57.84,4,0,0,0,20.96
2022-11-10,Store_2,SKU_2,65.28,5,0,0,0,20.96
2022-11-11,Store_2,SKU_2,73.74,6,0,0,0,20.96
2022-11-12,Store_2,SKU_2,81.02,8,0,0,0,20.96
2022-11-13,Store_2,SKU_2,39.43,3,0,0,0,20.96
2022-11-14,Store_2,SKU_2,100.38,10,1,0,0,20.96
2022-11-15,Store_2,SKU_2,61.71,4,0,0,0,20.96
2022-11-16,Store_2,SKU_2,70.31,7,0,0,0,20.96
2022-11-17,Store_2,SKU_2,70.72,5,0,0,0,20.96
2022-11-18,Store_2,SKU_2,84.83,6,0,0,0,20.96
2022-11-19,Store_2,SKU_2,86.21,8,0,0,0,20.96
2022-11-20,Store_2,SKU_2,45.88,4,0,0,0,20.96
2022-11-21,Store_2,SKU_2,66.14,7,0,0,0,20.96
2022-11-22,Store_2,SKU_2,64.36,7,0,0,0,20.96
2022-11-23,Store_2,SKU_2,69.96,5,0,0,0,20.96
2022-11-24,Store_2,SKU_2,62.56,5,0,0,0,20.96
2022-11-25,Store_2,SKU_2,67.58,5,0,0,0,20.96
2022-11-26,Store_2,SKU_2,114.93,10,1,0,0,20.96
2022-11-27,Store_2,SKU_2,42.93,4,0,0,0,20.96
2022-11-28,Store_2,SKU_2,62.57,5,0,0,0,20.96
2022-11-29,Store_2,SKU_2,70.85,6,0,0,0,20.96
2022-11-30,Store_2,SKU_2,68.2,7,0,0,0,20.96
2022-12-01,Store_2,SKU_2,68.21,7,0,0,0,20.96
2022-12-02,Store_2,SKU_2,66.04,4,0,0,0,20.96
2022-12-03,Store_2,SKU_2,76.21,5,0,0,0,20.96
2022-12-04,Store_2,SKU_2,39.38,3,0,0,0,20.96
2022-12-05,Store_2,SKU_2,71.49,5,0,0,0,20.96
2022-12-06,Store_2,SKU_2,77.65,6,1,0,0,20.96
2022-12-07,Store_2,SKU_2,66.25,4,0,0,0,20.96
2022-12-08,Store_2,SKU_2,67.58,5,0,0,0,20.96
2022-12-09,Store_2,SKU_2,81.23,9,0,0,0,20.96
2022-12-10,Store_2,SKU_2,73.19,8,0,0,0,20.96
2022-12-11,Store_2,SKU_2,43.78,3,0,0,0,20.96
2022-12-12,Store_2,SKU_2,61.28,5,0,0,0,20.96
2022-12-13,Store_2,SKU_2,67.14,7,0,0,0,20.96
2022-12-14,Store_2,SKU_2,60.8,4,0,0,0,20.96
2022-12-15,Store_2,SKU_2,66.06,4,0,0,0,20.96
2022-12-16,Store_2,SKU_2,77.78,5,0,0,0,20.96
2022-12-17,Store_2,SKU_2,74.92,9,0,0,0,20.96
2022-12-18,Store_2,SKU_2,41.26,3,0,0,0,20.96
2022-12-19,Store_2,SKU_2,59.47,4,0,0,0,20.96
2022-12-20,Store_2,SKU_2,67.97,8,0,0,0,20.96
2022-12-21,Store_2,SKU_2,70.82,5,0,0,0,20.96
2022-12-22,Store_2,SKU_2,81.1,9,1,0,0,20.96
2022-12-23,Store_2,SKU_2,73.14,7,0,0,0,20.96
2022-12-24,Store_2,SKU_2,75.97,5,0,0,0,20.96
2022-12-25,Store_2,SKU_2,14.7,1,0,a,0,20.96
2022-12-26,Store_2,SKU_2,24.57,2,0,a,0,20.96
2022-12-27,Store_2,SKU_2,78.19,8,1,0,0,20.96
2022-12-28,Store_2,SKU_2,72.91,5,0,0,0,20.96
2022-12-29,Store_2,SKU_2,56.13,6,0,0,0,20.96
2022-12-30,Store_2,SKU_2,77.9,8,0,0,0,20.96
2022-12-31,Store_2,SKU_2,73.49,6,0,0,0,20.96
2023-01-01,Store_2,SKU_2,14.7,1,0,a,0,20.96
2023-01-02,Store_2,SKU_2,93.7,6,1,0,0,20.96
2023-01-03,Store_2,SKU_2,64.81,7,0,0,0,20.96
2023-01-04,Store_2,SKU_2,62.64,4,0,0,0,20.96
2023-01-05,Store_2,SKU_2,67.42,7,0,0,0,20.96
2023-01-06,Store_2,SKU_2,78.37,6,0,0,0,20.96
2023-01-07,Store_2,SKU_2,120.52,12,1,0,0,20.96
2023-01-08,Store_2,SKU_2,41.32,3,0,0,0,20.96
2023-01-09,Store_2,SKU_2,97.68,7,1,0,0,20.96
2023-01-10,Store_2,SKU_2,57.93,5,0,0,0,20.96
2023-01-11,Store_2,SKU_2,64.35,7,0,0,0,20.96
2023-01-12,Store_2,SKU_2,98.46,10,1,0,0,20.96
2023-01-13,Store_2,SKU_2,78.92,9,0,0,0,20.96
2023-01-14,Store_2,SKU_2,84.73,8,0,0,0,20.96
2023-01-15,Store_2,SKU_2,37.11,3,0,0,0,20.96
2023-01-16,Store_2,SKU_2,67.68,7,0,0,0,20.96
2023-01-17,Store_2,SKU_2,60.23,5,0,0,0,20.96
2023-01-18,Store_2,SKU_2,61.94,6,0,0,0,20.96
2023-01-19,Store_2,SKU_2,67.56,7,0,0,0,20.96
2023-01-20,Store_2,SKU_2,65.23,5,0,0,0,20.96
2023-01-21,Store_2,SKU_2,94.65,7,0,0,0,20.96
2023-01-22,Store_2,SKU_2,38.87,2,0,0,0,20.96
2023-01-23,Store_2,SKU_2,68.53,8,0,0,0,20.96
2023-01-24,Store_2,SKU_2,88.74,6,1,0,0,20.96
2023-01-25,Store_2,SKU_2,62.38,5,0,0,0,20.96
2023-01-26,Store_2,SKU_2,60.66,6,0,0,0,20.96
2023-01-27,Store_2,SKU_2,76.9,8,0,0,0,20.96
2023-01-28,Store_2,SKU_2,86.11,9,0,0,0,20.96
2023-01-29,Store_2,SKU_2,39.36,3,0,0,0,20.96
2023-01-30,Store_2,SKU_2,65.07,4,0,0,0,20.96
2023-01-31,Store_2,SKU_2,62.43,5,0,0,0,20.96
2023-02-01,Store_2,SKU_2,77.57,7,0,0,0,20.96
2023-02-02,Store_2,SKU_2,81.7,9,0,0,0,20.96
2023-02-03,Store_2,SKU_2,77.22,6,0,0,0,20.96
2023-02-04,Store_2,SKU_2,107.03,10,0,0,0,20.96
2023-02-05,Store_2,SKU_2,51.1,3,0,0,0,20.96
2023-02-06,Store_2,SKU_2,71.55,5,0,0,0,20.96
2023-02-07,Store_2,SKU_2,95.41,8,1,0,0,20.96
2023-02-08,Store_2,SKU_2,68.52,8,0,0,0,20.96
2023-02-09,Store_2,SKU_2,82.75,6,0,0,0,20.96
2023-02-10,Store_2,SKU_2,86.82,7,0,0,0,20.96
2023-02-11,Store_2,SKU_2,107.67,11,0,0,0,20.96
2023-02-12,Store_2,SKU_2,48.9,5,0,0,0,20.96
2023-02-13,Store_2,SKU_2,67.89,7,0,0,0,20.96
2023-02-14,Store_2,SKU_2,69.14,5,0,0,0,20.96
2023-02-15,Store_2,SKU_2,57.27,4,0,0,0,20.96
2023-02-16,Store_2,SKU_2,70.97,5,0,0,0,20.96
2023-02-17,Store_2,SKU_2,76.69,6,0,0,0,20.96
2023-02-18,Store_2,SKU_2,91.17,9,0,0,0,20.96
2023-02-19,Store_2,SKU_2,39.96,3,0,0,0,20.96
2023-02-20,Store_2,SKU_2,108.39,12,1,0,0,20.96
2023-02-21,Store_2,SKU_2,73.81,5,0,0,0,20.96
2023-02-22,Store_2,SKU_2,76.66,6,0,0,0,20.96
2023-02-23,Store_2,SKU_2,78.43,7,0,0,0,20.96
2023-02-24,Store_2,SKU_2,74.68,7,0,0,0,20.96
2023-02-25,Store_2,SKU_2,105.7,8,0,0,0,20.96
2023-02-26,Store_2,SKU_2,45.57,3,0,0,0,20.96
2023-02-27,Store_2,SKU_2,70.44,5,0,0,0,20.96
2023-02-28,Store_2,SKU_2,77.15,9,0,0,0,20.96
2023-03-01,Store_2,SKU_2,82.46,9,0,0,0,20.96
2023-03-02,Store_2,SKU_2,113.84,11,1,0,0,20.96
2023-03-03,Store_2,SKU_2,94.22,9,0,0,0,20.96
2023-03-04,Store_2,SKU_2,116.26,9,0,0,0,20.96
2023-03-05,Store_2,SKU_2,51.44,4,0,0,0,20.96
2023-03-06,Store_2,SKU_2,75.8,9,0,0,0,20.96
2023-03-07,Store_2,SKU_2,81.48,9,0,0,0,20.96
2023-03-08,Store_2,SKU_2,84.06,6,0,0,0,20.96
2023-03-09,Store_2,SKU_2,88.09,7,0,0,0,20.96
2023-03-10,Store_2,SKU_2,87.54,6,0,0,0,20.96
2023-03-11,Store_2,SKU_2,106.72,10,0,0,0,20.96
2023-03-12,Store_2,SKU_2,50.05,4,0,0,0,20.96
2023-03-13,Store_2,SKU_2,86.95,6,0,0,0,20.96
2023-03-14,Store_2,SKU_2,82.88,7,0,0,0,20.96
2023-03-15,Store_2,SKU_2,74.95,5,0,0,0,20.96
2023-03-16,Store_2,SKU_2,98.13,7,0,0,0,20.96
2023-03-17,Store_2,SKU_2,97.49,11,0,0,0,20.96
2023-03-18,Store_2,SKU_2,162.32,15,1,0,0,20.96
2023-03-19,Store_2,SKU_2,50.7,3,0,0,0,20.96
2023-03-20,Store_2,SKU_2,86.43,6,0,0,0,20.96
2023-03-21,Store_2,SKU_2,73.82,7,0,0,0,20.96
2023-03-22,Store_2,SKU_2,84.24,6,0,0,0,20.96
2023-03-23,Store_2,SKU_2,89.83,9,0,0,0,20.96
2023-03-24,Store_2,SKU_2,122.67,11,1,0,0,20.96
2023-03-25,Store_2,SKU_2,150.36,12,1,0,0,20.96
2023-03-26,Store_2,SKU_2,49.9,5,0,0,0,20.96
2023-03-27,Store_2,SKU_2,93.47,10,0,0,0,20.96
2023-03-28,Store_2,SKU_2,94.96,9,0,0,0,20.96
2023-03-29,Store_2,SKU_2,132.46,15,1,0,0,20.96
2023-03-30,Store_2,SKU_2,91.29,9,0,0,0,20.96
2023-03-31,Store_2,SKU_2,110.98,9,1,0,0,20.96
2023-04-01,Store_2,SKU_2,124.32,9,0,0,0,20.96
2023-04-02,Store_2,SKU_2,86.17,6,1,0,0,20.96
2023-04-03,Store_2,SKU_2,135.81,12,1,0,0,20.96
2023-04-04,Store_2,SKU_2,126.29,12,1,0,0,20.96
2023-04-05,Store_2,SKU_2,97.47,8,0,0,0,20.96
2023-04-06,Store_2,SKU_2,109.87,10,0,0,0,20.96
2023-04-07,Store_2,SKU_2,108.94,10,0,0,0,20.96
2023-04-08,Store_2,SKU_2,119.17,10,0,0,0,20.96
2023-04-09,Store_2,SKU_2,68.96,5,0,0,0,20.96
2023-04-10,Store_2,SKU_2,96.38,7,0,0,0,20.96
2023-04-11,Store_2,SKU_2,132.89,11,1,0,0,20.96
2023-04-12,Store_2,SKU_2,95.68,9,0,0,0,20.96
2023-04-13,Store_2,SKU_2,85.5,8,0,0,0,20.96
2023-04-14,Store_2,SKU_2,101.23,11,0,0,0,20.96
2023-04-15,Store_2,SKU_2,121.41,9,0,0,0,20.96
2023-04-16,Store_2,SKU_2,53.9,4,0,0,0,20.96
2023-04-17,Store_2,SKU_2,102.06,7,0,0,0,20.96
2023-04-18,Store_2,SKU_2,98.83,9,0,0,0,20.96
2023-04-19,Store_2,SKU_2,92.66,8,0,0,0,20.96
2023-04-20,Store_2,SKU_2,98.68,11,0,0,0,20.96
2023-04-21,Store_2,SKU_2,105.11,11,0,0,0,20.96
2023-04-22,Store_2,SKU_2,119.53,9,0,0,0,20.96
2023-04-23,Store_2,SKU_2,64.63,7,0,0,0,20.96
2023-04-24,Store_2,SKU_2,97.8,7,0,0,0,20.96
2023-04-25,Store_2,SKU_2,124.23,11,1,0,0,20.96
2023-04-26,Store_2,SKU_2,90.78,7,0,0,0,20.96
2023-04-27,Store_2,SKU_2,98.88,7,0,0,0,20.96
2023-04-28,Store_2,SKU_2,104.92,10,0,0,0,20.96
2023-04-29,Store_2,SKU_2,117.39,14,0,0,0,20.96
2023-04-30,Store_2,SKU_2,55.94,4,0,0,0,20.96
2023-05-01,Store_2,SKU_2,108.11,8,0,0,0,20.96
2023-05-02,Store_2,SKU_2,148.99,12,1,0,0,20.96
2023-05-03,Store_2,SKU_2,98.03,7,0,0,0,20.96
2023-05-04,Store_2,SKU_2,98.43,9,0,0,0,20.96
2023-05-05,Store_2,SKU_2,147.28,17,1,0,0,20.96
2023-05-06,Store_2,SKU_2,145.03,10,0,0,0,20.96
2023-05-07,Store_2,SKU_2,73.72,7,0,0,0,20.96
2023-05-08,Store_2,SKU_2,140.02,11,1,0,0,20.96
2023-05-09,Store_2,SKU_2,103.06,7,0,0,0,20.96
2023-05-10,Store_2,SKU_2,129.83,15,1,0,0,20.96
2023-05-11,Store_2,SKU_2,108.21,8,0,0,0,20.96
2023-05-12,Store_2,SKU_2,159.79,12,1,0,0,20.96
2023-05-13,Store_2,SKU_2,119.83,11,0,0,0,20.96
2023-05-14,Store_2,SKU_2,87.41,7,1,0,0,20.96
2023-05-15,Store_2,SKU_2,112.62,13,0,0,0,20.96
2023-05-16,Store_2,SKU_2,95.41,8,0,0,0,20.96
2023-05-17,Store_2,SKU_2,100.87,9,0,0,0,20.96
2023-05-18,Store_2,SKU_2,106.19,9,0,0,0,20.96
2023-05-19,Store_2,SKU_2,112.65,10,0,0,0,20.96
2023-05-20,Store_2,SKU_2,130.88,15,0,0,0,20.96
2023-05-21,Store_2,SKU_2,76.32,6,0,0,0,20.96
2023-05-22,Store_2,SKU_2,113.87,10,0,0,0,20.96
2023-05-23,Store_2,SKU_2,159.99,13,1,0,0,20.96
2023-05-24,Store_2,SKU_2,144.78,17,1,0,0,20.96
2023-05-25,Store_2,SKU_2,106.26,10,0,0,0,20.96
2023-05-26,Store_2,SKU_2,106.01,11,0,0,0,20.96
2023-05-27,Store_2,SKU_2,146.88,15,0,0,0,20.96
2023-05-28,Store_2,SKU_2,63.2,6,0,0,0,20.96
2023-05-29,Store_2,SKU_2,98.66,9,0,0,0,20.96
2023-05-30,Store_2,SKU_2,90.55,8,0,0,0,20.96
2023-05-31,Store_2,SKU_2,91.93,8,0,0,0,20.96
2023-06-01,Store_2,SKU_2,110.81,11,0,0,0,20.96
2023-06-02,Store_2,SKU_2,115.65,9,0,0,0,20.96
2023-06-03,Store_2,SKU_2,142.8,12,0,0,0,20.96
2023-06-04,Store_2,SKU_2,65.8,7,0,0,0,20.96
2023-06-05,Store_2,SKU_2,107.98,8,0,0,0,20.96
2023-06-06,Store_2,SKU_2,108.15,8,0,0,0,20.96
2023-06-07,Store_2,SKU_2,108.06,8,0,0,0,20.96
2023-06-08,Store_2,SKU_2,113.62,10,0,0,0,20.96
2023-06-09,Store_2,SKU_2,110.17,10,0,0,0,20.96
2023-06-10,Store_2,SKU_2,200.69,20,1,0,0,20.96
2023-06-11,Store_2,SKU_2,71.6,6,0,0,0,20.96
2023-06-12,Store_2,SKU_2,121.55,10,0,0,0,20.96
2023-06-13,Store_2,SKU_2,125.73,14,0,0,0,20.96
2023-06-14,Store_2,SKU_2,104.28,9,0,0,0,20.96
2023-06-15,Store_2,SKU_2,104.95,8,0,0,0,20.96
2023-06-16,Store_2,SKU_2,126.85,10,0,0,0,20.96
2023-06-17,Store_2,SKU_2,151.31,13,1,0,0,20.96
2023-06-18,Store_2,SKU_2,65.41,7,0,0,0,20.96
2023-06-19,Store_2,SKU_2,104.87,10,0,0,0,20.96
2023-06-20,Store_2,SKU_2,104.13,8,0,0,0,20.96
2023-06-21,Store_2,SKU_2,106.42,11,0,0,0,20.96
2023-06-22,Store_2,SKU_2,156.39,13,1,0,0,20.96
2023-06-23,Store_2,SKU_2,135.97,13,0,0,0,20.96
2023-06-24,Store_2,SKU_2,124.27,10,0,0,0,20.96
2023-06-25,Store_2,SKU_2,67.47,6,0,0,0,20.96
2023-06-26,Store_2,SKU_2,119.86,13,0,0,0,20.96
2023-06-27,Store_2,SKU_2,88.81,7,0,0,0,20.96
2023-06-28,Store_2,SKU_2,96.66,10,0,0,0,20.96
2023-06-29,Store_2,SKU_2,92.99,7,0,0,0,20.96
2023-06-30,Store_2,SKU_2,122.57,8,0,0,0,20.96
2023-07-01,Store_2,SKU_2,134.26,16,0,0,1,20.96
2023-07-02,Store_2,SKU_2,65.32,4,0,0,0,20.96
2023-07-03,Store_2,SKU_2,97.07,9,0,0,0,20.96
2023-07-04,Store_2,SKU_2,98.94,9,0,0,0,20.96
2023-07-05,Store_2,SKU_2,97.4,9,0,0,1,20.96
2023-07-06,Store_2,SKU_2,103.18,8,0,0,0,20.96
2023-07-07,Store_2,SKU_2,113.4,11,0,0,0,20.96
2023-07-08,Store_2,SKU_2,128.34,11,0,0,0,20.96
2023-07-09,Store_2,SKU_2,73.51,7,0,0,1,20.96
2023-07-10,Store_2,SKU_2,170.14,14,1,0,0,20.96
2023-07-11,Store_2,SKU_2,96.82,10,0,0,1,20.96
2023-07-12,Store_2,SKU_2,137.62,13,1,0,0,20.96
2023-07-13,Store_2,SKU_2,108.05,8,0,0,1,20.96
2023-07-14,Store_2,SKU_2,119.24,13,0,0,0,20.96
2023-07-15,Store_2,SKU_2,132.19,9,0,0,1,20.96
2023-07-16,Store_2,SKU_2,63.12,6,0,0,1,20.96
2023-07-17,Store_2,SKU_2,104.16,11,0,0,1,20.96
2023-07-18,Store_2,SKU_2,101.09,10,0,0,0,20.96
2023-07-19,Store_2,SKU_2,97.99,8,0,0,0,20.96
2023-07-20,Store_2,SKU_2,106.8,11,0,0,0,20.96
2023-07-21,Store_2,SKU_2,134.7,13,0,0,0,20.96
2023-07-22,Store_2,SKU_2,131.6,13,0,0,0,20.96
2023-07-23,Store_2,SKU_2,68.46,6,0,0,0,20.96
2023-07-24,Store_2,SKU_2,133.35,16,1,0,0,20.96
2023-07-25,Store_2,SKU_2,105.83,7,0,0,0,20.96
2023-07-26,Store_2,SKU_2,104.81,11,0,0,1,20.96
2023-07-27,Store_2,SKU_2,116.75,9,0,0,0,20.96
2023-07-28,Store_2,SKU_2,115.53,8,0,0,0,20.96
2023-07-29,Store_2,SKU_2,118.42,11,0,0,1,20.96
2023-07-30,Store_2,SKU_2,64.22,7,0,0,0,20.96
2023-07-31,Store_2,SKU_2,101.03,7,0,0,0,20.96
2023-08-01,Store_2,SKU_2,96.75,9,0,0,0,20.96
2023-08-02,Store_2,SKU_2,95.8,7,0,0,0,20.96
2023-08-03,Store_2,SKU_2,94.26,7,0,0,0,20.96
2023-08-04,Store_2,SKU_2,118.58,13,0,0,1,20.96
2023-08-05,Store_2,SKU_2,114.32,10,0,0,0,20.96
2023-08-06,Store_2,SKU_2,53.0,6,0,0,1,20.96
2023-08-07,Store_2,SKU_2,93.54,7,0,0,1,20.96
2023-08-08,Store_2,SKU_2,91.35,8,0,0,0,20.96
2023-08-09,Store_2,SKU_2,87.74,8,0,0,0,20.96
2023-08-10,Store_2,SKU_2,120.78,13,1,0,1,20.96
2023-08-11,Store_2,SKU_2,113.72,10,0,0,1,20.96
2023-08-12,Store_2,SKU_2,129.76,13,0,0,0,20.96
2023-08-13,Store_2,SKU_2,63.71,7,0,0,0,20.96
2023-08-14,Store_2,SKU_2,107.7,8,0,0,0,20.96
2023-08-15,Store_2,SKU_2,96.93,7,0,0,1,20.96
2023-08-16,Store_2,SKU_2,97.33,8,0,0,0,20.96
2023-08-17,Store_2,SKU_2,106.09,10,0,0,1,20.96
2023-08-18,Store_2,SKU_2,107.4,8,0,0,1,20.96
2023-08-19,Store_2,SKU_2,137.79,13,0,0,0,20.96
2023-08-20,Store_2,SKU_2,78.54,9,1,0,0,20.96
2023-08-21,Store_2,SKU_2,134.88,11,1,0,1,20.96
2023-08-22,Store_2,SKU_2,109.13,9,0,0,0,20.96
2023-08-23,Store_2,SKU_2,78.84,6,0,0,0,20.96
2023-08-24,Store_2,SKU_2,92.63,7,0,0,0,20.96
2023-08-25,Store_2,SKU_2,114.71,10,0,0,1,20.96
2023-08-26,Store_2,SKU_2,184.24,18,1,0,0,20.96
2023-08-27,Store_2,SKU_2,57.12,7,0,0,0,20.96
2023-08-28,Store_2,SKU_2,96.95,8,0,0,1,20.96
2023-08-29,Store_2,SKU_2,132.3,14,1,0,0,20.96
2023-08-30,Store_2,SKU_2,99.67,7,0,0,1,20.96
2023-08-31,Store_2,SKU_2,113.22,8,0,0,0,20.96
2023-09-01,Store_2,SKU_2,92.72,10,0,0,0,20.96
2023-09-02,Store_2,SKU_2,97.94,8,0,0,0,20.96
2023-09-03,Store_2,SKU_2,50.05,6,0,0,0,20.96
2023-09-04,Store_2,SKU_2,87.8,10,0,0,0,20.96
2023-09-05,Store_2,SKU_2,75.93,6,0,0,0,20.96
2023-09-06,Store_2,SKU_2,88.78,9,0,0,0,20.96
2023-09-07,Store_2,SKU_2,114.48,8,1,0,0,20.96
2023-09-08,Store_2,SKU_2,87.39,7,0,0,0,20.96
2023-09-09,Store_2,SKU_2,115.92,14,0,0,0,20.96
2023-09-10,Store_2,SKU_2,46.77,5,0,0,0,20.96
2023-09-11,Store_2,SKU_2,86.92,7,0,0,0,20.96
2023-09-12,Store_2,SKU_2,87.61,6,0,0,0,20.96
2023-09-13,Store_2,SKU_2,91.24,7,0,0,0,20.96
2023-09-14,Store_2,SKU_2,84.48,9,0,0,0,20.96
2023-09-15,Store_2,SKU_2,99.9,10,0,0,0,20.96
2023-09-16,Store_2,SKU_2,119.03,13,0,0,0,20.96
2023-09-17,Store_2,SKU_2,56.89,6,0,0,0,20.96
2023-09-18,Store_2,SKU_2,88.48,10,0,0,0,20.96
2023-09-19,Store_2,SKU_2,94.82,8,0,0,0,20.96
2023-09-20,Store_2,SKU_2,78.58,6,0,0,0,20.96
2023-09-21,Store_2,SKU_2,94.67,9,0,0,0,20.96
2023-09-22,Store_2,SKU_2,76.48,5,0,0,0,20.96
2023-09-23,Store_2,SKU_2,85.61,8,0,0,0,20.96
2023-09-24,Store_2,SKU_2,50.68,4,0,0,0,20.96
2023-09-25,Store_2,SKU_2,137.53,13,1,0,0,20.96
2023-09-26,Store_2,SKU_2,92.85,7,0,0,0,20.96
2023-09-27,Store_2,SKU_2,83.62,10,0,0,0,20.96
2023-09-28,Store_2,SKU_2,94.21,6,0,0,0,20.96
2023-09-29,Store_2,SKU_2,96.47,10,0,0,0,20.96
2023-09-30,Store_2,SKU_2,98.75,7,0,0,0,20.96
2023-10-01,Store_2,SKU_2,42.67,3,0,0,0,20.96
2023-10-02,Store_2,SKU_2,69.23,8,0,0,0,20.96
2023-10-03,Store_2,SKU_2,103.93,7,1,0,0,20.96
2023-10-04,Store_2,SKU_2,73.94,7,0,0,0,20.96
2023-10-05,Store_2,SKU_2,76.41,9,0,0,0,20.96
2023-10-06,Store_2,SKU_2,87.23,6,0,0,0,20.96
2023-10-07,Store_2,SKU_2,100.11,8,0,0,0,20.96
2023-10-08,Store_2,SKU_2,48.27,4,0,0,0,20.96
2023-10-09,Store_2,SKU_2,80.26,9,0,0,0,20.96
2023-10-10,Store_2,SKU_2,73.67,8,0,0,0,20.96
2023-10-11,Store_2,SKU_2,111.68,11,1,0,0,20.96
2023-10-12,Store_2,SKU_2,85.94,8,0,0,0,20.96
2023-10-13,Store_2,SKU_2,125.9,9,1,0,0,20.96
2023-10-14,Store_2,SKU_2,150.06,16,1,0,0,20.96
2023-10-15,Store_2,SKU_2,50.18,5,0,0,0,20.96
2023-10-16,Store_2,SKU_2,70.35,7,0,0,0,20.96
2023-10-17,Store_2,SKU_2,77.49,8,0,0,0,20.96
2023-10-18,Store_2,SKU_2,82.76,6,0,0,0,20.96
2023-10-19,Store_2,SKU_2,86.51,7,0,0,0,20.96
2023-10-20,Store_2,SKU_2,90.6,10,0,0,0,20.96
2023-10-21,Store_2,SKU_2,138.03,11,1,0,0,20.96
2023-10-22,Store_2,SKU_2,49.99,4,0,0,0,20.96
2023-10-23,Store_2,SKU_2,60.22,5,0,0,0,20.96
2023-10-24,Store_2,SKU_2,74.04,6,0,0,0,20.96
2023-10-25,Store_2,SKU_2,71.86,6,0,0,0,20.96
2023-10-26,Store_2,SKU_2,82.0,6,0,0,0,20.96
2023-10-27,Store_2,SKU_2,129.61,13,1,0,0,20.96
2023-10-28,Store_2,SKU_2,97.47,9,0,0,0,20.96
2023-10-29,Store_2,SKU_2,47.73,4,0,0,0,20.96
2023-10-30,Store_2,SKU_2,69.27,5,0,0,0,20.96
2023-10-31,Store_2,SKU_2,120.14,11,1,0,0,20.96
2023-11-01,Store_2,SKU_2,68.22,6,0,0,0,20.96
2023-11-02,Store_2,SKU_2,69.74,8,0,0,0,20.96
2023-11-03,Store_2,SKU_2,75.18,5,0,0,0,20.96
2023-11-04,Store_2,SKU_2,94.21,9,0,0,0,20.96
2023-11-05,Store_2,SKU_2,40.69,4,0,0,0,20.96
2023-11-06,Store_2,SKU_2,102.72,8,1,0,0,20.96
2023-11-07,Store_2,SKU_2,65.66,6,0,0,0,20.96
2023-11-08,Store_2,SKU_2,81.69,8,0,0,0,20.96
2023-11-09,Store_2,SKU_2,90.83,9,1,0,0,20.96
2023-11-10,Store_2,SKU_2,64.66,6,0,0,0,20.96
2023-11-11,Store_2,SKU_2,87.55,7,0,0,0,20.96
2023-11-12,Store_2,SKU_2,39.48,3,0,0,0,20.96
2023-11-13,Store_2,SKU_2,73.71,5,0,0,0,20.96
2023-11-14,Store_2,SKU_2,58.02,5,0,0,0,20.96
2023-11-15,Store_2,SKU_2,71.29,5,0,0,0,20.96
2023-11-16,Store_2,SKU_2,69.81,5,0,0,0,20.96
2023-11-17,Store_2,SKU_2,59.42,4,0,0,0,20.96
2023-11-18,Store_2,SKU_2,86.66,10,0,0,0,20.96
2023-11-19,Store_2,SKU_2,42.79,4,0,0,0,20.96
2023-11-20,Store_2,SKU_2,67.51,7,0,0,0,20.96
2023-11-21,Store_2,SKU_2,64.0,6,0,0,0,20.96
2023-11-22,Store_2,SKU_2,65.64,5,0,0,0,20.96
2023-11-23,Store_2,SKU_2,71.37,6,0,0,0,20.96
2023-11-24,Store_2,SKU_2,79.56,6,0,0,0,20.96
2023-11-25,Store_2,SKU_2,89.56,6,0,0,0,20.96
2023-11-26,Store_2,SKU_2,36.37,3,0,0,0,20.96
2023-11-27,Store_2,SKU_2,73.93,5,0,0,0,20.96
2023-11-28,Store_2,SKU_2,86.49,9,1,0,0,20.96
2023-11-29,Store_2,SKU_2,60.39,4,0,0,0,20.96
2023-11-30,Store_2,SKU_2,83.16,6,0,0,0,20.96
2023-12-01,Store_2,SKU_2,76.94,7,0,0,0,20.96
2023-12-02,Store_2,SKU_2,77.53,6,0,0,0,20.96
2023-12-03,Store_2,SKU_2,44.87,3,0,0,0,20.96
2023-12-04,Store_2,SKU_2,102.75,8,1,0,0,20.96
2023-12-05,Store_2,SKU_2,66.64,7,0,0,0,20.96
2023-12-06,Store_2,SKU_2,71.2,5,0,0,0,20.96
2023-12-07,Store_2,SKU_2,64.26,6,0,0,0,20.96
2023-12-08,Store_2,SKU_2,74.54,8,0,0,0,20.96
2023-12-09,Store_2,SKU_2,88.7,9,0,0,0,20.96
2023-12-10,Store_2,SKU_2,37.49,3,0,0,0,20.96
2023-12-11,Store_2,SKU_2,70.77,7,0,0,0,20.96
2023-12-12,Store_2,SKU_2,89.76,8,1,0,0,20.96
2023-12-13,Store_2,SKU_2,71.97,5,0,0,0,20.96
2023-12-14,Store_2,SKU_2,73.4,7,0,0,0,20.96
2023-12-15,Store_2,SKU_2,102.28,8,1,0,0,20.96
2023-12-16,Store_2,SKU_2,91.82,6,0,0,0,20.96
2023-12-17,Store_2,SKU_2,43.14,3,0,0,0,20.96
2023-12-18,Store_2,SKU_2,72.32,5,0,0,0,20.96
2023-12-19,Store_2,SKU_2,60.93,5,0,0,0,20.96
2023-12-20,Store_2,SKU_2,86.87,7,1,0,0,20.96
2023-12-21,Store_2,SKU_2,71.64,6,0,0,0,20.96
2023-12-22,Store_2,SKU_2,75.83,5,0,0,0,20.96
2023-12-23,Store_2,SKU_2,115.99,8,1,0,0,20.96
2023-12-24,Store_2,SKU_2,54.8,4,1,0,0,20.96
2023-12-25,Store_2,SKU_2,27.97,2,0,a,0,20.96
2023-12-26,Store_2,SKU_2,27.25,2,0,a,0,20.96
2023-12-27,Store_2,SKU_2,71.06,8,0,0,0,20.96
2023-12-28,Store_2,SKU_2,61.48,7,0,0,0,20.96
2023-12-29,Store_2,SKU_2,75.45,5,0,0,0,20.96
2023-12-30,Store_2,SKU_2,134.8,11,1,0,0,20.96
2023-12-31,Store_2,SKU_2,61.36,7,1,0,0,20.96
2024-01-01,Store_2,SKU_2,27.59,2,0,a,0,20.96
2024-01-02,Store_2,SKU_2,68.56,6,0,0,0,20.96
2024-01-03,Store_2,SKU_2,64.43,5,0,0,0,20.96
2024-01-04,Store_2,SKU_2,79.46,6,0,0,0,20.96
2024-01-05,Store_2,SKU_2,82.12,6,0,0,0,20.96
2024-01-06,Store_2,SKU_2,140.01,12,1,0,0,20.96
2024-01-07,Store_2,SKU_2,45.65,4,0,0,0,20.96
2024-01-08,Store_2,SKU_2,61.38,6,0,0,0,20.96
2024-01-09,Store_2,SKU_2,59.99,5,0,0,0,20.96
2024-01-10,Store_2,SKU_2,64.81,8,0,0,0,20.96
2024-01-11,Store_2,SKU_2,73.27,6,0,0,0,20.96
2024-01-12,Store_2,SKU_2,73.99,5,0,0,0,20.96
2024-01-13,Store_2,SKU_2,90.65,7,0,0,0,20.96
2024-01-14,Store_2,SKU_2,61.69,5,1,0,0,20.96
2024-01-15,Store_2,SKU_2,67.97,6,0,0,0,20.96
2024-01-16,Store_2,SKU_2,79.25,5,0,0,0,20.96
2024-01-17,Store_2,SKU_2,98.82,9,1,0,0,20.96
2024-01-18,Store_2,SKU_2,79.32,7,0,0,0,20.96
2024-01-19,Store_2,SKU_2,81.11,6,0,0,0,20.96
2024-01-20,Store_2,SKU_2,99.16,9,0,0,0,20.96
2024-01-21,Store_2,SKU_2,45.48,5,0,0,0,20.96
2024-01-22,Store_2,SKU_2,66.28,5,0,0,0,20.96
2024-01-23,Store_2,SKU_2,96.66,8,1,0,0,20.96
2024-01-24,Store_2,SKU_2,61.3,6,0,0,0,20.96
2024-01-25,Store_2,SKU_2,102.56,9,1,0,0,20.96
2024-01-26,Store_2,SKU_2,113.91,13,1,0,0,20.96
2024-01-27,Store_2,SKU_2,88.25,7,0,0,0,20.96
2024-01-28,Store_2,SKU_2,54.79,5,1,0,0,20.96
2024-01-29,Store_2,SKU_2,65.21,6,0,0,0,20.96
2024-01-30,Store_2,SKU_2,60.29,6,0,0,0,20.96
2024-01-31,Store_2,SKU_2,92.09,9,1,0,0,20.96
2024-02-01,Store_2,SKU_2,95.62,8,0,0,0,20.96
2024-02-02,Store_2,SKU_2,85.7,10,0,0,0,20.96
2024-02-03,Store_2,SKU_2,92.8,9,0,0,0,20.96
2024-02-04,Store_2,SKU_2,45.83,5,0,0,0,20.96
2024-02-05,Store_2,SKU_2,72.64,5,0,0,0,20.96
2024-02-06,Store_2,SKU_2,67.42,6,0,0,0,20.96
2024-02-07,Store_2,SKU_2,84.47,6,0,0,0,20.96
2024-02-08,Store_2,SKU_2,74.83,7,0,0,0,20.96
2024-02-09,Store_2,SKU_2,83.65,6,0,0,0,20.96
2024-02-10,Store_2,SKU_2,155.99,18,1,0,0,20.96
2024-02-11,Store_2,SKU_2,48.86,3,0,0,0,20.96
2024-02-12,Store_2,SKU_2,113.05,8,1,0,0,20.96
2024-02-13,Store_2,SKU_2,81.27,7,0,0,0,20.96
2024-02-14,Store_2,SKU_2,64.97,5,0,0,0,20.96
2024-02-15,Store_2,SKU_2,111.19,11,1,0,0,20.96
2024-02-16,Store_2,SKU_2,79.41,9,0,0,0,20.96
2024-02-17,Store_2,SKU_2,146.5,14,1,0,0,20.96
2024-02-18,Store_2,SKU_2,42.41,4,0,0,0,20.96
2024-02-19,Store_2,SKU_2,80.97,7,0,0,0,20.96
2024-02-20,Store_2,SKU_2,77.93,6,0,0,0,20.96
2024-02-21,Store_2,SKU_2,89.56,6,0,0,0,20.96
2024-02-22,Store_2,SKU_2,75.13,6,0,0,0,20.96
2024-02-23,Store_2,SKU_2,115.2,14,1,0,0,20.96
2024-02-24,Store_2,SKU_2,101.87,9,0,0,0,20.96
2024-02-25,Store_2,SKU_2,55.14,4,0,0,0,20.96
2024-02-26,Store_2,SKU_2,78.83,5,0,0,0,20.96
2024-02-27,Store_2,SKU_2,68.24,5,0,0,0,20.96
2024-02-28,Store_2,SKU_2,78.38,5,0,0,0,20.96
2024-02-29,Store_2,SKU_2,80.02,6,0,0,0,20.96
2024-03-01,Store_2,SKU_2,105.23,13,0,0,0,20.96
2024-03-02,Store_2,SKU_2,103.0,7,0,0,0,20.96
2024-03-03,Store_2,SKU_2,56.22,4,0,0,0,20.96
2024-03-04,Store_2,SKU_2,98.51,11,0,0,0,20.96
2024-03-05,Store_2,SKU_2,78.11,7,0,0,0,20.96
2024-03-06,Store_2,SKU_2,87.03,9,0,0,0,20.96
2024-03-07,Store_2,SKU_2,82.36,5,0,0,0,20.96
2024-03-08,Store_2,SKU_2,95.75,11,0,0,0,20.96
2024-03-09,Store_2,SKU_2,117.26,9,0,0,0,20.96
2024-03-10,Store_2,SKU_2,50.92,3,0,0,0,20.96
2024-03-11,Store_2,SKU_2,128.97,11,1,0,0,20.96
2024-03-12,Store_2,SKU_2,131.86,9,1,0,0,20.96
2024-03-13,Store_2,SKU_2,88.54,7,0,0,0,20.96
2024-03-14,Store_2,SKU_2,108.1,9,1,0,0,20.96
2024-03-15,Store_2,SKU_2,152.49,13,1,0,0,20.96
2024-03-16,Store_2,SKU_2,161.09,16,1,0,0,20.96
2024-03-17,Store_2,SKU_2,55.3,4,0,0,0,20.96
2024-03-18,Store_2,SKU_2,85.19,9,0,0,0,20.96
2024-03-19,Store_2,SKU_2,96.35,8,0,0,0,20.96
2024-03-20,Store_2,SKU_2,118.84,9,1,0,0,20.96
2024-03-21,Store_2,SKU_2,90.5,8,0,0,0,20.96
2024-03-22,Store_2,SKU_2,109.24,7,0,0,0,20.96
2024-03-23,Store_2,SKU_2,122.78,12,0,0,0,20.96
2024-03-24,Store_2,SKU_2,55.17,5,0,0,0,20.96
2024-03-25,Store_2,SKU_2,85.77,6,0,0,0,20.96
2024-03-26,Store_2,SKU_2,99.22,7,0,0,0,20.96
2024-03-27,Store_2,SKU_2,95.4,7,0,0,0,20.96
2024-03-28,Store_2,SKU_2,92.23,7,0,0,0,20.96
2024-03-29,Store_2,SKU_2,94.15,10,0,0,0,20.96
2024-03-30,Store_2,SKU_2,113.02,10,0,0,0,20.96
2024-03-31,Store_2,SKU_2,56.42,6,0,0,0,20.96
2024-04-01,Store_2,SKU_2,106.6,10,0,0,0,20.96
2024-04-02,Store_2,SKU_2,111.56,12,0,0,0,20.96
2024-04-03,Store_2,SKU_2,99.69,10,0,0,0,20.96
2024-04-04,Store_2,SKU_2,111.72,8,0,0,0,20.96
2024-04-05,Store_2,SKU_2,183.11,13,1,0,0,20.96
2024-04-06,Store_2,SKU_2,158.16,16,1,0,0,20.96
2024-04-07,Store_2,SKU_2,58.7,6,0,0,0,20.96
2024-04-08,Store_2,SKU_2,157.06,11,1,0,0,20.96
2024-04-09,Store_2,SKU_2,101.4,12,0,0,0,20.96
2024-04-10,Store_2,SKU_2,93.24,8,0,0,0,20.96
2024-04-11,Store_2,SKU_2,112.12,8,0,0,0,20.96
2024-04-12,Store_2,SKU_2,121.08,14,0,0,0,20.96
2024-04-13,Store_2,SKU_2,135.86,11,0,0,0,20.96
2024-04-14,Store_2,SKU_2,60.99,6,0,0,0,20.96
2024-04-15,Store_2,SKU_2,131.99,9,1,0,0,20.96
2024-04-16,Store_2,SKU_2,103.1,8,0,0,0,20.96
2024-04-17,Store_2,SKU_2,94.24,10,0,0,0,20.96
2024-04-18,Store_2,SKU_2,104.72,10,0,0,0,20.96
2024-04-19,Store_2,SKU_2,112.1,8,0,0,0,20.96
2024-04-20,Store_2,SKU_2,137.89,11,0,0,0,20.96
2024-04-21,Store_2,SKU_2,71.55,6,0,0,0,20.96
2024-04-22,Store_2,SKU_2,144.27,12,1,0,0,20.96
2024-04-23,Store_2,SKU_2,92.38,7,0,0,0,20.96
2024-04-24,Store_2,SKU_2,94.41,9,0,0,0,20.96
2024-04-25,Store_2,SKU_2,99.52,11,0,0,0,20.96
2024-04-26,Store_2,SKU_2,102.32,11,0,0,0,20.96
2024-04-27,Store_2,SKU_2,122.47,9,0,0,0,20.96
2024-04-28,Store_2,SKU_2,56.73,4,0,0,0,20.96
2024-04-29,Store_2,SKU_2,110.58,12,0,0,0,20.96
2024-04-30,Store_2,SKU_2,97.22,8,0,0,0,20.96
2024-05-01,Store_2,SKU_2,104.37,10,0,0,0,20.96
2024-05-02,Store_2,SKU_2,117.42,12,0,0,0,20.96
2024-05-03,Store_2,SKU_2,121.27,12,0,0,0,20.96
2024-05-04,Store_2,SKU_2,181.91,19,1,0,0,20.96
2024-05-05,Store_2,SKU_2,72.01,6,0,0,0,20.96
2024-05-06,Store_2,SKU_2,108.87,11,0,0,0,20.96
2024-05-07,Store_2,SKU_2,135.16,10,1,0,0,20.96
2024-05-08,Store_2,SKU_2,91.04,10,0,0,0,20.96
2024-05-09,Store_2,SKU_2,115.3,11,0,0,0,20.96
2024-05-10,Store_2,SKU_2,180.41,14,1,0,0,20.96
2024-05-11,Store_2,SKU_2,126.12,9,0,0,0,20.96
2024-05-12,Store_2,SKU_2,73.82,5,0,0,0,20.96
2024-05-13,Store_2,SKU_2,107.89,11,0,0,0,20.96
2024-05-14,Store_2,SKU_2,111.25,11,0,0,0,20.96
2024-05-15,Store_2,SKU_2,106.37,11,0,0,0,20.96
2024-05-16,Store_2,SKU_2,110.71,11,0,0,0,20.96
2024-05-17,Store_2,SKU_2,128.55,14,0,0,0,20.96
2024-05-18,Store_2,SKU_2,117.36,14,0,0,0,20.96
2024-05-19,Store_2,SKU_2,94.26,10,1,0,0,20.96
2024-05-20,Store_2,SKU_2,104.51,10,0,0,0,20.96
2024-05-21,Store_2,SKU_2,110.6,11,0,0,0,20.96
2024-05-22,Store_2,SKU_2,113.7,9,0,0,0,20.96
2024-05-23,Store_2,SKU_2,131.24,14,0,0,0,20.96
2024-05-24,Store_2,SKU_2,163.05,20,1,0,0,20.96
2024-05-25,Store_2,SKU_2,142.31,14,0,0,0,20.96
2024-05-26,Store_2,SKU_2,74.75,6,0,0,0,20.96
2024-05-27,Store_2,SKU_2,117.77,9,0,0,0,20.96
2024-05-28,Store_2,SKU_2,164.25,14,1,0,0,20.96
2024-05-29,Store_2,SKU_2,112.82,8,0,0,0,20.96
2024-05-30,Store_2,SKU_2,121.89,8,0,0,0,20.96
2024-05-31,Store_2,SKU_2,185.3,22,1,0,0,20.96
2024-06-01,Store_2,SKU_2,144.4,17,0,0,0,20.96
2024-06-02,Store_2,SKU_2,68.67,6,0,0,0,20.96
2024-06-03,Store_2,SKU_2,103.93,9,0,0,0,20.96
2024-06-04,Store_2,SKU_2,110.12,8,0,0,0,20.96
2024-06-05,Store_2,SKU_2,112.05,10,0,0,0,20.96
2024-06-06,Store_2,SKU_2,120.81,13,0,0,0,20.96
2024-06-07,Store_2,SKU_2,148.86,18,0,0,0,20.96
2024-06-08,Store_2,SKU_2,127.74,12,0,0,0,20.96
2024-06-09,Store_2,SKU_2,66.46,8,0,0,0,20.96
2024-06-10,Store_2,SKU_2,111.31,10,0,0,0,20.96
2024-06-11,Store_2,SKU_2,117.58,10,0,0,0,20.96
2024-06-12,Store_2,SKU_2,114.69,10,0,0,0,20.96
2024-06-13,Store_2,SKU_2,117.17,10,0,0,0,20.96
2024-06-14,Store_2,SKU_2,119.56,14,0,0,0,20.96
2024-06-15,Store_2,SKU_2,162.21,15,0,0,0,20.96
2024-06-16,Store_2,SKU_2,62.96,7,0,0,0,20.96
2024-06-17,Store_2,SKU_2,106.03,9,0,0,0,20.96
2024-06-18,Store_2,SKU_2,100.49,8,0,0,0,20.96
2024-06-19,Store_2,SKU_2,153.42,13,1,0,0,20.96
2024-06-20,Store_2,SKU_2,117.88,8,0,0,0,20.96
2024-06-21,Store_2,SKU_2,122.38,9,0,0,0,20.96
2024-06-22,Store_2,SKU_2,151.63,12,0,0,0,20.96
2024-06-23,Store_2,SKU_2,58.05,6,0,0,0,20.96
2024-06-24,Store_2,SKU_2,156.91,12,1,0,0,20.96
2024-06-25,Store_2,SKU_2,97.4,9,0,0,0,20.96
2024-06-26,Store_2,SKU_2,108.71,9,0,0,0,20.96
2024-06-27,Store_2,SKU_2,98.97,9,0,0,0,20.96
2024-06-28,Store_2,SKU_2,128.36,9,0,0,0,20.96
2024-06-29,Store_2,SKU_2,137.71,15,0,0,0,20.96
2024-06-30,Store_2,SKU_2,93.73,10,1,0,0,20.96
2024-07-01,Store_2,SKU_2,103.46,8,0,0,0,20.96
2024-07-02,Store_2,SKU_2,99.45,7,0,0,1,20.96
2024-07-03,Store_2,SKU_2,121.29,12,0,0,0,20.96
2024-07-04,Store_2,SKU_2,103.94,10,0,0,1,20.96
2024-07-05,Store_2,SKU_2,115.75,10,0,0,1,20.96
2024-07-06,Store_2,SKU_2,123.74,9,0,0,1,20.96
2024-07-07,Store_2,SKU_2,70.86,5,0,0,0,20.96
2024-07-08,Store_2,SKU_2,119.81,11,0,0,0,20.96
2024-07-09,Store_2,SKU_2,105.41,8,0,0,0,20.96
2024-07-10,Store_2,SKU_2,99.21,12,0,0,0,20.96
2024-07-11,Store_2,SKU_2,122.44,13,0,0,0,20.96
2024-07-12,Store_2,SKU_2,138.73,16,0,0,1,20.96
2024-07-13,Store_2,SKU_2,219.07,19,1,0,1,20.96
2024-07-14,Store_2,SKU_2,63.7,5,0,0,0,20.96
2024-07-15,Store_2,SKU_2,97.9,8,0,0,1,20.96
2024-07-16,Store_2,SKU_2,119.92,10,0,0,0,20.96
2024-07-17,Store_2,SKU_2,125.34,9,0,0,0,20.96
2024-07-18,Store_2,SKU_2,123.32,9,0,0,0,20.96
2024-07-19,Store_2,SKU_2,176.31,19,1,0,0,20.96
2024-07-20,Store_2,SKU_2,129.8,12,0,0,1,20.96
2024-07-21,Store_2,SKU_2,63.19,4,0,0,0,20.96
2024-07-22,Store_2,SKU_2,114.71,9,0,0,0,20.96
2024-07-23,Store_2,SKU_2,107.69,10,0,0,0,20.96
2024-07-24,Store_2,SKU_2,101.19,8,0,0,1,20.96
2024-07-25,Store_2,SKU_2,118.57,12,0,0,1,20.96
2024-07-26,Store_2,SKU_2,137.44,14,0,0,1,20.96
2024-07-27,Store_2,SKU_2,130.95,9,0,0,0,20.96
2024-07-28,Store_2,SKU_2,76.06,5,0,0,0,20.96
2024-07-29,Store_2,SKU_2,113.91,8,0,0,1,20.96
2024-07-30,Store_2,SKU_2,97.6,9,0,0,0,20.96
2024-07-31,Store_2,SKU_2,123.96,11,0,0,1,20.96
2024-08-01,Store_2,SKU_2,112.62,8,0,0,0,20.96
2024-08-02,Store_2,SKU_2,113.32,13,0,0,0,20.96
2024-08-03,Store_2,SKU_2,139.83,13,0,0,0,20.96
2024-08-04,Store_2,SKU_2,66.17,4,0,0,0,20.96
2024-08-05,Store_2,SKU_2,139.8,14,1,0,0,20.96
2024-08-06,Store_2,SKU_2,90.6,8,0,0,1,20.96
2024-08-07,Store_2,SKU_2,154.77,18,1,0,0,20.96
2024-08-08,Store_2,SKU_2,158.61,19,1,0,0,20.96
2024-08-09,Store_2,SKU_2,122.03,9,0,0,1,20.96
2024-08-10,Store_2,SKU_2,139.05,17,0,0,0,20.96
2024-08-11,Store_2,SKU_2,66.18,7,0,0,0,20.96
2024-08-12,Store_2,SKU_2,107.34,8,0,0,1,20.96
2024-08-13,Store_2,SKU_2,102.62,8,0,0,0,20.96
2024-08-14,Store_2,SKU_2,95.43,9,0,0,0,20.96
2024-08-15,Store_2,SKU_2,108.21,11,0,0,1,20.96
2024-08-16,Store_2,SKU_2,164.09,13,1,0,1,20.96
2024-08-17,Store_2,SKU_2,126.67,9,0,0,1,20.96
2024-08-18,Store_2,SKU_2,67.33,6,0,0,0,20.96
2024-08-19,Store_2,SKU_2,102.39,8,0,0,0,20.96
2024-08-20,Store_2,SKU_2,123.11,10,0,0,1,20.96
2024-08-21,Store_2,SKU_2,138.94,10,1,0,1,20.96
2024-08-22,Store_2,SKU_2,153.27,17,1,0,1,20.96
2024-08-23,Store_2,SKU_2,108.27,11,0,0,1,20.96
2024-08-24,Store_2,SKU_2,184.09,14,1,0,1,20.96
2024-08-25,Store_2,SKU_2,65.21,6,0,0,1,20.96
2024-08-26,Store_2,SKU_2,105.3,7,0,0,0,20.96
2024-08-27,Store_2,SKU_2,145.61,17,1,0,0,20.96
2024-08-28,Store_2,SKU_2,101.94,8,0,0,1,20.96
2024-08-29,Store_2,SKU_2,124.9,11,0,0,0,20.96
2024-08-30,Store_2,SKU_2,112.31,11,0,0,1,20.96
2024-08-31,Store_2,SKU_2,126.08,9,0,0,1,20.96
2024-09-01,Store_2,SKU_2,53.11,6,0,0,0,20.96
2024-09-02,Store_2,SKU_2,104.16,8,0,0,0,20.96
2024-09-03,Store_2,SKU_2,87.99,9,0,0,0,20.96
2024-09-04,Store_2,SKU_2,138.49,11,1,0,0,20.96
2024-09-05,Store_2,SKU_2,98.26,7,0,0,0,20.96
2024-09-06,Store_2,SKU_2,107.34,10,0,0,0,20.96
2024-09-07,Store_2,SKU_2,122.84,14,0,0,0,20.96
2024-09-08,Store_2,SKU_2,55.43,6,0,0,0,20.96
2024-09-09,Store_2,SKU_2,79.02,6,0,0,0,20.96
2024-09-10,Store_2,SKU_2,86.63,8,0,0,0,20.96
2024-09-11,Store_2,SKU_2,92.85,10,0,0,0,20.96
2024-09-12,Store_2,SKU_2,93.32,6,0,0,0,20.96
2024-09-13,Store_2,SKU_2,143.22,15,1,0,0,20.96
2024-09-14,Store_2,SKU_2,117.1,11,0,0,0,20.96
2024-09-15,Store_2,SKU_2,57.84,4,0,0,0,20.96
2024-09-16,Store_2,SKU_2,131.8,9,1,0,0,20.96
2024-09-17,Store_2,SKU_2,92.29,11,0,0,0,20.96
2024-09-18,Store_2,SKU_2,98.89,7,0,0,0,20.96
2024-09-19,Store_2,SKU_2,90.55,7,0,0,0,20.96
2024-09-20,Store_2,SKU_2,101.75,10,0,0,0,20.96
2024-09-21,Store_2,SKU_2,122.49,11,0,0,0,20.96
2024-09-22,Store_2,SKU_2,57.43,4,0,0,0,20.96
2024-09-23,Store_2,SKU_2,126.71,9,1,0,0,20.96
2024-09-24,Store_2,SKU_2,87.0,7,0,0,0,20.96
2024-09-25,Store_2,SKU_2,85.89,10,0,0,0,20.96
2024-09-26,Store_2,SKU_2,96.51,9,0,0,0,20.96
2024-09-27,Store_2,SKU_2,102.29,10,0,0,0,20.96
2024-09-28,Store_2,SKU_2,104.59,7,0,0,0,20.96
2024-09-29,Store_2,SKU_2,57.11,4,0,0,0,20.96
2024-09-30,Store_2,SKU_2,134.8,15,1,0,0,20.96
2024-10-01,Store_2,SKU_2,77.19,6,0,0,0,20.96
2024-10-02,Store_2,SKU_2,70.31,7,0,0,0,20.96
2024-10-03,Store_2,SKU_2,95.33,8,0,0,0,20.96
2024-10-04,Store_2,SKU_2,96.83,8,0,0,0,20.96
2024-10-05,Store_2,SKU_2,87.85,9,0,0,0,20.96
2024-10-06,Store_2,SKU_2,78.93,6,1,0,0,20.96
2024-10-07,Store_2,SKU_2,81.34,5,0,0,0,20.96
2024-10-08,Store_2,SKU_2,82.2,7,0,0,0,20.96
2024-10-09,Store_2,SKU_2,71.37,5,0,0,0,20.96
2024-10-10,Store_2,SKU_2,82.57,7,0,0,0,20.96
2024-10-11,Store_2,SKU_2,100.22,7,0,0,0,20.96
2024-10-12,Store_2,SKU_2,86.44,9,0,0,0,20.96
2024-10-13,Store_2,SKU_2,51.29,4,0,0,0,20.96
2024-10-14,Store_2,SKU_2,89.63,8,0,0,0,20.96
2024-10-15,Store_2,SKU_2,77.39,5,0,0,0,20.96
2024-10-16,Store_2,SKU_2,103.79,12,1,0,0,20.96
2024-10-17,Store_2,SKU_2,77.83,6,0,0,0,20.96
2024-10-18,Store_2,SKU_2,91.81,7,0,0,0,20.96
2024-10-19,Store_2,SKU_2,97.5,8,0,0,0,20.96
2024-10-20,Store_2,SKU_2,80.25,9,1,0,0,20.96
2024-10-21,Store_2,SKU_2,120.63,12,1,0,0,20.96
2024-10-22,Store_2,SKU_2,78.25,6,0,0,0,20.96
2024-10-23,Store_2,SKU_2,95.23,8,0,0,0,20.96
2024-10-24,Store_2,SKU_2,79.85,6,0,0,0,20.96
2024-10-25,Store_2,SKU_2,117.92,12,1,0,0,20.96
2024-10-26,Store_2,SKU_2,101.42,8,0,0,0,20.96
2024-10-27,Store_2,SKU_2,48.48,3,0,0,0,20.96
2024-10-28,Store_2,SKU_2,98.92,9,0,0,0,20.96
2024-10-29,Store_2,SKU_2,76.16,5,0,0,0,20.96
2024-10-30,Store_2,SKU_2,86.09,7,0,0,0,20.96
2024-10-31,Store_2,SKU_2,88.84,7,0,0,0,20.96
2024-11-01,Store_2,SKU_2,81.94,6,0,0,0,20.96
2024-11-02,Store_2,SKU_2,136.63,9,1,0,0,20.96
2024-11-03,Store_2,SKU_2,44.81,3,0,0,0,20.96
2024-11-04,Store_2,SKU_2,80.78,6,0,0,0,20.96
2024-11-05,Store_2,SKU_2,83.25,7,0,0,0,20.96
2024-11-06,Store_2,SKU_2,73.09,5,0,0,0,20.96
2024-11-07,Store_2,SKU_2,76.76,8,0,0,0,20.96
2024-11-08,Store_2,SKU_2,84.94,6,0,0,0,20.96
2024-11-09,Store_2,SKU_2,118.64,13,1,0,0,20.96
2024-11-10,Store_2,SKU_2,41.69,3,0,0,0,20.96
2024-11-11,Store_2,SKU_2,73.2,7,0,0,0,20.96
2024-11-12,Store_2,SKU_2,71.57,5,0,0,0,20.96
2024-11-13,Store_2,SKU_2,71.42,5,0,0,0,20.96
2024-11-14,Store_2,SKU_2,108.95,9,1,0,0,20.96
2024-11-15,Store_2,SKU_2,112.0,10,1,0,0,20.96
2024-11-16,Store_2,SKU_2,105.63,10,0,0,0,20.96
2024-11-17,Store_2,SKU_2,43.63,5,0,0,0,20.96
2024-11-18,Store_2,SKU_2,95.53,11,0,0,0,20.96
2024-11-19,Store_2,SKU_2,81.06,7,0,0,0,20.96
2024-11-20,Store_2,SKU_2,72.24,5,0,0,0,20.96
2024-11-21,Store_2,SKU_2,70.21,8,0,0,0,20.96
2024-11-22,Store_2,SKU_2,100.21,10,1,0,0,20.96
2024-11-23,Store_2,SKU_2,125.43,14,1,0,0,20.96
2024-11-24,Store_2,SKU_2,45.4,3,0,0,0,20.96
2024-11-25,Store_2,SKU_2,76.03,6,0,0,0,20.96
2024-11-26,Store_2,SKU_2,71.14,5,0,0,0,20.96
2024-11-27,Store_2,SKU_2,84.73,6,0,0,0,20.96
2024-11-28,Store_2,SKU_2,79.02,7,0,0,0,20.96
2024-11-29,Store_2,SKU_2,86.77,7,0,0,0,20.96
2024-11-30,Store_2,SKU_2,86.82,6,0,0,0,20.96
2024-12-01,Store_2,SKU_2,46.21,5,0,0,0,20.96
2024-12-02,Store_2,SKU_2,70.93,8,0,0,0,20.96
2024-12-03,Store_2,SKU_2,63.98,7,0,0,0,20.96
2024-12-04,Store_2,SKU_2,64.84,6,0,0,0,20.96
2024-12-05,Store_2,SKU_2,75.56,6,0,0,0,20.96
2024-12-06,Store_2,SKU_2,91.6,7,0,0,0,20.96
2024-12-07,Store_2,SKU_2,93.26,6,0,0,0,20.96
2024-12-08,Store_2,SKU_2,38.37,3,0,0,0,20.96
2024-12-09,Store_2,SKU_2,76.42,5,0,0,0,20.96
2024-12-10,Store_2,SKU_2,70.04,5,0,0,0,20.96
2024-12-11,Store_2,SKU_2,69.74,8,0,0,0,20.96
2024-12-12,Store_2,SKU_2,68.83,8,0,0,0,20.96
2024-12-13,Store_2,SKU_2,74.65,5,0,0,0,20.96
2024-12-14,Store_2,SKU_2,97.67,10,0,0,0,20.96
2024-12-15,Store_2,SKU_2,48.35,4,0,0,0,20.96
2024-12-16,Store_2,SKU_2,69.32,6,0,0,0,20.96
2024-12-17,Store_2,SKU_2,72.28,7,0,0,0,20.96
2024-12-18,Store_2,SKU_2,77.91,8,0,0,0,20.96
2024-12-19,Store_2,SKU_2,69.26,6,0,0,0,20.96
2024-12-20,Store_2,SKU_2,75.06,5,0,0,0,20.96
2024-12-21,Store_2,SKU_2,119.62,13,1,0,0,20.96
2024-12-22,Store_2,SKU_2,43.91,3,0,0,0,20.96
2024-12-23,Store_2,SKU_2,61.63,6,0,0,0,20.96
2024-12-24,Store_2,SKU_2,84.41,6,0,0,0,20.96
2024-12-25,Store_2,SKU_2,24.91,1,0,a,0,20.96
2024-12-26,Store_2,SKU_2,28.84,2,0,a,0,20.96
2024-12-27,Store_2,SKU_2,105.23,9,1,0,0,20.96
2024-12-28,Store_2,SKU_2,84.43,6,0,0,0,20.96
2024-12-29,Store_2,SKU_2,46.09,4,0,0,0,20.96
2024-12-30,Store_2,SKU_2,69.35,5,0,0,0,20.96
2024-12-31,Store_2,SKU_2,63.74,6,0,0,0,20.96
2022-01-01,Store_2,SKU_3,44.32,4,0,a,0,23.44
2022-01-02,Store_2,SKU_3,44.24,3,0,0,0,23.44
2022-01-03,Store_2,SKU_3,74.12,6,0,0,0,23.44
2022-01-04,Store_2,SKU_3,65.8,7,0,0,0,23.44
2022-01-05,Store_2,SKU_3,77.46,7,0,0,0,23.44
2022-01-06,Store_2,SKU_3,73.77,6,0,0,0,23.44
2022-01-07,Store_2,SKU_3,72.59,6,0,0,0,23.44
2022-01-08,Store_2,SKU_3,93.32,9,0,0,0,23.44
2022-01-09,Store_2,SKU_3,44.07,5,0,0,0,23.44
2022-01-10,Store_2,SKU_3,98.22,11,1,0,0,23.44
2022-01-11,Store_2,SKU_3,60.98,6,0,0,0,23.44
2022-01-12,Store_2,SKU_3,94.09,9,1,0,0,23.44
2022-01-13,Store_2,SKU_3,69.94,6,0,0,0,23.44
2022-01-14,Store_2,SKU_3,88.49,10,0,0,0,23.44
2022-01-15,Store_2,SKU_3,91.68,9,0,0,0,23.44
2022-01-16,Store_2,SKU_3,45.75,5,0,0,0,23.44
2022-01-17,Store_2,SKU_3,68.53,7,0,0,0,23.44
2022-01-18,Store_2,SKU_3,114.52,11,1,0,0,23.44
2022-01-19,Store_2,SKU_3,69.03,5,0,0,0,23.44
2022-01-20,Store_2,SKU_3,97.97,7,1,0,0,23.44
2022-01-21,Store_2,SKU_3,60.04,7,0,0,0,23.44
2022-01-22,Store_2,SKU_3,123.07,11,1,0,0,23.44
2022-01-23,Store_2,SKU_3,69.4,5,1,0,0,23.44
2022-01-24,Store_2,SKU_3,71.15,5,0,0,0,23.44
2022-01-25,Store_2,SKU_3,80.38,7,0,0,0,23.44
2022-01-26,Store_2,SKU_3,62.02,5,0,0,0,23.44
2022-01-27,Store_2,SKU_3,82.37,8,0,0,0,23.44
2022-01-28,Store_2,SKU_3,84.21,7,0,0,0,23.44
2022-01-29,Store_2,SKU_3,93.68,7,0,0,0,23.44
2022-01-30,Store_2,SKU_3,66.22,4,1,0,0,23.44
2022-01-31,Store_2,SKU_3,65.37,5,0,0,0,23.44
2022-02-01,Store_2,SKU_3,89.16,8,0,0,0,23.44
2022-02-02,Store_2,SKU_3,65.77,5,0,0,0,23.44
2022-02-03,Store_2,SKU_3,119.71,10,1,0,0,23.44
2022-02-04,Store_2,SKU_3,85.81,10,0,0,0,23.44
2022-02-05,Store_2,SKU_3,99.78,8,0,0,0,23.44
2022-02-06,Store_2,SKU_3,53.03,6,0,0,0,23.44
2022-02-07,Store_2,SKU_3,90.84,6,0,0,0,23.44
2022-02-08,Store_2,SKU_3,83.63,6,0,0,0,23.44
2022-02-09,Store_2,SKU_3,79.94,8,0,0,0,23.44
2022-02-10,Store_2,SKU_3,81.01,6,0,0,0,23.44
2022-02-11,Store_2,SKU_3,87.1,6,0,0,0,23.44
2022-02-12,Store_2,SKU_3,97.85,9,0,0,0,23.44
2022-02-13,Store_2,SKU_3,51.75,3,0,0,0,23.44
2022-02-14,Store_2,SKU_3,88.75,9,0,0,0,23.44
2022-02-15,Store_2,SKU_3,77.04,7,0,0,0,23.44
2022-02-16,Store_2,SKU_3,98.78,11,1,0,0,23.44
2022-02-17,Store_2,SKU_3,92.66,8,0,0,0,23.44
2022-02-18,Store_2,SKU_3,145.89,11,1,0,0,23.44
2022-02-19,Store_2,SKU_3,101.33,10,0,0,0,23.44
2022-02-20,Store_2,SKU_3,49.52,4,0,0,0,23.44
2022-02-21,Store_2,SKU_3,78.53,6,0,0,0,23.44
2022-02-22,Store_2,SKU_3,88.74,7,0,0,0,23.44
2022-02-23,Store_2,SKU_3,80.35,6,0,0,0,23.44
2022-02-24,Store_2,SKU_3,86.21,7,0,0,0,23.44
2022-02-25,Store_2,SKU_3,105.45,12,0,0,0,23.44
2022-02-26,Store_2,SKU_3,146.91,16,1,0,0,23.44
2022-02-27,Store_2,SKU_3,52.78,6,0,0,0,23.44
2022-02-28,Store_2,SKU_3,86.48,8,0,0,0,23.44
2022-03-01,Store_2,SKU_3,100.53,7,0,0,0,23.44
2022-03-02,Store_2,SKU_3,133.1,12,1,0,0,23.44
2022-03-03,Store_2,SKU_3,91.73,7,0,0,0,23.44
2022-03-04,Store_2,SKU_3,111.54,8,0,0,0,23.44
2022-03-05,Store_2,SKU_3,111.79,8,0,0,0,23.44
2022-03-06,Store_2,SKU_3,57.44,5,0,0,0,23.44
2022-03-07,Store_2,SKU_3,101.1,10,0,0,0,23.44
2022-03-08,Store_2,SKU_3,93.42,9,0,0,0,23.44
2022-03-09,Store_2,SKU_3,102.44,8,0,0,0,23.44
2022-03-10,Store_2,SKU_3,102.22,7,0,0,0,23.44
2022-03-11,Store_2,SKU_3,140.49,14,1,0,0,23.44
2022-03-12,Store_2,SKU_3,108.86,13,0,0,0,23.44
2022-03-13,Store_2,SKU_3,59.67,5,0,0,0,23.44
2022-03-14,Store_2,SKU_3,128.88,11,1,0,0,23.44
2022-03-15,Store_2,SKU_3,89.15,10,0,0,0,23.44
2022-03-16,Store_2,SKU_3,93.01,11,0,0,0,23.44
2022-03-17,Store_2,SKU_3,106.57,8,0,0,0,23.44
2022-03-18,Store_2,SKU_3,114.79,13,0,0,0,23.44
2022-03-19,Store_2,SKU_3,129.78,13,0,0,0,23.44
2022-03-20,Store_2,SKU_3,60.55,4,0,0,0,23.44
2022-03-21,Store_2,SKU_3,112.88,11,1,0,0,23.44
2022-03-22,Store_2,SKU_3,93.08,6,0,0,0,23.44
2022-03-23,Store_2,SKU_3,86.81,6,0,0,0,23.44
2022-03-24,Store_2,SKU_3,131.69,15,1,0,0,23.44
2022-03-25,Store_2,SKU_3,110.34,12,0,0,0,23.44
2022-03-26,Store_2,SKU_3,118.43,12,0,0,0,23.44
2022-03-27,Store_2,SKU_3,54.08,4,0,0,0,23.44
2022-03-28,Store_2,SKU_3,76.81,6,0,0,0,23.44
2022-03-29,Store_2,SKU_3,96.36,9,0,0,0,23.44
2022-03-30,Store_2,SKU_3,94.81,7,0,0,0,23.44
2022-03-31,Store_2,SKU_3,93.65,6,0,0,0,23.44
2022-04-01,Store_2,SKU_3,136.7,11,0,0,0,23.44
2022-04-02,Store_2,SKU_3,125.19,12,0,0,0,23.44
2022-04-03,Store_2,SKU_3,73.06,7,0,0,0,23.44
2022-04-04,Store_2,SKU_3,161.18,13,1,0,0,23.44
2022-04-05,Store_2,SKU_3,104.95,12,0,0,0,23.44
2022-04-06,Store_2,SKU_3,89.46,6,0,0,0,23.44
2022-04-07,Store_2,SKU_3,114.17,14,0,0,0,23.44
2022-04-08,Store_2,SKU_3,137.3,13,0,0,0,23.44
2022-04-09,Store_2,SKU_3,158.19,16,0,0,0,23.44
2022-04-10,Store_2,SKU_3,66.29,4,0,0,0,23.44
2022-04-11,Store_2,SKU_3,122.67,12,0,0,0,23.44
2022-04-12,Store_2,SKU_3,97.62,9,0,0,0,23.44
2022-04-13,Store_2,SKU_3,158.41,17,1,0,0,23.44
2022-04-14,Store_2,SKU_3,157.88,19,1,0,0,23.44
2022-04-15,Store_2,SKU_3,130.39,13,0,0,0,23.44
2022-04-16,Store_2,SKU_3,136.28,12,0,0,0,23.44
2022-04-17,Store_2,SKU_3,67.0,6,0,0,0,23.44
2022-04-18,Store_2,SKU_3,106.33,7,0,0,0,23.44
2022-04-19,Store_2,SKU_3,115.37,10,0,0,0,23.44
2022-04-20,Store_2,SKU_3,161.41,11,1,0,0,23.44
2022-04-21,Store_2,SKU_3,130.72,12,0,0,0,23.44
2022-04-22,Store_2,SKU_3,145.99,12,0,0,0,23.44
2022-04-23,Store_2,SKU_3,149.06,12,0,0,0,23.44
2022-04-24,Store_2,SKU_3,64.16,6,0,0,0,23.44
2022-04-25,Store_2,SKU_3,121.89,12,0,0,0,23.44
2022-04-26,Store_2,SKU_3,98.54,7,0,0,0,23.44
2022-04-27,Store_2,SKU_3,96.18,7,0,0,0,23.44
2022-04-28,Store_2,SKU_3,133.6,9,1,0,0,23.44
2022-04-29,Store_2,SKU_3,122.23,8,0,0,0,23.44
2022-04-30,Store_2,SKU_3,129.87,9,0,0,0,23.44
2022-05-01,Store_2,SKU_3,69.3,5,0,0,0,23.44
2022-05-02,Store_2,SKU_3,123.64,13,0,0,0,23.44
2022-05-03,Store_2,SKU_3,109.1,8,0,0,0,23.44
2022-05-04,Store_2,SKU_3,100.92,12,0,0,0,23.44
2022-05-05,Store_2,SKU_3,125.22,10,0,0,0,23.44
2022-05-06,Store_2,SKU_3,115.96,13,0,0,0,23.44
2022-05-07,Store_2,SKU_3,144.84,11,0,0,0,23.44
2022-05-08,Store_2,SKU_3,73.01,7,0,0,0,23.44
2022-05-09,Store_2,SKU_3,182.99,17,1,0,0,23.44
2022-05-10,Store_2,SKU_3,125.72,12,0,0,0,23.44
2022-05-11,Store_2,SKU_3,113.48,13,0,0,0,23.44
2022-05-12,Store_2,SKU_3,129.32,16,0,0,0,23.44
2022-05-13,Store_2,SKU_3,202.26,23,1,0,0,23.44
2022-05-14,Store_2,SKU_3,148.81,18,0,0,0,23.44
2022-05-15,Store_2,SKU_3,73.49,8,0,0,0,23.44
2022-05-16,Store_2,SKU_3,116.53,14,0,0,0,23.44
2022-05-17,Store_2,SKU_3,121.86,10,0,0,0,23.44
2022-05-18,Store_2,SKU_3,119.17,9,0,0,0,23.44
2022-05-19,Store_2,SKU_3,112.78,10,0,0,0,23.44
2022-05-20,Store_2,SKU_3,133.49,13,0,0,0,23.44
2022-05-21,Store_2,SKU_3,194.65,17,1,0,0,23.44
2022-05-22,Store_2,SKU_3,67.46,6,0,0,0,23.44
2022-05-23,Store_2,SKU_3,115.71,9,0,0,0,23.44
2022-05-24,Store_2,SKU_3,105.31,11,0,0,0,23.44
2022-05-25,Store_2,SKU_3,103.26,12,0,0,0,23.44
2022-05-26,Store_2,SKU_3,122.24,10,0,0,0,23.44
2022-05-27,Store_2,SKU_3,142.9,11,0,0,0,23.44
2022-05-28,Store_2,SKU_3,218.74,16,1,0,0,23.44
2022-05-29,Store_2,SKU_3,62.97,6,0,0,0,23.44
2022-05-30,Store_2,SKU_3,120.29,11,0,0,0,23.44
2022-05-31,Store_2,SKU_3,133.6,15,0,0,0,23.44
2022-06-01,Store_2,SKU_3,111.94,11,0,0,0,23.44
2022-06-02,Store_2,SKU_3,124.82,11,0,0,0,23.44
2022-06-03,Store_2,SKU_3,135.64,11,0,0,0,23.44
2022-06-04,Store_2,SKU_3,153.61,18,0,0,0,23.44
2022-06-05,Store_2,SKU_3,67.17,6,0,0,0,23.44
2022-06-06,Store_2,SKU_3,163.2,20,1,0,0,23.44
2022-06-07,Store_2,SKU_3,111.7,12,0,0,0,23.44
2022-06-08,Store_2,SKU_3,108.78,7,0,0,0,23.44
2022-06-09,Store_2,SKU_3,118.68,10,0,0,0,23.44
2022-06-10,Store_2,SKU_3,131.97,10,0,0,0,23.44
2022-06-11,Store_2,SKU_3,154.31,16,0,0,0,23.44
2022-06-12,Store_2,SKU_3,66.89,7,0,0,0,23.44
2022-06-13,Store_2,SKU_3,174.66,14,1,0,0,23.44
2022-06-14,Store_2,SKU_3,150.96,11,1,0,0,23.44
2022-06-15,Store_2,SKU_3,125.62,9,0,0,0,23.44
2022-06-16,Store_2,SKU_3,132.05,11,0,0,0,23.44
2022-06-17,Store_2,SKU_3,143.5,14,0,0,0,23.44
2022-06-18,Store_2,SKU_3,229.66,28,1,0,0,23.44
2022-06-19,Store_2,SKU_3,80.77,9,0,0,0,23.44
2022-06-20,Store_2,SKU_3,146.05,11,0,0,0,23.44
2022-06-21,Store_2,SKU_3,119.12,13,0,0,0,23.44
2022-06-22,Store_2,SKU_3,116.93,11,0,0,0,23.44
2022-06-23,Store_2,SKU_3,191.56,22,1,0,0,23.44
2022-06-24,Store_2,SKU_3,137.5,11,0,0,0,23.44
2022-06-25,Store_2,SKU_3,134.57,12,0,0,0,23.44
2022-06-26,Store_2,SKU_3,105.78,7,1,0,0,23.44
2022-06-27,Store_2,SKU_3,135.76,16,0,0,0,23.44
2022-06-28,Store_2,SKU_3,202.29,14,1,0,0,23.44
2022-06-29,Store_2,SKU_3,169.75,13,1,0,0,23.44
2022-06-30,Store_2,SKU_3,131.24,14,0,0,0,23.44
2022-07-01,Store_2,SKU_3,131.12,13,0,0,1,23.44
2022-07-02,Store_2,SKU_3,236.76,20,1,0,0,23.44
2022-07-03,Store_2,SKU_3,80.23,7,0,0,1,23.44
2022-07-04,Store_2,SKU_3,131.94,10,0,0,1,23.44
2022-07-05,Store_2,SKU_3,119.01,8,0,0,0,23.44
2022-07-06,Store_2,SKU_3,117.74,14,0,0,1,23.44
2022-07-07,Store_2,SKU_3,136.96,10,0,0,1,23.44
2022-07-08,Store_2,SKU_3,131.15,10,0,0,0,23.44
2022-07-09,Store_2,SKU_3,138.34,14,0,0,0,23.44
2022-07-10,Store_2,SKU_3,74.93,5,0,0,0,23.44
2022-07-11,Store_2,SKU_3,124.87,12,0,0,0,23.44
2022-07-12,Store_2,SKU_3,112.94,11,0,0,0,23.44
2022-07-13,Store_2,SKU_3,119.42,12,0,0,0,23.44
2022-07-14,Store_2,SKU_3,167.88,12,1,0,0,23.44
2022-07-15,Store_2,SKU_3,120.06,10,0,0,1,23.44
2022-07-16,Store_2,SKU_3,162.93,11,0,0,0,23.44
2022-07-17,Store_2,SKU_3,85.34,7,0,0,0,23.44
2022-07-18,Store_2,SKU_3,115.25,8,0,0,0,23.44
2022-07-19,Store_2,SKU_3,106.6,9,0,0,1,23.44
2022-07-20,Store_2,SKU_3,107.35,9,0,0,0,23.44
2022-07-21,Store_2,SKU_3,119.63,13,0,0,1,23.44
2022-07-22,Store_2,SKU_3,131.4,14,0,0,1,23.44
2022-07-23,Store_2,SKU_3,148.23,11,0,0,1,23.44
2022-07-24,Store_2,SKU_3,68.03,7,0,0,0,23.44
2022-07-25,Store_2,SKU_3,124.5,10,0,0,0,23.44
2022-07-26,Store_2,SKU_3,100.59,9,0,0,1,23.44
2022-07-27,Store_2,SKU_3,124.21,10,0,0,0,23.44
2022-07-28,Store_2,SKU_3,138.01,13,0,0,1,23.44
2022-07-29,Store_2,SKU_3,141.24,14,0,0,1,23.44
2022-07-30,Store_2,SKU_3,160.62,13,0,0,0,23.44
2022-07-31,Store_2,SKU_3,73.89,9,0,0,1,23.44
2022-08-01,Store_2,SKU_3,118.24,10,0,0,0,23.44
2022-08-02,Store_2,SKU_3,111.06,12,0,0,0,23.44
2022-08-03,Store_2,SKU_3,153.78,13,1,0,0,23.44
2022-08-04,Store_2,SKU_3,114.22,8,0,0,1,23.44
2022-08-05,Store_2,SKU_3,137.9,9,0,0,0,23.44
2022-08-06,Store_2,SKU_3,162.7,20,0,0,1,23.44
2022-08-07,Store_2,SKU_3,63.15,7,0,0,0,23.44
2022-08-08,Store_2,SKU_3,108.13,11,0,0,0,23.44
2022-08-09,Store_2,SKU_3,121.35,9,0,0,0,23.44
2022-08-10,Store_2,SKU_3,100.33,9,0,0,1,23.44
2022-08-11,Store_2,SKU_3,104.47,8,0,0,0,23.44
2022-08-12,Store_2,SKU_3,118.77,8,0,0,1,23.44
2022-08-13,Store_2,SKU_3,148.63,14,0,0,0,23.44
2022-08-14,Store_2,SKU_3,70.67,5,0,0,0,23.44
2022-08-15,Store_2,SKU_3,143.12,11,1,0,0,23.44
2022-08-16,Store_2,SKU_3,110.27,12,0,0,0,23.44
2022-08-17,Store_2,SKU_3,143.38,14,1,0,1,23.44
2022-08-18,Store_2,SKU_3,167.86,12,1,0,1,23.44
2022-08-19,Store_2,SKU_3,105.74,8,0,0,0,23.44
2022-08-20,Store_2,SKU_3,166.27,16,0,0,0,23.44
2022-08-21,Store_2,SKU_3,69.38,5,0,0,0,23.44
2022-08-22,Store_2,SKU_3,110.87,8,0,0,0,23.44
2022-08-23,Store_2,SKU_3,117.45,13,0,0,0,23.44
2022-08-24,Store_2,SKU_3,110.87,8,0,0,0,23.44
2022-08-25,Store_2,SKU_3,191.65,13,1,0,0,23.44
2022-08-26,Store_2,SKU_3,126.66,11,0,0,0,23.44
2022-08-27,Store_2,SKU_3,158.6,14,0,0,1,23.44
2022-08-28,Store_2,SKU_3,63.86,7,0,0,0,23.44
2022-08-29,Store_2,SKU_3,152.77,12,1,0,0,23.44
2022-08-30,Store_2,SKU_3,98.99,8,0,0,0,23.44
2022-08-31,Store_2,SKU_3,109.22,10,0,0,1,23.44
2022-09-01,Store_2,SKU_3,146.3,10,1,0,0,23.44
2022-09-02,Store_2,SKU_3,150.37,11,1,0,0,23.44
2022-09-03,Store_2,SKU_3,139.79,10,0,0,0,23.44
2022-09-04,Store_2,SKU_3,58.86,4,0,0,0,23.44
2022-09-05,Store_2,SKU_3,137.42,10,1,0,0,23.44
2022-09-06,Store_2,SKU_3,87.36,8,0,0,0,23.44
2022-09-07,Store_2,SKU_3,94.72,11,0,0,0,23.44
2022-09-08,Store_2,SKU_3,98.63,9,0,0,0,23.44
2022-09-09,Store_2,SKU_3,93.81,11,0,0,0,23.44
2022-09-10,Store_2,SKU_3,118.51,14,0,0,0,23.44
2022-09-11,Store_2,SKU_3,63.78,5,0,0,0,23.44
2022-09-12,Store_2,SKU_3,87.86,10,0,0,0,23.44
2022-09-13,Store_2,SKU_3,108.37,10,0,0,0,23.44
2022-09-14,Store_2,SKU_3,89.16,8,0,0,0,23.44
2022-09-15,Store_2,SKU_3,111.7,9,0,0,0,23.44
2022-09-16,Store_2,SKU_3,119.1,11,0,0,0,23.44
2022-09-17,Store_2,SKU_3,128.07,9,0,0,0,23.44
2022-09-18,Store_2,SKU_3,60.76,4,0,0,0,23.44
2022-09-19,Store_2,SKU_3,97.17,11,0,0,0,23.44
2022-09-20,Store_2,SKU_3,91.7,8,0,0,0,23.44
2022-09-21,Store_2,SKU_3,100.61,9,0,0,0,23.44
2022-09-22,Store_2,SKU_3,110.66,9,0,0,0,23.44
2022-09-23,Store_2,SKU_3,177.18,14,1,0,0,23.44
2022-09-24,Store_2,SKU_3,108.37,8,0,0,0,23.44
2022-09-25,Store_2,SKU_3,71.94,5,0,0,0,23.44
2022-09-26,Store_2,SKU_3,102.6,9,0,0,0,23.44
2022-09-27,Store_2,SKU_3,101.38,9,0,0,0,23.44
2022-09-28,Store_2,SKU_3,97.94,8,0,0,0,23.44
2022-09-29,Store_2,SKU_3,98.55,9,0,0,0,23.44
2022-09-30,Store_2,SKU_3,94.19,9,0,0,0,23.44
2022-10-01,Store_2,SKU_3,106.35,8,0,0,0,23.44
2022-10-02,Store_2,SKU_3,58.1,4,0,0,0,23.44
2022-10-03,Store_2,SKU_3,90.47,6,0,0,0,23.44
2022-10-04,Store_2,SKU_3,83.99,7,0,0,0,23.44
2022-10-05,Store_2,SKU_3,82.37,8,0,0,0,23.44
2022-10-06,Store_2,SKU_3,88.68,8,0,0,0,23.44
2022-10-07,Store_2,SKU_3,136.18,11,1,0,0,23.44
2022-10-08,Store_2,SKU_3,119.86,12,0,0,0,23.44
2022-10-09,Store_2,SKU_3,49.76,5,0,0,0,23.44
2022-10-10,Store_2,SKU_3,101.7,7,0,0,0,23.44
2022-10-11,Store_2,SKU_3,122.86,14,1,0,0,23.44
2022-10-12,Store_2,SKU_3,83.33,9,0,0,0,23.44
2022-10-13,Store_2,SKU_3,68.77,6,0,0,0,23.44
2022-10-14,Store_2,SKU_3,109.74,10,0,0,0,23.44
2022-10-15,Store_2,SKU_3,118.07,14,0,0,0,23.44
2022-10-16,Store_2,SKU_3,80.84,8,1,0,0,23.44
2022-10-17,Store_2,SKU_3,132.02,10,1,0,0,23.44
2022-10-18,Store_2,SKU_3,108.76,7,1,0,0,23.44
2022-10-19,Store_2,SKU_3,91.66,10,0,0,0,23.44
2022-10-20,Store_2,SKU_3,89.5,9,0,0,0,23.44
2022-10-21,Store_2,SKU_3,104.67,11,0,0,0,23.44
2022-10-22,Store_2,SKU_3,115.89,10,0,0,0,23.44
2022-10-23,Store_2,SKU_3,53.19,3,0,0,0,23.44
2022-10-24,Store_2,SKU_3,95.84,10,0,0,0,23.44
2022-10-25,Store_2,SKU_3,117.06,11,1,0,0,23.44
2022-10-26,Store_2,SKU_3,120.82,14,1,0,0,23.44
2022-10-27,Store_2,SKU_3,114.22,9,1,0,0,23.44
2022-10-28,Store_2,SKU_3,129.88,11,1,0,0,23.44
2022-10-29,Store_2,SKU_3,114.74,8,0,0,0,23.44
2022-10-30,Store_2,SKU_3,53.82,6,0,0,0,23.44
2022-10-31,Store_2,SKU_3,121.52,10,1,0,0,23.44
2022-11-01,Store_2,SKU_3,64.69,4,0,0,0,23.44
2022-11-02,Store_2,SKU_3,76.38,7,0,0,0,23.44
2022-11-03,Store_2,SKU_3,114.8,8,1,0,0,23.44
2022-11-04,Store_2,SKU_3,87.4,6,0,0,0,23.44
2022-11-05,Store_2,SKU_3,109.24,10,0,0,0,23.44
2022-11-06,Store_2,SKU_3,50.69,3,0,0,0,23.44
2022-11-07,Store_2,SKU_3,81.94,9,0,0,0,23.44
2022-11-08,Store_2,SKU_3,107.82,9,1,0,0,23.44
2022-11-09,Store_2,SKU_3,79.22,9,0,0,0,23.44
2022-11-10,Store_2,SKU_3,74.27,7,0,0,0,23.44
2022-11-11,Store_2,SKU_3,79.45,9,0,0,0,23.44
2022-11-12,Store_2,SKU_3,135.52,14,1,0,0,23.44
2022-11-13,Store_2,SKU_3,49.76,5,0,0,0,23.44
2022-11-14,Store_2,SKU_3,68.27,7,0,0,0,23.44
2022-11-15,Store_2,SKU_3,77.84,8,0,0,0,23.44
2022-11-16,Store_2,SKU_3,103.11,9,1,0,0,23.44
2022-11-17,Store_2,SKU_3,80.84,6,0,0,0,23.44
2022-11-18,Store_2,SKU_3,137.79,11,1,0,0,23.44
2022-11-19,Store_2,SKU_3,141.63,12,1,0,0,23.44
2022-11-20,Store_2,SKU_3,46.81,5,0,0,0,23.44
2022-11-21,Store_2,SKU_3,112.76,11,1,0,0,23.44
2022-11-22,Store_2,SKU_3,69.81,6,0,0,0,23.44
2022-11-23,Store_2,SKU_3,77.13,7,0,0,0,23.44
2022-11-24,Store_2,SKU_3,88.34,6,0,0,0,23.44
2022-11-25,Store_2,SKU_3,84.85,6,0,0,0,23.44
2022-11-26,Store_2,SKU_3,94.76,7,0,0,0,23.44
2022-11-27,Store_2,SKU_3,53.85,4,0,0,0,23.44
2022-11-28,Store_2,SKU_3,84.0,7,0,0,0,23.44
2022-11-29,Store_2,SKU_3,97.97,7,1,0,0,23.44
2022-11-30,Store_2,SKU_3,107.31,9,1,0,0,23.44
2022-12-01,Store_2,SKU_3,71.7,6,0,0,0,23.44
2022-12-02,Store_2,SKU_3,79.66,9,0,0,0,23.44
2022-12-03,Store_2,SKU_3,97.57,8,0,0,0,23.44
2022-12-04,Store_2,SKU_3,41.79,5,0,0,0,23.44
2022-12-05,Store_2,SKU_3,78.72,7,0,0,0,23.44
2022-12-06,Store_2,SKU_3,68.3,4,0,0,0,23.44
2022-12-07,Store_2,SKU_3,60.73,4,0,0,0,23.44
2022-12-08,Store_2,SKU_3,72.39,6,0,0,0,23.44
2022-12-09,Store_2,SKU_3,98.61,9,0,0,0,23.44
2022-12-10,Store_2,SKU_3,91.51,9,0,0,0,23.44
2022-12-11,Store_2,SKU_3,69.3,7,1,0,0,23.44
2022-12-12,Store_2,SKU_3,72.47,8,0,0,0,23.44
2022-12-13,Store_2,SKU_3,69.09,8,0,0,0,23.44
2022-12-14,Store_2,SKU_3,71.16,5,0,0,0,23.44
2022-12-15,Store_2,SKU_3,72.6,5,0,0,0,23.44
2022-12-16,Store_2,SKU_3,83.79,7,0,0,0,23.44
2022-12-17,Store_2,SKU_3,131.8,11,1,0,0,23.44
2022-12-18,Store_2,SKU_3,46.32,4,0,0,0,23.44
2022-12-19,Store_2,SKU_3,69.16,5,0,0,0,23.44
2022-12-20,Store_2,SKU_3,74.01,7,0,0,0,23.44
2022-12-21,Store_2,SKU_3,77.02,7,0,0,0,23.44
2022-12-22,Store_2,SKU_3,71.44,5,0,0,0,23.44
2022-12-23,Store_2,SKU_3,108.16,10,1,0,0,23.44
2022-12-24,Store_2,SKU_3,99.31,7,0,0,0,23.44
2022-12-25,Store_2,SKU_3,19.79,1,0,a,0,23.44
2022-12-26,Store_2,SKU_3,28.25,2,0,a,0,23.44
2022-12-27,Store_2,SKU_3,75.08,8,0,0,0,23.44
2022-12-28,Store_2,SKU_3,67.43,4,0,0,0,23.44
2022-12-29,Store_2,SKU_3,62.86,4,0,0,0,23.44
2022-12-30,Store_2,SKU_3,93.85,9,0,0,0,23.44
2022-12-31,Store_2,SKU_3,96.42,8,0,0,0,23.44
2023-01-01,Store_2,SKU_3,21.9,2,0,a,0,23.44
2023-01-02,Store_2,SKU_3,86.84,8,0,0,0,23.44
2023-01-03,Store_2,SKU_3,70.14,6,0,0,0,23.44
2023-01-04,Store_2,SKU_3,66.55,7,0,0,0,23.44
2023-01-05,Store_2,SKU_3,75.97,6,0,0,0,23.44
2023-01-06,Store_2,SKU_3,95.34,11,0,0,0,23.44
2023-01-07,Store_2,SKU_3,109.21,7,0,0,0,23.44
2023-01-08,Store_2,SKU_3,67.18,6,1,0,0,23.44
2023-01-09,Store_2,SKU_3,88.09,10,0,0,0,23.44
2023-01-10,Store_2,SKU_3,69.85,5,0,0,0,23.44
2023-01-11,Store_2,SKU_3,69.2,5,0,0,0,23.44
2023-01-12,Store_2,SKU_3,113.49,11,1,0,0,23.44
2023-01-13,Store_2,SKU_3,86.62,7,0,0,0,23.44
2023-01-14,Store_2,SKU_3,110.67,11,0,0,0,23.44
2023-01-15,Store_2,SKU_3,50.43,3,0,0,0,23.44
2023-01-16,Store_2,SKU_3,79.76,8,0,0,0,23.44
2023-01-17,Store_2,SKU_3,118.72,8,1,0,0,23.44
2023-01-18,Store_2,SKU_3,66.1,5,0,0,0,23.44
2023-01-19,Store_2,SKU_3,97.74,11,1,0,0,23.44
2023-01-20,Store_2,SKU_3,119.61,12,1,0,0,23.44
2023-01-21,Store_2,SKU_3,89.65,6,0,0,0,23.44
2023-01-22,Store_2,SKU_3,48.78,5,0,0,0,23.44
2023-01-23,Store_2,SKU_3,73.77,7,0,0,0,23.44
2023-01-24,Store_2,SKU_3,71.26,8,0,0,0,23.44
2023-01-25,Store_2,SKU_3,81.33,5,0,0,0,23.44
2023-01-26,Store_2,SKU_3,77.15,7,0,0,0,23.44
2023-01-27,Store_2,SKU_3,95.93,10,0,0,0,23.44
2023-01-28,Store_2,SKU_3,108.57,7,0,0,0,23.44
2023-01-29,Store_2,SKU_3,44.55,3,0,0,0,23.44
2023-01-30,Store_2,SKU_3,72.11,6,0,0,0,23.44
2023-01-31,Store_2,SKU_3,74.74,7,0,0,0,23.44
2023-02-01,Store_2,SKU_3,91.29,7,0,0,0,23.44
2023-02-02,Store_2,SKU_3,133.28,9,1,0,0,23.44
2023-02-03,Store_2,SKU_3,100.64,7,0,0,0,23.44
2023-02-04,Store_2,SKU_3,158.7,13,1,0,0,23.44
2023-02-05,Store_2,SKU_3,56.11,5,0,0,0,23.44
2023-02-06,Store_2,SKU_3,123.03,9,1,0,0,23.44
2023-02-07,Store_2,SKU_3,109.09,7,0,0,0,23.44
2023-02-08,Store_2,SKU_3,87.34,6,0,0,0,23.44
2023-02-09,Store_2,SKU_3,92.54,7,0,0,0,23.44
2023-02-10,Store_2,SKU_3,105.09,9,0,0,0,23.44
2023-02-11,Store_2,SKU_3,152.61,13,1,0,0,23.44
2023-02-12,Store_2,SKU_3,58.25,6,0,0,0,23.44
2023-02-13,Store_2,SKU_3,92.84,10,0,0,0,23.44
2023-02-14,Store_2,SKU_3,81.84,7,0,0,0,23.44
2023-02-15,Store_2,SKU_3,87.27,9,0,0,0,23.44
2023-02-16,Store_2,SKU_3,116.07,9,1,0,0,23.44
2023-02-17,Store_2,SKU_3,89.33,6,0,0,0,23.44
2023-02-18,Store_2,SKU_3,109.22,11,0,0,0,23.44
2023-02-19,Store_2,SKU_3,52.2,4,0,0,0,23.44
2023-02-20,Store_2,SKU_3,85.7,8,0,0,0,23.44
2023-02-21,Store_2,SKU_3,94.5,7,0,0,0,23.44
2023-02-22,Store_2,SKU_3,82.38,8,0,0,0,23.44
2023-02-23,Store_2,SKU_3,96.88,7,0,0,0,23.44
2023-02-24,Store_2,SKU_3,114.28,11,0,0,0,23.44
2023-02-25,Store_2,SKU_3,106.24,9,0,0,0,23.44
2023-02-26,Store_2,SKU_3,77.21,9,1,0,0,23.44
2023-02-27,Store_2,SKU_3,94.28,10,0,0,0,23.44
2023-02-28,Store_2,SKU_3,73.94,6,0,0,0,23.44
2023-03-01,Store_2,SKU_3,92.99,8,0,0,0,23.44
2023-03-02,Store_2,SKU_3,99.32,8,0,0,0,23.44
2023-03-03,Store_2,SKU_3,126.59,13,0,0,0,23.44
2023-03-04,Store_2,SKU_3,137.36,14,0,0,0,23.44
2023-03-05,Store_2,SKU_3,72.0,6,0,0,0,23.44
2023-03-06,Store_2,SKU_3,106.59,10,0,0,0,23.44
2023-03-07,Store_2,SKU_3,169.39,13,1,0,0,23.44
2023-03-08,Store_2,SKU_3,88.17,7,0,0,0,23.44
2023-03-09,Store_2,SKU_3,153.51,11,1,0,0,23.44
2023-03-10,Store_2,SKU_3,106.66,8,0,0,0,23.44
2023-03-11,Store_2,SKU_3,142.34,14,0,0,0,23.44
2023-03-12,Store_2,SKU_3,55.98,5,0,0,0,23.44
2023-03-13,Store_2,SKU_3,92.38,7,0,0,0,23.44
2023-03-14,Store_2,SKU_3,88.12,7,0,0,0,23.44
2023-03-15,Store_2,SKU_3,156.5,17,1,0,0,23.44
2023-03-16,Store_2,SKU_3,108.0,9,0,0,0,23.44
2023-03-17,Store_2,SKU_3,118.24,12,0,0,0,23.44
2023-03-18,Store_2,SKU_3,196.41,20,1,0,0,23.44
2023-03-19,Store_2,SKU_3,66.61,5,0,0,0,23.44
2023-03-20,Store_2,SKU_3,125.51,9,0,0,0,23.44
2023-03-21,Store_2,SKU_3,104.34,8,0,0,0,23.44
2023-03-22,Store_2,SKU_3,149.22,12,1,0,0,23.44
2023-03-23,Store_2,SKU_3,146.82,13,1,0,0,23.44
2023-03-24,Store_2,SKU_3,120.24,12,0,0,0,23.44
2023-03-25,Store_2,SKU_3,122.75,9,0,0,0,23.44
2023-03-26,Store_2,SKU_3,63.37,5,0,0,0,23.44
2023-03-27,Store_2,SKU_3,124.1,10,0,0,0,23.44
2023-03-28,Store_2,SKU_3,106.89,9,0,0,0,23.44
2023-03-29,Store_2,SKU_3,110.83,10,0,0,0,23.44
2023-03-30,Store_2,SKU_3,107.15,10,0,0,0,23.44
2023-03-31,Store_2,SKU_3,122.98,10,0,0,0,23.44
2023-04-01,Store_2,SKU_3,140.46,16,0,0,0,23.44
2023-04-02,Store_2,SKU_3,75.22,5,0,0,0,23.44
2023-04-03,Store_2,SKU_3,107.57,8,0,0,0,23.44
2023-04-04,Store_2,SKU_3,125.06,13,0,0,0,23.44
2023-04-05,Store_2,SKU_3,111.35,11,0,0,0,23.44
2023-04-06,Store_2,SKU_3,115.49,13,0,0,0,23.44
2023-04-07,Store_2,SKU_3,118.43,10,0,0,0,23.44
2023-04-08,Store_2,SKU_3,142.6,11,0,0,0,23.44
2023-04-09,Store_2,SKU_3,71.77,6,0,0,0,23.44
2023-04-10,Store_2,SKU_3,123.79,11,0,0,0,23.44
2023-04-11,Store_2,SKU_3,112.21,11,0,0,0,23.44
2023-04-12,Store_2,SKU_3,112.01,10,0,0,0,23.44
2023-04-13,Store_2,SKU_3,121.09,14,0,0,0,23.44
2023-04-14,Store_2,SKU_3,141.29,12,0,0,0,23.44
2023-04-15,Store_2,SKU_3,143.06,10,0,0,0,23.44
2023-04-16,Store_2,SKU_3,99.68,8,1,0,0,23.44
2023-04-17,Store_2,SKU_3,126.72,13,0,0,0,23.44
2023-04-18,Store_2,SKU_3,119.69,9,0,0,0,23.44
2023-04-19,Store_2,SKU_3,95.63,6,0,0,0,23.44
2023-04-20,Store_2,SKU_3,116.43,11,0,0,0,23.44
2023-04-21,Store_2,SKU_3,147.42,16,0,0,0,23.44
2023-04-22,Store_2,SKU_3,145.4,18,0,0,0,23.44
2023-04-23,Store_2,SKU_3,67.99,5,0,0,0,23.44
2023-04-24,Store_2,SKU_3,120.88,12,0,0,0,23.44
2023-04-25,Store_2,SKU_3,174.56,17,1,0,0,23.44
2023-04-26,Store_2,SKU_3,113.75,11,0,0,0,23.44
2023-04-27,Store_2,SKU_3,158.13,15,1,0,0,23.44
2023-04-28,Store_2,SKU_3,137.8,15,0,0,0,23.44
2023-04-29,Store_2,SKU_3,165.73,12,0,0,0,23.44
2023-04-30,Store_2,SKU_3,67.99,8,0,0,0,23.44
2023-05-01,Store_2,SKU_3,107.24,9,0,0,0,23.44
2023-05-02,Store_2,SKU_3,114.72,9,0,0,0,23.44
2023-05-03,Store_2,SKU_3,170.44,20,1,0,0,23.44
2023-05-04,Store_2,SKU_3,135.18,10,0,0,0,23.44
2023-05-05,Store_2,SKU_3,127.37,12,0,0,0,23.44
2023-05-06,Store_2,SKU_3,173.46,17,0,0,0,23.44
2023-05-07,Store_2,SKU_3,81.35,6,0,0,0,23.44
2023-05-08,Store_2,SKU_3,143.5,10,0,0,0,23.44
2023-05-09,Store_2,SKU_3,126.52,11,0,0,0,23.44
2023-05-10,Store_2,SKU_3,114.93,11,0,0,0,23.44
2023-05-11,Store_2,SKU_3,125.58,14,0,0,0,23.44
2023-05-12,Store_2,SKU_3,145.01,13,0,0,0,23.44
2023-05-13,Store_2,SKU_3,179.48,18,0,0,0,23.44
2023-05-14,Store_2,SKU_3,119.8,12,1,0,0,23.44
2023-05-15,Store_2,SKU_3,147.07,11,0,0,0,23.44
2023-05-16,Store_2,SKU_3,129.13,10,0,0,0,23.44
2023-05-17,Store_2,SKU_3,137.95,14,0,0,0,23.44
2023-05-18,Store_2,SKU_3,119.82,14,0,0,0,23.44
2023-05-19,Store_2,SKU_3,147.85,13,0,0,0,23.44
2023-05-20,Store_2,SKU_3,161.69,15,0,0,0,23.44
2023-05-21,Store_2,SKU_3,85.63,9,0,0,0,23.44
2023-05-22,Store_2,SKU_3,141.16,10,0,0,0,23.44
2023-05-23,Store_2,SKU_3,106.36,10,0,0,0,23.44
2023-05-24,Store_2,SKU_3,126.94,10,0,0,0,23.44
2023-05-25,Store_2,SKU_3,131.18,12,0,0,0,23.44
2023-05-26,Store_2,SKU_3,150.32,12,0,0,0,23.44
2023-05-27,Store_2,SKU_3,168.06,17,0,0,0,23.44
2023-05-28,Store_2,SKU_3,102.81,11,1,0,0,23.44
2023-05-29,Store_2,SKU_3,135.59,10,0,0,0,23.44
2023-05-30,Store_2,SKU_3,123.99,12,0,0,0,23.44
2023-05-31,Store_2,SKU_3,129.02,10,0,0,0,23.44
2023-06-01,Store_2,SKU_3,133.16,15,0,0,0,23.44
2023-06-02,Store_2,SKU_3,141.07,13,0,0,0,23.44
2023-06-03,Store_2,SKU_3,262.4,21,1,0,0,23.44
2023-06-04,Store_2,SKU_3,73.06,7,0,0,0,23.44
2023-06-05,Store_2,SKU_3,130.02,11,0,0,0,23.44
2023-06-06,Store_2,SKU_3,127.87,9,0,0,0,23.44
2023-06-07,Store_2,SKU_3,182.85,17,1,0,0,23.44
2023-06-08,Store_2,SKU_3,138.67,10,0,0,0,23.44
2023-06-09,Store_2,SKU_3,141.9,10,0,0,0,23.44
2023-06-10,Store_2,SKU_3,190.44,15,0,0,0,23.44
2023-06-11,Store_2,SKU_3,83.28,6,0,0,0,23.44
2023-06-12,Store_2,SKU_3,143.53,15,0,0,0,23.44
2023-06-13,Store_2,SKU_3,128.31,10,0,0,0,23.44
2023-06-14,Store_2,SKU_3,125.8,13,0,0,0,23.44
2023-06-15,Store_2,SKU_3,146.42,15,0,0,0,23.44
2023-06-16,Store_2,SKU_3,177.59,20,1,0,0,23.44
2023-06-17,Store_2,SKU_3,165.26,15,0,0,0,23.44
2023-06-18,Store_2,SKU_3,86.7,9,0,0,0,23.44
2023-06-19,Store_2,SKU_3,137.1,9,0,0,0,23.44
2023-06-20,Store_2,SKU_3,138.13,12,0,0,0,23.44
2023-06-21,Store_2,SKU_3,118.19,10,0,0,0,23.44
2023-06-22,Store_2,SKU_3,195.59,20,1,0,0,23.44
2023-06-23,Store_2,SKU_3,142.05,13,0,0,0,23.44
2023-06-24,Store_2,SKU_3,155.85,17,0,0,0,23.44
2023-06-25,Store_2,SKU_3,82.33,7,0,0,0,23.44
2023-06-26,Store_2,SKU_3,141.79,10,0,0,0,23.44
2023-06-27,Store_2,SKU_3,120.67,9,0,0,0,23.44
2023-06-28,Store_2,SKU_3,190.91,20,1,0,0,23.44
2023-06-29,Store_2,SKU_3,140.85,10,0,0,0,23.44
2023-06-30,Store_2,SKU_3,153.85,11,0,0,0,23.44
2023-07-01,Store_2,SKU_3,158.22,11,0,0,1,23.44
2023-07-02,Store_2,SKU_3,85.34,7,0,0,0,23.44
2023-07-03,Store_2,SKU_3,121.96,8,0,0,0,23.44
2023-07-04,Store_2,SKU_3,105.59,10,0,0,0,23.44
2023-07-05,Store_2,SKU_3,136.77,15,0,0,0,23.44
2023-07-06,Store_2,SKU_3,141.11,12,0,0,1,23.44
2023-07-07,Store_2,SKU_3,134.32,16,0,0,1,23.44
2023-07-08,Store_2,SKU_3,159.34,13,0,0,0,23.44
2023-07-09,Store_2,SKU_3,89.04,6,0,0,0,23.44
2023-07-10,Store_2,SKU_3,127.0,14,0,0,0,23.44
2023-07-11,Store_2,SKU_3,132.31,9,0,0,0,23.44
2023-07-12,Store_2,SKU_3,122.09,11,0,0,0,23.44
2023-07-13,Store_2,SKU_3,117.28,14,0,0,1,23.44
2023-07-14,Store_2,SKU_3,137.4,15,0,0,0,23.44
2023-07-15,Store_2,SKU_3,182.77,19,0,0,1,23.44
2023-07-16,Store_2,SKU_3,78.17,8,0,0,1,23.44
2023-07-17,Store_2,SKU_3,140.24,13,0,0,0,23.44
2023-07-18,Store_2,SKU_3,108.26,13,0,0,1,23.44
2023-07-19,Store_2,SKU_3,166.98,14,1,0,0,23.44
2023-07-20,Store_2,SKU_3,131.64,10,0,0,0,23.44
2023-07-21,Store_2,SKU_3,132.06,16,0,0,1,23.44
2023-07-22,Store_2,SKU_3,175.8,18,0,0,0,23.44
2023-07-23,Store_2,SKU_3,121.68,12,1,0,1,23.44
2023-07-24,Store_2,SKU_3,127.21,11,0,0,1,23.44
2023-07-25,Store_2,SKU_3,159.96,14,1,0,0,23.44
2023-07-26,Store_2,SKU_3,121.28,8,0,0,0,23.44
2023-07-27,Store_2,SKU_3,134.32,12,0,0,1,23.44
2023-07-28,Store_2,SKU_3,153.73,11,0,0,0,23.44
2023-07-29,Store_2,SKU_3,163.19,12,0,0,0,23.44
2023-07-30,Store_2,SKU_3,71.28,8,0,0,1,23.44
2023-07-31,Store_2,SKU_3,199.08,15,1,0,1,23.44
2023-08-01,Store_2,SKU_3,116.34,11,0,0,1,23.44
2023-08-02,Store_2,SKU_3,123.24,11,0,0,0,23.44
2023-08-03,Store_2,SKU_3,135.18,13,0,0,0,23.44
2023-08-04,Store_2,SKU_3,137.71,15,0,0,0,23.44
2023-08-05,Store_2,SKU_3,141.41,10,0,0,1,23.44
2023-08-06,Store_2,SKU_3,82.14,6,0,0,1,23.44
2023-08-07,Store_2,SKU_3,137.97,14,0,0,0,23.44
2023-08-08,Store_2,SKU_3,115.96,8,0,0,0,23.44
2023-08-09,Store_2,SKU_3,115.71,8,0,0,0,23.44
2023-08-10,Store_2,SKU_3,132.02,11,0,0,0,23.44
2023-08-11,Store_2,SKU_3,134.8,10,0,0,0,23.44
2023-08-12,Store_2,SKU_3,145.48,10,0,0,0,23.44
2023-08-13,Store_2,SKU_3,83.73,6,0,0,0,23.44
2023-08-14,Store_2,SKU_3,113.38,9,0,0,0,23.44
2023-08-15,Store_2,SKU_3,115.11,8,0,0,1,23.44
2023-08-16,Store_2,SKU_3,117.95,13,0,0,0,23.44
2023-08-17,Store_2,SKU_3,149.61,10,0,0,1,23.44
2023-08-18,Store_2,SKU_3,153.54,13,0,0,1,23.44
2023-08-19,Store_2,SKU_3,149.97,13,0,0,1,23.44
2023-08-20,Store_2,SKU_3,71.22,5,0,0,0,23.44
2023-08-21,Store_2,SKU_3,125.69,10,0,0,1,23.44
2023-08-22,Store_2,SKU_3,127.77,10,0,0,1,23.44
2023-08-23,Store_2,SKU_3,94.86,10,0,0,1,23.44
2023-08-24,Store_2,SKU_3,109.89,8,0,0,0,23.44
2023-08-25,Store_2,SKU_3,128.5,15,0,0,0,23.44
2023-08-26,Store_2,SKU_3,162.93,14,0,0,1,23.44
2023-08-27,Store_2,SKU_3,71.16,6,0,0,0,23.44
2023-08-28,Store_2,SKU_3,126.82,9,0,0,0,23.44
2023-08-29,Store_2,SKU_3,115.07,9,0,0,0,23.44
2023-08-30,Store_2,SKU_3,174.95,15,1,0,0,23.44
2023-08-31,Store_2,SKU_3,124.91,9,0,0,0,23.44
2023-09-01,Store_2,SKU_3,109.48,9,0,0,0,23.44
2023-09-02,Store_2,SKU_3,129.8,13,0,0,0,23.44
2023-09-03,Store_2,SKU_3,108.71,8,1,0,0,23.44
2023-09-04,Store_2,SKU_3,108.07,13,0,0,0,23.44
2023-09-05,Store_2,SKU_3,96.04,7,0,0,0,23.44
2023-09-06,Store_2,SKU_3,99.5,7,0,0,0,23.44
2023-09-07,Store_2,SKU_3,79.16,6,0,0,0,23.44
2023-09-08,Store_2,SKU_3,126.48,11,0,0,0,23.44
2023-09-09,Store_2,SKU_3,186.13,13,1,0,0,23.44
2023-09-10,Store_2,SKU_3,63.09,5,0,0,0,23.44
2023-09-11,Store_2,SKU_3,107.23,9,0,0,0,23.44
2023-09-12,Store_2,SKU_3,100.47,7,0,0,0,23.44
2023-09-13,Store_2,SKU_3,83.59,9,0,0,0,23.44
2023-09-14,Store_2,SKU_3,101.59,8,0,0,0,23.44
2023-09-15,Store_2,SKU_3,123.63,9,0,0,0,23.44
2023-09-16,Store_2,SKU_3,193.03,20,1,0,0,23.44
2023-09-17,Store_2,SKU_3,62.39,6,0,0,0,23.44
2023-09-18,Store_2,SKU_3,103.62,10,0,0,0,23.44
2023-09-19,Store_2,SKU_3,91.37,11,0,0,0,23.44
2023-09-20,Store_2,SKU_3,98.52,8,0,0,0,23.44
2023-09-21,Store_2,SKU_3,104.89,7,0,0,0,23.44
2023-09-22,Store_2,SKU_3,123.11,11,0,0,0,23.44
2023-09-23,Store_2,SKU_3,147.99,12,0,0,0,23.44
2023-09-24,Store_2,SKU_3,69.81,6,0,0,0,23.44
2023-09-25,Store_2,SKU_3,123.84,11,0,0,0,23.44
2023-09-26,Store_2,SKU_3,98.99,9,0,0,0,23.44
2023-09-27,Store_2,SKU_3,114.76,9,0,0,0,23.44
2023-09-28,Store_2,SKU_3,106.75,11,0,0,0,23.44
2023-09-29,Store_2,SKU_3,128.62,13,0,0,0,23.44
2023-09-30,Store_2,SKU_3,216.9,21,1,0,0,23.44
2023-10-01,Store_2,SKU_3,50.31,5,0,0,0,23.44
2023-10-02,Store_2,SKU_3,142.92,14,1,0,0,23.44
2023-10-03,Store_2,SKU_3,94.44,7,0,0,0,23.44
2023-10-04,Store_2,SKU_3,86.49,6,0,0,0,23.44
2023-10-05,Store_2,SKU_3,109.67,13,0,0,0,23.44
2023-10-06,Store_2,SKU_3,112.96,9,0,0,0,23.44
2023-10-07,Store_2,SKU_3,168.15,12,1,0,0,23.44
2023-10-08,Store_2,SKU_3,55.75,4,0,0,0,23.44
2023-10-09,Store_2,SKU_3,86.86,8,0,0,0,23.44
2023-10-10,Store_2,SKU_3,104.41,7,0,0,0,23.44
2023-10-11,Store_2,SKU_3,93.48,7,0,0,0,23.44
2023-10-12,Store_2,SKU_3,95.95,11,0,0,0,23.44
2023-10-13,Store_2,SKU_3,92.8,7,0,0,0,23.44
2023-10-14,Store_2,SKU_3,126.61,13,0,0,0,23.44
2023-10-15,Store_2,SKU_3,58.4,6,0,0,0,23.44
2023-10-16,Store_2,SKU_3,90.02,7,0,0,0,23.44
2023-10-17,Store_2,SKU_3,99.6,8,0,0,0,23.44
2023-10-18,Store_2,SKU_3,74.95,5,0,0,0,23.44
2023-10-19,Store_2,SKU_3,107.74,12,0,0,0,23.44
2023-10-20,Store_2,SKU_3,106.51,12,0,0,0,23.44
2023-10-21,Store_2,SKU_3,125.64,13,0,0,0,23.44
2023-10-22,Store_2,SKU_3,51.88,5,0,0,0,23.44
2023-10-23,Store_2,SKU_3,90.87,6,0,0,0,23.44
2023-10-24,Store_2,SKU_3,100.89,8,0,0,0,23.44
2023-10-25,Store_2,SKU_3,85.54,8,0,0,0,23.44
2023-10-26,Store_2,SKU_3,105.68,11,0,0,0,23.44
2023-10-27,Store_2,SKU_3,102.55,10,0,0,0,23.44
2023-10-28,Store_2,SKU_3,129.97,9,0,0,0,23.44
2023-10-29,Store_2,SKU_3,60.6,5,0,0,0,23.44
2023-10-30,Store_2,SKU_3,107.59,7,0,0,0,23.44
2023-10-31,Store_2,SKU_3,94.45,9,0,0,0,23.44
2023-11-01,Store_2,SKU_3,83.22,8,0,0,0,23.44
2023-11-02,Store_2,SKU_3,78.73,6,0,0,0,23.44
2023-11-03,Store_2,SKU_3,138.48,11,1,0,0,23.44
2023-11-04,Store_2,SKU_3,109.43,9,0,0,0,23.44
2023-11-05,Store_2,SKU_3,46.47,5,0,0,0,23.44
2023-11-06,Store_2,SKU_3,87.59,6,0,0,0,23.44
2023-11-07,Store_2,SKU_3,81.04,6,0,0,0,23.44
2023-11-08,Store_2,SKU_3,88.93,8,0,0,0,23.44
2023-11-09,Store_2,SKU_3,78.09,7,0,0,0,23.44
2023-11-10,Store_2,SKU_3,102.32,10,0,0,0,23.44
2023-11-11,Store_2,SKU_3,105.99,8,0,0,0,23.44
2023-11-12,Store_2,SKU_3,46.74,4,0,0,0,23.44
2023-11-13,Store_2,SKU_3,94.75,11,0,0,0,23.44
2023-11-14,Store_2,SKU_3,83.03,8,0,0,0,23.44
2023-11-15,Store_2,SKU_3,92.4,8,0,0,0,23.44
2023-11-16,Store_2,SKU_3,92.02,7,0,0,0,23.44
2023-11-17,Store_2,SKU_3,102.15,9,0,0,0,23.44
2023-11-18,Store_2,SKU_3,100.35,10,0,0,0,23.44
2023-11-19,Store_2,SKU_3,51.57,3,0,0,0,23.44
2023-11-20,Store_2,SKU_3,80.28,9,0,0,0,23.44
2023-11-21,Store_2,SKU_3,79.1,7,0,0,0,23.44
2023-11-22,Store_2,SKU_3,68.66,6,0,0,0,23.44
2023-11-23,Store_2,SKU_3,89.9,8,0,0,0,23.44
2023-11-24,Store_2,SKU_3,95.47,7,0,0,0,23.44
2023-11-25,Store_2,SKU_3,100.12,8,0,0,0,23.44
2023-11-26,Store_2,SKU_3,62.05,7,0,0,0,23.44
2023-11-27,Store_2,SKU_3,81.57,10,0,0,0,23.44
2023-11-28,Store_2,SKU_3,83.82,9,0,0,0,23.44
2023-11-29,Store_2,SKU_3,77.99,9,0,0,0,23.44
2023-11-30,Store_2,SKU_3,113.53,8,1,0,0,23.44
2023-12-01,Store_2,SKU_3,87.47,10,0,0,0,23.44
2023-12-02,Store_2,SKU_3,113.28,8,0,0,0,23.44
2023-12-03,Store_2,SKU_3,42.9,3,0,0,0,23.44
2023-12-04,Store_2,SKU_3,83.04,7,0,0,0,23.44
2023-12-05,Store_2,SKU_3,72.85,6,0,0,0,23.44
2023-12-06,Store_2,SKU_3,77.01,5,0,0,0,23.44
2023-12-07,Store_2,SKU_3,86.23,9,0,0,0,23.44
2023-12-08,Store_2,SKU_3,84.45,8,0,0,0,23.44
2023-12-09,Store_2,SKU_3,110.34,11,0,0,0,23.44
2023-12-10,Store_2,SKU_3,64.56,6,1,0,0,23.44
2023-12-11,Store_2,SKU_3,91.37,8,0,0,0,23.44
2023-12-12,Store_2,SKU_3,74.52,7,0,0,0,23.44
2023-12-13,Store_2,SKU_3,103.35,8,1,0,0,23.44
2023-12-14,Store_2,SKU_3,87.6,8,0,0,0,23.44
2023-12-15,Store_2,SKU_3,79.32,8,0,0,0,23.44
2023-12-16,Store_2,SKU_3,144.88,10,1,0,0,23.44
2023-12-17,Store_2,SKU_3,51.46,6,0,0,0,23.44
2023-12-18,Store_2,SKU_3,87.45,10,0,0,0,23.44
2023-12-19,Store_2,SKU_3,73.46,7,0,0,0,23.44
2023-12-20,Store_2,SKU_3,83.09,7,0,0,0,23.44
2023-12-21,Store_2,SKU_3,113.12,8,1,0,0,23.44
2023-12-22,Store_2,SKU_3,94.47,10,0,0,0,23.44
2023-12-23,Store_2,SKU_3,130.49,13,0,0,0,23.44
2023-12-24,Store_2,SKU_3,45.04,3,0,0,0,23.44
2023-12-25,Store_2,SKU_3,33.29,2,0,a,0,23.44
2023-12-26,Store_2,SKU_3,26.37,2,0,a,0,23.44
2023-12-27,Store_2,SKU_3,75.86,9,0,0,0,23.44
2023-12-28,Store_2,SKU_3,108.69,12,1,0,0,23.44
2023-12-29,Store_2,SKU_3,106.43,10,0,0,0,23.44
2023-12-30,Store_2,SKU_3,105.99,10,0,0,0,23.44
2023-12-31,Store_2,SKU_3,53.33,5,0,0,0,23.44
2024-01-01,Store_2,SKU_3,32.05,2,0,a,0,23.44
2024-01-02,Store_2,SKU_3,89.67,8,0,0,0,23.44
2024-01-03,Store_2,SKU_3,127.78,9,1,0,0,23.44
2024-01-04,Store_2,SKU_3,111.49,11,1,0,0,23.44
2024-01-05,Store_2,SKU_3,89.74,7,0,0,0,23.44
2024-01-06,Store_2,SKU_3,120.05,10,0,0,0,23.44
2024-01-07,Store_2,SKU_3,51.86,4,0,0,0,23.44
2024-01-08,Store_2,SKU_3,101.9,9,0,0,0,23.44
2024-01-09,Store_2,SKU_3,79.25,7,0,0,0,23.44
2024-01-10,Store_2,SKU_3,84.67,7,0,0,0,23.44
2024-01-11,Store_2,SKU_3,87.72,8,0,0,0,23.44
2024-01-12,Store_2,SKU_3,94.55,10,0,0,0,23.44
2024-01-13,Store_2,SKU_3,107.05,8,0,0,0,23.44
2024-01-14,Store_2,SKU_3,50.09,4,0,0,0,23.44
2024-01-15,Store_2,SKU_3,85.31,6,0,0,0,23.44
2024-01-16,Store_2,SKU_3,78.54,8,0,0,0,23.44
2024-01-17,Store_2,SKU_3,85.96,7,0,0,0,23.44
2024-01-18,Store_2,SKU_3,87.9,6,0,0,0,23.44
2024-01-19,Store_2,SKU_3,97.15,8,0,0,0,23.44
2024-01-20,Store_2,SKU_3,158.4,18,1,0,0,23.44
2024-01-21,Store_2,SKU_3,50.48,5,0,0,0,23.44
2024-01-22,Store_2,SKU_3,100.17,8,0,0,0,23.44
2024-01-23,Store_2,SKU_3,81.87,8,0,0,0,23.44
2024-01-24,Store_2,SKU_3,86.73,9,0,0,0,23.44
2024-01-25,Store_2,SKU_3,93.67,6,0,0,0,23.44
2024-01-26,Store_2,SKU_3,103.53,10,0,0,0,23.44
2024-01-27,Store_2,SKU_3,116.11,10,0,0,0,23.44
2024-01-28,Store_2,SKU_3,52.29,3,0,0,0,23.44
2024-01-29,Store_2,SKU_3,95.03,7,0,0,0,23.44
2024-01-30,Store_2,SKU_3,76.68,9,0,0,0,23.44
2024-01-31,Store_2,SKU_3,78.59,6,0,0,0,23.44
2024-02-01,Store_2,SKU_3,84.24,9,0,0,0,23.44
2024-02-02,Store_2,SKU_3,92.87,8,0,0,0,23.44
2024-02-03,Store_2,SKU_3,135.59,13,0,0,0,23.44
2024-02-04,Store_2,SKU_3,60.9,5,0,0,0,23.44
2024-02-05,Store_2,SKU_3,99.1,7,0,0,0,23.44
2024-02-06,Store_2,SKU_3,132.42,11,1,0,0,23.44
2024-02-07,Store_2,SKU_3,104.93,7,0,0,0,23.44
2024-02-08,Store_2,SKU_3,107.3,10,0,0,0,23.44
2024-02-09,Store_2,SKU_3,115.44,9,0,0,0,23.44
2024-02-10,Store_2,SKU_3,125.98,13,0,0,0,23.44
2024-02-11,Store_2,SKU_3,77.15,5,1,0,0,23.44
2024-02-12,Store_2,SKU_3,86.1,7,0,0,0,23.44
2024-02-13,Store_2,SKU_3,98.99,7,0,0,0,23.44
2024-02-14,Store_2,SKU_3,106.42,9,0,0,0,23.44
2024-02-15,Store_2,SKU_3,135.57,15,1,0,0,23.44
2024-02-16,Store_2,SKU_3,106.3,11,0,0,0,23.44
2024-02-17,Store_2,SKU_3,167.93,12,1,0,0,23.44
2024-02-18,Store_2,SKU_3,58.76,5,0,0,0,23.44
2024-02-19,Store_2,SKU_3,114.67,12,0,0,0,23.44
2024-02-20,Store_2,SKU_3,89.54,7,0,0,0,23.44
2024-02-21,Store_2,SKU_3,124.32,11,1,0,0,23.44
2024-02-22,Store_2,SKU_3,99.68,10,0,0,0,23.44
2024-02-23,Store_2,SKU_3,113.73,11,0,0,0,23.44
2024-02-24,Store_2,SKU_3,130.44,10,0,0,0,23.44
2024-02-25,Store_2,SKU_3,68.93,6,0,0,0,23.44
2024-02-26,Store_2,SKU_3,106.46,10,0,0,0,23.44
2024-02-27,Store_2,SKU_3,89.48,6,0,0,0,23.44
2024-02-28,Store_2,SKU_3,96.51,7,0,0,0,23.44
2024-02-29,Store_2,SKU_3,87.95,6,0,0,0,23.44
2024-03-01,Store_2,SKU_3,139.95,15,0,0,0,23.44
2024-03-02,Store_2,SKU_3,159.76,12,0,0,0,23.44
2024-03-03,Store_2,SKU_3,66.79,4,0,0,0,23.44
2024-03-04,Store_2,SKU_3,111.42,9,0,0,0,23.44
2024-03-05,Store_2,SKU_3,99.34,10,0,0,0,23.44
2024-03-06,Store_2,SKU_3,125.48,10,0,0,0,23.44
2024-03-07,Store_2,SKU_3,118.1,9,0,0,0,23.44
2024-03-08,Store_2,SKU_3,112.38,9,0,0,0,23.44
2024-03-09,Store_2,SKU_3,133.05,10,0,0,0,23.44
2024-03-10,Store_2,SKU_3,59.45,7,0,0,0,23.44
2024-03-11,Store_2,SKU_3,150.42,12,1,0,0,23.44
2024-03-12,Store_2,SKU_3,106.45,10,0,0,0,23.44
2024-03-13,Store_2,SKU_3,106.38,10,0,0,0,23.44
2024-03-14,Store_2,SKU_3,101.44,9,0,0,0,23.44
2024-03-15,Store_2,SKU_3,179.25,12,1,0,0,23.44
2024-03-16,Store_2,SKU_3,143.59,10,0,0,0,23.44
2024-03-17,Store_2,SKU_3,63.17,5,0,0,0,23.44
2024-03-18,Store_2,SKU_3,119.99,12,0,0,0,23.44
2024-03-19,Store_2,SKU_3,95.3,11,0,0,0,23.44
2024-03-20,Store_2,SKU_3,110.3,8,0,0,0,23.44
2024-03-21,Store_2,SKU_3,153.39,13,1,0,0,23.44
2024-03-22,Store_2,SKU_3,106.19,7,0,0,0,23.44
2024-03-23,Store_2,SKU_3,130.61,9,0,0,0,23.44
2024-03-24,Store_2,SKU_3,59.03,4,0,0,0,23.44
2024-03-25,Store_2,SKU_3,106.99,12,0,0,0,23.44
2024-03-26,Store_2,SKU_3,88.73,9,0,0,0,23.44
2024-03-27,Store_2,SKU_3,96.45,10,0,0,0,23.44
2024-03-28,Store_2,SKU_3,111.59,8,0,0,0,23.44
2024-03-29,Store_2,SKU_3,116.58,9,0,0,0,23.44
2024-03-30,Store_2,SKU_3,152.05,15,0,0,0,23.44
2024-03-31,Store_2,SKU_3,62.02,4,0,0,0,23.44
2024-04-01,Store_2,SKU_3,106.07,8,0,0,0,23.44
2024-04-02,Store_2,SKU_3,121.46,11,0,0,0,23.44
2024-04-03,Store_2,SKU_3,137.89,10,0,0,0,23.44
2024-04-04,Store_2,SKU_3,136.65,15,0,0,0,23.44
2024-04-05,Store_2,SKU_3,151.92,12,0,0,0,23.44
2024-04-06,Store_2,SKU_3,152.6,17,0,0,0,23.44
2024-04-07,Store_2,SKU_3,108.13,8,1,0,0,23.44
2024-04-08,Store_2,SKU_3,170.68,16,1,0,0,23.44
2024-04-09,Store_2,SKU_3,121.22,8,0,0,0,23.44
2024-04-10,Store_2,SKU_3,141.11,11,0,0,0,23.44
2024-04-11,Store_2,SKU_3,119.69,10,0,0,0,23.44
2024-04-12,Store_2,SKU_3,115.05,8,0,0,0,23.44
2024-04-13,Store_2,SKU_3,170.42,13,0,0,0,23.44
2024-04-14,Store_2,SKU_3,78.52,8,0,0,0,23.44
2024-04-15,Store_2,SKU_3,160.74,16,1,0,0,23.44
2024-04-16,Store_2,SKU_3,168.21,15,1,0,0,23.44
2024-04-17,Store_2,SKU_3,108.13,8,0,0,0,23.44
2024-04-18,Store_2,SKU_3,128.23,12,0,0,0,23.44
2024-04-19,Store_2,SKU_3,192.47,15,1,0,0,23.44
2024-04-20,Store_2,SKU_3,159.38,13,0,0,0,23.44
2024-04-21,Store_2,SKU_3,77.55,8,0,0,0,23.44
2024-04-22,Store_2,SKU_3,138.69,12,0,0,0,23.44
2024-04-23,Store_2,SKU_3,113.42,12,0,0,0,23.44
2024-04-24,Store_2,SKU_3,129.95,14,0,0,0,23.44
2024-04-25,Store_2,SKU_3,121.71,11,0,0,0,23.44
2024-04-26,Store_2,SKU_3,132.33,14,0,0,0,23.44
2024-04-27,Store_2,SKU_3,154.76,15,0,0,0,23.44
2024-04-28,Store_2,SKU_3,78.39,9,0,0,0,23.44
2024-04-29,Store_2,SKU_3,128.74,10,0,0,0,23.44
2024-04-30,Store_2,SKU_3,123.16,11,0,0,0,23.44
2024-05-01,Store_2,SKU_3,142.56,10,0,0,0,23.44
2024-05-02,Store_2,SKU_3,118.91,9,0,0,0,23.44
2024-05-03,Store_2,SKU_3,161.54,19,0,0,0,23.44
2024-05-04,Store_2,SKU_3,150.81,12,0,0,0,23.44
2024-05-05,Store_2,SKU_3,88.47,9,0,0,0,23.44
2024-05-06,Store_2,SKU_3,127.3,13,0,0,0,23.44
2024-05-07,Store_2,SKU_3,178.77,12,1,0,0,23.44
2024-05-08,Store_2,SKU_3,112.09,9,0,0,0,23.44
2024-05-09,Store_2,SKU_3,135.08,11,0,0,0,23.44
2024-05-10,Store_2,SKU_3,175.48,19,0,0,0,23.44
2024-05-11,Store_2,SKU_3,182.76,18,0,0,0,23.44
2024-05-12,Store_2,SKU_3,91.28,8,0,0,0,23.44
2024-05-13,Store_2,SKU_3,176.71,15,1,0,0,23.44
2024-05-14,Store_2,SKU_3,133.65,9,0,0,0,23.44
2024-05-15,Store_2,SKU_3,116.72,11,0,0,0,23.44
2024-05-16,Store_2,SKU_3,150.93,10,0,0,0,23.44
2024-05-17,Store_2,SKU_3,160.19,14,0,0,0,23.44
2024-05-18,Store_2,SKU_3,211.53,20,0,0,0,23.44
2024-05-19,Store_2,SKU_3,84.93,6,0,0,0,23.44
2024-05-20,Store_2,SKU_3,207.68,22,1,0,0,23.44
2024-05-21,Store_2,SKU_3,136.06,10,0,0,0,23.44
2024-05-22,Store_2,SKU_3,123.54,13,0,0,0,23.44
2024-05-23,Store_2,SKU_3,132.73,14,0,0,0,23.44
2024-05-24,Store_2,SKU_3,144.45,15,0,0,0,23.44
2024-05-25,Store_2,SKU_3,169.57,16,0,0,0,23.44
2024-05-26,Store_2,SKU_3,76.81,9,0,0,0,23.44
2024-05-27,Store_2,SKU_3,144.28,15,0,0,0,23.44
2024-05-28,Store_2,SKU_3,127.05,11,0,0,0,23.44
2024-05-29,Store_2,SKU_3,126.2,11,0,0,0,23.44
2024-05-30,Store_2,SKU_3,123.13,10,0,0,0,23.44
2024-05-31,Store_2,SKU_3,165.25,19,0,0,0,23.44
2024-06-01,Store_2,SKU_3,181.86,22,0,0,0,23.44
2024-06-02,Store_2,SKU_3,88.88,7,0,0,0,23.44
2024-06-03,Store_2,SKU_3,189.07,13,1,0,0,23.44
2024-06-04,Store_2,SKU_3,147.11,13,0,0,0,23.44
2024-06-05,Store_2,SKU_3,124.68,12,0,0,0,23.44
2024-06-06,Store_2,SKU_3,121.11,9,0,0,0,23.44
2024-06-07,Store_2,SKU_3,180.66,16,0,0,0,23.44
2024-06-08,Store_2,SKU_3,211.9,17,0,0,0,23.44
2024-06-09,Store_2,SKU_3,80.68,7,0,0,0,23.44
2024-06-10,Store_2,SKU_3,136.09,10,0,0,0,23.44
2024-06-11,Store_2,SKU_3,140.18,12,0,0,0,23.44
2024-06-12,Store_2,SKU_3,150.56,12,0,0,0,23.44
2024-06-13,Store_2,SKU_3,134.8,10,0,0,0,23.44
2024-06-14,Store_2,SKU_3,176.62,13,0,0,0,23.44
2024-06-15,Store_2,SKU_3,167.0,12,0,0,0,23.44
2024-06-16,Store_2,SKU_3,82.91,9,0,0,0,23.44
2024-06-17,Store_2,SKU_3,129.39,11,0,0,0,23.44
2024-06-18,Store_2,SKU_3,132.74,14,0,0,0,23.44
2024-06-19,Store_2,SKU_3,213.2,21,1,0,0,23.44
2024-06-20,Store_2,SKU_3,103.11,8,0,0,0,23.44
2024-06-21,Store_2,SKU_3,172.46,15,0,0,0,23.44
2024-06-22,Store_2,SKU_3,182.5,22,0,0,0,23.44
2024-06-23,Store_2,SKU_3,82.85,5,0,0,0,23.44
2024-06-24,Store_2,SKU_3,212.09,18,1,0,0,23.44
2024-06-25,Store_2,SKU_3,129.05,13,0,0,0,23.44
2024-06-26,Store_2,SKU_3,122.33,9,0,0,0,23.44
2024-06-27,Store_2,SKU_3,142.01,10,0,0,0,23.44
2024-06-28,Store_2,SKU_3,139.1,15,0,0,0,23.44
2024-06-29,Store_2,SKU_3,183.35,22,0,0,0,23.44
2024-06-30,Store_2,SKU_3,80.67,9,0,0,0,23.44
2024-07-01,Store_2,SKU_3,151.7,10,0,0,0,23.44
2024-07-02,Store_2,SKU_3,143.04,11,0,0,1,23.44
2024-07-03,Store_2,SKU_3,103.36,12,0,0,0,23.44
2024-07-04,Store_2,SKU_3,147.56,15,0,0,0,23.44
2024-07-05,Store_2,SKU_3,148.44,11,0,0,1,23.44
2024-07-06,Store_2,SKU_3,169.96,18,0,0,1,23.44
2024-07-07,Store_2,SKU_3,62.48,6,0,0,0,23.44
2024-07-08,Store_2,SKU_3,141.89,11,0,0,1,23.44
2024-07-09,Store_2,SKU_3,143.43,13,0,0,0,23.44
2024-07-10,Store_2,SKU_3,123.63,13,0,0,1,23.44
2024-07-11,Store_2,SKU_3,165.66,14,0,0,0,23.44
2024-07-12,Store_2,SKU_3,183.52,21,0,0,1,23.44
2024-07-13,Store_2,SKU_3,183.3,21,0,0,0,23.44
2024-07-14,Store_2,SKU_3,78.33,7,0,0,0,23.44
2024-07-15,Store_2,SKU_3,155.95,15,0,0,0,23.44
2024-07-16,Store_2,SKU_3,130.78,11,0,0,0,23.44
2024-07-17,Store_2,SKU_3,151.79,10,1,0,1,23.44
2024-07-18,Store_2,SKU_3,149.88,13,0,0,1,23.44
2024-07-19,Store_2,SKU_3,163.92,13,0,0,1,23.44
2024-07-20,Store_2,SKU_3,297.87,34,1,0,0,23.44
2024-07-21,Store_2,SKU_3,96.86,7,0,0,1,23.44
2024-07-22,Store_2,SKU_3,140.53,14,0,0,1,23.44
2024-07-23,Store_2,SKU_3,156.82,17,0,0,0,23.44
2024-07-24,Store_2,SKU_3,161.15,15,0,0,0,23.44
2024-07-25,Store_2,SKU_3,164.32,13,0,0,0,23.44
2024-07-26,Store_2,SKU_3,164.74,19,0,0,0,23.44
2024-07-27,Store_2,SKU_3,196.55,14,0,0,0,23.44
2024-07-28,Store_2,SKU_3,81.65,9,0,0,0,23.44
2024-07-29,Store_2,SKU_3,134.65,11,0,0,0,23.44
2024-07-30,Store_2,SKU_3,135.14,11,0,0,1,23.44
2024-07-31,Store_2,SKU_3,131.53,12,0,0,0,23.44
2024-08-01,Store_2,SKU_3,151.32,12,1,0,1,23.44
2024-08-02,Store_2,SKU_3,136.25,9,0,0,0,23.44
2024-08-03,Store_2,SKU_3,147.55,17,0,0,1,23.44
2024-08-04,Store_2,SKU_3,80.42,6,0,0,1,23.44
2024-08-05,Store_2,SKU_3,136.3,14,0,0,1,23.44
2024-08-06,Store_2,SKU_3,118.84,8,0,0,0,23.44
2024-08-07,Store_2,SKU_3,114.29,9,0,0,1,23.44
2024-08-08,Store_2,SKU_3,184.66,15,1,0,1,23.44
2024-08-09,Store_2,SKU_3,160.43,16,0,0,0,23.44
2024-08-10,Store_2,SKU_3,165.41,16,0,0,1,23.44
2024-08-11,Store_2,SKU_3,82.19,6,0,0,0,23.44
2024-08-12,Store_2,SKU_3,120.7,12,0,0,1,23.44
2024-08-13,Store_2,SKU_3,133.77,11,0,0,1,23.44
2024-08-14,Store_2,SKU_3,121.33,12,0,0,0,23.44
2024-08-15,Store_2,SKU_3,143.86,12,0,0,0,23.44
2024-08-16,Store_2,SKU_3,126.7,10,0,0,1,23.44
2024-08-17,Store_2,SKU_3,170.99,18,0,0,0,23.44
2024-08-18,Store_2,SKU_3,95.26,6,0,0,0,23.44
2024-08-19,Store_2,SKU_3,135.38,10,0,0,1,23.44
2024-08-20,Store_2,SKU_3,117.87,9,0,0,0,23.44
2024-08-21,Store_2,SKU_3,134.04,16,0,0,1,23.44
2024-08-22,Store_2,SKU_3,114.04,13,0,0,1,23.44
2024-08-23,Store_2,SKU_3,141.7,15,0,0,1,23.44
2024-08-24,Store_2,SKU_3,171.0,20,0,0,1,23.44
2024-08-25,Store_2,SKU_3,109.73,9,1,0,0,23.44
2024-08-26,Store_2,SKU_3,121.22,9,0,0,1,23.44
2024-08-27,Store_2,SKU_3,144.59,14,0,0,0,23.44
2024-08-28,Store_2,SKU_3,133.8,9,0,0,1,23.44
2024-08-29,Store_2,SKU_3,138.62,15,0,0,0,23.44
2024-08-30,Store_2,SKU_3,110.52,8,0,0,0,23.44
2024-08-31,Store_2,SKU_3,147.45,12,0,0,0,23.44
2024-09-01,Store_2,SKU_3,67.51,4,0,0,0,23.44
2024-09-02,Store_2,SKU_3,124.54,9,0,0,0,23.44
2024-09-03,Store_2,SKU_3,106.26,8,0,0,0,23.44
2024-09-04,Store_2,SKU_3,106.23,11,0,0,0,23.44
2024-09-05,Store_2,SKU_3,119.47,9,0,0,0,23.44
2024-09-06,Store_2,SKU_3,122.9,12,0,0,0,23.44
2024-09-07,Store_2,SKU_3,141.41,10,0,0,0,23.44
2024-09-08,Store_2,SKU_3,79.45,7,0,0,0,23.44
2024-09-09,Store_2,SKU_3,132.93,10,0,0,0,23.44
2024-09-10,Store_2,SKU_3,110.84,8,0,0,0,23.44
2024-09-11,Store_2,SKU_3,115.9,12,0,0,0,23.44
2024-09-12,Store_2,SKU_3,162.21,12,1,0,0,23.44
2024-09-13,Store_2,SKU_3,133.39,10,0,0,0,23.44
2024-09-14,Store_2,SKU_3,123.97,9,0,0,0,23.44
2024-09-15,Store_2,SKU_3,70.17,5,0,0,0,23.44
2024-09-16,Store_2,SKU_3,126.74,10,0,0,0,23.44
2024-09-17,Store_2,SKU_3,113.7,11,0,0,0,23.44
2024-09-18,Store_2,SKU_3,120.6,9,0,0,0,23.44
2024-09-19,Store_2,SKU_3,101.89,9,0,0,0,23.44
2024-09-20,Store_2,SKU_3,124.71,10,0,0,0,23.44
2024-09-21,Store_2,SKU_3,169.29,13,0,0,0,23.44
2024-09-22,Store_2,SKU_3,74.68,5,0,0,0,23.44
2024-09-23,Store_2,SKU_3,115.25,9,0,0,0,23.44
2024-09-24,Store_2,SKU_3,88.66,10,0,0,0,23.44
2024-09-25,Store_2,SKU_3,107.25,9,0,0,0,23.44
2024-09-26,Store_2,SKU_3,187.04,14,1,0,0,23.44
2024-09-27,Store_2,SKU_3,114.79,10,0,0,0,23.44
2024-09-28,Store_2,SKU_3,138.17,10,0,0,0,23.44
2024-09-29,Store_2,SKU_3,61.56,6,0,0,0,23.44
2024-09-30,Store_2,SKU_3,119.78,10,0,0,0,23.44
2024-10-01,Store_2,SKU_3,94.24,7,0,0,0,23.44
2024-10-02,Store_2,SKU_3,124.97,9,0,0,0,23.44
2024-10-03,Store_2,SKU_3,109.71,11,0,0,0,23.44
2024-10-04,Store_2,SKU_3,101.99,8,0,0,0,23.44
2024-10-05,Store_2,SKU_3,121.55,13,0,0,0,23.44
2024-10-06,Store_2,SKU_3,62.94,6,0,0,0,23.44
2024-10-07,Store_2,SKU_3,91.14,7,0,0,0,23.44
2024-10-08,Store_2,SKU_3,144.38,10,1,0,0,23.44
2024-10-09,Store_2,SKU_3,107.98,9,0,0,0,23.44
2024-10-10,Store_2,SKU_3,84.23,10,0,0,0,23.44
2024-10-11,Store_2,SKU_3,109.96,13,0,0,0,23.44
2024-10-12,Store_2,SKU_3,124.65,12,0,0,0,23.44
2024-10-13,Store_2,SKU_3,64.63,7,0,0,0,23.44
2024-10-14,Store_2,SKU_3,115.85,12,0,0,0,23.44
2024-10-15,Store_2,SKU_3,103.26,8,0,0,0,23.44
2024-10-16,Store_2,SKU_3,88.08,9,0,0,0,23.44
2024-10-17,Store_2,SKU_3,100.6,7,0,0,0,23.44
2024-10-18,Store_2,SKU_3,114.37,10,0,0,0,23.44
2024-10-19,Store_2,SKU_3,127.96,9,0,0,0,23.44
2024-10-20,Store_2,SKU_3,92.07,7,1,0,0,23.44
2024-10-21,Store_2,SKU_3,102.04,9,0,0,0,23.44
2024-10-22,Store_2,SKU_3,105.54,9,0,0,0,23.44
2024-10-23,Store_2,SKU_3,103.27,8,0,0,0,23.44
2024-10-24,Store_2,SKU_3,98.43,10,0,0,0,23.44
2024-10-25,Store_2,SKU_3,93.12,9,0,0,0,23.44
2024-10-26,Store_2,SKU_3,177.3,22,1,0,0,23.44
2024-10-27,Store_2,SKU_3,54.79,4,0,0,0,23.44
2024-10-28,Store_2,SKU_3,85.36,6,0,0,0,23.44
2024-10-29,Store_2,SKU_3,102.47,10,0,0,0,23.44
2024-10-30,Store_2,SKU_3,102.54,7,0,0,0,23.44
2024-10-31,Store_2,SKU_3,91.43,6,0,0,0,23.44
2024-11-01,Store_2,SKU_3,106.67,11,0,0,0,23.44
2024-11-02,Store_2,SKU_3,124.29,12,0,0,0,23.44
2024-11-03,Store_2,SKU_3,73.06,5,1,0,0,23.44
2024-11-04,Store_2,SKU_3,101.02,8,0,0,0,23.44
2024-11-05,Store_2,SKU_3,83.93,6,0,0,0,23.44
2024-11-06,Store_2,SKU_3,73.6,6,0,0,0,23.44
2024-11-07,Store_2,SKU_3,120.69,10,1,0,0,23.44
2024-11-08,Store_2,SKU_3,98.71,11,0,0,0,23.44
2024-11-09,Store_2,SKU_3,114.97,12,0,0,0,23.44
2024-11-10,Store_2,SKU_3,51.72,5,0,0,0,23.44
2024-11-11,Store_2,SKU_3,90.7,6,0,0,0,23.44
2024-11-12,Store_2,SKU_3,85.82,10,0,0,0,23.44
2024-11-13,Store_2,SKU_3,83.62,7,0,0,0,23.44
2024-11-14,Store_2,SKU_3,93.46,9,0,0,0,23.44
2024-11-15,Store_2,SKU_3,98.85,9,0,0,0,23.44
2024-11-16,Store_2,SKU_3,105.2,12,0,0,0,23.44
2024-11-17,Store_2,SKU_3,49.0,4,0,0,0,23.44
2024-11-18,Store_2,SKU_3,101.23,11,0,0,0,23.44
2024-11-19,Store_2,SKU_3,80.82,7,0,0,0,23.44
2024-11-20,Store_2,SKU_3,92.31,7,0,0,0,23.44
2024-11-21,Store_2,SKU_3,95.09,10,0,0,0,23.44
2024-11-22,Store_2,SKU_3,105.25,8,0,0,0,23.44
2024-11-23,Store_2,SKU_3,122.94,9,0,0,0,23.44
2024-11-24,Store_2,SKU_3,59.13,4,0,0,0,23.44
2024-11-25,Store_2,SKU_3,90.63,9,0,0,0,23.44
2024-11-26,Store_2,SKU_3,89.34,6,0,0,0,23.44
2024-11-27,Store_2,SKU_3,87.82,6,0,0,0,23.44
2024-11-28,Store_2,SKU_3,88.1,7,0,0,0,23.44
2024-11-29,Store_2,SKU_3,149.2,11,1,0,0,23.44
2024-11-30,Store_2,SKU_3,115.46,10,0,0,0,23.44
2024-12-01,Store_2,SKU_3,73.72,7,1,0,0,23.44
2024-12-02,Store_2,SKU_3,84.6,7,0,0,0,23.44
2024-12-03,Store_2,SKU_3,77.49,8,0,0,0,23.44
2024-12-04,Store_2,SKU_3,86.1,9,0,0,0,23.44
2024-12-05,Store_2,SKU_3,74.04,7,0,0,0,23.44
2024-12-06,Store_2,SKU_3,102.06,11,0,0,0,23.44
2024-12-07,Store_2,SKU_3,103.45,7,0,0,0,23.44
2024-12-08,Store_2,SKU_3,45.68,4,0,0,0,23.44
2024-12-09,Store_2,SKU_3,88.43,6,0,0,0,23.44
2024-12-10,Store_2,SKU_3,88.28,7,0,0,0,23.44
2024-12-11,Store_2,SKU_3,102.36,11,1,0,0,23.44
2024-12-12,Store_2,SKU_3,93.85,7,0,0,0,23.44
2024-12-13,Store_2,SKU_3,91.32,10,0,0,0,23.44
2024-12-14,Store_2,SKU_3,173.42,19,1,0,0,23.44
2024-12-15,Store_2,SKU_3,49.14,5,0,0,0,23.44
2024-12-16,Store_2,SKU_3,94.39,11,0,0,0,23.44
2024-12-17,Store_2,SKU_3,87.5,7,0,0,0,23.44
2024-12-18,Store_2,SKU_3,83.11,6,0,0,0,23.44
2024-12-19,Store_2,SKU_3,94.73,7,0,0,0,23.44
2024-12-20,Store_2,SKU_3,86.3,6,0,0,0,23.44
2024-12-21,Store_2,SKU_3,117.31,9,0,0,0,23.44
2024-12-22,Store_2,SKU_3,52.09,4,0,0,0,23.44
2024-12-23,Store_2,SKU_3,133.31,10,1,0,0,23.44
2024-12-24,Store_2,SKU_3,80.21,8,0,0,0,23.44
2024-12-25,Store_2,SKU_3,33.26,2,0,a,0,23.44
2024-12-26,Store_2,SKU_3,36.9,3,0,a,0,23.44
2024-12-27,Store_2,SKU_3,94.83,9,0,0,0,23.44
2024-12-28,Store_2,SKU_3,107.66,12,0,0,0,23.44
2024-12-29,Store_2,SKU_3,48.87,4,0,0,0,23.44
2024-12-30,Store_2,SKU_3,97.85,8,0,0,0,23.44
2024-12-31,Store_2,SKU_3,116.16,9,1,0,0,23.44
2022-01-01,Store_2,SKU_4,53.09,5,1,a,0,15.01
2022-01-02,Store_2,SKU_4,49.36,5,0,0,0,15.01
2022-01-03,Store_2,SKU_4,90.05,8,0,0,0,15.01
2022-01-04,Store_2,SKU_4,87.88,6,1,0,0,15.01
2022-01-05,Store_2,SKU_4,96.53,8,1,0,0,15.01
2022-01-06,Store_2,SKU_4,77.11,6,0,0,0,15.01
2022-01-07,Store_2,SKU_4,105.9,8,1,0,0,15.01
2022-01-08,Store_2,SKU_4,92.97,7,0,0,0,15.01
2022-01-09,Store_2,SKU_4,46.42,4,0,0,0,15.01
2022-01-10,Store_2,SKU_4,75.67,9,0,0,0,15.01
2022-01-11,Store_2,SKU_4,106.51,8,1,0,0,15.01
2022-01-12,Store_2,SKU_4,91.89,8,1,0,0,15.01
2022-01-13,Store_2,SKU_4,71.63,6,0,0,0,15.01
2022-01-14,Store_2,SKU_4,79.59,8,0,0,0,15.01
2022-01-15,Store_2,SKU_4,93.39,9,0,0,0,15.01
2022-01-16,Store_2,SKU_4,45.15,3,0,0,0,15.01
2022-01-17,Store_2,SKU_4,66.78,6,0,0,0,15.01
2022-01-18,Store_2,SKU_4,97.28,9,1,0,0,15.01
2022-01-19,Store_2,SKU_4,81.32,6,0,0,0,15.01
2022-01-20,Store_2,SKU_4,69.91,5,0,0,0,15.01
2022-01-21,Store_2,SKU_4,86.58,6,0,0,0,15.01
2022-01-22,Store_2,SKU_4,90.8,8,0,0,0,15.01
2022-01-23,Store_2,SKU_4,45.24,3,0,0,0,15.01
2022-01-24,Store_2,SKU_4,65.08,6,0,0,0,15.01
2022-01-25,Store_2,SKU_4,61.05,5,0,0,0,15.01
2022-01-26,Store_2,SKU_4,78.2,5,0,0,0,15.01
2022-01-27,Store_2,SKU_4,73.9,5,0,0,0,15.01
2022-01-28,Store_2,SKU_4,81.33,9,0,0,0,15.01
2022-01-29,Store_2,SKU_4,98.83,8,0,0,0,15.01
2022-01-30,Store_2,SKU_4,40.81,3,0,0,0,15.01
2022-01-31,Store_2,SKU_4,108.94,11,1,0,0,15.01
2022-02-01,Store_2,SKU_4,100.07,8,1,0,0,15.01
2022-02-02,Store_2,SKU_4,83.73,6,0,0,0,15.01
2022-02-03,Store_2,SKU_4,83.8,7,0,0,0,15.01
2022-02-04,Store_2,SKU_4,132.78,10,1,0,0,15.01
2022-02-05,Store_2,SKU_4,106.11,8,0,0,0,15.01
2022-02-06,Store_2,SKU_4,51.21,4,0,0,0,15.01
2022-02-07,Store_2,SKU_4,83.16,6,0,0,0,15.01
2022-02-08,Store_2,SKU_4,80.33,7,0,0,0,15.01
2022-02-09,Store_2,SKU_4,78.88,7,0,0,0,15.01
2022-02-10,Store_2,SKU_4,89.02,10,0,0,0,15.01
2022-02-11,Store_2,SKU_4,96.53,8,0,0,0,15.01
2022-02-12,Store_2,SKU_4,107.25,9,0,0,0,15.01
2022-02-13,Store_2,SKU_4,46.69,5,0,0,0,15.01
2022-02-14,Store_2,SKU_4,76.71,8,0,0,0,15.01
2022-02-15,Store_2,SKU_4,76.64,8,0,0,0,15.01
2022-02-16,Store_2,SKU_4,108.66,8,1,0,0,15.01
2022-02-17,Store_2,SKU_4,77.24,8,0,0,0,15.01
2022-02-18,Store_2,SKU_4,101.07,10,0,0,0,15.01
2022-02-19,Store_2,SKU_4,148.07,14,1,0,0,15.01
2022-02-20,Store_2,SKU_4,49.72,6,0,0,0,15.01
2022-02-21,Store_2,SKU_4,106.95,8,1,0,0,15.01
2022-02-22,Store_2,SKU_4,69.76,5,0,0,0,15.01
2022-02-23,Store_2,SKU_4,76.24,5,0,0,0,15.01
2022-02-24,Store_2,SKU_4,95.18,8,0,0,0,15.01
2022-02-25,Store_2,SKU_4,86.6,6,0,0,0,15.01
2022-02-26,Store_2,SKU_4,93.99,7,0,0,0,15.01
2022-02-27,Store_2,SKU_4,50.47,5,0,0,0,15.01
2022-02-28,Store_2,SKU_4,80.19,5,0,0,0,15.01
2022-03-01,Store_2,SKU_4,101.21,11,0,0,0,15.01
2022-03-02,Store_2,SKU_4,88.98,9,0,0,0,15.01
2022-03-03,Store_2,SKU_4,98.73,7,0,0,0,15.01
2022-03-04,Store_2,SKU_4,99.13,10,0,0,0,15.01
2022-03-05,Store_2,SKU_4,164.5,16,1,0,0,15.01
2022-03-06,Store_2,SKU_4,67.77,5,0,0,0,15.01
2022-03-07,Store_2,SKU_4,96.23,7,0,0,0,15.01
2022-03-08,Store_2,SKU_4,91.91,7,0,0,0,15.01
2022-03-09,Store_2,SKU_4,67.88,6,0,0,0,15.01
2022-03-10,Store_2,SKU_4,90.84,8,0,0,0,15.01
2022-03-11,Store_2,SKU_4,102.86,7,0,0,0,15.01
2022-03-12,Store_2,SKU_4,118.23,9,0,0,0,15.01
2022-03-13,Store_2,SKU_4,57.34,4,0,0,0,15.01
2022-03-14,Store_2,SKU_4,102.24,11,0,0,0,15.01
2022-03-15,Store_2,SKU_4,126.8,10,1,0,0,15.01
2022-03-16,Store_2,SKU_4,76.01,5,0,0,0,15.01
2022-03-17,Store_2,SKU_4,95.29,11,0,0,0,15.01
2022-03-18,Store_2,SKU_4,119.43,13,0,0,0,15.01
2022-03-19,Store_2,SKU_4,104.29,7,0,0,0,15.01
2022-03-20,Store_2,SKU_4,62.56,6,0,0,0,15.01
2022-03-21,Store_2,SKU_4,108.21,7,0,0,0,15.01
2022-03-22,Store_2,SKU_4,101.83,12,0,0,0,15.01
2022-03-23,Store_2,SKU_4,99.65,11,0,0,0,15.01
2022-03-24,Store_2,SKU_4,107.73,9,0,0,0,15.01
2022-03-25,Store_2,SKU_4,105.11,8,0,0,0,15.01
2022-03-26,Store_2,SKU_4,104.87,8,0,0,0,15.01
2022-03-27,Store_2,SKU_4,52.97,3,0,0,0,15.01
2022-03-28,Store_2,SKU_4,94.33,10,0,0,0,15.01
2022-03-29,Store_2,SKU_4,97.04,9,0,0,0,15.01
2022-03-30,Store_2,SKU_4,90.83,7,0,0,0,15.01
2022-03-31,Store_2,SKU_4,91.63,11,0,0,0,15.01
2022-04-01,Store_2,SKU_4,127.7,11,0,0,0,15.01
2022-04-02,Store_2,SKU_4,132.37,11,0,0,0,15.01
2022-04-03,Store_2,SKU_4,58.67,5,0,0,0,15.01
2022-04-04,Store_2,SKU_4,172.45,20,1,0,0,15.01
2022-04-05,Store_2,SKU_4,121.21,8,0,0,0,15.01
2022-04-06,Store_2,SKU_4,103.29,7,0,0,0,15.01
2022-04-07,Store_2,SKU_4,101.76,10,0,0,0,15.01
2022-04-08,Store_2,SKU_4,125.89,14,0,0,0,15.01
2022-04-09,Store_2,SKU_4,130.69,13,0,0,0,15.01
2022-04-10,Store_2,SKU_4,68.74,7,0,0,0,15.01
2022-04-11,Store_2,SKU_4,156.08,13,1,0,0,15.01
2022-04-12,Store_2,SKU_4,96.43,7,0,0,0,15.01
2022-04-13,Store_2,SKU_4,103.26,10,0,0,0,15.01
2022-04-14,Store_2,SKU_4,104.47,7,0,0,0,15.01
2022-04-15,Store_2,SKU_4,117.48,11,0,0,0,15.01
2022-04-16,Store_2,SKU_4,139.25,12,0,0,0,15.01
2022-04-17,Store_2,SKU_4,65.67,6,0,0,0,15.01
2022-04-18,Store_2,SKU_4,96.72,10,0,0,0,15.01
2022-04-19,Store_2,SKU_4,156.52,15,1,0,0,15.01
2022-04-20,Store_2,SKU_4,93.18,8,0,0,0,15.01
2022-04-21,Store_2,SKU_4,109.9,12,0,0,0,15.01
2022-04-22,Store_2,SKU_4,120.63,14,0,0,0,15.01
2022-04-23,Store_2,SKU_4,136.99,13,0,0,0,15.01
2022-04-24,Store_2,SKU_4,69.68,7,0,0,0,15.01
2022-04-25,Store_2,SKU_4,122.72,10,0,0,0,15.01
2022-04-26,Store_2,SKU_4,98.88,10,0,0,0,15.01
2022-04-27,Store_2,SKU_4,111.65,10,0,0,0,15.01
2022-04-28,Store_2,SKU_4,122.71,12,0,0,0,15.01
2022-04-29,Store_2,SKU_4,102.28,10,0,0,0,15.01
2022-04-30,Store_2,SKU_4,124.18,9,0,0,0,15.01
2022-05-01,Store_2,SKU_4,69.72,7,0,0,0,15.01
2022-05-02,Store_2,SKU_4,135.09,12,0,0,0,15.01
2022-05-03,Store_2,SKU_4,110.16,8,0,0,0,15.01
2022-05-04,Store_2,SKU_4,116.98,10,0,0,0,15.01
2022-05-05,Store_2,SKU_4,114.63,13,0,0,0,15.01
2022-05-06,Store_2,SKU_4,127.69,11,0,0,0,15.01
2022-05-07,Store_2,SKU_4,150.43,11,0,0,0,15.01
2022-05-08,Store_2,SKU_4,70.14,7,0,0,0,15.01
2022-05-09,Store_2,SKU_4,122.94,8,0,0,0,15.01
2022-05-10,Store_2,SKU_4,105.18,9,0,0,0,15.01
2022-05-11,Store_2,SKU_4,153.73,13,1,0,0,15.01
2022-05-12,Store_2,SKU_4,150.82,16,1,0,0,15.01
2022-05-13,Store_2,SKU_4,125.78,9,0,0,0,15.01
2022-05-14,Store_2,SKU_4,138.16,12,0,0,0,15.01
2022-05-15,Store_2,SKU_4,68.03,5,0,0,0,15.01
2022-05-16,Store_2,SKU_4,106.98,11,0,0,0,15.01
2022-05-17,Store_2,SKU_4,116.16,9,0,0,0,15.01
2022-05-18,Store_2,SKU_4,121.92,10,0,0,0,15.01
2022-05-19,Store_2,SKU_4,109.48,7,0,0,0,15.01
2022-05-20,Store_2,SKU_4,161.46,15,0,0,0,15.01
2022-05-21,Store_2,SKU_4,156.04,17,0,0,0,15.01
2022-05-22,Store_2,SKU_4,74.18,7,0,0,0,15.01
2022-05-23,Store_2,SKU_4,107.13,10,0,0,0,15.01
2022-05-24,Store_2,SKU_4,122.33,12,0,0,0,15.01
2022-05-25,Store_2,SKU_4,156.05,12,1,0,0,15.01
2022-05-26,Store_2,SKU_4,124.53,13,0,0,0,15.01
2022-05-27,Store_2,SKU_4,136.23,16,0,0,0,15.01
2022-05-28,Store_2,SKU_4,136.21,13,0,0,0,15.01
2022-05-29,Store_2,SKU_4,67.92,6,0,0,0,15.01
2022-05-30,Store_2,SKU_4,173.26,15,1,0,0,15.01
2022-05-31,Store_2,SKU_4,114.11,11,0,0,0,15.01
2022-06-01,Store_2,SKU_4,111.1,12,0,0,0,15.01
2022-06-02,Store_2,SKU_4,136.48,13,0,0,0,15.01
2022-06-03,Store_2,SKU_4,144.79,16,0,0,0,15.01
2022-06-04,Store_2,SKU_4,168.03,16,0,0,0,15.01
2022-06-05,Store_2,SKU_4,74.8,5,0,0,0,15.01
2022-06-06,Store_2,SKU_4,143.72,17,0,0,0,15.01
2022-06-07,Store_2,SKU_4,105.76,10,0,0,0,15.01
2022-06-08,Store_2,SKU_4,115.97,13,0,0,0,15.01
2022-06-09,Store_2,SKU_4,124.06,9,0,0,0,15.01
2022-06-10,Store_2,SKU_4,106.73,12,0,0,0,15.01
2022-06-11,Store_2,SKU_4,126.46,11,0,0,0,15.01
2022-06-12,Store_2,SKU_4,65.9,5,0,0,0,15.01
2022-06-13,Store_2,SKU_4,124.26,11,0,0,0,15.01
2022-06-14,Store_2,SKU_4,117.87,8,0,0,0,15.01
2022-06-15,Store_2,SKU_4,120.91,13,0,0,0,15.01
2022-06-16,Store_2,SKU_4,115.95,14,0,0,0,15.01
2022-06-17,Store_2,SKU_4,109.98,8,0,0,0,15.01
2022-06-18,Store_2,SKU_4,213.35,21,1,0,0,15.01
2022-06-19,Store_2,SKU_4,73.99,6,0,0,0,15.01
2022-06-20,Store_2,SKU_4,113.73,8,0,0,0,15.01
2022-06-21,Store_2,SKU_4,109.65,7,0,0,0,15.01
2022-06-22,Store_2,SKU_4,114.85,13,0,0,0,15.01
2022-06-23,Store_2,SKU_4,162.45,11,1,0,0,15.01
2022-06-24,Store_2,SKU_4,149.9,11,0,0,0,15.01
2022-06-25,Store_2,SKU_4,162.99,11,0,0,0,15.01
2022-06-26,Store_2,SKU_4,73.52,5,0,0,0,15.01
2022-06-27,Store_2,SKU_4,126.89,12,0,0,0,15.01
2022-06-28,Store_2,SKU_4,132.83,9,0,0,0,15.01
2022-06-29,Store_2,SKU_4,132.48,11,0,0,0,15.01
2022-06-30,Store_2,SKU_4,118.66,11,0,0,0,15.01
2022-07-01,Store_2,SKU_4,130.51,15,0,0,0,15.01
2022-07-02,Store_2,SKU_4,149.82,14,0,0,0,15.01
2022-07-03,Store_2,SKU_4,63.46,5,0,0,1,15.01
2022-07-04,Store_2,SKU_4,107.29,7,0,0,0,15.01
2022-07-05,Store_2,SKU_4,116.47,9,0,0,1,15.01
2022-07-06,Store_2,SKU_4,129.27,11,0,0,0,15.01
2022-07-07,Store_2,SKU_4,121.37,10,0,0,0,15.01
2022-07-08,Store_2,SKU_4,131.92,12,0,0,1,15.01
2022-07-09,Store_2,SKU_4,151.85,18,0,0,0,15.01
2022-07-10,Store_2,SKU_4,71.41,7,0,0,0,15.01
2022-07-11,Store_2,SKU_4,116.55,10,0,0,0,15.01
2022-07-12,Store_2,SKU_4,131.77,12,0,0,1,15.01
2022-07-13,Store_2,SKU_4,129.19,14,0,0,0,15.01
2022-07-14,Store_2,SKU_4,173.82,12,1,0,0,15.01
2022-07-15,Store_2,SKU_4,124.29,11,0,0,0,15.01
2022-07-16,Store_2,SKU_4,141.79,14,0,0,0,15.01
2022-07-17,Store_2,SKU_4,78.7,8,0,0,1,15.01
2022-07-18,Store_2,SKU_4,121.25,8,0,0,0,15.01
2022-07-19,Store_2,SKU_4,122.44,9,0,0,1,15.01
2022-07-20,Store_2,SKU_4,119.96,13,0,0,0,15.01
2022-07-21,Store_2,SKU_4,115.01,10,0,0,0,15.01
2022-07-22,Store_2,SKU_4,124.69,13,0,0,0,15.01
2022-07-23,Store_2,SKU_4,206.6,15,1,0,0,15.01
2022-07-24,Store_2,SKU_4,69.87,5,0,0,0,15.01
2022-07-25,Store_2,SKU_4,115.34,9,0,0,0,15.01
2022-07-26,Store_2,SKU_4,110.31,11,0,0,0,15.01
2022-07-27,Store_2,SKU_4,118.11,10,0,0,1,15.01
2022-07-28,Store_2,SKU_4,118.16,8,0,0,0,15.01
2022-07-29,Store_2,SKU_4,169.72,12,1,0,0,15.01
2022-07-30,Store_2,SKU_4,165.21,13,0,0,1,15.01
2022-07-31,Store_2,SKU_4,98.89,8,1,0,1,15.01
2022-08-01,Store_2,SKU_4,98.93,11,0,0,1,15.01
2022-08-02,Store_2,SKU_4,106.14,8,0,0,0,15.01
2022-08-03,Store_2,SKU_4,141.24,11,1,0,1,15.01
2022-08-04,Store_2,SKU_4,106.82,10,0,0,0,15.01
2022-08-05,Store_2,SKU_4,123.96,13,0,0,0,15.01
2022-08-06,Store_2,SKU_4,138.15,14,0,0,0,15.01
2022-08-07,Store_2,SKU_4,55.22,5,0,0,0,15.01
2022-08-08,Store_2,SKU_4,127.17,9,0,0,1,15.01
2022-08-09,Store_2,SKU_4,150.85,15,1,0,0,15.01
2022-08-10,Store_2,SKU_4,103.0,9,0,0,0,15.01
2022-08-11,Store_2,SKU_4,155.58,16,1,0,1,15.01
2022-08-12,Store_2,SKU_4,140.31,16,0,0,0,15.01
2022-08-13,Store_2,SKU_4,127.52,13,0,0,1,15.01
2022-08-14,Store_2,SKU_4,69.65,6,0,0,1,15.01
2022-08-15,Store_2,SKU_4,100.63,8,0,0,1,15.01
2022-08-16,Store_2,SKU_4,99.62,8,0,0,0,15.01
2022-08-17,Store_2,SKU_4,96.32,8,0,0,1,15.01
2022-08-18,Store_2,SKU_4,93.8,7,0,0,0,15.01
2022-08-19,Store_2,SKU_4,121.22,13,0,0,1,15.01
2022-08-20,Store_2,SKU_4,167.32,12,0,0,0,15.01
2022-08-21,Store_2,SKU_4,64.01,6,0,0,0,15.01
2022-08-22,Store_2,SKU_4,113.17,9,0,0,0,15.01
2022-08-23,Store_2,SKU_4,111.67,10,0,0,1,15.01
2022-08-24,Store_2,SKU_4,113.19,10,0,0,1,15.01
2022-08-25,Store_2,SKU_4,109.49,8,0,0,1,15.01
2022-08-26,Store_2,SKU_4,108.24,12,0,0,0,15.01
2022-08-27,Store_2,SKU_4,121.82,8,0,0,1,15.01
2022-08-28,Store_2,SKU_4,67.69,5,0,0,1,15.01
2022-08-29,Store_2,SKU_4,167.31,13,1,0,0,15.01
2022-08-30,Store_2,SKU_4,103.6,11,0,0,1,15.01
2022-08-31,Store_2,SKU_4,141.42,12,1,0,1,15.01
2022-09-01,Store_2,SKU_4,96.72,7,0,0,0,15.01
2022-09-02,Store_2,SKU_4,101.43,9,0,0,0,15.01
2022-09-03,Store_2,SKU_4,130.01,9,0,0,0,15.01
2022-09-04,Store_2,SKU_4,70.47,5,0,0,0,15.01
2022-09-05,Store_2,SKU_4,106.6,7,0,0,0,15.01
2022-09-06,Store_2,SKU_4,98.76,11,0,0,0,15.01
2022-09-07,Store_2,SKU_4,102.11,8,0,0,0,15.01
2022-09-08,Store_2,SKU_4,142.91,11,1,0,0,15.01
2022-09-09,Store_2,SKU_4,110.36,13,0,0,0,15.01
2022-09-10,Store_2,SKU_4,109.13,8,0,0,0,15.01
2022-09-11,Store_2,SKU_4,55.09,4,0,0,0,15.01
2022-09-12,Store_2,SKU_4,102.25,7,0,0,0,15.01
2022-09-13,Store_2,SKU_4,142.86,13,1,0,0,15.01
2022-09-14,Store_2,SKU_4,99.63,9,0,0,0,15.01
2022-09-15,Store_2,SKU_4,91.74,9,0,0,0,15.01
2022-09-16,Store_2,SKU_4,113.38,8,0,0,0,15.01
2022-09-17,Store_2,SKU_4,141.59,10,0,0,0,15.01
2022-09-18,Store_2,SKU_4,54.82,6,0,0,0,15.01
2022-09-19,Store_2,SKU_4,100.63,7,0,0,0,15.01
2022-09-20,Store_2,SKU_4,95.88,8,0,0,0,15.01
2022-09-21,Store_2,SKU_4,85.8,6,0,0,0,15.01
2022-09-22,Store_2,SKU_4,86.23,7,0,0,0,15.01
2022-09-23,Store_2,SKU_4,100.36,10,0,0,0,15.01
2022-09-24,Store_2,SKU_4,133.05,15,0,0,0,15.01
2022-09-25,Store_2,SKU_4,61.01,5,0,0,0,15.01
2022-09-26,Store_2,SKU_4,103.66,11,0,0,0,15.01
2022-09-27,Store_2,SKU_4,99.42,9,0,0,0,15.01
2022-09-28,Store_2,SKU_4,127.12,10,1,0,0,15.01
2022-09-29,Store_2,SKU_4,91.8,8,0,0,0,15.01
2022-09-30,Store_2,SKU_4,113.63,8,0,0,0,15.01
2022-10-01,Store_2,SKU_4,104.22,11,0,0,0,15.01
2022-10-02,Store_2,SKU_4,76.61,9,1,0,0,15.01
2022-10-03,Store_2,SKU_4,87.91,10,0,0,0,15.01
2022-10-04,Store_2,SKU_4,112.67,11,1,0,0,15.01
2022-10-05,Store_2,SKU_4,82.31,9,0,0,0,15.01
2022-10-06,Store_2,SKU_4,94.54,10,0,0,0,15.01
2022-10-07,Store_2,SKU_4,103.1,9,0,0,0,15.01
2022-10-08,Store_2,SKU_4,120.08,14,0,0,0,15.01
2022-10-09,Store_2,SKU_4,74.53,6,1,0,0,15.01
2022-10-10,Store_2,SKU_4,92.58,8,0,0,0,15.01
2022-10-11,Store_2,SKU_4,110.73,12,1,0,0,15.01
2022-10-12,Store_2,SKU_4,86.64,10,0,0,0,15.01
2022-10-13,Store_2,SKU_4,125.18,10,1,0,0,15.01
2022-10-14,Store_2,SKU_4,87.2,8,0,0,0,15.01
2022-10-15,Store_2,SKU_4,114.48,9,0,0,0,15.01
2022-10-16,Store_2,SKU_4,49.75,5,0,0,0,15.01
2022-10-17,Store_2,SKU_4,125.52,9,1,0,0,15.01
2022-10-18,Store_2,SKU_4,83.56,7,0,0,0,15.01
2022-10-19,Store_2,SKU_4,84.67,7,0,0,0,15.01
2022-10-20,Store_2,SKU_4,80.49,6,0,0,0,15.01
2022-10-21,Store_2,SKU_4,94.74,7,0,0,0,15.01
2022-10-22,Store_2,SKU_4,101.37,7,0,0,0,15.01
2022-10-23,Store_2,SKU_4,55.32,5,0,0,0,15.01
2022-10-24,Store_2,SKU_4,73.0,8,0,0,0,15.01
2022-10-25,Store_2,SKU_4,78.16,7,0,0,0,15.01
2022-10-26,Store_2,SKU_4,83.86,7,0,0,0,15.01
2022-10-27,Store_2,SKU_4,90.44,7,0,0,0,15.01
2022-10-28,Store_2,SKU_4,140.6,10,1,0,0,15.01
2022-10-29,Store_2,SKU_4,114.35,10,0,0,0,15.01
2022-10-30,Store_2,SKU_4,57.84,4,0,0,0,15.01
2022-10-31,Store_2,SKU_4,95.8,7,0,0,0,15.01
2022-11-01,Store_2,SKU_4,64.33,7,0,0,0,15.01
2022-11-02,Store_2,SKU_4,76.18,5,0,0,0,15.01
2022-11-03,Store_2,SKU_4,76.9,6,0,0,0,15.01
2022-11-04,Store_2,SKU_4,73.83,5,0,0,0,15.01
2022-11-05,Store_2,SKU_4,92.83,8,0,0,0,15.01
2022-11-06,Store_2,SKU_4,45.74,5,0,0,0,15.01
2022-11-07,Store_2,SKU_4,86.15,6,0,0,0,15.01
2022-11-08,Store_2,SKU_4,92.52,10,0,0,0,15.01
2022-11-09,Store_2,SKU_4,76.16,7,0,0,0,15.01
2022-11-10,Store_2,SKU_4,90.01,8,0,0,0,15.01
2022-11-11,Store_2,SKU_4,89.67,8,0,0,0,15.01
2022-11-12,Store_2,SKU_4,91.45,6,0,0,0,15.01
2022-11-13,Store_2,SKU_4,43.19,4,0,0,0,15.01
2022-11-14,Store_2,SKU_4,82.1,7,0,0,0,15.01
2022-11-15,Store_2,SKU_4,79.49,5,0,0,0,15.01
2022-11-16,Store_2,SKU_4,84.08,6,0,0,0,15.01
2022-11-17,Store_2,SKU_4,65.31,6,0,0,0,15.01
2022-11-18,Store_2,SKU_4,127.1,9,1,0,0,15.01
2022-11-19,Store_2,SKU_4,97.4,10,0,0,0,15.01
2022-11-20,Store_2,SKU_4,65.64,4,1,0,0,15.01
2022-11-21,Store_2,SKU_4,86.32,9,0,0,0,15.01
2022-11-22,Store_2,SKU_4,92.82,9,0,0,0,15.01
2022-11-23,Store_2,SKU_4,69.84,7,0,0,0,15.01
2022-11-24,Store_2,SKU_4,73.15,5,0,0,0,15.01
2022-11-25,Store_2,SKU_4,114.6,9,1,0,0,15.01
2022-11-26,Store_2,SKU_4,138.86,14,1,0,0,15.01
2022-11-27,Store_2,SKU_4,47.82,4,0,0,0,15.01
2022-11-28,Store_2,SKU_4,112.08,12,1,0,0,15.01
2022-11-29,Store_2,SKU_4,85.11,10,0,0,0,15.01
2022-11-30,Store_2,SKU_4,83.52,6,0,0,0,15.01
2022-12-01,Store_2,SKU_4,110.34,12,1,0,0,15.01
2022-12-02,Store_2,SKU_4,90.12,10,0,0,0,15.01
2022-12-03,Store_2,SKU_4,101.5,10,0,0,0,15.01
2022-12-04,Store_2,SKU_4,45.33,3,0,0,0,15.01
2022-12-05,Store_2,SKU_4,73.96,6,0,0,0,15.01
2022-12-06,Store_2,SKU_4,104.73,13,1,0,0,15.01
2022-12-07,Store_2,SKU_4,79.39,7,0,0,0,15.01
2022-12-08,Store_2,SKU_4,78.12,5,0,0,0,15.01
2022-12-09,Store_2,SKU_4,86.24,9,0,0,0,15.01
2022-12-10,Store_2,SKU_4,97.25,10,0,0,0,15.01
2022-12-11,Store_2,SKU_4,45.29,4,0,0,0,15.01
2022-12-12,Store_2,SKU_4,67.06,6,0,0,0,15.01
2022-12-13,Store_2,SKU_4,60.65,6,0,0,0,15.01
2022-12-14,Store_2,SKU_4,73.67,6,0,0,0,15.01
2022-12-15,Store_2,SKU_4,74.73,7,0,0,0,15.01
2022-12-16,Store_2,SKU_4,83.69,8,0,0,0,15.01
2022-12-17,Store_2,SKU_4,103.84,7,0,0,0,15.01
2022-12-18,Store_2,SKU_4,44.36,3,0,0,0,15.01
2022-12-19,Store_2,SKU_4,79.38,9,0,0,0,15.01
2022-12-20,Store_2,SKU_4,73.08,5,0,0,0,15.01
2022-12-21,Store_2,SKU_4,82.26,8,0,0,0,15.01
2022-12-22,Store_2,SKU_4,79.34,9,0,0,0,15.01
2022-12-23,Store_2,SKU_4,81.75,6,0,0,0,15.01
2022-12-24,Store_2,SKU_4,88.85,7,0,0,0,15.01
2022-12-25,Store_2,SKU_4,20.26,2,0,a,0,15.01
2022-12-26,Store_2,SKU_4,31.36,2,0,a,0,15.01
2022-12-27,Store_2,SKU_4,69.03,8,0,0,0,15.01
2022-12-28,Store_2,SKU_4,65.43,4,0,0,0,15.01
2022-12-29,Store_2,SKU_4,69.57,6,0,0,0,15.01
2022-12-30,Store_2,SKU_4,83.82,10,0,0,0,15.01
2022-12-31,Store_2,SKU_4,90.79,7,0,0,0,15.01
2023-01-01,Store_2,SKU_4,21.21,1,0,a,0,15.01
2023-01-02,Store_2,SKU_4,108.65,9,1,0,0,15.01
2023-01-03,Store_2,SKU_4,72.53,6,0,0,0,15.01
2023-01-04,Store_2,SKU_4,84.13,6,0,0,0,15.01
2023-01-05,Store_2,SKU_4,84.2,7,0,0,0,15.01
2023-01-06,Store_2,SKU_4,78.56,5,0,0,0,15.01
2023-01-07,Store_2,SKU_4,96.56,7,0,0,0,15.01
2023-01-08,Store_2,SKU_4,50.62,5,0,0,0,15.01
2023-01-09,Store_2,SKU_4,80.25,9,0,0,0,15.01
2023-01-10,Store_2,SKU_4,80.46,7,0,0,0,15.01
2023-01-11,Store_2,SKU_4,116.3,8,1,0,0,15.01
2023-01-12,Store_2,SKU_4,118.85,8,1,0,0,15.01
2023-01-13,Store_2,SKU_4,107.07,13,1,0,0,15.01
2023-01-14,Store_2,SKU_4,95.29,6,0,0,0,15.01
2023-01-15,Store_2,SKU_4,56.52,4,0,0,0,15.01
2023-01-16,Store_2,SKU_4,73.66,6,0,0,0,15.01
2023-01-17,Store_2,SKU_4,79.59,9,0,0,0,15.01
2023-01-18,Store_2,SKU_4,80.41,6,0,0,0,15.01
2023-01-19,Store_2,SKU_4,87.56,10,0,0,0,15.01
2023-01-20,Store_2,SKU_4,87.46,10,0,0,0,15.01
2023-01-21,Store_2,SKU_4,101.39,7,0,0,0,15.01
2023-01-22,Store_2,SKU_4,48.66,5,0,0,0,15.01
2023-01-23,Store_2,SKU_4,73.61,7,0,0,0,15.01
2023-01-24,Store_2,SKU_4,77.68,6,0,0,0,15.01
2023-01-25,Store_2,SKU_4,73.45,8,0,0,0,15.01
2023-01-26,Store_2,SKU_4,80.12,6,0,0,0,15.01
2023-01-27,Store_2,SKU_4,86.86,8,0,0,0,15.01
2023-01-28,Store_2,SKU_4,89.62,6,0,0,0,15.01
2023-01-29,Store_2,SKU_4,45.63,5,0,0,0,15.01
2023-01-30,Store_2,SKU_4,86.93,8,0,0,0,15.01
2023-01-31,Store_2,SKU_4,83.24,7,0,0,0,15.01
2023-02-01,Store_2,SKU_4,87.43,8,0,0,0,15.01
2023-02-02,Store_2,SKU_4,95.29,8,0,0,0,15.01
2023-02-03,Store_2,SKU_4,94.21,7,0,0,0,15.01
2023-02-04,Store_2,SKU_4,112.4,10,0,0,0,15.01
2023-02-05,Store_2,SKU_4,75.0,8,1,0,0,15.01
2023-02-06,Store_2,SKU_4,93.93,7,0,0,0,15.01
2023-02-07,Store_2,SKU_4,89.81,6,0,0,0,15.01
2023-02-08,Store_2,SKU_4,118.08,10,1,0,0,15.01
2023-02-09,Store_2,SKU_4,123.66,8,1,0,0,15.01
2023-02-10,Store_2,SKU_4,100.44,9,0,0,0,15.01
2023-02-11,Store_2,SKU_4,108.3,13,0,0,0,15.01
2023-02-12,Store_2,SKU_4,58.68,4,0,0,0,15.01
2023-02-13,Store_2,SKU_4,94.02,10,0,0,0,15.01
2023-02-14,Store_2,SKU_4,79.78,8,0,0,0,15.01
2023-02-15,Store_2,SKU_4,80.42,7,0,0,0,15.01
2023-02-16,Store_2,SKU_4,85.28,8,0,0,0,15.01
2023-02-17,Store_2,SKU_4,108.46,9,0,0,0,15.01
2023-02-18,Store_2,SKU_4,99.83,8,0,0,0,15.01
2023-02-19,Store_2,SKU_4,59.61,5,0,0,0,15.01
2023-02-20,Store_2,SKU_4,151.05,15,1,0,0,15.01
2023-02-21,Store_2,SKU_4,85.71,8,0,0,0,15.01
2023-02-22,Store_2,SKU_4,81.64,7,0,0,0,15.01
2023-02-23,Store_2,SKU_4,85.12,9,0,0,0,15.01
2023-02-24,Store_2,SKU_4,96.22,8,0,0,0,15.01
2023-02-25,Store_2,SKU_4,112.32,11,0,0,0,15.01
2023-02-26,Store_2,SKU_4,59.22,4,0,0,0,15.01
2023-02-27,Store_2,SKU_4,85.65,6,0,0,0,15.01
2023-02-28,Store_2,SKU_4,77.41,6,0,0,0,15.01
2023-03-01,Store_2,SKU_4,147.12,17,1,0,0,15.01
2023-03-02,Store_2,SKU_4,113.05,9,0,0,0,15.01
2023-03-03,Store_2,SKU_4,105.6,8,0,0,0,15.01
2023-03-04,Store_2,SKU_4,131.88,12,0,0,0,15.01
2023-03-05,Store_2,SKU_4,66.04,6,0,0,0,15.01
2023-03-06,Store_2,SKU_4,99.62,8,0,0,0,15.01
2023-03-07,Store_2,SKU_4,91.39,6,0,0,0,15.01
2023-03-08,Store_2,SKU_4,98.08,8,0,0,0,15.01
2023-03-09,Store_2,SKU_4,116.22,8,0,0,0,15.01
2023-03-10,Store_2,SKU_4,93.41,7,0,0,0,15.01
2023-03-11,Store_2,SKU_4,122.74,9,0,0,0,15.01
2023-03-12,Store_2,SKU_4,56.69,6,0,0,0,15.01
2023-03-13,Store_2,SKU_4,146.87,10,1,0,0,15.01
2023-03-14,Store_2,SKU_4,92.29,7,0,0,0,15.01
2023-03-15,Store_2,SKU_4,90.25,7,0,0,0,15.01
2023-03-16,Store_2,SKU_4,151.87,12,1,0,0,15.01
2023-03-17,Store_2,SKU_4,112.03,9,0,0,0,15.01
2023-03-18,Store_2,SKU_4,138.89,14,0,0,0,15.01
2023-03-19,Store_2,SKU_4,56.74,5,0,0,0,15.01
2023-03-20,Store_2,SKU_4,110.06,8,0,0,0,15.01
2023-03-21,Store_2,SKU_4,128.7,9,1,0,0,15.01
2023-03-22,Store_2,SKU_4,97.47,10,0,0,0,15.01
2023-03-23,Store_2,SKU_4,100.92,10,0,0,0,15.01
2023-03-24,Store_2,SKU_4,127.14,11,0,0,0,15.01
2023-03-25,Store_2,SKU_4,112.05,10,0,0,0,15.01
2023-03-26,Store_2,SKU_4,63.65,5,0,0,0,15.01
2023-03-27,Store_2,SKU_4,106.34,11,0,0,0,15.01
2023-03-28,Store_2,SKU_4,91.05,8,0,0,0,15.01
2023-03-29,Store_2,SKU_4,104.41,8,0,0,0,15.01
2023-03-30,Store_2,SKU_4,104.81,9,0,0,0,15.01
2023-03-31,Store_2,SKU_4,116.13,8,0,0,0,15.01
2023-04-01,Store_2,SKU_4,141.81,10,0,0,0,15.01
2023-04-02,Store_2,SKU_4,73.96,8,0,0,0,15.01
2023-04-03,Store_2,SKU_4,111.58,9,0,0,0,15.01
2023-04-04,Store_2,SKU_4,115.5,12,0,0,0,15.01
2023-04-05,Store_2,SKU_4,103.12,11,0,0,0,15.01
2023-04-06,Store_2,SKU_4,131.84,12,0,0,0,15.01
2023-04-07,Store_2,SKU_4,138.22,15,0,0,0,15.01
2023-04-08,Store_2,SKU_4,161.93,11,0,0,0,15.01
2023-04-09,Store_2,SKU_4,72.83,5,0,0,0,15.01
2023-04-10,Store_2,SKU_4,114.92,8,0,0,0,15.01
2023-04-11,Store_2,SKU_4,94.46,8,0,0,0,15.01
2023-04-12,Store_2,SKU_4,163.32,11,1,0,0,15.01
2023-04-13,Store_2,SKU_4,131.27,14,0,0,0,15.01
2023-04-14,Store_2,SKU_4,131.32,11,0,0,0,15.01
2023-04-15,Store_2,SKU_4,144.89,12,0,0,0,15.01
2023-04-16,Store_2,SKU_4,73.45,6,0,0,0,15.01
2023-04-17,Store_2,SKU_4,113.81,9,0,0,0,15.01
2023-04-18,Store_2,SKU_4,108.91,9,0,0,0,15.01
2023-04-19,Store_2,SKU_4,125.53,15,0,0,0,15.01
2023-04-20,Store_2,SKU_4,126.48,15,0,0,0,15.01
2023-04-21,Store_2,SKU_4,170.33,15,1,0,0,15.01
2023-04-22,Store_2,SKU_4,146.31,14,0,0,0,15.01
2023-04-23,Store_2,SKU_4,68.28,5,0,0,0,15.01
2023-04-24,Store_2,SKU_4,122.72,10,0,0,0,15.01
2023-04-25,Store_2,SKU_4,118.71,11,0,0,0,15.01
2023-04-26,Store_2,SKU_4,118.51,12,0,0,0,15.01
2023-04-27,Store_2,SKU_4,105.7,11,0,0,0,15.01
2023-04-28,Store_2,SKU_4,122.92,12,0,0,0,15.01
2023-04-29,Store_2,SKU_4,151.51,10,0,0,0,15.01
2023-04-30,Store_2,SKU_4,71.71,6,0,0,0,15.01
2023-05-01,Store_2,SKU_4,178.79,13,1,0,0,15.01
2023-05-02,Store_2,SKU_4,169.1,14,1,0,0,15.01
2023-05-03,Store_2,SKU_4,125.19,9,0,0,0,15.01
2023-05-04,Store_2,SKU_4,123.26,8,0,0,0,15.01
2023-05-05,Store_2,SKU_4,153.1,11,0,0,0,15.01
2023-05-06,Store_2,SKU_4,143.71,10,0,0,0,15.01
2023-05-07,Store_2,SKU_4,72.81,5,0,0,0,15.01
2023-05-08,Store_2,SKU_4,137.19,12,0,0,0,15.01
2023-05-09,Store_2,SKU_4,106.38,8,0,0,0,15.01
2023-05-10,Store_2,SKU_4,110.29,8,0,0,0,15.01
2023-05-11,Store_2,SKU_4,180.39,19,1,0,0,15.01
2023-05-12,Store_2,SKU_4,132.72,10,0,0,0,15.01
2023-05-13,Store_2,SKU_4,173.28,15,0,0,0,15.01
2023-05-14,Store_2,SKU_4,69.08,7,0,0,0,15.01
2023-05-15,Store_2,SKU_4,106.71,8,0,0,0,15.01
2023-05-16,Store_2,SKU_4,123.25,10,0,0,0,15.01
2023-05-17,Store_2,SKU_4,106.78,11,0,0,0,15.01
2023-05-18,Store_2,SKU_4,119.29,12,0,0,0,15.01
2023-05-19,Store_2,SKU_4,146.83,14,0,0,0,15.01
2023-05-20,Store_2,SKU_4,151.65,18,0,0,0,15.01
2023-05-21,Store_2,SKU_4,80.3,8,0,0,0,15.01
2023-05-22,Store_2,SKU_4,137.84,12,0,0,0,15.01
2023-05-23,Store_2,SKU_4,124.46,14,0,0,0,15.01
2023-05-24,Store_2,SKU_4,111.27,11,0,0,0,15.01
2023-05-25,Store_2,SKU_4,128.05,10,0,0,0,15.01
2023-05-26,Store_2,SKU_4,132.0,16,0,0,0,15.01
2023-05-27,Store_2,SKU_4,175.54,16,0,0,0,15.01
2023-05-28,Store_2,SKU_4,85.28,8,0,0,0,15.01
2023-05-29,Store_2,SKU_4,136.65,12,0,0,0,15.01
2023-05-30,Store_2,SKU_4,115.21,10,0,0,0,15.01
2023-05-31,Store_2,SKU_4,122.14,12,0,0,0,15.01
2023-06-01,Store_2,SKU_4,132.01,11,0,0,0,15.01
2023-06-02,Store_2,SKU_4,131.55,11,0,0,0,15.01
2023-06-03,Store_2,SKU_4,183.87,14,0,0,0,15.01
2023-06-04,Store_2,SKU_4,88.79,6,0,0,0,15.01
2023-06-05,Store_2,SKU_4,128.14,10,0,0,0,15.01
2023-06-06,Store_2,SKU_4,116.14,11,0,0,0,15.01
2023-06-07,Store_2,SKU_4,127.36,11,0,0,0,15.01
2023-06-08,Store_2,SKU_4,184.62,14,1,0,0,15.01
2023-06-09,Store_2,SKU_4,148.56,12,0,0,0,15.01
2023-06-10,Store_2,SKU_4,154.57,13,0,0,0,15.01
2023-06-11,Store_2,SKU_4,67.52,5,0,0,0,15.01
2023-06-12,Store_2,SKU_4,129.78,11,0,0,0,15.01
2023-06-13,Store_2,SKU_4,112.0,9,0,0,0,15.01
2023-06-14,Store_2,SKU_4,109.2,9,0,0,0,15.01
2023-06-15,Store_2,SKU_4,119.81,13,0,0,0,15.01
2023-06-16,Store_2,SKU_4,215.66,19,1,0,0,15.01
2023-06-17,Store_2,SKU_4,166.26,17,0,0,0,15.01
2023-06-18,Store_2,SKU_4,111.39,13,1,0,0,15.01
2023-06-19,Store_2,SKU_4,112.36,8,0,0,0,15.01
2023-06-20,Store_2,SKU_4,102.21,7,0,0,0,15.01
2023-06-21,Store_2,SKU_4,115.96,10,0,0,0,15.01
2023-06-22,Store_2,SKU_4,122.15,8,0,0,0,15.01
2023-06-23,Store_2,SKU_4,149.52,11,0,0,0,15.01
2023-06-24,Store_2,SKU_4,172.68,13,0,0,0,15.01
2023-06-25,Store_2,SKU_4,78.71,7,0,0,0,15.01
2023-06-26,Store_2,SKU_4,190.1,19,1,0,0,15.01
2023-06-27,Store_2,SKU_4,121.42,8,0,0,0,15.01
2023-06-28,Store_2,SKU_4,171.47,16,1,0,0,15.01
2023-06-29,Store_2,SKU_4,143.38,13,0,0,0,15.01
2023-06-30,Store_2,SKU_4,130.79,10,0,0,0,15.01
2023-07-01,Store_2,SKU_4,165.16,20,0,0,1,15.01
2023-07-02,Store_2,SKU_4,80.96,7,0,0,0,15.01
2023-07-03,Store_2,SKU_4,139.13,11,0,0,0,15.01
2023-07-04,Store_2,SKU_4,115.77,8,0,0,1,15.01
2023-07-05,Store_2,SKU_4,190.47,13,1,0,0,15.01
2023-07-06,Store_2,SKU_4,197.38,19,1,0,0,15.01
2023-07-07,Store_2,SKU_4,140.92,10,0,0,1,15.01
2023-07-08,Store_2,SKU_4,175.27,15,0,0,1,15.01
2023-07-09,Store_2,SKU_4,121.18,11,1,0,0,15.01
2023-07-10,Store_2,SKU_4,132.67,10,0,0,1,15.01
2023-07-11,Store_2,SKU_4,179.82,18,1,0,1,15.01
2023-07-12,Store_2,SKU_4,125.95,11,0,0,0,15.01
2023-07-13,Store_2,SKU_4,167.38,12,1,0,0,15.01
2023-07-14,Store_2,SKU_4,214.94,16,1,0,0,15.01
2023-07-15,Store_2,SKU_4,156.67,15,0,0,1,15.01
2023-07-16,Store_2,SKU_4,74.07,6,0,0,0,15.01
2023-07-17,Store_2,SKU_4,115.18,11,0,0,0,15.01
2023-07-18,Store_2,SKU_4,106.52,9,0,0,0,15.01
2023-07-19,Store_2,SKU_4,125.32,13,0,0,1,15.01
2023-07-20,Store_2,SKU_4,130.79,11,0,0,1,15.01
2023-07-21,Store_2,SKU_4,144.88,16,0,0,0,15.01
2023-07-22,Store_2,SKU_4,161.43,17,0,0,0,15.01
2023-07-23,Store_2,SKU_4,75.95,5,0,0,1,15.01
2023-07-24,Store_2,SKU_4,130.69,13,0,0,0,15.01
2023-07-25,Store_2,SKU_4,116.14,13,0,0,0,15.01
2023-07-26,Store_2,SKU_4,109.79,8,0,0,1,15.01
2023-07-27,Store_2,SKU_4,132.91,10,0,0,0,15.01
2023-07-28,Store_2,SKU_4,142.76,10,0,0,1,15.01
2023-07-29,Store_2,SKU_4,175.31,16,0,0,1,15.01
2023-07-30,Store_2,SKU_4,77.6,8,0,0,1,15.01
2023-07-31,Store_2,SKU_4,113.93,12,0,0,1,15.01
2023-08-01,Store_2,SKU_4,106.63,8,0,0,0,15.01
2023-08-02,Store_2,SKU_4,101.43,8,0,0,1,15.01
2023-08-03,Store_2,SKU_4,108.66,10,0,0,0,15.01
2023-08-04,Store_2,SKU_4,219.35,18,1,0,0,15.01
2023-08-05,Store_2,SKU_4,157.67,11,0,0,0,15.01
2023-08-06,Store_2,SKU_4,68.01,6,0,0,0,15.01
2023-08-07,Store_2,SKU_4,166.61,17,1,0,0,15.01
2023-08-08,Store_2,SKU_4,118.04,13,0,0,1,15.01
2023-08-09,Store_2,SKU_4,93.28,7,0,0,0,15.01
2023-08-10,Store_2,SKU_4,132.77,12,0,0,0,15.01
2023-08-11,Store_2,SKU_4,129.13,10,0,0,0,15.01
2023-08-12,Store_2,SKU_4,137.07,15,0,0,0,15.01
2023-08-13,Store_2,SKU_4,73.07,5,0,0,0,15.01
2023-08-14,Store_2,SKU_4,115.07,12,0,0,1,15.01
2023-08-15,Store_2,SKU_4,111.54,8,0,0,1,15.01
2023-08-16,Store_2,SKU_4,103.17,9,0,0,0,15.01
2023-08-17,Store_2,SKU_4,132.24,11,0,0,1,15.01
2023-08-18,Store_2,SKU_4,120.11,14,0,0,0,15.01
2023-08-19,Store_2,SKU_4,128.54,11,0,0,0,15.01
2023-08-20,Store_2,SKU_4,109.93,12,1,0,0,15.01
2023-08-21,Store_2,SKU_4,135.27,10,0,0,0,15.01
2023-08-22,Store_2,SKU_4,121.94,9,0,0,1,15.01
2023-08-23,Store_2,SKU_4,109.78,8,0,0,0,15.01
2023-08-24,Store_2,SKU_4,142.5,12,1,0,1,15.01
2023-08-25,Store_2,SKU_4,195.41,14,1,0,1,15.01
2023-08-26,Store_2,SKU_4,146.14,17,0,0,1,15.01
2023-08-27,Store_2,SKU_4,76.54,7,0,0,1,15.01
2023-08-28,Store_2,SKU_4,175.77,15,1,0,1,15.01
2023-08-29,Store_2,SKU_4,116.0,10,0,0,1,15.01
2023-08-30,Store_2,SKU_4,106.66,12,0,0,1,15.01
2023-08-31,Store_2,SKU_4,165.06,19,1,0,1,15.01
2023-09-01,Store_2,SKU_4,191.89,19,1,0,0,15.01
2023-09-02,Store_2,SKU_4,125.93,10,0,0,0,15.01
2023-09-03,Store_2,SKU_4,81.66,8,1,0,0,15.01
2023-09-04,Store_2,SKU_4,106.03,10,0,0,0,15.01
2023-09-05,Store_2,SKU_4,112.99,10,0,0,0,15.01
2023-09-06,Store_2,SKU_4,95.43,8,0,0,0,15.01
2023-09-07,Store_2,SKU_4,97.75,10,0,0,0,15.01
2023-09-08,Store_2,SKU_4,109.81,7,0,0,0,15.01
2023-09-09,Store_2,SKU_4,191.91,21,1,0,0,15.01
2023-09-10,Store_2,SKU_4,60.21,4,0,0,0,15.01
2023-09-11,Store_2,SKU_4,117.89,9,0,0,0,15.01
2023-09-12,Store_2,SKU_4,163.64,14,1,0,0,15.01
2023-09-13,Store_2,SKU_4,103.64,9,0,0,0,15.01
2023-09-14,Store_2,SKU_4,110.99,11,0,0,0,15.01
2023-09-15,Store_2,SKU_4,103.71,11,0,0,0,15.01
2023-09-16,Store_2,SKU_4,148.57,12,0,0,0,15.01
2023-09-17,Store_2,SKU_4,50.31,3,0,0,0,15.01
2023-09-18,Store_2,SKU_4,95.51,8,0,0,0,15.01
2023-09-19,Store_2,SKU_4,116.05,14,1,0,0,15.01
2023-09-20,Store_2,SKU_4,87.2,6,0,0,0,15.01
2023-09-21,Store_2,SKU_4,106.9,12,0,0,0,15.01
2023-09-22,Store_2,SKU_4,131.73,9,0,0,0,15.01
2023-09-23,Store_2,SKU_4,165.52,19,1,0,0,15.01
2023-09-24,Store_2,SKU_4,67.49,5,0,0,0,15.01
2023-09-25,Store_2,SKU_4,106.34,8,0,0,0,15.01
2023-09-26,Store_2,SKU_4,97.52,8,0,0,0,15.01
2023-09-27,Store_2,SKU_4,107.14,9,0,0,0,15.01
2023-09-28,Store_2,SKU_4,111.44,11,0,0,0,15.01
2023-09-29,Store_2,SKU_4,118.11,11,0,0,0,15.01
2023-09-30,Store_2,SKU_4,129.96,12,0,0,0,15.01
2023-10-01,Store_2,SKU_4,81.2,9,1,0,0,15.01
2023-10-02,Store_2,SKU_4,99.61,7,1,0,0,15.01
2023-10-03,Store_2,SKU_4,108.75,9,1,0,0,15.01
2023-10-04,Store_2,SKU_4,91.98,10,0,0,0,15.01
2023-10-05,Store_2,SKU_4,87.22,8,0,0,0,15.01
2023-10-06,Store_2,SKU_4,143.64,12,1,0,0,15.01
2023-10-07,Store_2,SKU_4,154.92,13,1,0,0,15.01
2023-10-08,Store_2,SKU_4,56.52,5,0,0,0,15.01
2023-10-09,Store_2,SKU_4,90.74,8,0,0,0,15.01
2023-10-10,Store_2,SKU_4,97.98,8,0,0,0,15.01
2023-10-11,Store_2,SKU_4,84.78,7,0,0,0,15.01
2023-10-12,Store_2,SKU_4,94.6,9,0,0,0,15.01
2023-10-13,Store_2,SKU_4,96.62,7,0,0,0,15.01
2023-10-14,Store_2,SKU_4,131.49,9,0,0,0,15.01
2023-10-15,Store_2,SKU_4,84.37,7,1,0,0,15.01
2023-10-16,Store_2,SKU_4,119.29,13,1,0,0,15.01
2023-10-17,Store_2,SKU_4,135.3,9,1,0,0,15.01
2023-10-18,Store_2,SKU_4,78.89,6,0,0,0,15.01
2023-10-19,Store_2,SKU_4,97.15,10,0,0,0,15.01
2023-10-20,Store_2,SKU_4,93.03,7,0,0,0,15.01
2023-10-21,Store_2,SKU_4,131.96,13,0,0,0,15.01
2023-10-22,Store_2,SKU_4,53.47,5,0,0,0,15.01
2023-10-23,Store_2,SKU_4,97.69,9,0,0,0,15.01
2023-10-24,Store_2,SKU_4,80.63,5,0,0,0,15.01
2023-10-25,Store_2,SKU_4,99.16,7,0,0,0,15.01
2023-10-26,Store_2,SKU_4,95.84,8,0,0,0,15.01
2023-10-27,Store_2,SKU_4,100.59,10,0,0,0,15.01
2023-10-28,Store_2,SKU_4,121.62,9,0,0,0,15.01
2023-10-29,Store_2,SKU_4,76.9,8,1,0,0,15.01
2023-10-30,Store_2,SKU_4,135.83,10,1,0,0,15.01
2023-10-31,Store_2,SKU_4,82.89,10,0,0,0,15.01
2023-11-01,Store_2,SKU_4,78.32,7,0,0,0,15.01
2023-11-02,Store_2,SKU_4,122.41,9,1,0,0,15.01
2023-11-03,Store_2,SKU_4,82.37,6,0,0,0,15.01
2023-11-04,Store_2,SKU_4,87.91,8,0,0,0,15.01
2023-11-05,Store_2,SKU_4,55.01,5,0,0,0,15.01
2023-11-06,Store_2,SKU_4,129.39,13,1,0,0,15.01
2023-11-07,Store_2,SKU_4,90.84,6,0,0,0,15.01
2023-11-08,Store_2,SKU_4,88.06,10,0,0,0,15.01
2023-11-09,Store_2,SKU_4,89.12,6,0,0,0,15.01
2023-11-10,Store_2,SKU_4,107.14,8,0,0,0,15.01
2023-11-11,Store_2,SKU_4,100.7,7,0,0,0,15.01
2023-11-12,Store_2,SKU_4,49.65,4,0,0,0,15.01
2023-11-13,Store_2,SKU_4,88.01,8,0,0,0,15.01
2023-11-14,Store_2,SKU_4,79.93,7,0,0,0,15.01
2023-11-15,Store_2,SKU_4,84.7,7,0,0,0,15.01
2023-11-16,Store_2,SKU_4,75.31,6,0,0,0,15.01
2023-11-17,Store_2,SKU_4,102.9,9,0,0,0,15.01
2023-11-18,Store_2,SKU_4,109.68,9,0,0,0,15.01
2023-11-19,Store_2,SKU_4,73.37,7,1,0,0,15.01
2023-11-20,Store_2,SKU_4,79.43,5,0,0,0,15.01
2023-11-21,Store_2,SKU_4,76.92,6,0,0,0,15.01
2023-11-22,Store_2,SKU_4,72.78,6,0,0,0,15.01
2023-11-23,Store_2,SKU_4,87.73,7,0,0,0,15.01
2023-11-24,Store_2,SKU_4,133.19,9,1,0,0,15.01
2023-11-25,Store_2,SKU_4,127.91,9,1,0,0,15.01
2023-11-26,Store_2,SKU_4,45.05,5,0,0,0,15.01
2023-11-27,Store_2,SKU_4,117.61,9,1,0,0,15.01
2023-11-28,Store_2,SKU_4,82.66,7,0,0,0,15.01
2023-11-29,Store_2,SKU_4,80.58,7,0,0,0,15.01
2023-11-30,Store_2,SKU_4,78.98,8,0,0,0,15.01
2023-12-01,Store_2,SKU_4,85.45,6,0,0,0,15.01
2023-12-02,Store_2,SKU_4,78.4,6,0,0,0,15.01
2023-12-03,Store_2,SKU_4,44.63,4,0,0,0,15.01
2023-12-04,Store_2,SKU_4,87.5,7,0,0,0,15.01
2023-12-05,Store_2,SKU_4,113.16,8,1,0,0,15.01
2023-12-06,Store_2,SKU_4,88.02,10,0,0,0,15.01
2023-12-07,Store_2,SKU_4,87.21,7,0,0,0,15.01
2023-12-08,Store_2,SKU_4,87.64,7,0,0,0,15.01
2023-12-09,Store_2,SKU_4,101.3,9,0,0,0,15.01
2023-12-10,Store_2,SKU_4,50.26,3,0,0,0,15.01
2023-12-11,Store_2,SKU_4,116.72,12,1,0,0,15.01
2023-12-12,Store_2,SKU_4,114.42,12,1,0,0,15.01
2023-12-13,Store_2,SKU_4,104.79,9,1,0,0,15.01
2023-12-14,Store_2,SKU_4,77.56,5,0,0,0,15.01
2023-12-15,Store_2,SKU_4,91.09,9,0,0,0,15.01
2023-12-16,Store_2,SKU_4,94.64,6,0,0,0,15.01
2023-12-17,Store_2,SKU_4,46.82,4,0,0,0,15.01
2023-12-18,Store_2,SKU_4,78.85,5,0,0,0,15.01
2023-12-19,Store_2,SKU_4,78.14,8,0,0,0,15.01
2023-12-20,Store_2,SKU_4,76.33,6,0,0,0,15.01
2023-12-21,Store_2,SKU_4,82.79,6,0,0,0,15.01
2023-12-22,Store_2,SKU_4,82.5,6,0,0,0,15.01
2023-12-23,Store_2,SKU_4,103.57,7,0,0,0,15.01
2023-12-24,Store_2,SKU_4,71.54,8,1,0,0,15.01
2023-12-25,Store_2,SKU_4,30.38,2,0,a,0,15.01
2023-12-26,Store_2,SKU_4,32.08,3,0,a,0,15.01
2023-12-27,Store_2,SKU_4,107.52,8,1,0,0,15.01
2023-12-28,Store_2,SKU_4,96.67,7,0,0,0,15.01
2023-12-29,Store_2,SKU_4,87.11,7,0,0,0,15.01
2023-12-30,Store_2,SKU_4,92.2,9,0,0,0,15.01
2023-12-31,Store_2,SKU_4,51.31,5,0,0,0,15.01
2024-01-01,Store_2,SKU_4,36.5,3,0,a,0,15.01
2024-01-02,Store_2,SKU_4,87.89,8,0,0,0,15.01
2024-01-03,Store_2,SKU_4,83.73,7,0,0,0,15.01
2024-01-04,Store_2,SKU_4,82.84,10,0,0,0,15.01
2024-01-05,Store_2,SKU_4,91.56,9,0,0,0,15.01
2024-01-06,Store_2,SKU_4,162.92,13,1,0,0,15.01
2024-01-07,Store_2,SKU_4,49.75,4,0,0,0,15.01
2024-01-08,Store_2,SKU_4,86.4,7,0,0,0,15.01
2024-01-09,Store_2,SKU_4,69.49,6,0,0,0,15.01
2024-01-10,Store_2,SKU_4,84.03,8,0,0,0,15.01
2024-01-11,Store_2,SKU_4,84.53,10,0,0,0,15.01
2024-01-12,Store_2,SKU_4,103.03,7,0,0,0,15.01
2024-01-13,Store_2,SKU_4,110.7,8,0,0,0,15.01
2024-01-14,Store_2,SKU_4,49.48,4,0,0,0,15.01
2024-01-15,Store_2,SKU_4,77.61,8,0,0,0,15.01
2024-01-16,Store_2,SKU_4,81.32,5,0,0,0,15.01
2024-01-17,Store_2,SKU_4,84.31,8,0,0,0,15.01
2024-01-18,Store_2,SKU_4,115.12,9,1,0,0,15.01
2024-01-19,Store_2,SKU_4,98.74,9,0,0,0,15.01
2024-01-20,Store_2,SKU_4,125.01,14,0,0,0,15.01
2024-01-21,Store_2,SKU_4,78.86,6,1,0,0,15.01
2024-01-22,Store_2,SKU_4,90.77,9,0,0,0,15.01
2024-01-23,Store_2,SKU_4,103.15,8,1,0,0,15.01
2024-01-24,Store_2,SKU_4,83.46,9,0,0,0,15.01
2024-01-25,Store_2,SKU_4,100.02,9,1,0,0,15.01
2024-01-26,Store_2,SKU_4,92.82,10,0,0,0,15.01
2024-01-27,Store_2,SKU_4,139.18,10,1,0,0,15.01
2024-01-28,Store_2,SKU_4,54.23,5,0,0,0,15.01
2024-01-29,Store_2,SKU_4,91.55,7,0,0,0,15.01
2024-01-30,Store_2,SKU_4,87.12,8,0,0,0,15.01
2024-01-31,Store_2,SKU_4,83.48,6,0,0,0,15.01
2024-02-01,Store_2,SKU_4,91.33,8,0,0,0,15.01
2024-02-02,Store_2,SKU_4,147.63,10,1,0,0,15.01
2024-02-03,Store_2,SKU_4,128.46,9,0,0,0,15.01
2024-02-04,Store_2,SKU_4,47.16,5,0,0,0,15.01
2024-02-05,Store_2,SKU_4,88.27,8,0,0,0,15.01
2024-02-06,Store_2,SKU_4,90.34,6,0,0,0,15.01
2024-02-07,Store_2,SKU_4,92.53,9,0,0,0,15.01
2024-02-08,Store_2,SKU_4,102.63,12,0,0,0,15.01
2024-02-09,Store_2,SKU_4,89.14,7,0,0,0,15.01
2024-02-10,Store_2,SKU_4,130.42,13,0,0,0,15.01
2024-02-11,Store_2,SKU_4,71.54,5,1,0,0,15.01
2024-02-12,Store_2,SKU_4,99.89,7,0,0,0,15.01
2024-02-13,Store_2,SKU_4,96.05,11,0,0,0,15.01
2024-02-14,Store_2,SKU_4,95.18,9,0,0,0,15.01
2024-02-15,Store_2,SKU_4,95.0,7,0,0,0,15.01
2024-02-16,Store_2,SKU_4,101.55,9,0,0,0,15.01
2024-02-17,Store_2,SKU_4,129.6,12,0,0,0,15.01
2024-02-18,Store_2,SKU_4,65.33,4,0,0,0,15.01
2024-02-19,Store_2,SKU_4,108.55,10,0,0,0,15.01
2024-02-20,Store_2,SKU_4,89.25,7,0,0,0,15.01
2024-02-21,Store_2,SKU_4,94.02,10,0,0,0,15.01
2024-02-22,Store_2,SKU_4,96.73,9,0,0,0,15.01
2024-02-23,Store_2,SKU_4,170.21,18,1,0,0,15.01
2024-02-24,Store_2,SKU_4,115.08,10,0,0,0,15.01
2024-02-25,Store_2,SKU_4,56.84,4,0,0,0,15.01
2024-02-26,Store_2,SKU_4,97.83,7,0,0,0,15.01
2024-02-27,Store_2,SKU_4,97.01,8,0,0,0,15.01
2024-02-28,Store_2,SKU_4,86.98,7,0,0,0,15.01
2024-02-29,Store_2,SKU_4,96.86,8,0,0,0,15.01
2024-03-01,Store_2,SKU_4,109.53,8,0,0,0,15.01
2024-03-02,Store_2,SKU_4,119.09,8,0,0,0,15.01
2024-03-03,Store_2,SKU_4,61.47,4,0,0,0,15.01
2024-03-04,Store_2,SKU_4,154.05,18,1,0,0,15.01
2024-03-05,Store_2,SKU_4,112.76,9,0,0,0,15.01
2024-03-06,Store_2,SKU_4,108.93,9,0,0,0,15.01
2024-03-07,Store_2,SKU_4,110.76,10,0,0,0,15.01
2024-03-08,Store_2,SKU_4,128.91,11,0,0,0,15.01
2024-03-09,Store_2,SKU_4,145.75,10,0,0,0,15.01
2024-03-10,Store_2,SKU_4,53.78,4,0,0,0,15.01
2024-03-11,Store_2,SKU_4,173.59,18,1,0,0,15.01
2024-03-12,Store_2,SKU_4,84.06,6,0,0,0,15.01
2024-03-13,Store_2,SKU_4,108.9,9,0,0,0,15.01
2024-03-14,Store_2,SKU_4,112.23,8,0,0,0,15.01
2024-03-15,Store_2,SKU_4,126.06,9,0,0,0,15.01
2024-03-16,Store_2,SKU_4,129.29,10,0,0,0,15.01
2024-03-17,Store_2,SKU_4,65.2,6,0,0,0,15.01
2024-03-18,Store_2,SKU_4,105.64,9,0,0,0,15.01
2024-03-19,Store_2,SKU_4,85.98,6,0,0,0,15.01
2024-03-20,Store_2,SKU_4,103.64,10,0,0,0,15.01
2024-03-21,Store_2,SKU_4,110.75,8,0,0,0,15.01
2024-03-22,Store_2,SKU_4,107.64,12,0,0,0,15.01
2024-03-23,Store_2,SKU_4,134.66,12,0,0,0,15.01
2024-03-24,Store_2,SKU_4,64.85,4,0,0,0,15.01
2024-03-25,Store_2,SKU_4,159.85,12,1,0,0,15.01
2024-03-26,Store_2,SKU_4,114.41,9,0,0,0,15.01
2024-03-27,Store_2,SKU_4,109.89,11,0,0,0,15.01
2024-03-28,Store_2,SKU_4,161.53,12,1,0,0,15.01
2024-03-29,Store_2,SKU_4,124.94,13,0,0,0,15.01
2024-03-30,Store_2,SKU_4,205.17,21,1,0,0,15.01
2024-03-31,Store_2,SKU_4,70.91,8,0,0,0,15.01
2024-04-01,Store_2,SKU_4,110.23,10,0,0,0,15.01
2024-04-02,Store_2,SKU_4,124.92,14,0,0,0,15.01
2024-04-03,Store_2,SKU_4,116.96,9,0,0,0,15.01
2024-04-04,Store_2,SKU_4,106.87,9,0,0,0,15.01
2024-04-05,Store_2,SKU_4,145.58,13,0,0,0,15.01
2024-04-06,Store_2,SKU_4,158.04,16,0,0,0,15.01
2024-04-07,Store_2,SKU_4,78.45,9,0,0,0,15.01
2024-04-08,Store_2,SKU_4,135.19,16,0,0,0,15.01
2024-04-09,Store_2,SKU_4,131.04,11,0,0,0,15.01
2024-04-10,Store_2,SKU_4,137.51,12,0,0,0,15.01
2024-04-11,Store_2,SKU_4,135.03,13,0,0,0,15.01
2024-04-12,Store_2,SKU_4,157.63,12,0,0,0,15.01
2024-04-13,Store_2,SKU_4,244.97,29,1,0,0,15.01
2024-04-14,Store_2,SKU_4,89.45,6,0,0,0,15.01
2024-04-15,Store_2,SKU_4,129.15,10,0,0,0,15.01
2024-04-16,Store_2,SKU_4,131.51,15,0,0,0,15.01
2024-04-17,Store_2,SKU_4,120.57,12,0,0,0,15.01
2024-04-18,Store_2,SKU_4,127.15,12,0,0,0,15.01
2024-04-19,Store_2,SKU_4,129.18,9,0,0,0,15.01
2024-04-20,Store_2,SKU_4,139.74,16,0,0,0,15.01
2024-04-21,Store_2,SKU_4,72.65,6,0,0,0,15.01
2024-04-22,Store_2,SKU_4,100.56,11,0,0,0,15.01
2024-04-23,Store_2,SKU_4,113.49,8,0,0,0,15.01
2024-04-24,Store_2,SKU_4,127.0,14,0,0,0,15.01
2024-04-25,Store_2,SKU_4,122.73,13,0,0,0,15.01
2024-04-26,Store_2,SKU_4,147.35,14,0,0,0,15.01
2024-04-27,Store_2,SKU_4,161.02,13,0,0,0,15.01
2024-04-28,Store_2,SKU_4,122.15,14,1,0,0,15.01
2024-04-29,Store_2,SKU_4,122.06,9,0,0,0,15.01
2024-04-30,Store_2,SKU_4,124.06,14,0,0,0,15.01
2024-05-01,Store_2,SKU_4,137.08,12,0,0,0,15.01
2024-05-02,Store_2,SKU_4,161.7,13,1,0,0,15.01
2024-05-03,Store_2,SKU_4,155.97,12,0,0,0,15.01
2024-05-04,Store_2,SKU_4,179.98,17,0,0,0,15.01
2024-05-05,Store_2,SKU_4,83.73,7,0,0,0,15.01
2024-05-06,Store_2,SKU_4,146.15,14,0,0,0,15.01
2024-05-07,Store_2,SKU_4,143.56,13,0,0,0,15.01
2024-05-08,Store_2,SKU_4,173.82,19,1,0,0,15.01
2024-05-09,Store_2,SKU_4,143.86,11,0,0,0,15.01
2024-05-10,Store_2,SKU_4,173.85,19,1,0,0,15.01
2024-05-11,Store_2,SKU_4,246.28,28,1,0,0,15.01
2024-05-12,Store_2,SKU_4,89.89,9,0,0,0,15.01
2024-05-13,Store_2,SKU_4,154.04,14,0,0,0,15.01
2024-05-14,Store_2,SKU_4,142.32,17,0,0,0,15.01
2024-05-15,Store_2,SKU_4,182.5,18,1,0,0,15.01
2024-05-16,Store_2,SKU_4,136.34,14,0,0,0,15.01
2024-05-17,Store_2,SKU_4,166.5,20,0,0,0,15.01
2024-05-18,Store_2,SKU_4,196.32,14,0,0,0,15.01
2024-05-19,Store_2,SKU_4,73.48,8,0,0,0,15.01
2024-05-20,Store_2,SKU_4,140.23,16,0,0,0,15.01
2024-05-21,Store_2,SKU_4,126.25,10,0,0,0,15.01
2024-05-22,Store_2,SKU_4,134.64,11,0,0,0,15.01
2024-05-23,Store_2,SKU_4,163.63,15,1,0,0,15.01
2024-05-24,Store_2,SKU_4,160.32,15,0,0,0,15.01
2024-05-25,Store_2,SKU_4,154.93,11,0,0,0,15.01
2024-05-26,Store_2,SKU_4,81.95,5,0,0,0,15.01
2024-05-27,Store_2,SKU_4,126.51,15,0,0,0,15.01
2024-05-28,Store_2,SKU_4,125.9,9,0,0,0,15.01
2024-05-29,Store_2,SKU_4,122.1,9,0,0,0,15.01
2024-05-30,Store_2,SKU_4,141.52,16,0,0,0,15.01
2024-05-31,Store_2,SKU_4,133.73,10,0,0,0,15.01
2024-06-01,Store_2,SKU_4,158.45,11,0,0,0,15.01
2024-06-02,Store_2,SKU_4,82.15,7,0,0,0,15.01
2024-06-03,Store_2,SKU_4,167.7,12,0,0,0,15.01
2024-06-04,Store_2,SKU_4,133.07,13,0,0,0,15.01
2024-06-05,Store_2,SKU_4,141.42,10,0,0,0,15.01
2024-06-06,Store_2,SKU_4,159.87,12,0,0,0,15.01
2024-06-07,Store_2,SKU_4,216.58,21,1,0,0,15.01
2024-06-08,Store_2,SKU_4,177.97,13,0,0,0,15.01
2024-06-09,Store_2,SKU_4,84.45,7,0,0,0,15.01
2024-06-10,Store_2,SKU_4,135.78,11,0,0,0,15.01
2024-06-11,Store_2,SKU_4,142.52,10,0,0,0,15.01
2024-06-12,Store_2,SKU_4,130.19,15,0,0,0,15.01
2024-06-13,Store_2,SKU_4,143.55,10,0,0,0,15.01
2024-06-14,Store_2,SKU_4,189.9,20,1,0,0,15.01
2024-06-15,Store_2,SKU_4,182.27,14,0,0,0,15.01
2024-06-16,Store_2,SKU_4,84.86,7,0,0,0,15.01
2024-06-17,Store_2,SKU_4,191.79,17,1,0,0,15.01
2024-06-18,Store_2,SKU_4,131.7,10,0,0,0,15.01
2024-06-19,Store_2,SKU_4,171.29,16,1,0,0,15.01
2024-06-20,Store_2,SKU_4,140.0,14,0,0,0,15.01
2024-06-21,Store_2,SKU_4,136.72,14,0,0,0,15.01
2024-06-22,Store_2,SKU_4,199.87,18,0,0,0,15.01
2024-06-23,Store_2,SKU_4,84.29,6,0,0,0,15.01
2024-06-24,Store_2,SKU_4,142.33,12,0,0,0,15.01
2024-06-25,Store_2,SKU_4,144.41,13,0,0,0,15.01
2024-06-26,Store_2,SKU_4,119.52,12,0,0,0,15.01
2024-06-27,Store_2,SKU_4,132.36,9,0,0,0,15.01
2024-06-28,Store_2,SKU_4,218.14,17,1,0,0,15.01
2024-06-29,Store_2,SKU_4,175.82,17,0,0,0,15.01
2024-06-30,Store_2,SKU_4,116.37,12,1,0,0,15.01
2024-07-01,Store_2,SKU_4,152.14,15,0,0,1,15.01
2024-07-02,Store_2,SKU_4,126.79,9,0,0,0,15.01
2024-07-03,Store_2,SKU_4,133.69,14,0,0,1,15.01
2024-07-04,Store_2,SKU_4,135.01,12,0,0,1,15.01
2024-07-05,Store_2,SKU_4,168.02,12,0,0,1,15.01
2024-07-06,Store_2,SKU_4,145.46,10,0,0,1,15.01
2024-07-07,Store_2,SKU_4,71.92,6,0,0,1,15.01
2024-07-08,Store_2,SKU_4,147.16,12,0,0,1,15.01
2024-07-09,Store_2,SKU_4,157.75,14,0,0,0,15.01
2024-07-10,Store_2,SKU_4,146.91,12,0,0,0,15.01
2024-07-11,Store_2,SKU_4,139.87,16,0,0,1,15.01
2024-07-12,Store_2,SKU_4,166.89,18,0,0,1,15.01
2024-07-13,Store_2,SKU_4,157.1,16,0,0,1,15.01
2024-07-14,Store_2,SKU_4,83.46,6,0,0,0,15.01
2024-07-15,Store_2,SKU_4,120.43,12,0,0,0,15.01
2024-07-16,Store_2,SKU_4,127.19,10,0,0,0,15.01
2024-07-17,Store_2,SKU_4,180.89,15,1,0,1,15.01
2024-07-18,Store_2,SKU_4,133.68,15,0,0,0,15.01
2024-07-19,Store_2,SKU_4,149.91,12,0,0,1,15.01
2024-07-20,Store_2,SKU_4,170.24,15,0,0,0,15.01
2024-07-21,Store_2,SKU_4,90.82,11,0,0,1,15.01
2024-07-22,Store_2,SKU_4,147.35,12,0,0,0,15.01
2024-07-23,Store_2,SKU_4,197.1,17,1,0,0,15.01
2024-07-24,Store_2,SKU_4,146.91,13,0,0,1,15.01
2024-07-25,Store_2,SKU_4,150.87,16,0,0,1,15.01
2024-07-26,Store_2,SKU_4,160.42,12,0,0,0,15.01
2024-07-27,Store_2,SKU_4,161.57,13,0,0,0,15.01
2024-07-28,Store_2,SKU_4,82.63,6,0,0,0,15.01
2024-07-29,Store_2,SKU_4,139.61,16,0,0,0,15.01
2024-07-30,Store_2,SKU_4,129.02,14,0,0,0,15.01
2024-07-31,Store_2,SKU_4,136.12,11,0,0,0,15.01
2024-08-01,Store_2,SKU_4,123.4,12,0,0,0,15.01
2024-08-02,Store_2,SKU_4,175.17,15,0,0,0,15.01
2024-08-03,Store_2,SKU_4,160.8,11,0,0,0,15.01
2024-08-04,Store_2,SKU_4,72.15,8,0,0,1,15.01
2024-08-05,Store_2,SKU_4,110.71,8,0,0,1,15.01
2024-08-06,Store_2,SKU_4,180.02,20,1,0,0,15.01
2024-08-07,Store_2,SKU_4,183.56,14,1,0,0,15.01
2024-08-08,Store_2,SKU_4,161.0,16,1,0,0,15.01
2024-08-09,Store_2,SKU_4,132.65,9,0,0,0,15.01
2024-08-10,Store_2,SKU_4,148.11,15,0,0,0,15.01
2024-08-11,Store_2,SKU_4,65.31,6,0,0,1,15.01
2024-08-12,Store_2,SKU_4,122.62,11,0,0,0,15.01
2024-08-13,Store_2,SKU_4,113.01,10,0,0,0,15.01
2024-08-14,Store_2,SKU_4,124.18,10,0,0,1,15.01
2024-08-15,Store_2,SKU_4,143.08,12,0,0,1,15.01
2024-08-16,Store_2,SKU_4,140.02,13,0,0,1,15.01
2024-08-17,Store_2,SKU_4,161.94,14,0,0,0,15.01
2024-08-18,Store_2,SKU_4,77.53,5,0,0,0,15.01
2024-08-19,Store_2,SKU_4,137.67,13,0,0,1,15.01
2024-08-20,Store_2,SKU_4,127.49,13,0,0,0,15.01
2024-08-21,Store_2,SKU_4,112.3,8,0,0,0,15.01
2024-08-22,Store_2,SKU_4,183.47,14,1,0,1,15.01
2024-08-23,Store_2,SKU_4,187.25,13,1,0,0,15.01
2024-08-24,Store_2,SKU_4,156.24,14,0,0,0,15.01
2024-08-25,Store_2,SKU_4,84.37,10,0,0,1,15.01
2024-08-26,Store_2,SKU_4,100.84,10,0,0,0,15.01
2024-08-27,Store_2,SKU_4,108.08,12,0,0,1,15.01
2024-08-28,Store_2,SKU_4,184.28,16,1,0,0,15.01
2024-08-29,Store_2,SKU_4,132.84,14,0,0,1,15.01
2024-08-30,Store_2,SKU_4,123.57,13,0,0,1,15.01
2024-08-31,Store_2,SKU_4,232.43,18,1,0,0,15.01
2024-09-01,Store_2,SKU_4,92.57,8,1,0,0,15.01
2024-09-02,Store_2,SKU_4,103.81,12,0,0,0,15.01
2024-09-03,Store_2,SKU_4,154.22,18,1,0,0,15.01
2024-09-04,Store_2,SKU_4,116.23,10,0,0,0,15.01
2024-09-05,Store_2,SKU_4,128.97,12,0,0,0,15.01
2024-09-06,Store_2,SKU_4,117.0,14,0,0,0,15.01
2024-09-07,Store_2,SKU_4,138.99,15,0,0,0,15.01
2024-09-08,Store_2,SKU_4,65.4,5,0,0,0,15.01
2024-09-09,Store_2,SKU_4,158.83,16,1,0,0,15.01
2024-09-10,Store_2,SKU_4,108.11,9,0,0,0,15.01
2024-09-11,Store_2,SKU_4,126.99,14,0,0,0,15.01
2024-09-12,Store_2,SKU_4,105.29,8,0,0,0,15.01
2024-09-13,Store_2,SKU_4,134.29,11,0,0,0,15.01
2024-09-14,Store_2,SKU_4,189.26,16,1,0,0,15.01
2024-09-15,Store_2,SKU_4,76.27,7,0,0,0,15.01
2024-09-16,Store_2,SKU_4,103.38,10,0,0,0,15.01
2024-09-17,Store_2,SKU_4,100.62,9,0,0,0,15.01
2024-09-18,Store_2,SKU_4,114.61,8,0,0,0,15.01
2024-09-19,Store_2,SKU_4,154.36,12,1,0,0,15.01
2024-09-20,Store_2,SKU_4,126.75,14,0,0,0,15.01
2024-09-21,Store_2,SKU_4,237.03,27,1,0,0,15.01
2024-09-22,Store_2,SKU_4,71.09,5,0,0,0,15.01
2024-09-23,Store_2,SKU_4,103.21,7,0,0,0,15.01
2024-09-24,Store_2,SKU_4,119.11,8,0,0,0,15.01
2024-09-25,Store_2,SKU_4,122.21,9,0,0,0,15.01
2024-09-26,Store_2,SKU_4,116.39,12,0,0,0,15.01
2024-09-27,Store_2,SKU_4,126.97,15,0,0,0,15.01
2024-09-28,Store_2,SKU_4,176.88,13,1,0,0,15.01
2024-09-29,Store_2,SKU_4,64.67,4,0,0,0,15.01
2024-09-30,Store_2,SKU_4,124.94,11,0,0,0,15.01
2024-10-01,Store_2,SKU_4,102.9,9,0,0,0,15.01
2024-10-02,Store_2,SKU_4,88.19,10,0,0,0,15.01
2024-10-03,Store_2,SKU_4,105.65,7,0,0,0,15.01
2024-10-04,Store_2,SKU_4,98.94,8,0,0,0,15.01
2024-10-05,Store_2,SKU_4,149.87,14,0,0,0,15.01
2024-10-06,Store_2,SKU_4,60.93,4,0,0,0,15.01
2024-10-07,Store_2,SKU_4,109.1,8,0,0,0,15.01
2024-10-08,Store_2,SKU_4,98.46,9,0,0,0,15.01
2024-10-09,Store_2,SKU_4,91.12,9,0,0,0,15.01
2024-10-10,Store_2,SKU_4,100.18,9,0,0,0,15.01
2024-10-11,Store_2,SKU_4,117.58,10,0,0,0,15.01
2024-10-12,Store_2,SKU_4,130.83,9,0,0,0,15.01
2024-10-13,Store_2,SKU_4,60.46,5,0,0,0,15.01
2024-10-14,Store_2,SKU_4,98.06,7,0,0,0,15.01
2024-10-15,Store_2,SKU_4,131.76,10,1,0,0,15.01
2024-10-16,Store_2,SKU_4,92.49,6,0,0,0,15.01
2024-10-17,Store_2,SKU_4,101.73,10,0,0,0,15.01
2024-10-18,Store_2,SKU_4,115.16,10,0,0,0,15.01
2024-10-19,Store_2,SKU_4,124.56,12,0,0,0,15.01
2024-10-20,Store_2,SKU_4,65.94,7,0,0,0,15.01
2024-10-21,Store_2,SKU_4,110.15,12,0,0,0,15.01
2024-10-22,Store_2,SKU_4,104.23,10,1,0,0,15.01
2024-10-23,Store_2,SKU_4,98.42,8,0,0,0,15.01
2024-10-24,Store_2,SKU_4,101.68,11,0,0,0,15.01
2024-10-25,Store_2,SKU_4,111.36,8,0,0,0,15.01
2024-10-26,Store_2,SKU_4,114.71,10,0,0,0,15.01
2024-10-27,Store_2,SKU_4,63.22,6,0,0,0,15.01
2024-10-28,Store_2,SKU_4,100.08,8,0,0,0,15.01
2024-10-29,Store_2,SKU_4,97.53,7,0,0,0,15.01
2024-10-30,Store_2,SKU_4,117.43,9,0,0,0,15.01
2024-10-31,Store_2,SKU_4,103.72,9,0,0,0,15.01
2024-11-01,Store_2,SKU_4,103.27,8,0,0,0,15.01
2024-11-02,Store_2,SKU_4,107.91,11,0,0,0,15.01
2024-11-03,Store_2,SKU_4,79.79,6,1,0,0,15.01
2024-11-04,Store_2,SKU_4,86.02,8,0,0,0,15.01
2024-11-05,Store_2,SKU_4,91.2,10,0,0,0,15.01
2024-11-06,Store_2,SKU_4,86.51,6,0,0,0,15.01
2024-11-07,Store_2,SKU_4,131.29,11,1,0,0,15.01
2024-11-08,Store_2,SKU_4,90.84,6,0,0,0,15.01
2024-11-09,Store_2,SKU_4,112.4,11,0,0,0,15.01
2024-11-10,Store_2,SKU_4,55.06,6,0,0,0,15.01
2024-11-11,Store_2,SKU_4,91.65,7,0,0,0,15.01
2024-11-12,Store_2,SKU_4,75.31,7,0,0,0,15.01
2024-11-13,Store_2,SKU_4,127.53,14,1,0,0,15.01
2024-11-14,Store_2,SKU_4,92.2,7,0,0,0,15.01
2024-11-15,Store_2,SKU_4,106.3,8,0,0,0,15.01
2024-11-16,Store_2,SKU_4,115.27,10,0,0,0,15.01
2024-11-17,Store_2,SKU_4,54.38,4,0,0,0,15.01
2024-11-18,Store_2,SKU_4,85.3,9,0,0,0,15.01
2024-11-19,Store_2,SKU_4,86.3,6,0,0,0,15.01
2024-11-20,Store_2,SKU_4,89.98,7,0,0,0,15.01
2024-11-21,Store_2,SKU_4,105.57,9,0,0,0,15.01
2024-11-22,Store_2,SKU_4,95.83,8,0,0,0,15.01
2024-11-23,Store_2,SKU_4,141.43,13,1,0,0,15.01
2024-11-24,Store_2,SKU_4,51.74,4,0,0,0,15.01
2024-11-25,Store_2,SKU_4,71.89,8,0,0,0,15.01
2024-11-26,Store_2,SKU_4,68.15,5,0,0,0,15.01
2024-11-27,Store_2,SKU_4,76.13,8,0,0,0,15.01
2024-11-28,Store_2,SKU_4,82.04,7,0,0,0,15.01
2024-11-29,Store_2,SKU_4,150.41,14,1,0,0,15.01
2024-11-30,Store_2,SKU_4,107.22,11,0,0,0,15.01
2024-12-01,Store_2,SKU_4,52.48,4,0,0,0,15.01
2024-12-02,Store_2,SKU_4,81.2,5,0,0,0,15.01
2024-12-03,Store_2,SKU_4,93.23,7,0,0,0,15.01
2024-12-04,Store_2,SKU_4,88.11,6,0,0,0,15.01
2024-12-05,Store_2,SKU_4,115.91,9,1,0,0,15.01
2024-12-06,Store_2,SKU_4,88.46,7,0,0,0,15.01
2024-12-07,Store_2,SKU_4,113.26,8,0,0,0,15.01
2024-12-08,Store_2,SKU_4,77.17,9,1,0,0,15.01
2024-12-09,Store_2,SKU_4,86.6,9,0,0,0,15.01
2024-12-10,Store_2,SKU_4,80.45,6,0,0,0,15.01
2024-12-11,Store_2,SKU_4,74.92,5,0,0,0,15.01
2024-12-12,Store_2,SKU_4,85.67,6,0,0,0,15.01
2024-12-13,Store_2,SKU_4,105.06,9,0,0,0,15.01
2024-12-14,Store_2,SKU_4,93.73,8,0,0,0,15.01
2024-12-15,Store_2,SKU_4,57.38,4,0,0,0,15.01
2024-12-16,Store_2,SKU_4,80.01,6,0,0,0,15.01
2024-12-17,Store_2,SKU_4,86.09,6,0,0,0,15.01
2024-12-18,Store_2,SKU_4,127.93,15,1,0,0,15.01
2024-12-19,Store_2,SKU_4,93.35,7,0,0,0,15.01
2024-12-20,Store_2,SKU_4,99.7,8,0,0,0,15.01
2024-12-21,Store_2,SKU_4,91.36,8,0,0,0,15.01
2024-12-22,Store_2,SKU_4,50.55,4,0,0,0,15.01
2024-12-23,Store_2,SKU_4,82.94,6,0,0,0,15.01
2024-12-24,Store_2,SKU_4,79.94,5,0,0,0,15.01
2024-12-25,Store_2,SKU_4,35.06,3,0,a,0,15.01
2024-12-26,Store_2,SKU_4,36.06,3,0,a,0,15.01
2024-12-27,Store_2,SKU_4,93.94,7,0,0,0,15.01
2024-12-28,Store_2,SKU_4,92.86,10,0,0,0,15.01
2024-12-29,Store_2,SKU_4,51.68,4,0,0,0,15.01
2024-12-30,Store_2,SKU_4,92.29,9,0,0,0,15.01
2024-12-31,Store_2,SKU_4,75.85,7,0,0,0,15.01
2022-01-01,Store_2,SKU_5,30.14,2,0,a,0,9.7
2022-01-02,Store_2,SKU_5,27.81,2,0,0,0,9.7
2022-01-03,Store_2,SKU_5,50.95,3,0,0,0,9.7
2022-01-04,Store_2,SKU_5,45.13,3,0,0,0,9.7
2022-01-05,Store_2,SKU_5,56.57,4,0,0,0,9.7
2022-01-06,Store_2,SKU_5,70.0,5,1,0,0,9.7
2022-01-07,Store_2,SKU_5,78.6,5,1,0,0,9.7
2022-01-08,Store_2,SKU_5,66.22,7,0,0,0,9.7
2022-01-09,Store_2,SKU_5,32.37,2,0,0,0,9.7
2022-01-10,Store_2,SKU_5,55.43,6,0,0,0,9.7
2022-01-11,Store_2,SKU_5,51.13,5,0,0,0,9.7
2022-01-12,Store_2,SKU_5,52.45,5,0,0,0,9.7
2022-01-13,Store_2,SKU_5,50.11,4,0,0,0,9.7
2022-01-14,Store_2,SKU_5,63.72,6,0,0,0,9.7
2022-01-15,Store_2,SKU_5,56.9,5,0,0,0,9.7
2022-01-16,Store_2,SKU_5,26.28,2,0,0,0,9.7
2022-01-17,Store_2,SKU_5,49.01,5,0,0,0,9.7
2022-01-18,Store_2,SKU_5,50.64,3,0,0,0,9.7
2022-01-19,Store_2,SKU_5,49.75,4,0,0,0,9.7
2022-01-20,Store_2,SKU_5,54.53,4,0,0,0,9.7
2022-01-21,Store_2,SKU_5,57.27,4,0,0,0,9.7
2022-01-22,Store_2,SKU_5,65.25,6,0,0,0,9.7
2022-01-23,Store_2,SKU_5,47.65,4,1,0,0,9.7
2022-01-24,Store_2,SKU_5,46.57,4,0,0,0,9.7
2022-01-25,Store_2,SKU_5,51.6,3,0,0,0,9.7
2022-01-26,Store_2,SKU_5,49.52,3,0,0,0,9.7
2022-01-27,Store_2,SKU_5,59.52,5,0,0,0,9.7
2022-01-28,Store_2,SKU_5,64.56,4,0,0,0,9.7
2022-01-29,Store_2,SKU_5,56.9,4,0,0,0,9.7
2022-01-30,Store_2,SKU_5,33.88,2,0,0,0,9.7
2022-01-31,Store_2,SKU_5,79.67,7,1,0,0,9.7
2022-02-01,Store_2,SKU_5,60.61,4,0,0,0,9.7
2022-02-02,Store_2,SKU_5,56.17,5,0,0,0,9.7
2022-02-03,Store_2,SKU_5,61.83,5,0,0,0,9.7
2022-02-04,Store_2,SKU_5,62.06,7,0,0,0,9.7
2022-02-05,Store_2,SKU_5,98.22,9,1,0,0,9.7
2022-02-06,Store_2,SKU_5,38.17,2,0,0,0,9.7
2022-02-07,Store_2,SKU_5,53.94,4,0,0,0,9.7
2022-02-08,Store_2,SKU_5,61.55,7,0,0,0,9.7
2022-02-09,Store_2,SKU_5,61.29,5,0,0,0,9.7
2022-02-10,Store_2,SKU_5,50.77,4,0,0,0,9.7
2022-02-11,Store_2,SKU_5,64.48,5,0,0,0,9.7
2022-02-12,Store_2,SKU_5,74.72,6,0,0,0,9.7
2022-02-13,Store_2,SKU_5,31.54,2,0,0,0,9.7
2022-02-14,Store_2,SKU_5,58.51,6,0,0,0,9.7
2022-02-15,Store_2,SKU_5,46.68,5,0,0,0,9.7
2022-02-16,Store_2,SKU_5,58.39,7,0,0,0,9.7
2022-02-17,Store_2,SKU_5,57.53,6,0,0,0,9.7
2022-02-18,Store_2,SKU_5,89.69,10,1,0,0,9.7
2022-02-19,Store_2,SKU_5,67.02,6,0,0,0,9.7
2022-02-20,Store_2,SKU_5,35.54,2,0,0,0,9.7
2022-02-21,Store_2,SKU_5,53.38,5,0,0,0,9.7
2022-02-22,Store_2,SKU_5,53.21,5,0,0,0,9.7
2022-02-23,Store_2,SKU_5,53.38,4,0,0,0,9.7
2022-02-24,Store_2,SKU_5,52.32,3,0,0,0,9.7
2022-02-25,Store_2,SKU_5,67.66,7,0,0,0,9.7
2022-02-26,Store_2,SKU_5,77.27,5,0,0,0,9.7
2022-02-27,Store_2,SKU_5,37.92,3,0,0,0,9.7
2022-02-28,Store_2,SKU_5,60.88,5,0,0,0,9.7
2022-03-01,Store_2,SKU_5,56.99,5,0,0,0,9.7
2022-03-02,Store_2,SKU_5,71.0,7,0,0,0,9.7
2022-03-03,Store_2,SKU_5,66.12,5,0,0,0,9.7
2022-03-04,Store_2,SKU_5,78.2,7,0,0,0,9.7
2022-03-05,Store_2,SKU_5,82.98,7,0,0,0,9.7
2022-03-06,Store_2,SKU_5,49.76,5,1,0,0,9.7
2022-03-07,Store_2,SKU_5,75.64,8,0,0,0,9.7
2022-03-08,Store_2,SKU_5,63.83,5,0,0,0,9.7
2022-03-09,Store_2,SKU_5,61.17,5,0,0,0,9.7
2022-03-10,Store_2,SKU_5,92.7,6,1,0,0,9.7
2022-03-11,Store_2,SKU_5,72.27,6,0,0,0,9.7
2022-03-12,Store_2,SKU_5,80.22,10,0,0,0,9.7
2022-03-13,Store_2,SKU_5,36.96,2,0,0,0,9.7
2022-03-14,Store_2,SKU_5,97.08,12,1,0,0,9.7
2022-03-15,Store_2,SKU_5,65.16,6,0,0,0,9.7
2022-03-16,Store_2,SKU_5,66.64,7,0,0,0,9.7
2022-03-17,Store_2,SKU_5,67.82,5,0,0,0,9.7
2022-03-18,Store_2,SKU_5,81.25,7,0,0,0,9.7
2022-03-19,Store_2,SKU_5,84.22,7,0,0,0,9.7
2022-03-20,Store_2,SKU_5,40.27,4,0,0,0,9.7
2022-03-21,Store_2,SKU_5,60.0,4,0,0,0,9.7
2022-03-22,Store_2,SKU_5,59.79,4,0,0,0,9.7
2022-03-23,Store_2,SKU_5,59.3,6,0,0,0,9.7
2022-03-24,Store_2,SKU_5,67.47,5,0,0,0,9.7
2022-03-25,Store_2,SKU_5,71.26,6,0,0,0,9.7
2022-03-26,Store_2,SKU_5,79.72,9,0,0,0,9.7
2022-03-27,Store_2,SKU_5,63.38,5,1,0,0,9.7
2022-03-28,Store_2,SKU_5,66.55,7,0,0,0,9.7
2022-03-29,Store_2,SKU_5,66.99,5,0,0,0,9.7
2022-03-30,Store_2,SKU_5,69.65,6,0,0,0,9.7
2022-03-31,Store_2,SKU_5,59.52,5,0,0,0,9.7
2022-04-01,Store_2,SKU_5,78.66,6,0,0,0,9.7
2022-04-02,Store_2,SKU_5,125.97,12,1,0,0,9.7
2022-04-03,Store_2,SKU_5,49.74,4,0,0,0,9.7
2022-04-04,Store_2,SKU_5,75.19,8,0,0,0,9.7
2022-04-05,Store_2,SKU_5,66.19,6,0,0,0,9.7
2022-04-06,Store_2,SKU_5,66.06,6,0,0,0,9.7
2022-04-07,Store_2,SKU_5,73.66,5,0,0,0,9.7
2022-04-08,Store_2,SKU_5,83.14,5,0,0,0,9.7
2022-04-09,Store_2,SKU_5,101.28,8,0,0,0,9.7
2022-04-10,Store_2,SKU_5,49.25,5,0,0,0,9.7
2022-04-11,Store_2,SKU_5,99.94,7,1,0,0,9.7
2022-04-12,Store_2,SKU_5,73.5,9,0,0,0,9.7
2022-04-13,Store_2,SKU_5,68.94,6,0,0,0,9.7
2022-04-14,Store_2,SKU_5,89.65,10,0,0,0,9.7
2022-04-15,Store_2,SKU_5,89.25,7,0,0,0,9.7
2022-04-16,Store_2,SKU_5,93.08,7,0,0,0,9.7
2022-04-17,Store_2,SKU_5,47.32,4,0,0,0,9.7
2022-04-18,Store_2,SKU_5,82.18,8,0,0,0,9.7
2022-04-19,Store_2,SKU_5,66.74,5,0,0,0,9.7
2022-04-20,Store_2,SKU_5,69.49,7,0,0,0,9.7
2022-04-21,Store_2,SKU_5,77.03,5,0,0,0,9.7
2022-04-22,Store_2,SKU_5,99.07,10,0,0,0,9.7
2022-04-23,Store_2,SKU_5,89.29,11,0,0,0,9.7
2022-04-24,Store_2,SKU_5,69.36,6,1,0,0,9.7
2022-04-25,Store_2,SKU_5,66.09,7,0,0,0,9.7
2022-04-26,Store_2,SKU_5,63.48,6,0,0,0,9.7
2022-04-27,Store_2,SKU_5,104.39,10,1,0,0,9.7
2022-04-28,Store_2,SKU_5,77.52,6,0,0,0,9.7
2022-04-29,Store_2,SKU_5,88.96,9,0,0,0,9.7
2022-04-30,Store_2,SKU_5,139.25,14,1,0,0,9.7
2022-05-01,Store_2,SKU_5,46.08,3,0,0,0,9.7
2022-05-02,Store_2,SKU_5,79.51,6,0,0,0,9.7
2022-05-03,Store_2,SKU_5,87.32,6,0,0,0,9.7
2022-05-04,Store_2,SKU_5,74.6,6,0,0,0,9.7
2022-05-05,Store_2,SKU_5,89.1,8,0,0,0,9.7
2022-05-06,Store_2,SKU_5,100.38,9,0,0,0,9.7
2022-05-07,Store_2,SKU_5,106.59,10,0,0,0,9.7
2022-05-08,Store_2,SKU_5,50.61,4,0,0,0,9.7
2022-05-09,Store_2,SKU_5,78.23,6,0,0,0,9.7
2022-05-10,Store_2,SKU_5,76.39,8,0,0,0,9.7
2022-05-11,Store_2,SKU_5,100.19,10,1,0,0,9.7
2022-05-12,Store_2,SKU_5,86.88,7,0,0,0,9.7
2022-05-13,Store_2,SKU_5,101.61,7,0,0,0,9.7
2022-05-14,Store_2,SKU_5,93.58,6,0,0,0,9.7
2022-05-15,Store_2,SKU_5,44.51,3,0,0,0,9.7
2022-05-16,Store_2,SKU_5,72.16,7,0,0,0,9.7
2022-05-17,Store_2,SKU_5,79.08,6,0,0,0,9.7
2022-05-18,Store_2,SKU_5,79.14,5,0,0,0,9.7
2022-05-19,Store_2,SKU_5,110.92,13,1,0,0,9.7
2022-05-20,Store_2,SKU_5,103.55,9,0,0,0,9.7
2022-05-21,Store_2,SKU_5,101.15,7,0,0,0,9.7
2022-05-22,Store_2,SKU_5,55.13,4,0,0,0,9.7
2022-05-23,Store_2,SKU_5,114.27,10,1,0,0,9.7
2022-05-24,Store_2,SKU_5,78.72,7,0,0,0,9.7
2022-05-25,Store_2,SKU_5,70.14,7,0,0,0,9.7
2022-05-26,Store_2,SKU_5,85.32,9,0,0,0,9.7
2022-05-27,Store_2,SKU_5,98.69,10,0,0,0,9.7
2022-05-28,Store_2,SKU_5,106.17,9,0,0,0,9.7
2022-05-29,Store_2,SKU_5,56.76,5,0,0,0,9.7
2022-05-30,Store_2,SKU_5,85.99,6,0,0,0,9.7
2022-05-31,Store_2,SKU_5,86.71,10,0,0,0,9.7
2022-06-01,Store_2,SKU_5,76.75,6,0,0,0,9.7
2022-06-02,Store_2,SKU_5,80.33,6,0,0,0,9.7
2022-06-03,Store_2,SKU_5,102.2,9,0,0,0,9.7
2022-06-04,Store_2,SKU_5,109.17,8,0,0,0,9.7
2022-06-05,Store_2,SKU_5,61.03,6,0,0,0,9.7
2022-06-06,Store_2,SKU_5,85.66,8,0,0,0,9.7
2022-06-07,Store_2,SKU_5,80.56,6,0,0,0,9.7
2022-06-08,Store_2,SKU_5,84.38,7,0,0,0,9.7
2022-06-09,Store_2,SKU_5,80.13,5,0,0,0,9.7
2022-06-10,Store_2,SKU_5,96.87,8,0,0,0,9.7
2022-06-11,Store_2,SKU_5,115.24,11,0,0,0,9.7
2022-06-12,Store_2,SKU_5,51.08,5,0,0,0,9.7
2022-06-13,Store_2,SKU_5,77.05,8,0,0,0,9.7
2022-06-14,Store_2,SKU_5,88.0,8,0,0,0,9.7
2022-06-15,Store_2,SKU_5,84.86,9,0,0,0,9.7
2022-06-16,Store_2,SKU_5,84.2,7,0,0,0,9.7
2022-06-17,Store_2,SKU_5,103.64,8,0,0,0,9.7
2022-06-18,Store_2,SKU_5,104.38,8,0,0,0,9.7
2022-06-19,Store_2,SKU_5,55.05,5,0,0,0,9.7
2022-06-20,Store_2,SKU_5,86.25,8,0,0,0,9.7
2022-06-21,Store_2,SKU_5,108.01,10,1,0,0,9.7
2022-06-22,Store_2,SKU_5,71.25,7,0,0,0,9.7
2022-06-23,Store_2,SKU_5,100.0,8,0,0,0,9.7
2022-06-24,Store_2,SKU_5,90.97,7,0,0,0,9.7
2022-06-25,Store_2,SKU_5,119.9,9,0,0,0,9.7
2022-06-26,Store_2,SKU_5,47.62,5,0,0,0,9.7
2022-06-27,Store_2,SKU_5,81.24,5,0,0,0,9.7
2022-06-28,Store_2,SKU_5,82.51,5,0,0,0,9.7
2022-06-29,Store_2,SKU_5,108.1,11,1,0,0,9.7
2022-06-30,Store_2,SKU_5,70.05,6,0,0,0,9.7
2022-07-01,Store_2,SKU_5,89.15,9,0,0,1,9.7
2022-07-02,Store_2,SKU_5,107.03,9,0,0,1,9.7
2022-07-03,Store_2,SKU_5,51.23,3,0,0,0,9.7
2022-07-04,Store_2,SKU_5,87.7,9,0,0,1,9.7
2022-07-05,Store_2,SKU_5,76.13,5,0,0,1,9.7
2022-07-06,Store_2,SKU_5,82.31,6,0,0,0,9.7
2022-07-07,Store_2,SKU_5,83.24,7,0,0,1,9.7
2022-07-08,Store_2,SKU_5,94.68,7,0,0,1,9.7
2022-07-09,Store_2,SKU_5,106.73,11,0,0,1,9.7
2022-07-10,Store_2,SKU_5,50.27,4,0,0,1,9.7
2022-07-11,Store_2,SKU_5,87.4,7,0,0,1,9.7
2022-07-12,Store_2,SKU_5,73.28,6,0,0,0,9.7
2022-07-13,Store_2,SKU_5,77.35,5,0,0,1,9.7
2022-07-14,Store_2,SKU_5,122.1,9,1,0,1,9.7
2022-07-15,Store_2,SKU_5,95.99,7,0,0,0,9.7
2022-07-16,Store_2,SKU_5,110.29,7,0,0,1,9.7
2022-07-17,Store_2,SKU_5,50.91,4,0,0,0,9.7
2022-07-18,Store_2,SKU_5,83.19,8,0,0,0,9.7
2022-07-19,Store_2,SKU_5,106.91,8,1,0,1,9.7
2022-07-20,Store_2,SKU_5,71.03,6,0,0,0,9.7
2022-07-21,Store_2,SKU_5,76.83,6,0,0,0,9.7
2022-07-22,Store_2,SKU_5,85.51,8,0,0,1,9.7
2022-07-23,Store_2,SKU_5,97.21,8,0,0,0,9.7
2022-07-24,Store_2,SKU_5,53.92,4,0,0,1,9.7
2022-07-25,Store_2,SKU_5,105.25,11,1,0,1,9.7
2022-07-26,Store_2,SKU_5,77.99,6,0,0,1,9.7
2022-07-27,Store_2,SKU_5,87.4,7,0,0,0,9.7
2022-07-28,Store_2,SKU_5,89.76,8,0,0,1,9.7
2022-07-29,Store_2,SKU_5,104.23,8,0,0,1,9.7
2022-07-30,Store_2,SKU_5,109.92,7,0,0,1,9.7
2022-07-31,Store_2,SKU_5,52.41,5,0,0,1,9.7
2022-08-01,Store_2,SKU_5,80.52,6,0,0,0,9.7
2022-08-02,Store_2,SKU_5,75.62,5,0,0,1,9.7
2022-08-03,Store_2,SKU_5,81.55,10,0,0,1,9.7
2022-08-04,Store_2,SKU_5,81.29,7,0,0,0,9.7
2022-08-05,Store_2,SKU_5,91.92,10,0,0,0,9.7
2022-08-06,Store_2,SKU_5,94.0,10,0,0,1,9.7
2022-08-07,Store_2,SKU_5,53.99,4,0,0,0,9.7
2022-08-08,Store_2,SKU_5,71.58,6,0,0,1,9.7
2022-08-09,Store_2,SKU_5,69.8,7,0,0,0,9.7
2022-08-10,Store_2,SKU_5,81.35,5,0,0,0,9.7
2022-08-11,Store_2,SKU_5,79.37,6,0,0,1,9.7
2022-08-12,Store_2,SKU_5,119.3,13,1,0,1,9.7
2022-08-13,Store_2,SKU_5,95.6,8,0,0,1,9.7
2022-08-14,Store_2,SKU_5,51.58,6,0,0,0,9.7
2022-08-15,Store_2,SKU_5,112.85,14,1,0,1,9.7
2022-08-16,Store_2,SKU_5,71.93,5,0,0,0,9.7
2022-08-17,Store_2,SKU_5,85.6,9,0,0,1,9.7
2022-08-18,Store_2,SKU_5,87.34,9,0,0,0,9.7
2022-08-19,Store_2,SKU_5,86.27,7,0,0,0,9.7
2022-08-20,Store_2,SKU_5,102.68,11,0,0,0,9.7
2022-08-21,Store_2,SKU_5,46.45,5,0,0,0,9.7
2022-08-22,Store_2,SKU_5,82.32,5,0,0,0,9.7
2022-08-23,Store_2,SKU_5,67.29,5,0,0,0,9.7
2022-08-24,Store_2,SKU_5,87.87,6,0,0,0,9.7
2022-08-25,Store_2,SKU_5,76.0,9,0,0,1,9.7
2022-08-26,Store_2,SKU_5,80.24,5,0,0,0,9.7
2022-08-27,Store_2,SKU_5,154.8,16,1,0,1,9.7
2022-08-28,Store_2,SKU_5,63.27,6,1,0,1,9.7
2022-08-29,Store_2,SKU_5,78.71,9,0,0,1,9.7
2022-08-30,Store_2,SKU_5,93.14,7,1,0,0,9.7
2022-08-31,Store_2,SKU_5,66.74,5,0,0,1,9.7
2022-09-01,Store_2,SKU_5,72.91,8,0,0,0,9.7
2022-09-02,Store_2,SKU_5,83.77,6,0,0,0,9.7
2022-09-03,Store_2,SKU_5,86.77,6,0,0,0,9.7
2022-09-04,Store_2,SKU_5,38.67,4,0,0,0,9.7
2022-09-05,Store_2,SKU_5,68.92,7,0,0,0,9.7
2022-09-06,Store_2,SKU_5,64.02,7,0,0,0,9.7
2022-09-07,Store_2,SKU_5,76.04,8,0,0,0,9.7
2022-09-08,Store_2,SKU_5,73.3,6,0,0,0,9.7
2022-09-09,Store_2,SKU_5,70.5,6,0,0,0,9.7
2022-09-10,Store_2,SKU_5,78.44,9,0,0,0,9.7
2022-09-11,Store_2,SKU_5,41.86,3,0,0,0,9.7
2022-09-12,Store_2,SKU_5,91.14,10,1,0,0,9.7
2022-09-13,Store_2,SKU_5,63.74,6,0,0,0,9.7
2022-09-14,Store_2,SKU_5,61.57,4,0,0,0,9.7
2022-09-15,Store_2,SKU_5,65.19,4,0,0,0,9.7
2022-09-16,Store_2,SKU_5,71.82,7,0,0,0,9.7
2022-09-17,Store_2,SKU_5,77.61,6,0,0,0,9.7
2022-09-18,Store_2,SKU_5,35.55,3,0,0,0,9.7
2022-09-19,Store_2,SKU_5,60.62,7,0,0,0,9.7
2022-09-20,Store_2,SKU_5,64.87,6,0,0,0,9.7
2022-09-21,Store_2,SKU_5,67.46,7,0,0,0,9.7
2022-09-22,Store_2,SKU_5,98.23,7,1,0,0,9.7
2022-09-23,Store_2,SKU_5,78.41,9,0,0,0,9.7
2022-09-24,Store_2,SKU_5,77.73,7,0,0,0,9.7
2022-09-25,Store_2,SKU_5,52.07,5,1,0,0,9.7
2022-09-26,Store_2,SKU_5,75.09,7,0,0,0,9.7
2022-09-27,Store_2,SKU_5,93.13,8,1,0,0,9.7
2022-09-28,Store_2,SKU_5,43.82,3,0,0,0,9.7
2022-09-29,Store_2,SKU_5,96.34,10,1,0,0,9.7
2022-09-30,Store_2,SKU_5,74.94,5,0,0,0,9.7
2022-10-01,Store_2,SKU_5,67.08,4,0,0,0,9.7
2022-10-02,Store_2,SKU_5,35.81,3,0,0,0,9.7
2022-10-03,Store_2,SKU_5,57.45,6,0,0,0,9.7
2022-10-04,Store_2,SKU_5,62.83,4,0,0,0,9.7
2022-10-05,Store_2,SKU_5,55.97,4,0,0,0,9.7
2022-10-06,Store_2,SKU_5,59.39,6,0,0,0,9.7
2022-10-07,Store_2,SKU_5,67.64,5,0,0,0,9.7
2022-10-08,Store_2,SKU_5,110.63,12,1,0,0,9.7
2022-10-09,Store_2,SKU_5,35.24,2,0,0,0,9.7
2022-10-10,Store_2,SKU_5,56.62,4,0,0,0,9.7
2022-10-11,Store_2,SKU_5,58.06,4,0,0,0,9.7
2022-10-12,Store_2,SKU_5,87.12,10,1,0,0,9.7
2022-10-13,Store_2,SKU_5,63.36,5,0,0,0,9.7
2022-10-14,Store_2,SKU_5,74.13,8,0,0,0,9.7
2022-10-15,Store_2,SKU_5,108.87,13,1,0,0,9.7
2022-10-16,Store_2,SKU_5,34.26,3,0,0,0,9.7
2022-10-17,Store_2,SKU_5,61.21,5,0,0,0,9.7
2022-10-18,Store_2,SKU_5,56.68,5,0,0,0,9.7
2022-10-19,Store_2,SKU_5,57.93,5,0,0,0,9.7
2022-10-20,Store_2,SKU_5,58.59,5,0,0,0,9.7
2022-10-21,Store_2,SKU_5,69.86,6,0,0,0,9.7
2022-10-22,Store_2,SKU_5,72.35,8,0,0,0,9.7
2022-10-23,Store_2,SKU_5,38.62,3,0,0,0,9.7
2022-10-24,Store_2,SKU_5,62.22,4,0,0,0,9.7
2022-10-25,Store_2,SKU_5,58.79,5,0,0,0,9.7
2022-10-26,Store_2,SKU_5,82.42,10,1,0,0,9.7
2022-10-27,Store_2,SKU_5,58.6,6,0,0,0,9.7
2022-10-28,Store_2,SKU_5,71.76,5,0,0,0,9.7
2022-10-29,Store_2,SKU_5,69.62,7,0,0,0,9.7
2022-10-30,Store_2,SKU_5,39.27,3,0,0,0,9.7
2022-10-31,Store_2,SKU_5,82.97,7,1,0,0,9.7
2022-11-01,Store_2,SKU_5,46.35,3,0,0,0,9.7
2022-11-02,Store_2,SKU_5,57.45,4,0,0,0,9.7
2022-11-03,Store_2,SKU_5,54.55,4,0,0,0,9.7
2022-11-04,Store_2,SKU_5,55.91,4,0,0,0,9.7
2022-11-05,Store_2,SKU_5,76.64,5,0,0,0,9.7
2022-11-06,Store_2,SKU_5,30.03,2,0,0,0,9.7
2022-11-07,Store_2,SKU_5,53.65,3,0,0,0,9.7
2022-11-08,Store_2,SKU_5,47.42,3,0,0,0,9.7
2022-11-09,Store_2,SKU_5,49.03,3,0,0,0,9.7
2022-11-10,Store_2,SKU_5,54.6,6,0,0,0,9.7
2022-11-11,Store_2,SKU_5,77.14,9,1,0,0,9.7
2022-11-12,Store_2,SKU_5,72.45,8,0,0,0,9.7
2022-11-13,Store_2,SKU_5,26.9,3,0,0,0,9.7
2022-11-14,Store_2,SKU_5,55.62,4,0,0,0,9.7
2022-11-15,Store_2,SKU_5,48.51,3,0,0,0,9.7
2022-11-16,Store_2,SKU_5,67.39,5,1,0,0,9.7
2022-11-17,Store_2,SKU_5,57.38,6,0,0,0,9.7
2022-11-18,Store_2,SKU_5,60.29,4,0,0,0,9.7
2022-11-19,Store_2,SKU_5,65.27,6,0,0,0,9.7
2022-11-20,Store_2,SKU_5,32.89,2,0,0,0,9.7
2022-11-21,Store_2,SKU_5,60.62,5,0,0,0,9.7
2022-11-22,Store_2,SKU_5,50.11,6,0,0,0,9.7
2022-11-23,Store_2,SKU_5,59.97,4,0,0,0,9.7
2022-11-24,Store_2,SKU_5,75.79,6,1,0,0,9.7
2022-11-25,Store_2,SKU_5,64.92,6,0,0,0,9.7
2022-11-26,Store_2,SKU_5,69.49,5,0,0,0,9.7
2022-11-27,Store_2,SKU_5,30.52,3,0,0,0,9.7
2022-11-28,Store_2,SKU_5,76.72,6,1,0,0,9.7
2022-11-29,Store_2,SKU_5,53.09,3,0,0,0,9.7
2022-11-30,Store_2,SKU_5,49.87,5,0,0,0,9.7
2022-12-01,Store_2,SKU_5,48.24,6,0,0,0,9.7
2022-12-02,Store_2,SKU_5,84.83,7,1,0,0,9.7
2022-12-03,Store_2,SKU_5,66.9,4,0,0,0,9.7
2022-12-04,Store_2,SKU_5,29.85,2,0,0,0,9.7
2022-12-05,Store_2,SKU_5,55.01,4,0,0,0,9.7
2022-12-06,Store_2,SKU_5,52.96,4,0,0,0,9.7
2022-12-07,Store_2,SKU_5,46.08,4,0,0,0,9.7
2022-12-08,Store_2,SKU_5,49.18,4,0,0,0,9.7
2022-12-09,Store_2,SKU_5,61.48,7,0,0,0,9.7
2022-12-10,Store_2,SKU_5,72.1,7,0,0,0,9.7
2022-12-11,Store_2,SKU_5,35.36,2,0,0,0,9.7
2022-12-12,Store_2,SKU_5,50.7,5,0,0,0,9.7
2022-12-13,Store_2,SKU_5,52.97,3,0,0,0,9.7
2022-12-14,Store_2,SKU_5,43.06,3,0,0,0,9.7
2022-12-15,Store_2,SKU_5,52.78,4,0,0,0,9.7
2022-12-16,Store_2,SKU_5,59.55,4,0,0,0,9.7
2022-12-17,Store_2,SKU_5,93.43,7,1,0,0,9.7
2022-12-18,Store_2,SKU_5,32.45,2,0,0,0,9.7
2022-12-19,Store_2,SKU_5,74.88,5,1,0,0,9.7
2022-12-20,Store_2,SKU_5,73.57,5,1,0,0,9.7
2022-12-21,Store_2,SKU_5,66.77,6,1,0,0,9.7
2022-12-22,Store_2,SKU_5,52.65,4,0,0,0,9.7
2022-12-23,Store_2,SKU_5,57.58,5,0,0,0,9.7
2022-12-24,Store_2,SKU_5,81.88,7,1,0,0,9.7
2022-12-25,Store_2,SKU_5,14.1,1,0,a,0,9.7
2022-12-26,Store_2,SKU_5,21.95,2,0,a,0,9.7
2022-12-27,Store_2,SKU_5,46.88,3,0,0,0,9.7
2022-12-28,Store_2,SKU_5,51.94,5,0,0,0,9.7
2022-12-29,Store_2,SKU_5,48.65,5,0,0,0,9.7
2022-12-30,Store_2,SKU_5,57.75,5,0,0,0,9.7
2022-12-31,Store_2,SKU_5,69.28,7,0,0,0,9.7
2023-01-01,Store_2,SKU_5,14.32,1,0,a,0,9.7
2023-01-02,Store_2,SKU_5,60.37,6,0,0,0,9.7
2023-01-03,Store_2,SKU_5,53.78,4,0,0,0,9.7
2023-01-04,Store_2,SKU_5,49.0,6,0,0,0,9.7
2023-01-05,Store_2,SKU_5,54.62,4,0,0,0,9.7
2023-01-06,Store_2,SKU_5,61.15,4,0,0,0,9.7
2023-01-07,Store_2,SKU_5,69.43,7,0,0,0,9.7
2023-01-08,Store_2,SKU_5,33.44,2,0,0,0,9.7
2023-01-09,Store_2,SKU_5,51.74,4,0,0,0,9.7
2023-01-10,Store_2,SKU_5,54.07,4,0,0,0,9.7
2023-01-11,Store_2,SKU_5,54.67,4,0,0,0,9.7
2023-01-12,Store_2,SKU_5,46.38,3,0,0,0,9.7
2023-01-13,Store_2,SKU_5,62.74,4,0,0,0,9.7
2023-01-14,Store_2,SKU_5,63.18,6,0,0,0,9.7
2023-01-15,Store_2,SKU_5,35.58,3,0,0,0,9.7
2023-01-16,Store_2,SKU_5,64.03,6,0,0,0,9.7
2023-01-17,Store_2,SKU_5,50.17,3,0,0,0,9.7
2023-01-18,Store_2,SKU_5,52.88,4,0,0,0,9.7
2023-01-19,Store_2,SKU_5,70.86,6,1,0,0,9.7
2023-01-20,Store_2,SKU_5,73.01,5,0,0,0,9.7
2023-01-21,Store_2,SKU_5,62.06,4,0,0,0,9.7
2023-01-22,Store_2,SKU_5,30.67,2,0,0,0,9.7
2023-01-23,Store_2,SKU_5,59.73,5,0,0,0,9.7
2023-01-24,Store_2,SKU_5,56.94,5,0,0,0,9.7
2023-01-25,Store_2,SKU_5,50.73,4,0,0,0,9.7
2023-01-26,Store_2,SKU_5,52.71,4,0,0,0,9.7
2023-01-27,Store_2,SKU_5,64.69,4,0,0,0,9.7
2023-01-28,Store_2,SKU_5,68.61,6,0,0,0,9.7
2023-01-29,Store_2,SKU_5,50.95,4,1,0,0,9.7
2023-01-30,Store_2,SKU_5,59.5,4,0,0,0,9.7
2023-01-31,Store_2,SKU_5,56.47,6,0,0,0,9.7
2023-02-01,Store_2,SKU_5,49.56,4,0,0,0,9.7
2023-02-02,Store_2,SKU_5,64.69,5,0,0,0,9.7
2023-02-03,Store_2,SKU_5,65.7,5,0,0,0,9.7
2023-02-04,Store_2,SKU_5,107.32,8,1,0,0,9.7
2023-02-05,Store_2,SKU_5,39.66,3,0,0,0,9.7
2023-02-06,Store_2,SKU_5,60.1,4,0,0,0,9.7
2023-02-07,Store_2,SKU_5,85.84,8,1,0,0,9.7
2023-02-08,Store_2,SKU_5,58.82,7,0,0,0,9.7
2023-02-09,Store_2,SKU_5,64.39,5,0,0,0,9.7
2023-02-10,Store_2,SKU_5,65.05,6,0,0,0,9.7
2023-02-11,Store_2,SKU_5,79.47,7,0,0,0,9.7
2023-02-12,Store_2,SKU_5,36.48,2,0,0,0,9.7
2023-02-13,Store_2,SKU_5,50.17,5,0,0,0,9.7
2023-02-14,Store_2,SKU_5,66.26,7,0,0,0,9.7
2023-02-15,Store_2,SKU_5,64.87,6,0,0,0,9.7
2023-02-16,Store_2,SKU_5,106.01,9,1,0,0,9.7
2023-02-17,Store_2,SKU_5,67.23,6,0,0,0,9.7
2023-02-18,Store_2,SKU_5,66.05,5,0,0,0,9.7
2023-02-19,Store_2,SKU_5,39.05,3,0,0,0,9.7
2023-02-20,Store_2,SKU_5,67.25,6,0,0,0,9.7
2023-02-21,Store_2,SKU_5,55.08,4,0,0,0,9.7
2023-02-22,Store_2,SKU_5,56.84,5,0,0,0,9.7
2023-02-23,Store_2,SKU_5,72.89,5,0,0,0,9.7
2023-02-24,Store_2,SKU_5,66.46,7,0,0,0,9.7
2023-02-25,Store_2,SKU_5,72.46,8,0,0,0,9.7
2023-02-26,Store_2,SKU_5,48.15,4,1,0,0,9.7
2023-02-27,Store_2,SKU_5,53.0,6,0,0,0,9.7
2023-02-28,Store_2,SKU_5,60.89,4,0,0,0,9.7
2023-03-01,Store_2,SKU_5,67.1,4,0,0,0,9.7
2023-03-02,Store_2,SKU_5,77.65,6,0,0,0,9.7
2023-03-03,Store_2,SKU_5,76.21,5,0,0,0,9.7
2023-03-04,Store_2,SKU_5,86.14,8,0,0,0,9.7
2023-03-05,Store_2,SKU_5,45.78,4,0,0,0,9.7
2023-03-06,Store_2,SKU_5,82.43,9,0,0,0,9.7
2023-03-07,Store_2,SKU_5,67.45,5,0,0,0,9.7
2023-03-08,Store_2,SKU_5,68.98,6,0,0,0,9.7
2023-03-09,Store_2,SKU_5,80.92,7,0,0,0,9.7
2023-03-10,Store_2,SKU_5,81.63,7,0,0,0,9.7
2023-03-11,Store_2,SKU_5,86.69,6,0,0,0,9.7
2023-03-12,Store_2,SKU_5,57.53,6,1,0,0,9.7
2023-03-13,Store_2,SKU_5,68.98,7,0,0,0,9.7
2023-03-14,Store_2,SKU_5,63.51,4,0,0,0,9.7
2023-03-15,Store_2,SKU_5,82.65,6,1,0,0,9.7
2023-03-16,Store_2,SKU_5,74.06,8,0,0,0,9.7
2023-03-17,Store_2,SKU_5,95.77,8,0,0,0,9.7
2023-03-18,Store_2,SKU_5,82.99,7,0,0,0,9.7
2023-03-19,Store_2,SKU_5,46.78,3,0,0,0,9.7
2023-03-20,Store_2,SKU_5,79.09,6,0,0,0,9.7
2023-03-21,Store_2,SKU_5,70.24,5,0,0,0,9.7
2023-03-22,Store_2,SKU_5,62.7,5,0,0,0,9.7
2023-03-23,Store_2,SKU_5,69.45,5,0,0,0,9.7
2023-03-24,Store_2,SKU_5,73.85,6,0,0,0,9.7
2023-03-25,Store_2,SKU_5,84.29,6,0,0,0,9.7
2023-03-26,Store_2,SKU_5,42.38,3,0,0,0,9.7
2023-03-27,Store_2,SKU_5,69.75,6,0,0,0,9.7
2023-03-28,Store_2,SKU_5,69.48,5,0,0,0,9.7
2023-03-29,Store_2,SKU_5,87.87,8,0,0,0,9.7
2023-03-30,Store_2,SKU_5,72.91,5,0,0,0,9.7
2023-03-31,Store_2,SKU_5,92.02,6,0,0,0,9.7
2023-04-01,Store_2,SKU_5,109.18,9,0,0,0,9.7
2023-04-02,Store_2,SKU_5,39.41,4,0,0,0,9.7
2023-04-03,Store_2,SKU_5,77.49,7,0,0,0,9.7
2023-04-04,Store_2,SKU_5,74.39,8,0,0,0,9.7
2023-04-05,Store_2,SKU_5,69.67,7,0,0,0,9.7
2023-04-06,Store_2,SKU_5,107.94,9,1,0,0,9.7
2023-04-07,Store_2,SKU_5,92.9,7,0,0,0,9.7
2023-04-08,Store_2,SKU_5,99.26,8,0,0,0,9.7
2023-04-09,Store_2,SKU_5,42.2,3,0,0,0,9.7
2023-04-10,Store_2,SKU_5,114.25,12,1,0,0,9.7
2023-04-11,Store_2,SKU_5,110.73,10,1,0,0,9.7
2023-04-12,Store_2,SKU_5,79.55,7,0,0,0,9.7
2023-04-13,Store_2,SKU_5,85.38,6,0,0,0,9.7
2023-04-14,Store_2,SKU_5,97.39,10,0,0,0,9.7
2023-04-15,Store_2,SKU_5,91.69,8,0,0,0,9.7
2023-04-16,Store_2,SKU_5,54.84,6,0,0,0,9.7
2023-04-17,Store_2,SKU_5,133.01,16,1,0,0,9.7
2023-04-18,Store_2,SKU_5,75.0,7,0,0,0,9.7
2023-04-19,Store_2,SKU_5,75.1,5,0,0,0,9.7
2023-04-20,Store_2,SKU_5,127.8,11,1,0,0,9.7
2023-04-21,Store_2,SKU_5,92.4,9,0,0,0,9.7
2023-04-22,Store_2,SKU_5,95.45,7,0,0,0,9.7
2023-04-23,Store_2,SKU_5,50.47,4,0,0,0,9.7
2023-04-24,Store_2,SKU_5,83.48,10,0,0,0,9.7
2023-04-25,Store_2,SKU_5,75.21,5,0,0,0,9.7
2023-04-26,Store_2,SKU_5,75.46,6,0,0,0,9.7
2023-04-27,Store_2,SKU_5,90.25,10,0,0,0,9.7
2023-04-28,Store_2,SKU_5,92.02,7,0,0,0,9.7
2023-04-29,Store_2,SKU_5,133.88,9,1,0,0,9.7
2023-04-30,Store_2,SKU_5,46.35,4,0,0,0,9.7
2023-05-01,Store_2,SKU_5,83.97,10,0,0,0,9.7
2023-05-02,Store_2,SKU_5,76.09,5,0,0,0,9.7
2023-05-03,Store_2,SKU_5,120.88,11,1,0,0,9.7
2023-05-04,Store_2,SKU_5,79.47,7,0,0,0,9.7
2023-05-05,Store_2,SKU_5,96.92,7,0,0,0,9.7
2023-05-06,Store_2,SKU_5,167.15,14,1,0,0,9.7
2023-05-07,Store_2,SKU_5,66.64,7,1,0,0,9.7
2023-05-08,Store_2,SKU_5,84.63,7,0,0,0,9.7
2023-05-09,Store_2,SKU_5,78.37,6,0,0,0,9.7
2023-05-10,Store_2,SKU_5,110.74,12,1,0,0,9.7
2023-05-11,Store_2,SKU_5,119.79,10,1,0,0,9.7
2023-05-12,Store_2,SKU_5,91.15,7,0,0,0,9.7
2023-05-13,Store_2,SKU_5,92.26,8,0,0,0,9.7
2023-05-14,Store_2,SKU_5,54.31,6,0,0,0,9.7
2023-05-15,Store_2,SKU_5,88.09,9,0,0,0,9.7
2023-05-16,Store_2,SKU_5,69.4,5,0,0,0,9.7
2023-05-17,Store_2,SKU_5,72.96,5,0,0,0,9.7
2023-05-18,Store_2,SKU_5,134.08,10,1,0,0,9.7
2023-05-19,Store_2,SKU_5,132.69,13,1,0,0,9.7
2023-05-20,Store_2,SKU_5,121.85,14,0,0,0,9.7
2023-05-21,Store_2,SKU_5,50.47,5,0,0,0,9.7
2023-05-22,Store_2,SKU_5,92.91,7,0,0,0,9.7
2023-05-23,Store_2,SKU_5,129.36,11,1,0,0,9.7
2023-05-24,Store_2,SKU_5,134.32,10,1,0,0,9.7
2023-05-25,Store_2,SKU_5,96.25,10,0,0,0,9.7
2023-05-26,Store_2,SKU_5,87.51,7,0,0,0,9.7
2023-05-27,Store_2,SKU_5,184.04,18,1,0,0,9.7
2023-05-28,Store_2,SKU_5,54.62,5,0,0,0,9.7
2023-05-29,Store_2,SKU_5,82.92,5,0,0,0,9.7
2023-05-30,Store_2,SKU_5,75.62,6,0,0,0,9.7
2023-05-31,Store_2,SKU_5,84.89,9,0,0,0,9.7
2023-06-01,Store_2,SKU_5,90.28,9,0,0,0,9.7
2023-06-02,Store_2,SKU_5,89.07,8,0,0,0,9.7
2023-06-03,Store_2,SKU_5,121.28,9,0,0,0,9.7
2023-06-04,Store_2,SKU_5,62.75,4,0,0,0,9.7
2023-06-05,Store_2,SKU_5,84.83,8,0,0,0,9.7
2023-06-06,Store_2,SKU_5,112.3,10,1,0,0,9.7
2023-06-07,Store_2,SKU_5,77.24,6,0,0,0,9.7
2023-06-08,Store_2,SKU_5,131.15,13,1,0,0,9.7
2023-06-09,Store_2,SKU_5,94.35,10,0,0,0,9.7
2023-06-10,Store_2,SKU_5,118.35,11,0,0,0,9.7
2023-06-11,Store_2,SKU_5,59.97,6,0,0,0,9.7
2023-06-12,Store_2,SKU_5,87.3,7,0,0,0,9.7
2023-06-13,Store_2,SKU_5,77.26,9,0,0,0,9.7
2023-06-14,Store_2,SKU_5,86.56,8,0,0,0,9.7
2023-06-15,Store_2,SKU_5,98.39,8,0,0,0,9.7
2023-06-16,Store_2,SKU_5,145.24,16,1,0,0,9.7
2023-06-17,Store_2,SKU_5,109.56,9,0,0,0,9.7
2023-06-18,Store_2,SKU_5,59.79,7,0,0,0,9.7
2023-06-19,Store_2,SKU_5,89.04,9,0,0,0,9.7
2023-06-20,Store_2,SKU_5,95.04,10,0,0,0,9.7
2023-06-21,Store_2,SKU_5,133.65,11,1,0,0,9.7
2023-06-22,Store_2,SKU_5,89.75,7,0,0,0,9.7
2023-06-23,Store_2,SKU_5,108.61,9,0,0,0,9.7
2023-06-24,Store_2,SKU_5,114.61,13,0,0,0,9.7
2023-06-25,Store_2,SKU_5,63.65,7,0,0,0,9.7
2023-06-26,Store_2,SKU_5,103.94,12,0,0,0,9.7
2023-06-27,Store_2,SKU_5,90.78,8,0,0,0,9.7
2023-06-28,Store_2,SKU_5,95.11,10,0,0,0,9.7
2023-06-29,Store_2,SKU_5,92.72,7,0,0,0,9.7
2023-06-30,Store_2,SKU_5,109.65,12,0,0,0,9.7
2023-07-01,Store_2,SKU_5,128.77,9,0,0,0,9.7
2023-07-02,Store_2,SKU_5,56.31,6,0,0,0,9.7
2023-07-03,Store_2,SKU_5,90.85,9,0,0,0,9.7
2023-07-04,Store_2,SKU_5,82.09,5,0,0,1,9.7
2023-07-05,Store_2,SKU_5,88.31,9,0,0,0,9.7
2023-07-06,Store_2,SKU_5,87.94,7,0,0,0,9.7
2023-07-07,Store_2,SKU_5,108.59,9,0,0,1,9.7
2023-07-08,Store_2,SKU_5,125.06,11,0,0,1,9.7
2023-07-09,Store_2,SKU_5,56.95,5,0,0,0,9.7
2023-07-10,Store_2,SKU_5,90.47,9,0,0,0,9.7
2023-07-11,Store_2,SKU_5,118.82,13,1,0,1,9.7
2023-07-12,Store_2,SKU_5,88.22,6,0,0,0,9.7
2023-07-13,Store_2,SKU_5,90.58,8,0,0,1,9.7
2023-07-14,Store_2,SKU_5,94.65,7,0,0,0,9.7
2023-07-15,Store_2,SKU_5,100.87,9,0,0,1,9.7
2023-07-16,Store_2,SKU_5,52.44,5,0,0,0,9.7
2023-07-17,Store_2,SKU_5,82.06,7,0,0,0,9.7
2023-07-18,Store_2,SKU_5,88.52,7,0,0,0,9.7
2023-07-19,Store_2,SKU_5,73.22,6,0,0,1,9.7
2023-07-20,Store_2,SKU_5,94.28,7,0,0,0,9.7
2023-07-21,Store_2,SKU_5,93.9,10,0,0,1,9.7
2023-07-22,Store_2,SKU_5,129.02,12,0,0,0,9.7
2023-07-23,Store_2,SKU_5,56.32,4,0,0,0,9.7
2023-07-24,Store_2,SKU_5,105.38,9,0,0,0,9.7
2023-07-25,Store_2,SKU_5,81.61,7,0,0,0,9.7
2023-07-26,Store_2,SKU_5,91.49,9,0,0,1,9.7
2023-07-27,Store_2,SKU_5,99.95,9,0,0,0,9.7
2023-07-28,Store_2,SKU_5,96.94,7,0,0,0,9.7
2023-07-29,Store_2,SKU_5,108.54,10,0,0,0,9.7
2023-07-30,Store_2,SKU_5,56.25,6,0,0,0,9.7
2023-07-31,Store_2,SKU_5,79.0,7,0,0,0,9.7
2023-08-01,Store_2,SKU_5,84.73,9,0,0,0,9.7
2023-08-02,Store_2,SKU_5,90.75,7,0,0,1,9.7
2023-08-03,Store_2,SKU_5,79.13,7,0,0,0,9.7
2023-08-04,Store_2,SKU_5,118.62,14,1,0,1,9.7
2023-08-05,Store_2,SKU_5,147.75,12,1,0,1,9.7
2023-08-06,Store_2,SKU_5,52.51,4,0,0,1,9.7
2023-08-07,Store_2,SKU_5,77.95,7,0,0,0,9.7
2023-08-08,Store_2,SKU_5,75.06,8,0,0,0,9.7
2023-08-09,Store_2,SKU_5,79.73,8,0,0,1,9.7
2023-08-10,Store_2,SKU_5,109.84,11,1,0,0,9.7
2023-08-11,Store_2,SKU_5,86.99,8,0,0,0,9.7
2023-08-12,Store_2,SKU_5,98.06,11,0,0,0,9.7
2023-08-13,Store_2,SKU_5,54.56,6,0,0,0,9.7
2023-08-14,Store_2,SKU_5,115.27,12,1,0,1,9.7
2023-08-15,Store_2,SKU_5,82.23,6,0,0,1,9.7
2023-08-16,Store_2,SKU_5,105.39,9,1,0,0,9.7
2023-08-17,Store_2,SKU_5,80.43,5,0,0,0,9.7
2023-08-18,Store_2,SKU_5,101.51,10,0,0,0,9.7
2023-08-19,Store_2,SKU_5,105.22,10,0,0,0,9.7
2023-08-20,Store_2,SKU_5,43.79,4,0,0,1,9.7
2023-08-21,Store_2,SKU_5,88.08,10,0,0,0,9.7
2023-08-22,Store_2,SKU_5,68.23,7,0,0,0,9.7
2023-08-23,Store_2,SKU_5,81.93,7,0,0,0,9.7
2023-08-24,Store_2,SKU_5,78.84,6,0,0,0,9.7
2023-08-25,Store_2,SKU_5,88.07,10,0,0,0,9.7
2023-08-26,Store_2,SKU_5,101.68,9,0,0,0,9.7
2023-08-27,Store_2,SKU_5,69.15,8,1,0,1,9.7
2023-08-28,Store_2,SKU_5,79.85,6,0,0,1,9.7
2023-08-29,Store_2,SKU_5,79.48,9,0,0,1,9.7
2023-08-30,Store_2,SKU_5,77.03,5,0,0,0,9.7
2023-08-31,Store_2,SKU_5,91.5,8,0,0,0,9.7
2023-09-01,Store_2,SKU_5,83.36,8,0,0,0,9.7
2023-09-02,Store_2,SKU_5,95.04,9,0,0,0,9.7
2023-09-03,Store_2,SKU_5,45.89,3,0,0,0,9.7
2023-09-04,Store_2,SKU_5,83.66,9,0,0,0,9.7
2023-09-05,Store_2,SKU_5,68.19,7,0,0,0,9.7
2023-09-06,Store_2,SKU_5,77.24,8,0,0,0,9.7
2023-09-07,Store_2,SKU_5,76.6,8,0,0,0,9.7
2023-09-08,Store_2,SKU_5,103.58,8,1,0,0,9.7
2023-09-09,Store_2,SKU_5,91.31,9,0,0,0,9.7
2023-09-10,Store_2,SKU_5,50.66,4,0,0,0,9.7
2023-09-11,Store_2,SKU_5,76.53,7,0,0,0,9.7
2023-09-12,Store_2,SKU_5,63.36,5,0,0,0,9.7
2023-09-13,Store_2,SKU_5,67.59,7,0,0,0,9.7
2023-09-14,Store_2,SKU_5,71.35,5,0,0,0,9.7
2023-09-15,Store_2,SKU_5,88.14,7,0,0,0,9.7
2023-09-16,Store_2,SKU_5,104.89,11,0,0,0,9.7
2023-09-17,Store_2,SKU_5,54.98,5,0,0,0,9.7
2023-09-18,Store_2,SKU_5,67.59,4,0,0,0,9.7
2023-09-19,Store_2,SKU_5,76.01,6,0,0,0,9.7
2023-09-20,Store_2,SKU_5,104.15,10,1,0,0,9.7
2023-09-21,Store_2,SKU_5,84.05,7,0,0,0,9.7
2023-09-22,Store_2,SKU_5,79.35,5,0,0,0,9.7
2023-09-23,Store_2,SKU_5,91.87,7,0,0,0,9.7
2023-09-24,Store_2,SKU_5,45.66,4,0,0,0,9.7
2023-09-25,Store_2,SKU_5,61.86,4,0,0,0,9.7
2023-09-26,Store_2,SKU_5,65.8,5,0,0,0,9.7
2023-09-27,Store_2,SKU_5,93.74,8,1,0,0,9.7
2023-09-28,Store_2,SKU_5,81.53,7,0,0,0,9.7
2023-09-29,Store_2,SKU_5,72.91,9,0,0,0,9.7
2023-09-30,Store_2,SKU_5,93.03,7,0,0,0,9.7
2023-10-01,Store_2,SKU_5,40.05,4,0,0,0,9.7
2023-10-02,Store_2,SKU_5,57.86,4,0,0,0,9.7
2023-10-03,Store_2,SKU_5,69.77,6,0,0,0,9.7
2023-10-04,Store_2,SKU_5,54.4,6,0,0,0,9.7
2023-10-05,Store_2,SKU_5,62.81,7,0,0,0,9.7
2023-10-06,Store_2,SKU_5,71.81,6,0,0,0,9.7
2023-10-07,Store_2,SKU_5,113.97,12,1,0,0,9.7
2023-10-08,Store_2,SKU_5,40.33,3,0,0,0,9.7
2023-10-09,Store_2,SKU_5,61.94,5,0,0,0,9.7
2023-10-10,Store_2,SKU_5,86.66,7,1,0,0,9.7
2023-10-11,Store_2,SKU_5,59.86,6,0,0,0,9.7
2023-10-12,Store_2,SKU_5,71.19,5,0,0,0,9.7
2023-10-13,Store_2,SKU_5,69.35,7,0,0,0,9.7
2023-10-14,Store_2,SKU_5,84.85,6,0,0,0,9.7
2023-10-15,Store_2,SKU_5,35.33,4,0,0,0,9.7
2023-10-16,Store_2,SKU_5,70.71,5,0,0,0,9.7
2023-10-17,Store_2,SKU_5,60.53,4,0,0,0,9.7
2023-10-18,Store_2,SKU_5,65.57,5,0,0,0,9.7
2023-10-19,Store_2,SKU_5,60.6,4,0,0,0,9.7
2023-10-20,Store_2,SKU_5,61.3,7,0,0,0,9.7
2023-10-21,Store_2,SKU_5,81.5,6,0,0,0,9.7
2023-10-22,Store_2,SKU_5,37.63,2,0,0,0,9.7
2023-10-23,Store_2,SKU_5,65.73,6,0,0,0,9.7
2023-10-24,Store_2,SKU_5,60.8,5,0,0,0,9.7
2023-10-25,Store_2,SKU_5,60.8,7,0,0,0,9.7
2023-10-26,Store_2,SKU_5,56.54,5,0,0,0,9.7
2023-10-27,Store_2,SKU_5,69.37,5,0,0,0,9.7
2023-10-28,Store_2,SKU_5,69.89,8,0,0,0,9.7
2023-10-29,Store_2,SKU_5,59.14,6,1,0,0,9.7
2023-10-30,Store_2,SKU_5,67.57,5,0,0,0,9.7
2023-10-31,Store_2,SKU_5,70.15,7,0,0,0,9.7
2023-11-01,Store_2,SKU_5,62.09,7,0,0,0,9.7
2023-11-02,Store_2,SKU_5,58.12,4,0,0,0,9.7
2023-11-03,Store_2,SKU_5,67.7,5,0,0,0,9.7
2023-11-04,Store_2,SKU_5,78.86,5,0,0,0,9.7
2023-11-05,Store_2,SKU_5,43.54,3,1,0,0,9.7
2023-11-06,Store_2,SKU_5,65.61,5,0,0,0,9.7
2023-11-07,Store_2,SKU_5,53.27,4,0,0,0,9.7
2023-11-08,Store_2,SKU_5,55.21,4,0,0,0,9.7
2023-11-09,Store_2,SKU_5,67.08,5,0,0,0,9.7
2023-11-10,Store_2,SKU_5,56.92,5,0,0,0,9.7
2023-11-11,Store_2,SKU_5,71.12,7,0,0,0,9.7
2023-11-12,Store_2,SKU_5,38.75,3,0,0,0,9.7
2023-11-13,Store_2,SKU_5,54.58,4,0,0,0,9.7
2023-11-14,Store_2,SKU_5,51.07,3,0,0,0,9.7
2023-11-15,Store_2,SKU_5,54.96,5,0,0,0,9.7
2023-11-16,Store_2,SKU_5,51.14,4,0,0,0,9.7
2023-11-17,Store_2,SKU_5,86.85,8,1,0,0,9.7
2023-11-18,Store_2,SKU_5,63.93,4,0,0,0,9.7
2023-11-19,Store_2,SKU_5,35.12,2,0,0,0,9.7
2023-11-20,Store_2,SKU_5,58.66,5,0,0,0,9.7
2023-11-21,Store_2,SKU_5,51.96,4,0,0,0,9.7
2023-11-22,Store_2,SKU_5,61.74,6,0,0,0,9.7
2023-11-23,Store_2,SKU_5,61.39,6,0,0,0,9.7
2023-11-24,Store_2,SKU_5,73.97,7,0,0,0,9.7
2023-11-25,Store_2,SKU_5,63.89,6,0,0,0,9.7
2023-11-26,Store_2,SKU_5,37.28,3,0,0,0,9.7
2023-11-27,Store_2,SKU_5,73.91,7,1,0,0,9.7
2023-11-28,Store_2,SKU_5,54.95,4,0,0,0,9.7
2023-11-29,Store_2,SKU_5,63.44,5,0,0,0,9.7
2023-11-30,Store_2,SKU_5,68.51,7,0,0,0,9.7
2023-12-01,Store_2,SKU_5,62.92,4,0,0,0,9.7
2023-12-02,Store_2,SKU_5,71.3,6,0,0,0,9.7
2023-12-03,Store_2,SKU_5,35.83,4,0,0,0,9.7
2023-12-04,Store_2,SKU_5,51.9,4,0,0,0,9.7
2023-12-05,Store_2,SKU_5,55.67,6,0,0,0,9.7
2023-12-06,Store_2,SKU_5,47.77,5,0,0,0,9.7
2023-12-07,Store_2,SKU_5,65.89,4,0,0,0,9.7
2023-12-08,Store_2,SKU_5,60.94,6,0,0,0,9.7
2023-12-09,Store_2,SKU_5,82.97,6,0,0,0,9.7
2023-12-10,Store_2,SKU_5,36.9,3,0,0,0,9.7
2023-12-11,Store_2,SKU_5,75.29,7,1,0,0,9.7
2023-12-12,Store_2,SKU_5,62.26,7,0,0,0,9.7
2023-12-13,Store_2,SKU_5,58.34,6,0,0,0,9.7
2023-12-14,Store_2,SKU_5,66.27,7,0,0,0,9.7
2023-12-15,Store_2,SKU_5,59.6,5,0,0,0,9.7
2023-12-16,Store_2,SKU_5,71.44,6,0,0,0,9.7
2023-12-17,Store_2,SKU_5,34.01,3,0,0,0,9.7
2023-12-18,Store_2,SKU_5,63.42,6,0,0,0,9.7
2023-12-19,Store_2,SKU_5,48.19,5,0,0,0,9.7
2023-12-20,Store_2,SKU_5,58.01,4,0,0,0,9.7
2023-12-21,Store_2,SKU_5,84.85,7,1,0,0,9.7
2023-12-22,Store_2,SKU_5,60.84,5,0,0,0,9.7
2023-12-23,Store_2,SKU_5,74.38,5,0,0,0,9.7
2023-12-24,Store_2,SKU_5,33.58,2,0,0,0,9.7
2023-12-25,Store_2,SKU_5,20.77,1,0,a,0,9.7
2023-12-26,Store_2,SKU_5,22.2,1,0,a,0,9.7
2023-12-27,Store_2,SKU_5,60.48,6,0,0,0,9.7
2023-12-28,Store_2,SKU_5,73.96,8,1,0,0,9.7
2023-12-29,Store_2,SKU_5,62.52,6,0,0,0,9.7
2023-12-30,Store_2,SKU_5,72.98,8,0,0,0,9.7
2023-12-31,Store_2,SKU_5,38.82,3,0,0,0,9.7
2024-01-01,Store_2,SKU_5,22.73,2,0,a,0,9.7
2024-01-02,Store_2,SKU_5,65.66,6,0,0,0,9.7
2024-01-03,Store_2,SKU_5,83.04,6,1,0,0,9.7
2024-01-04,Store_2,SKU_5,76.82,7,1,0,0,9.7
2024-01-05,Store_2,SKU_5,60.75,7,0,0,0,9.7
2024-01-06,Store_2,SKU_5,71.18,5,0,0,0,9.7
2024-01-07,Store_2,SKU_5,39.5,4,0,0,0,9.7
2024-01-08,Store_2,SKU_5,53.66,5,0,0,0,9.7
2024-01-09,Store_2,SKU_5,74.43,7,1,0,0,9.7
2024-01-10,Store_2,SKU_5,89.08,7,1,0,0,9.7
2024-01-11,Store_2,SKU_5,58.38,6,0,0,0,9.7
2024-01-12,Store_2,SKU_5,66.7,5,0,0,0,9.7
2024-01-13,Store_2,SKU_5,84.34,7,0,0,0,9.7
2024-01-14,Store_2,SKU_5,39.15,3,0,0,0,9.7
2024-01-15,Store_2,SKU_5,60.62,7,0,0,0,9.7
2024-01-16,Store_2,SKU_5,57.17,4,0,0,0,9.7
2024-01-17,Store_2,SKU_5,53.23,6,0,0,0,9.7
2024-01-18,Store_2,SKU_5,63.84,4,0,0,0,9.7
2024-01-19,Store_2,SKU_5,89.3,7,1,0,0,9.7
2024-01-20,Store_2,SKU_5,103.54,8,1,0,0,9.7
2024-01-21,Store_2,SKU_5,36.85,3,0,0,0,9.7
2024-01-22,Store_2,SKU_5,59.01,5,0,0,0,9.7
2024-01-23,Store_2,SKU_5,57.59,5,0,0,0,9.7
2024-01-24,Store_2,SKU_5,56.94,4,0,0,0,9.7
2024-01-25,Store_2,SKU_5,61.77,7,0,0,0,9.7
2024-01-26,Store_2,SKU_5,77.85,6,0,0,0,9.7
2024-01-27,Store_2,SKU_5,72.63,6,0,0,0,9.7
2024-01-28,Store_2,SKU_5,35.7,4,0,0,0,9.7
2024-01-29,Store_2,SKU_5,62.86,5,0,0,0,9.7
2024-01-30,Store_2,SKU_5,78.95,9,1,0,0,9.7
2024-01-31,Store_2,SKU_5,60.31,5,0,0,0,9.7
2024-02-01,Store_2,SKU_5,59.47,5,0,0,0,9.7
2024-02-02,Store_2,SKU_5,75.69,6,0,0,0,9.7
2024-02-03,Store_2,SKU_5,87.76,9,0,0,0,9.7
2024-02-04,Store_2,SKU_5,34.74,4,0,0,0,9.7
2024-02-05,Store_2,SKU_5,69.89,5,0,0,0,9.7
2024-02-06,Store_2,SKU_5,75.36,7,1,0,0,9.7
2024-02-07,Store_2,SKU_5,59.0,5,0,0,0,9.7
2024-02-08,Store_2,SKU_5,103.56,9,1,0,0,9.7
2024-02-09,Store_2,SKU_5,71.5,7,0,0,0,9.7
2024-02-10,Store_2,SKU_5,82.71,7,0,0,0,9.7
2024-02-11,Store_2,SKU_5,42.12,3,0,0,0,9.7
2024-02-12,Store_2,SKU_5,65.81,5,0,0,0,9.7
2024-02-13,Store_2,SKU_5,62.72,4,0,0,0,9.7
2024-02-14,Store_2,SKU_5,100.41,7,1,0,0,9.7
2024-02-15,Store_2,SKU_5,60.94,6,0,0,0,9.7
2024-02-16,Store_2,SKU_5,66.14,7,0,0,0,9.7
2024-02-17,Store_2,SKU_5,89.57,8,0,0,0,9.7
2024-02-18,Store_2,SKU_5,37.73,4,0,0,0,9.7
2024-02-19,Store_2,SKU_5,63.09,4,0,0,0,9.7
2024-02-20,Store_2,SKU_5,63.23,5,0,0,0,9.7
2024-02-21,Store_2,SKU_5,73.77,6,0,0,0,9.7
2024-02-22,Store_2,SKU_5,65.1,7,0,0,0,9.7
2024-02-23,Store_2,SKU_5,77.55,7,0,0,0,9.7
2024-02-24,Store_2,SKU_5,125.22,11,1,0,0,9.7
2024-02-25,Store_2,SKU_5,59.15,6,1,0,0,9.7
2024-02-26,Store_2,SKU_5,67.58,5,0,0,0,9.7
2024-02-27,Store_2,SKU_5,60.91,4,0,0,0,9.7
2024-02-28,Store_2,SKU_5,74.63,8,0,0,0,9.7
2024-02-29,Store_2,SKU_5,68.9,6,0,0,0,9.7
2024-03-01,Store_2,SKU_5,85.17,8,0,0,0,9.7
2024-03-02,Store_2,SKU_5,136.06,16,1,0,0,9.7
2024-03-03,Store_2,SKU_5,41.81,3,0,0,0,9.7
2024-03-04,Store_2,SKU_5,69.97,6,0,0,0,9.7
2024-03-05,Store_2,SKU_5,99.85,8,1,0,0,9.7
2024-03-06,Store_2,SKU_5,65.69,7,0,0,0,9.7
2024-03-07,Store_2,SKU_5,113.57,12,1,0,0,9.7
2024-03-08,Store_2,SKU_5,111.83,8,1,0,0,9.7
2024-03-09,Store_2,SKU_5,136.79,16,1,0,0,9.7
2024-03-10,Store_2,SKU_5,42.31,3,0,0,0,9.7
2024-03-11,Store_2,SKU_5,81.63,6,0,0,0,9.7
2024-03-12,Store_2,SKU_5,110.72,12,1,0,0,9.7
2024-03-13,Store_2,SKU_5,70.13,6,0,0,0,9.7
2024-03-14,Store_2,SKU_5,77.02,5,0,0,0,9.7
2024-03-15,Store_2,SKU_5,85.61,8,0,0,0,9.7
2024-03-16,Store_2,SKU_5,99.2,9,0,0,0,9.7
2024-03-17,Store_2,SKU_5,49.16,5,0,0,0,9.7
2024-03-18,Store_2,SKU_5,69.61,5,0,0,0,9.7
2024-03-19,Store_2,SKU_5,99.95,11,1,0,0,9.7
2024-03-20,Store_2,SKU_5,73.9,5,0,0,0,9.7
2024-03-21,Store_2,SKU_5,87.56,7,0,0,0,9.7
2024-03-22,Store_2,SKU_5,81.19,7,0,0,0,9.7
2024-03-23,Store_2,SKU_5,104.72,11,0,0,0,9.7
2024-03-24,Store_2,SKU_5,47.64,4,0,0,0,9.7
2024-03-25,Store_2,SKU_5,77.97,5,0,0,0,9.7
2024-03-26,Store_2,SKU_5,80.61,6,1,0,0,9.7
2024-03-27,Store_2,SKU_5,90.22,8,1,0,0,9.7
2024-03-28,Store_2,SKU_5,112.0,9,1,0,0,9.7
2024-03-29,Store_2,SKU_5,83.17,6,0,0,0,9.7
2024-03-30,Store_2,SKU_5,105.69,13,0,0,0,9.7
2024-03-31,Store_2,SKU_5,66.83,6,1,0,0,9.7
2024-04-01,Store_2,SKU_5,94.23,10,0,0,0,9.7
2024-04-02,Store_2,SKU_5,80.44,6,0,0,0,9.7
2024-04-03,Store_2,SKU_5,82.39,7,0,0,0,9.7
2024-04-04,Store_2,SKU_5,132.17,12,1,0,0,9.7
2024-04-05,Store_2,SKU_5,99.28,8,0,0,0,9.7
2024-04-06,Store_2,SKU_5,104.25,9,0,0,0,9.7
2024-04-07,Store_2,SKU_5,85.65,9,1,0,0,9.7
2024-04-08,Store_2,SKU_5,103.18,7,0,0,0,9.7
2024-04-09,Store_2,SKU_5,74.11,5,0,0,0,9.7
2024-04-10,Store_2,SKU_5,123.48,12,1,0,0,9.7
2024-04-11,Store_2,SKU_5,67.9,7,0,0,0,9.7
2024-04-12,Store_2,SKU_5,109.73,8,0,0,0,9.7
2024-04-13,Store_2,SKU_5,100.06,9,0,0,0,9.7
2024-04-14,Store_2,SKU_5,58.41,5,0,0,0,9.7
2024-04-15,Store_2,SKU_5,77.51,7,0,0,0,9.7
2024-04-16,Store_2,SKU_5,79.72,9,0,0,0,9.7
2024-04-17,Store_2,SKU_5,75.61,5,0,0,0,9.7
2024-04-18,Store_2,SKU_5,111.7,8,1,0,0,9.7
2024-04-19,Store_2,SKU_5,95.08,10,0,0,0,9.7
2024-04-20,Store_2,SKU_5,114.04,10,0,0,0,9.7
2024-04-21,Store_2,SKU_5,60.93,4,0,0,0,9.7
2024-04-22,Store_2,SKU_5,87.38,8,0,0,0,9.7
2024-04-23,Store_2,SKU_5,79.91,6,0,0,0,9.7
2024-04-24,Store_2,SKU_5,91.2,8,0,0,0,9.7
2024-04-25,Store_2,SKU_5,79.0,5,0,0,0,9.7
2024-04-26,Store_2,SKU_5,98.01,8,0,0,0,9.7
2024-04-27,Store_2,SKU_5,148.72,12,1,0,0,9.7
2024-04-28,Store_2,SKU_5,47.8,5,0,0,0,9.7
2024-04-29,Store_2,SKU_5,88.34,8,0,0,0,9.7
2024-04-30,Store_2,SKU_5,85.07,8,0,0,0,9.7
2024-05-01,Store_2,SKU_5,130.63,12,1,0,0,9.7
2024-05-02,Store_2,SKU_5,88.85,6,0,0,0,9.7
2024-05-03,Store_2,SKU_5,99.48,10,0,0,0,9.7
2024-05-04,Store_2,SKU_5,112.48,10,0,0,0,9.7
2024-05-05,Store_2,SKU_5,52.01,5,0,0,0,9.7
2024-05-06,Store_2,SKU_5,96.13,8,0,0,0,9.7
2024-05-07,Store_2,SKU_5,80.78,6,0,0,0,9.7
2024-05-08,Store_2,SKU_5,89.87,9,0,0,0,9.7
2024-05-09,Store_2,SKU_5,75.53,7,0,0,0,9.7
2024-05-10,Store_2,SKU_5,102.08,7,0,0,0,9.7
2024-05-11,Store_2,SKU_5,138.74,10,0,0,0,9.7
2024-05-12,Store_2,SKU_5,66.46,6,0,0,0,9.7
2024-05-13,Store_2,SKU_5,85.21,8,0,0,0,9.7
2024-05-14,Store_2,SKU_5,93.34,10,0,0,0,9.7
2024-05-15,Store_2,SKU_5,74.19,6,0,0,0,9.7
2024-05-16,Store_2,SKU_5,101.55,7,0,0,0,9.7
2024-05-17,Store_2,SKU_5,103.12,7,0,0,0,9.7
2024-05-18,Store_2,SKU_5,113.33,12,0,0,0,9.7
2024-05-19,Store_2,SKU_5,52.65,4,0,0,0,9.7
2024-05-20,Store_2,SKU_5,136.63,13,1,0,0,9.7
2024-05-21,Store_2,SKU_5,84.5,6,0,0,0,9.7
2024-05-22,Store_2,SKU_5,85.06,7,0,0,0,9.7
2024-05-23,Store_2,SKU_5,98.97,8,0,0,0,9.7
2024-05-24,Store_2,SKU_5,99.75,11,0,0,0,9.7
2024-05-25,Store_2,SKU_5,133.24,9,0,0,0,9.7
2024-05-26,Store_2,SKU_5,58.15,4,0,0,0,9.7
2024-05-27,Store_2,SKU_5,80.89,10,0,0,0,9.7
2024-05-28,Store_2,SKU_5,88.04,6,0,0,0,9.7
2024-05-29,Store_2,SKU_5,80.18,5,0,0,0,9.7
2024-05-30,Store_2,SKU_5,132.31,15,1,0,0,9.7
2024-05-31,Store_2,SKU_5,82.99,8,0,0,0,9.7
2024-06-01,Store_2,SKU_5,102.42,11,0,0,0,9.7
2024-06-02,Store_2,SKU_5,58.12,6,0,0,0,9.7
2024-06-03,Store_2,SKU_5,79.56,7,0,0,0,9.7
2024-06-04,Store_2,SKU_5,106.39,12,0,0,0,9.7
2024-06-05,Store_2,SKU_5,102.86,9,0,0,0,9.7
2024-06-06,Store_2,SKU_5,92.62,7,0,0,0,9.7
2024-06-07,Store_2,SKU_5,107.42,9,0,0,0,9.7
2024-06-08,Store_2,SKU_5,127.5,13,0,0,0,9.7
2024-06-09,Store_2,SKU_5,60.36,4,0,0,0,9.7
2024-06-10,Store_2,SKU_5,102.91,9,0,0,0,9.7
2024-06-11,Store_2,SKU_5,85.1,6,0,0,0,9.7
2024-06-12,Store_2,SKU_5,135.13,15,1,0,0,9.7
2024-06-13,Store_2,SKU_5,98.5,9,0,0,0,9.7
2024-06-14,Store_2,SKU_5,112.49,9,0,0,0,9.7
2024-06-15,Store_2,SKU_5,124.77,14,0,0,0,9.7
2024-06-16,Store_2,SKU_5,60.97,4,0,0,0,9.7
2024-06-17,Store_2,SKU_5,110.28,7,0,0,0,9.7
2024-06-18,Store_2,SKU_5,94.09,6,0,0,0,9.7
2024-06-19,Store_2,SKU_5,102.08,7,0,0,0,9.7
2024-06-20,Store_2,SKU_5,85.13,7,0,0,0,9.7
2024-06-21,Store_2,SKU_5,118.17,9,0,0,0,9.7
2024-06-22,Store_2,SKU_5,186.64,14,1,0,0,9.7
2024-06-23,Store_2,SKU_5,60.57,6,0,0,0,9.7
2024-06-24,Store_2,SKU_5,89.67,8,0,0,0,9.7
2024-06-25,Store_2,SKU_5,83.89,9,0,0,0,9.7
2024-06-26,Store_2,SKU_5,100.36,7,0,0,0,9.7
2024-06-27,Store_2,SKU_5,160.16,14,1,0,0,9.7
2024-06-28,Store_2,SKU_5,102.77,11,0,0,0,9.7
2024-06-29,Store_2,SKU_5,119.58,10,0,0,0,9.7
2024-06-30,Store_2,SKU_5,90.6,7,1,0,0,9.7
2024-07-01,Store_2,SKU_5,81.76,9,0,0,0,9.7
2024-07-02,Store_2,SKU_5,95.9,9,0,0,0,9.7
2024-07-03,Store_2,SKU_5,87.63,7,0,0,0,9.7
2024-07-04,Store_2,SKU_5,109.32,11,0,0,0,9.7
2024-07-05,Store_2,SKU_5,110.69,8,0,0,0,9.7
2024-07-06,Store_2,SKU_5,114.76,12,0,0,0,9.7
2024-07-07,Store_2,SKU_5,56.86,6,0,0,0,9.7
2024-07-08,Store_2,SKU_5,88.06,7,0,0,0,9.7
2024-07-09,Store_2,SKU_5,98.49,10,0,0,0,9.7
2024-07-10,Store_2,SKU_5,96.53,7,0,0,0,9.7
2024-07-11,Store_2,SKU_5,87.01,8,0,0,0,9.7
2024-07-12,Store_2,SKU_5,106.4,7,0,0,1,9.7
2024-07-13,Store_2,SKU_5,153.6,12,1,0,0,9.7
2024-07-14,Store_2,SKU_5,51.1,5,0,0,1,9.7
2024-07-15,Store_2,SKU_5,94.71,9,0,0,0,9.7
2024-07-16,Store_2,SKU_5,91.58,10,0,0,1,9.7
2024-07-17,Store_2,SKU_5,88.72,6,0,0,0,9.7
2024-07-18,Store_2,SKU_5,90.59,9,0,0,0,9.7
2024-07-19,Store_2,SKU_5,102.83,9,0,0,0,9.7
2024-07-20,Store_2,SKU_5,124.19,11,0,0,1,9.7
2024-07-21,Store_2,SKU_5,52.55,4,0,0,0,9.7
2024-07-22,Store_2,SKU_5,92.25,7,0,0,1,9.7
2024-07-23,Store_2,SKU_5,87.96,10,0,0,0,9.7
2024-07-24,Store_2,SKU_5,93.03,9,0,0,0,9.7
2024-07-25,Store_2,SKU_5,89.26,10,0,0,0,9.7
2024-07-26,Store_2,SKU_5,116.78,14,0,0,0,9.7
2024-07-27,Store_2,SKU_5,173.04,12,1,0,1,9.7
2024-07-28,Store_2,SKU_5,68.11,6,1,0,1,9.7
2024-07-29,Store_2,SKU_5,108.32,11,0,0,0,9.7
2024-07-30,Store_2,SKU_5,88.33,6,0,0,0,9.7
2024-07-31,Store_2,SKU_5,84.05,7,0,0,1,9.7
2024-08-01,Store_2,SKU_5,92.18,6,0,0,1,9.7
2024-08-02,Store_2,SKU_5,98.0,9,0,0,0,9.7
2024-08-03,Store_2,SKU_5,102.64,9,0,0,0,9.7
2024-08-04,Store_2,SKU_5,52.95,3,0,0,1,9.7
2024-08-05,Store_2,SKU_5,93.83,6,0,0,1,9.7
2024-08-06,Store_2,SKU_5,85.45,7,0,0,1,9.7
2024-08-07,Store_2,SKU_5,72.47,5,0,0,1,9.7
2024-08-08,Store_2,SKU_5,79.0,6,0,0,0,9.7
2024-08-09,Store_2,SKU_5,110.75,13,0,0,0,9.7
2024-08-10,Store_2,SKU_5,107.3,13,0,0,1,9.7
2024-08-11,Store_2,SKU_5,50.67,4,0,0,0,9.7
2024-08-12,Store_2,SKU_5,92.35,7,0,0,1,9.7
2024-08-13,Store_2,SKU_5,83.43,8,0,0,1,9.7
2024-08-14,Store_2,SKU_5,83.51,8,0,0,1,9.7
2024-08-15,Store_2,SKU_5,85.77,8,0,0,0,9.7
2024-08-16,Store_2,SKU_5,96.31,7,0,0,0,9.7
2024-08-17,Store_2,SKU_5,103.41,8,0,0,0,9.7
2024-08-18,Store_2,SKU_5,52.94,6,0,0,1,9.7
2024-08-19,Store_2,SKU_5,99.63,8,0,0,0,9.7
2024-08-20,Store_2,SKU_5,92.86,10,0,0,0,9.7
2024-08-21,Store_2,SKU_5,126.14,9,1,0,1,9.7
2024-08-22,Store_2,SKU_5,87.67,9,0,0,1,9.7
2024-08-23,Store_2,SKU_5,102.47,11,0,0,1,9.7
2024-08-24,Store_2,SKU_5,116.81,12,0,0,0,9.7
2024-08-25,Store_2,SKU_5,57.55,5,0,0,0,9.7
2024-08-26,Store_2,SKU_5,85.82,7,0,0,1,9.7
2024-08-27,Store_2,SKU_5,85.55,7,0,0,0,9.7
2024-08-28,Store_2,SKU_5,81.55,8,0,0,0,9.7
2024-08-29,Store_2,SKU_5,86.05,6,0,0,1,9.7
2024-08-30,Store_2,SKU_5,105.75,12,0,0,0,9.7
2024-08-31,Store_2,SKU_5,117.59,9,0,0,0,9.7
2024-09-01,Store_2,SKU_5,75.08,5,1,0,0,9.7
2024-09-02,Store_2,SKU_5,80.49,7,0,0,0,9.7
2024-09-03,Store_2,SKU_5,71.45,5,0,0,0,9.7
2024-09-04,Store_2,SKU_5,75.37,8,0,0,0,9.7
2024-09-05,Store_2,SKU_5,79.97,7,0,0,0,9.7
2024-09-06,Store_2,SKU_5,96.54,8,0,0,0,9.7
2024-09-07,Store_2,SKU_5,100.08,9,0,0,0,9.7
2024-09-08,Store_2,SKU_5,49.33,4,0,0,0,9.7
2024-09-09,Store_2,SKU_5,126.84,14,1,0,0,9.7
2024-09-10,Store_2,SKU_5,80.0,6,0,0,0,9.7
2024-09-11,Store_2,SKU_5,75.03,8,0,0,0,9.7
2024-09-12,Store_2,SKU_5,74.91,7,0,0,0,9.7
2024-09-13,Store_2,SKU_5,126.97,14,1,0,0,9.7
2024-09-14,Store_2,SKU_5,104.68,9,0,0,0,9.7
2024-09-15,Store_2,SKU_5,46.96,4,0,0,0,9.7
2024-09-16,Store_2,SKU_5,78.03,6,0,0,0,9.7
2024-09-17,Store_2,SKU_5,69.09,7,0,0,0,9.7
2024-09-18,Store_2,SKU_5,98.77,8,1,0,0,9.7
2024-09-19,Store_2,SKU_5,79.18,6,0,0,0,9.7
2024-09-20,Store_2,SKU_5,102.07,7,1,0,0,9.7
2024-09-21,Store_2,SKU_5,123.82,9,1,0,0,9.7
2024-09-22,Store_2,SKU_5,47.96,4,0,0,0,9.7
2024-09-23,Store_2,SKU_5,79.47,6,0,0,0,9.7
2024-09-24,Store_2,SKU_5,70.59,5,0,0,0,9.7
2024-09-25,Store_2,SKU_5,103.08,7,1,0,0,9.7
2024-09-26,Store_2,SKU_5,82.44,9,0,0,0,9.7
2024-09-27,Store_2,SKU_5,94.09,9,0,0,0,9.7
2024-09-28,Store_2,SKU_5,110.34,13,0,0,0,9.7
2024-09-29,Store_2,SKU_5,50.09,6,0,0,0,9.7
2024-09-30,Store_2,SKU_5,81.28,7,0,0,0,9.7
2024-10-01,Store_2,SKU_5,60.48,4,0,0,0,9.7
2024-10-02,Store_2,SKU_5,65.5,5,0,0,0,9.7
2024-10-03,Store_2,SKU_5,72.0,5,0,0,0,9.7
2024-10-04,Store_2,SKU_5,82.09,7,0,0,0,9.7
2024-10-05,Store_2,SKU_5,83.14,7,0,0,0,9.7
2024-10-06,Store_2,SKU_5,43.3,4,0,0,0,9.7
2024-10-07,Store_2,SKU_5,82.87,9,0,0,0,9.7
2024-10-08,Store_2,SKU_5,63.54,6,0,0,0,9.7
2024-10-09,Store_2,SKU_5,70.75,8,0,0,0,9.7
2024-10-10,Store_2,SKU_5,69.45,5,0,0,0,9.7
2024-10-11,Store_2,SKU_5,105.13,10,1,0,0,9.7
2024-10-12,Store_2,SKU_5,83.78,6,0,0,0,9.7
2024-10-13,Store_2,SKU_5,39.75,3,0,0,0,9.7
2024-10-14,Store_2,SKU_5,66.42,5,0,0,0,9.7
2024-10-15,Store_2,SKU_5,57.87,4,0,0,0,9.7
2024-10-16,Store_2,SKU_5,64.04,7,0,0,0,9.7
2024-10-17,Store_2,SKU_5,72.35,5,0,0,0,9.7
2024-10-18,Store_2,SKU_5,79.14,6,0,0,0,9.7
2024-10-19,Store_2,SKU_5,82.81,9,0,0,0,9.7
2024-10-20,Store_2,SKU_5,39.96,3,0,0,0,9.7
2024-10-21,Store_2,SKU_5,60.25,6,0,0,0,9.7
2024-10-22,Store_2,SKU_5,58.49,4,0,0,0,9.7
2024-10-23,Store_2,SKU_5,95.05,7,1,0,0,9.7
2024-10-24,Store_2,SKU_5,87.73,6,1,0,0,9.7
2024-10-25,Store_2,SKU_5,83.49,6,0,0,0,9.7
2024-10-26,Store_2,SKU_5,89.16,10,0,0,0,9.7
2024-10-27,Store_2,SKU_5,43.04,4,0,0,0,9.7
2024-10-28,Store_2,SKU_5,74.89,7,0,0,0,9.7
2024-10-29,Store_2,SKU_5,67.48,6,0,0,0,9.7
2024-10-30,Store_2,SKU_5,91.85,7,1,0,0,9.7
2024-10-31,Store_2,SKU_5,77.82,6,0,0,0,9.7
2024-11-01,Store_2,SKU_5,73.38,8,0,0,0,9.7
2024-11-02,Store_2,SKU_5,90.88,9,1,0,0,9.7
2024-11-03,Store_2,SKU_5,50.55,3,1,0,0,9.7
2024-11-04,Store_2,SKU_5,77.66,7,0,0,0,9.7
2024-11-05,Store_2,SKU_5,92.17,11,1,0,0,9.7
2024-11-06,Store_2,SKU_5,57.64,5,0,0,0,9.7
2024-11-07,Store_2,SKU_5,62.45,4,0,0,0,9.7
2024-11-08,Store_2,SKU_5,79.05,6,0,0,0,9.7
2024-11-09,Store_2,SKU_5,109.83,9,1,0,0,9.7
2024-11-10,Store_2,SKU_5,41.16,2,0,0,0,9.7
2024-11-11,Store_2,SKU_5,77.17,7,1,0,0,9.7
2024-11-12,Store_2,SKU_5,88.33,6,1,0,0,9.7
2024-11-13,Store_2,SKU_5,92.34,8,1,0,0,9.7
2024-11-14,Store_2,SKU_5,82.58,6,1,0,0,9.7
2024-11-15,Store_2,SKU_5,65.71,4,0,0,0,9.7
2024-11-16,Store_2,SKU_5,76.27,7,0,0,0,9.7
2024-11-17,Store_2,SKU_5,31.96,2,0,0,0,9.7
2024-11-18,Store_2,SKU_5,60.85,4,0,0,0,9.7
2024-11-19,Store_2,SKU_5,57.3,6,0,0,0,9.7
2024-11-20,Store_2,SKU_5,55.2,6,0,0,0,9.7
2024-11-21,Store_2,SKU_5,68.88,5,0,0,0,9.7
2024-11-22,Store_2,SKU_5,93.66,9,1,0,0,9.7
2024-11-23,Store_2,SKU_5,75.91,6,0,0,0,9.7
2024-11-24,Store_2,SKU_5,41.62,4,0,0,0,9.7
2024-11-25,Store_2,SKU_5,55.42,5,0,0,0,9.7
2024-11-26,Store_2,SKU_5,83.52,9,1,0,0,9.7
2024-11-27,Store_2,SKU_5,58.94,4,0,0,0,9.7
2024-11-28,Store_2,SKU_5,61.42,6,0,0,0,9.7
2024-11-29,Store_2,SKU_5,77.31,6,0,0,0,9.7
2024-11-30,Store_2,SKU_5,111.51,13,1,0,0,9.7
2024-12-01,Store_2,SKU_5,35.25,4,0,0,0,9.7
2024-12-02,Store_2,SKU_5,92.01,8,1,0,0,9.7
2024-12-03,Store_2,SKU_5,52.62,6,0,0,0,9.7
2024-12-04,Store_2,SKU_5,56.24,5,0,0,0,9.7
2024-12-05,Store_2,SKU_5,61.65,4,0,0,0,9.7
2024-12-06,Store_2,SKU_5,89.87,9,1,0,0,9.7
2024-12-07,Store_2,SKU_5,72.56,7,0,0,0,9.7
2024-12-08,Store_2,SKU_5,34.45,3,0,0,0,9.7
2024-12-09,Store_2,SKU_5,69.17,5,0,0,0,9.7
2024-12-10,Store_2,SKU_5,64.38,5,0,0,0,9.7
2024-12-11,Store_2,SKU_5,52.48,4,0,0,0,9.7
2024-12-12,Store_2,SKU_5,56.35,5,0,0,0,9.7
2024-12-13,Store_2,SKU_5,59.68,5,0,0,0,9.7
2024-12-14,Store_2,SKU_5,72.55,8,0,0,0,9.7
2024-12-15,Store_2,SKU_5,40.28,2,0,0,0,9.7
2024-12-16,Store_2,SKU_5,58.97,4,0,0,0,9.7
2024-12-17,Store_2,SKU_5,54.4,4,0,0,0,9.7
2024-12-18,Store_2,SKU_5,52.88,3,0,0,0,9.7
2024-12-19,Store_2,SKU_5,54.9,4,0,0,0,9.7
2024-12-20,Store_2,SKU_5,65.92,6,0,0,0,9.7
2024-12-21,Store_2,SKU_5,115.4,10,1,0,0,9.7
2024-12-22,Store_2,SKU_5,32.07,2,0,0,0,9.7
2024-12-23,Store_2,SKU_5,59.36,4,0,0,0,9.7
2024-12-24,Store_2,SKU_5,57.89,5,0,0,0,9.7
2024-12-25,Store_2,SKU_5,22.43,1,0,a,0,9.7
2024-12-26,Store_2,SKU_5,37.31,3,1,a,0,9.7
2024-12-27,Store_2,SKU_5,75.48,7,0,0,0,9.7
2024-12-28,Store_2,SKU_5,79.36,8,0,0,0,9.7
2024-12-29,Store_2,SKU_5,47.38,3,1,0,0,9.7
2024-12-30,Store_2,SKU_5,53.7,3,0,0,0,9.7
2024-12-31,Store_2,SKU_5,71.6,8,1,0,0,9.7
2022-01-01,Store_3,SKU_1,21.22,1,0,a,0,7.03
2022-01-02,Store_3,SKU_1,21.26,1,0,0,0,7.03
2022-01-03,Store_3,SKU_1,34.46,3,0,0,0,7.03
2022-01-04,Store_3,SKU_1,42.61,4,0,0,0,7.03
2022-01-05,Store_3,SKU_1,34.7,2,0,0,0,7.03
2022-01-06,Store_3,SKU_1,44.87,5,0,0,0,7.03
2022-01-07,Store_3,SKU_1,42.3,3,0,0,0,7.03
2022-01-08,Store_3,SKU_1,50.43,4,0,0,0,7.03
2022-01-09,Store_3,SKU_1,23.2,2,0,0,0,7.03
2022-01-10,Store_3,SKU_1,45.64,3,0,0,0,7.03
2022-01-11,Store_3,SKU_1,54.63,3,1,0,0,7.03
2022-01-12,Store_3,SKU_1,31.48,2,0,0,0,7.03
2022-01-13,Store_3,SKU_1,41.23,4,0,0,0,7.03
2022-01-14,Store_3,SKU_1,46.41,5,1,0,0,7.03
2022-01-15,Store_3,SKU_1,47.67,4,0,0,0,7.03
2022-01-16,Store_3,SKU_1,22.9,1,0,0,0,7.03
2022-01-17,Store_3,SKU_1,38.1,2,0,0,0,7.03
2022-01-18,Store_3,SKU_1,37.64,3,0,0,0,7.03
2022-01-19,Store_3,SKU_1,33.82,3,0,0,0,7.03
2022-01-20,Store_3,SKU_1,42.74,3,0,0,0,7.03
2022-01-21,Store_3,SKU_1,44.75,3,0,0,0,7.03
2022-01-22,Store_3,SKU_1,52.87,6,0,0,0,7.03
2022-01-23,Store_3,SKU_1,23.45,2,0,0,0,7.03
2022-01-24,Store_3,SKU_1,43.92,4,0,0,0,7.03
2022-01-25,Store_3,SKU_1,33.32,2,0,0,0,7.03
2022-01-26,Store_3,SKU_1,38.66,4,0,0,0,7.03
2022-01-27,Store_3,SKU_1,40.85,3,0,0,0,7.03
2022-01-28,Store_3,SKU_1,45.9,4,0,0,0,7.03
2022-01-29,Store_3,SKU_1,46.98,3,0,0,0,7.03
2022-01-30,Store_3,SKU_1,24.76,2,0,0,0,7.03
2022-01-31,Store_3,SKU_1,38.5,4,0,0,0,7.03
2022-02-01,Store_3,SKU_1,36.6,2,0,0,0,7.03
2022-02-02,Store_3,SKU_1,45.44,4,0,0,0,7.03
2022-02-03,Store_3,SKU_1,53.39,5,1,0,0,7.03
2022-02-04,Store_3,SKU_1,44.46,5,0,0,0,7.03
2022-02-05,Store_3,SKU_1,62.4,5,0,0,0,7.03
2022-02-06,Store_3,SKU_1,26.6,2,0,0,0,7.03
2022-02-07,Store_3,SKU_1,41.1,3,0,0,0,7.03
2022-02-08,Store_3,SKU_1,55.62,4,1,0,0,7.03
2022-02-09,Store_3,SKU_1,38.54,4,0,0,0,7.03
2022-02-10,Store_3,SKU_1,42.85,4,0,0,0,7.03
2022-02-11,Store_3,SKU_1,42.02,4,0,0,0,7.03
2022-02-12,Store_3,SKU_1,55.24,5,0,0,0,7.03
2022-02-13,Store_3,SKU_1,27.34,3,0,0,0,7.03
2022-02-14,Store_3,SKU_1,38.96,3,0,0,0,7.03
2022-02-15,Store_3,SKU_1,41.66,3,0,0,0,7.03
2022-02-16,Store_3,SKU_1,38.88,3,0,0,0,7.03
2022-02-17,Store_3,SKU_1,43.55,3,0,0,0,7.03
2022-02-18,Store_3,SKU_1,49.77,3,0,0,0,7.03
2022-02-19,Store_3,SKU_1,49.28,3,0,0,0,7.03
2022-02-20,Store_3,SKU_1,27.43,2,0,0,0,7.03
2022-02-21,Store_3,SKU_1,60.31,5,1,0,0,7.03
2022-02-22,Store_3,SKU_1,43.5,3,0,0,0,7.03
2022-02-23,Store_3,SKU_1,42.64,4,0,0,0,7.03
2022-02-24,Store_3,SKU_1,38.41,4,0,0,0,7.03
2022-02-25,Store_3,SKU_1,45.72,3,0,0,0,7.03
2022-02-26,Store_3,SKU_1,79.77,6,1,0,0,7.03
2022-02-27,Store_3,SKU_1,25.81,2,0,0,0,7.03
2022-02-28,Store_3,SKU_1,44.23,3,0,0,0,7.03
2022-03-01,Store_3,SKU_1,50.21,4,0,0,0,7.03
2022-03-02,Store_3,SKU_1,46.95,3,0,0,0,7.03
2022-03-03,Store_3,SKU_1,55.4,4,0,0,0,7.03
2022-03-04,Store_3,SKU_1,55.48,6,0,0,0,7.03
2022-03-05,Store_3,SKU_1,83.69,10,1,0,0,7.03
2022-03-06,Store_3,SKU_1,29.87,2,0,0,0,7.03
2022-03-07,Store_3,SKU_1,48.12,5,0,0,0,7.03
2022-03-08,Store_3,SKU_1,46.07,3,0,0,0,7.03
2022-03-09,Store_3,SKU_1,42.48,5,0,0,0,7.03
2022-03-10,Store_3,SKU_1,44.78,3,0,0,0,7.03
2022-03-11,Store_3,SKU_1,57.49,4,0,0,0,7.03
2022-03-12,Store_3,SKU_1,69.79,5,0,0,0,7.03
2022-03-13,Store_3,SKU_1,30.34,2,0,0,0,7.03
2022-03-14,Store_3,SKU_1,48.66,5,0,0,0,7.03
2022-03-15,Store_3,SKU_1,69.29,5,1,0,0,7.03
2022-03-16,Store_3,SKU_1,50.62,3,0,0,0,7.03
2022-03-17,Store_3,SKU_1,52.83,5,0,0,0,7.03
2022-03-18,Store_3,SKU_1,50.66,5,0,0,0,7.03
2022-03-19,Store_3,SKU_1,52.25,4,0,0,0,7.03
2022-03-20,Store_3,SKU_1,39.84,3,1,0,0,7.03
2022-03-21,Store_3,SKU_1,45.53,3,0,0,0,7.03
2022-03-22,Store_3,SKU_1,44.5,4,0,0,0,7.03
2022-03-23,Store_3,SKU_1,67.65,5,1,0,0,7.03
2022-03-24,Store_3,SKU_1,52.24,4,0,0,0,7.03
2022-03-25,Store_3,SKU_1,47.8,4,0,0,0,7.03
2022-03-26,Store_3,SKU_1,56.04,6,0,0,0,7.03
2022-03-27,Store_3,SKU_1,27.94,3,0,0,0,7.03
2022-03-28,Store_3,SKU_1,49.72,5,0,0,0,7.03
2022-03-29,Store_3,SKU_1,42.34,3,0,0,0,7.03
2022-03-30,Store_3,SKU_1,42.98,3,0,0,0,7.03
2022-03-31,Store_3,SKU_1,49.98,5,0,0,0,7.03
2022-04-01,Store_3,SKU_1,77.46,8,1,0,0,7.03
2022-04-02,Store_3,SKU_1,73.78,5,0,0,0,7.03
2022-04-03,Store_3,SKU_1,33.75,2,0,0,0,7.03
2022-04-04,Store_3,SKU_1,85.04,8,1,0,0,7.03
2022-04-05,Store_3,SKU_1,59.12,4,0,0,0,7.03
2022-04-06,Store_3,SKU_1,47.51,4,0,0,0,7.03
2022-04-07,Store_3,SKU_1,84.74,9,1,0,0,7.03
2022-04-08,Store_3,SKU_1,53.72,4,0,0,0,7.03
2022-04-09,Store_3,SKU_1,72.68,7,0,0,0,7.03
2022-04-10,Store_3,SKU_1,33.12,3,0,0,0,7.03
2022-04-11,Store_3,SKU_1,59.79,4,0,0,0,7.03
2022-04-12,Store_3,SKU_1,53.76,3,0,0,0,7.03
2022-04-13,Store_3,SKU_1,56.26,6,0,0,0,7.03
2022-04-14,Store_3,SKU_1,50.61,5,0,0,0,7.03
2022-04-15,Store_3,SKU_1,58.77,6,0,0,0,7.03
2022-04-16,Store_3,SKU_1,67.16,4,0,0,0,7.03
2022-04-17,Store_3,SKU_1,36.34,2,0,0,0,7.03
2022-04-18,Store_3,SKU_1,51.12,5,0,0,0,7.03
2022-04-19,Store_3,SKU_1,54.18,4,0,0,0,7.03
2022-04-20,Store_3,SKU_1,51.48,4,0,0,0,7.03
2022-04-21,Store_3,SKU_1,55.96,6,0,0,0,7.03
2022-04-22,Store_3,SKU_1,64.83,6,0,0,0,7.03
2022-04-23,Store_3,SKU_1,75.96,7,0,0,0,7.03
2022-04-24,Store_3,SKU_1,32.79,2,0,0,0,7.03
2022-04-25,Store_3,SKU_1,61.05,5,0,0,0,7.03
2022-04-26,Store_3,SKU_1,53.51,4,0,0,0,7.03
2022-04-27,Store_3,SKU_1,57.24,5,0,0,0,7.03
2022-04-28,Store_3,SKU_1,56.82,4,0,0,0,7.03
2022-04-29,Store_3,SKU_1,55.91,4,0,0,0,7.03
2022-04-30,Store_3,SKU_1,73.21,6,0,0,0,7.03
2022-05-01,Store_3,SKU_1,34.88,4,0,0,0,7.03
2022-05-02,Store_3,SKU_1,81.07,8,1,0,0,7.03
2022-05-03,Store_3,SKU_1,54.17,3,0,0,0,7.03
2022-05-04,Store_3,SKU_1,63.5,6,0,0,0,7.03
2022-05-05,Store_3,SKU_1,74.04,8,1,0,0,7.03
2022-05-06,Store_3,SKU_1,96.1,7,1,0,0,7.03
2022-05-07,Store_3,SKU_1,86.95,6,0,0,0,7.03
2022-05-08,Store_3,SKU_1,33.67,3,0,0,0,7.03
2022-05-09,Store_3,SKU_1,61.61,4,0,0,0,7.03
2022-05-10,Store_3,SKU_1,59.07,6,0,0,0,7.03
2022-05-11,Store_3,SKU_1,53.08,4,0,0,0,7.03
2022-05-12,Store_3,SKU_1,57.46,7,0,0,0,7.03
2022-05-13,Store_3,SKU_1,66.34,8,0,0,0,7.03
2022-05-14,Store_3,SKU_1,79.23,8,0,0,0,7.03
2022-05-15,Store_3,SKU_1,32.78,2,0,0,0,7.03
2022-05-16,Store_3,SKU_1,62.09,7,0,0,0,7.03
2022-05-17,Store_3,SKU_1,60.09,5,0,0,0,7.03
2022-05-18,Store_3,SKU_1,54.17,4,0,0,0,7.03
2022-05-19,Store_3,SKU_1,61.54,6,0,0,0,7.03
2022-05-20,Store_3,SKU_1,58.76,4,0,0,0,7.03
2022-05-21,Store_3,SKU_1,72.61,5,0,0,0,7.03
2022-05-22,Store_3,SKU_1,36.91,4,0,0,0,7.03
2022-05-23,Store_3,SKU_1,55.96,5,0,0,0,7.03
2022-05-24,Store_3,SKU_1,81.52,6,1,0,0,7.03
2022-05-25,Store_3,SKU_1,54.22,4,0,0,0,7.03
2022-05-26,Store_3,SKU_1,61.75,4,0,0,0,7.03
2022-05-27,Store_3,SKU_1,70.55,6,0,0,0,7.03
2022-05-28,Store_3,SKU_1,81.33,6,0,0,0,7.03
2022-05-29,Store_3,SKU_1,36.35,4,0,0,0,7.03
2022-05-30,Store_3,SKU_1,70.67,7,0,0,0,7.03
2022-05-31,Store_3,SKU_1,61.83,7,0,0,0,7.03
2022-06-01,Store_3,SKU_1,63.34,5,0,0,0,7.03
2022-06-02,Store_3,SKU_1,96.37,9,1,0,0,7.03
2022-06-03,Store_3,SKU_1,70.74,7,0,0,0,7.03
2022-06-04,Store_3,SKU_1,78.66,5,0,0,0,7.03
2022-06-05,Store_3,SKU_1,45.79,3,0,0,0,7.03
2022-06-06,Store_3,SKU_1,65.1,6,0,0,0,7.03
2022-06-07,Store_3,SKU_1,59.52,5,0,0,0,7.03
2022-06-08,Store_3,SKU_1,55.05,4,0,0,0,7.03
2022-06-09,Store_3,SKU_1,74.88,8,0,0,0,7.03
2022-06-10,Store_3,SKU_1,69.25,6,0,0,0,7.03
2022-06-11,Store_3,SKU_1,75.75,5,0,0,0,7.03
2022-06-12,Store_3,SKU_1,36.39,3,0,0,0,7.03
2022-06-13,Store_3,SKU_1,88.56,8,1,0,0,7.03
2022-06-14,Store_3,SKU_1,53.99,4,0,0,0,7.03
2022-06-15,Store_3,SKU_1,82.49,6,1,0,0,7.03
2022-06-16,Store_3,SKU_1,57.47,6,0,0,0,7.03
2022-06-17,Store_3,SKU_1,103.68,12,1,0,0,7.03
2022-06-18,Store_3,SKU_1,83.54,6,0,0,0,7.03
2022-06-19,Store_3,SKU_1,51.79,5,1,0,0,7.03
2022-06-20,Store_3,SKU_1,72.84,5,0,0,0,7.03
2022-06-21,Store_3,SKU_1,52.55,4,0,0,0,7.03
2022-06-22,Store_3,SKU_1,63.5,5,0,0,0,7.03
2022-06-23,Store_3,SKU_1,96.56,9,1,0,0,7.03
2022-06-24,Store_3,SKU_1,67.67,5,0,0,0,7.03
2022-06-25,Store_3,SKU_1,87.17,7,0,0,0,7.03
2022-06-26,Store_3,SKU_1,39.51,3,0,0,0,7.03
2022-06-27,Store_3,SKU_1,61.95,6,0,0,0,7.03
2022-06-28,Store_3,SKU_1,67.97,5,0,0,0,7.03
2022-06-29,Store_3,SKU_1,65.42,6,0,0,0,7.03
2022-06-30,Store_3,SKU_1,65.99,5,0,0,0,7.03
2022-07-01,Store_3,SKU_1,67.95,5,0,0,0,7.03
2022-07-02,Store_3,SKU_1,111.56,9,1,0,1,7.03
2022-07-03,Store_3,SKU_1,38.21,2,0,0,0,7.03
2022-07-04,Store_3,SKU_1,59.87,4,0,0,0,7.03
2022-07-05,Store_3,SKU_1,82.98,6,1,0,1,7.03
2022-07-06,Store_3,SKU_1,65.06,5,0,0,0,7.03
2022-07-07,Store_3,SKU_1,59.36,4,0,0,0,7.03
2022-07-08,Store_3,SKU_1,73.41,7,0,0,0,7.03
2022-07-09,Store_3,SKU_1,77.01,9,0,0,1,7.03
2022-07-10,Store_3,SKU_1,34.3,2,0,0,0,7.03
2022-07-11,Store_3,SKU_1,67.64,6,0,0,1,7.03
2022-07-12,Store_3,SKU_1,63.41,6,0,0,0,7.03
2022-07-13,Store_3,SKU_1,77.93,6,1,0,0,7.03
2022-07-14,Store_3,SKU_1,61.06,6,0,0,0,7.03
2022-07-15,Store_3,SKU_1,67.12,6,0,0,1,7.03
2022-07-16,Store_3,SKU_1,67.9,5,0,0,0,7.03
2022-07-17,Store_3,SKU_1,58.98,6,1,0,0,7.03
2022-07-18,Store_3,SKU_1,63.79,4,0,0,0,7.03
2022-07-19,Store_3,SKU_1,72.25,5,1,0,0,7.03
2022-07-20,Store_3,SKU_1,64.64,8,0,0,0,7.03
2022-07-21,Store_3,SKU_1,63.99,6,0,0,0,7.03
2022-07-22,Store_3,SKU_1,74.25,7,0,0,0,7.03
2022-07-23,Store_3,SKU_1,73.72,8,0,0,0,7.03
2022-07-24,Store_3,SKU_1,38.55,2,0,0,0,7.03
2022-07-25,Store_3,SKU_1,60.83,5,0,0,1,7.03
2022-07-26,Store_3,SKU_1,60.15,5,0,0,0,7.03
2022-07-27,Store_3,SKU_1,60.77,7,0,0,0,7.03
2022-07-28,Store_3,SKU_1,61.8,7,0,0,0,7.03
2022-07-29,Store_3,SKU_1,64.05,5,0,0,1,7.03
2022-07-30,Store_3,SKU_1,76.97,8,0,0,1,7.03
2022-07-31,Store_3,SKU_1,33.0,2,0,0,1,7.03
2022-08-01,Store_3,SKU_1,54.85,4,0,0,0,7.03
2022-08-02,Store_3,SKU_1,51.59,4,0,0,0,7.03
2022-08-03,Store_3,SKU_1,48.27,4,0,0,0,7.03
2022-08-04,Store_3,SKU_1,52.83,3,0,0,0,7.03
2022-08-05,Store_3,SKU_1,59.14,7,0,0,1,7.03
2022-08-06,Store_3,SKU_1,70.77,6,0,0,1,7.03
2022-08-07,Store_3,SKU_1,34.86,3,0,0,1,7.03
2022-08-08,Store_3,SKU_1,82.43,6,1,0,1,7.03
2022-08-09,Store_3,SKU_1,52.82,5,0,0,1,7.03
2022-08-10,Store_3,SKU_1,52.19,5,0,0,0,7.03
2022-08-11,Store_3,SKU_1,58.71,4,0,0,1,7.03
2022-08-12,Store_3,SKU_1,82.54,9,1,0,0,7.03
2022-08-13,Store_3,SKU_1,77.01,7,0,0,0,7.03
2022-08-14,Store_3,SKU_1,32.85,2,0,0,0,7.03
2022-08-15,Store_3,SKU_1,60.03,6,0,0,0,7.03
2022-08-16,Store_3,SKU_1,61.83,5,0,0,0,7.03
2022-08-17,Store_3,SKU_1,47.52,3,0,0,1,7.03
2022-08-18,Store_3,SKU_1,59.06,6,0,0,0,7.03
2022-08-19,Store_3,SKU_1,58.7,4,0,0,0,7.03
2022-08-20,Store_3,SKU_1,73.26,8,0,0,1,7.03
2022-08-21,Store_3,SKU_1,32.43,3,0,0,1,7.03
2022-08-22,Store_3,SKU_1,54.85,3,0,0,0,7.03
2022-08-23,Store_3,SKU_1,77.06,5,1,0,0,7.03
2022-08-24,Store_3,SKU_1,50.05,4,0,0,1,7.03
2022-08-25,Store_3,SKU_1,54.45,4,0,0,1,7.03
2022-08-26,Store_3,SKU_1,57.58,6,0,0,0,7.03
2022-08-27,Store_3,SKU_1,65.88,6,0,0,0,7.03
2022-08-28,Store_3,SKU_1,34.23,2,0,0,1,7.03
2022-08-29,Store_3,SKU_1,58.62,5,0,0,0,7.03
2022-08-30,Store_3,SKU_1,50.95,3,0,0,1,7.03
2022-08-31,Store_3,SKU_1,57.83,7,0,0,1,7.03
2022-09-01,Store_3,SKU_1,57.38,5,0,0,0,7.03
2022-09-02,Store_3,SKU_1,58.78,5,0,0,0,7.03
2022-09-03,Store_3,SKU_1,60.6,5,0,0,0,7.03
2022-09-04,Store_3,SKU_1,27.66,2,0,0,0,7.03
2022-09-05,Store_3,SKU_1,47.82,3,0,0,0,7.03
2022-09-06,Store_3,SKU_1,47.38,4,0,0,0,7.03
2022-09-07,Store_3,SKU_1,55.91,4,0,0,0,7.03
2022-09-08,Store_3,SKU_1,50.35,4,0,0,0,7.03
2022-09-09,Store_3,SKU_1,45.51,3,0,0,0,7.03
2022-09-10,Store_3,SKU_1,97.43,8,1,0,0,7.03
2022-09-11,Store_3,SKU_1,29.3,3,0,0,0,7.03
2022-09-12,Store_3,SKU_1,48.48,4,0,0,0,7.03
2022-09-13,Store_3,SKU_1,71.48,6,1,0,0,7.03
2022-09-14,Store_3,SKU_1,49.77,3,0,0,0,7.03
2022-09-15,Store_3,SKU_1,49.72,4,0,0,0,7.03
2022-09-16,Store_3,SKU_1,54.61,4,0,0,0,7.03
2022-09-17,Store_3,SKU_1,69.85,6,0,0,0,7.03
2022-09-18,Store_3,SKU_1,29.39,2,0,0,0,7.03
2022-09-19,Store_3,SKU_1,47.83,4,0,0,0,7.03
2022-09-20,Store_3,SKU_1,51.68,4,0,0,0,7.03
2022-09-21,Store_3,SKU_1,51.14,4,0,0,0,7.03
2022-09-22,Store_3,SKU_1,50.97,4,0,0,0,7.03
2022-09-23,Store_3,SKU_1,46.66,4,0,0,0,7.03
2022-09-24,Store_3,SKU_1,58.98,4,0,0,0,7.03
2022-09-25,Store_3,SKU_1,32.12,2,0,0,0,7.03
2022-09-26,Store_3,SKU_1,82.56,8,1,0,0,7.03
2022-09-27,Store_3,SKU_1,39.92,3,0,0,0,7.03
2022-09-28,Store_3,SKU_1,46.19,5,0,0,0,7.03
2022-09-29,Store_3,SKU_1,64.34,4,1,0,0,7.03
2022-09-30,Store_3,SKU_1,62.33,5,0,0,0,7.03
2022-10-01,Store_3,SKU_1,70.74,5,1,0,0,7.03
2022-10-02,Store_3,SKU_1,26.5,2,0,0,0,7.03
2022-10-03,Store_3,SKU_1,40.95,3,0,0,0,7.03
2022-10-04,Store_3,SKU_1,41.75,4,0,0,0,7.03
2022-10-05,Store_3,SKU_1,39.45,4,0,0,0,7.03
2022-10-06,Store_3,SKU_1,45.51,4,0,0,0,7.03
2022-10-07,Store_3,SKU_1,47.0,4,0,0,0,7.03
2022-10-08,Store_3,SKU_1,47.77,4,0,0,0,7.03
2022-10-09,Store_3,SKU_1,36.85,3,1,0,0,7.03
2022-10-10,Store_3,SKU_1,44.45,3,0,0,0,7.03
2022-10-11,Store_3,SKU_1,42.57,3,0,0,0,7.03
2022-10-12,Store_3,SKU_1,40.09,3,0,0,0,7.03
2022-10-13,Store_3,SKU_1,65.94,5,1,0,0,7.03
2022-10-14,Store_3,SKU_1,49.71,4,0,0,0,7.03
2022-10-15,Store_3,SKU_1,67.68,8,0,0,0,7.03
2022-10-16,Store_3,SKU_1,24.62,2,0,0,0,7.03
2022-10-17,Store_3,SKU_1,46.76,3,0,0,0,7.03
2022-10-18,Store_3,SKU_1,40.58,2,0,0,0,7.03
2022-10-19,Store_3,SKU_1,40.57,4,0,0,0,7.03
2022-10-20,Store_3,SKU_1,48.73,5,0,0,0,7.03
2022-10-21,Store_3,SKU_1,65.03,8,1,0,0,7.03
2022-10-22,Store_3,SKU_1,54.05,5,0,0,0,7.03
2022-10-23,Store_3,SKU_1,30.4,2,0,0,0,7.03
2022-10-24,Store_3,SKU_1,48.54,4,0,0,0,7.03
2022-10-25,Store_3,SKU_1,40.4,4,0,0,0,7.03
2022-10-26,Store_3,SKU_1,39.92,3,0,0,0,7.03
2022-10-27,Store_3,SKU_1,52.94,3,0,0,0,7.03
2022-10-28,Store_3,SKU_1,46.89,5,0,0,0,7.03
2022-10-29,Store_3,SKU_1,54.25,6,0,0,0,7.03
2022-10-30,Store_3,SKU_1,24.14,2,0,0,0,7.03
2022-10-31,Store_3,SKU_1,66.15,7,1,0,0,7.03
2022-11-01,Store_3,SKU_1,46.43,4,1,0,0,7.03
2022-11-02,Store_3,SKU_1,35.84,3,0,0,0,7.03
2022-11-03,Store_3,SKU_1,54.27,4,1,0,0,7.03
2022-11-04,Store_3,SKU_1,43.95,4,0,0,0,7.03
2022-11-05,Store_3,SKU_1,49.95,4,0,0,0,7.03
2022-11-06,Store_3,SKU_1,21.71,2,0,0,0,7.03
2022-11-07,Store_3,SKU_1,40.27,3,0,0,0,7.03
2022-11-08,Store_3,SKU_1,40.74,3,0,0,0,7.03
2022-11-09,Store_3,SKU_1,33.18,3,0,0,0,7.03
2022-11-10,Store_3,SKU_1,56.62,5,1,0,0,7.03
2022-11-11,Store_3,SKU_1,39.69,4,0,0,0,7.03
2022-11-12,Store_3,SKU_1,55.15,3,0,0,0,7.03
2022-11-13,Store_3,SKU_1,24.75,2,0,0,0,7.03
2022-11-14,Store_3,SKU_1,38.91,3,0,0,0,7.03
2022-11-15,Store_3,SKU_1,40.44,2,0,0,0,7.03
2022-11-16,Store_3,SKU_1,36.05,2,0,0,0,7.03
2022-11-17,Store_3,SKU_1,40.59,4,0,0,0,7.03
2022-11-18,Store_3,SKU_1,37.31,3,0,0,0,7.03
2022-11-19,Store_3,SKU_1,54.64,4,0,0,0,7.03
2022-11-20,Store_3,SKU_1,24.15,2,0,0,0,7.03
2022-11-21,Store_3,SKU_1,45.09,4,0,0,0,7.03
2022-11-22,Store_3,SKU_1,34.84,3,0,0,0,7.03
2022-11-23,Store_3,SKU_1,41.16,3,0,0,0,7.03
2022-11-24,Store_3,SKU_1,64.03,6,1,0,0,7.03
2022-11-25,Store_3,SKU_1,45.56,3,0,0,0,7.03
2022-11-26,Store_3,SKU_1,47.52,3,0,0,0,7.03
2022-11-27,Store_3,SKU_1,25.69,2,0,0,0,7.03
2022-11-28,Store_3,SKU_1,42.53,4,0,0,0,7.03
2022-11-29,Store_3,SKU_1,41.27,3,0,0,0,7.03
2022-11-30,Store_3,SKU_1,53.24,4,1,0,0,7.03
2022-12-01,Store_3,SKU_1,43.56,4,0,0,0,7.03
2022-12-02,Store_3,SKU_1,59.49,4,1,0,0,7.03
2022-12-03,Store_3,SKU_1,50.35,5,0,0,0,7.03
2022-12-04,Store_3,SKU_1,20.71,1,0,0,0,7.03
2022-12-05,Store_3,SKU_1,39.23,3,0,0,0,7.03
2022-12-06,Store_3,SKU_1,37.39,3,0,0,0,7.03
2022-12-07,Store_3,SKU_1,37.84,3,0,0,0,7.03
2022-12-08,Store_3,SKU_1,39.04,2,0,0,0,7.03
2022-12-09,Store_3,SKU_1,46.66,3,0,0,0,7.03
2022-12-10,Store_3,SKU_1,50.44,6,0,0,0,7.03
2022-12-11,Store_3,SKU_1,24.31,2,0,0,0,7.03
2022-12-12,Store_3,SKU_1,42.59,4,0,0,0,7.03
2022-12-13,Store_3,SKU_1,37.07,4,0,0,0,7.03
2022-12-14,Store_3,SKU_1,35.32,3,0,0,0,7.03
2022-12-15,Store_3,SKU_1,34.02,2,0,0,0,7.03
2022-12-16,Store_3,SKU_1,45.7,4,0,0,0,7.03
2022-12-17,Store_3,SKU_1,44.89,3,0,0,0,7.03
2022-12-18,Store_3,SKU_1,29.35,2,1,0,0,7.03
2022-12-19,Store_3,SKU_1,38.77,4,0,0,0,7.03
2022-12-20,Store_3,SKU_1,34.94,2,0,0,0,7.03
2022-12-21,Store_3,SKU_1,32.5,3,0,0,0,7.03
2022-12-22,Store_3,SKU_1,37.14,4,0,0,0,7.03
2022-12-23,Store_3,SKU_1,43.05,4,0,0,0,7.03
2022-12-24,Store_3,SKU_1,46.39,4,0,0,0,7.03
2022-12-25,Store_3,SKU_1,8.15,0,0,a,0,7.03
2022-12-26,Store_3,SKU_1,14.17,1,0,a,0,7.03
2022-12-27,Store_3,SKU_1,31.64,3,0,0,0,7.03
2022-12-28,Store_3,SKU_1,49.59,3,1,0,0,7.03
2022-12-29,Store_3,SKU_1,39.37,3,0,0,0,7.03
2022-12-30,Store_3,SKU_1,42.17,3,0,0,0,7.03
2022-12-31,Store_3,SKU_1,69.43,6,1,0,0,7.03
2023-01-01,Store_3,SKU_1,9.28,0,0,a,0,7.03
2023-01-02,Store_3,SKU_1,47.85,3,0,0,0,7.03
2023-01-03,Store_3,SKU_1,41.21,3,0,0,0,7.03
2023-01-04,Store_3,SKU_1,35.85,3,0,0,0,7.03
2023-01-05,Store_3,SKU_1,43.45,4,0,0,0,7.03
2023-01-06,Store_3,SKU_1,43.55,4,0,0,0,7.03
2023-01-07,Store_3,SKU_1,56.62,6,0,0,0,7.03
2023-01-08,Store_3,SKU_1,24.71,1,0,0,0,7.03
2023-01-09,Store_3,SKU_1,61.99,6,1,0,0,7.03
2023-01-10,Store_3,SKU_1,32.79,3,0,0,0,7.03
2023-01-11,Store_3,SKU_1,42.83,3,0,0,0,7.03
2023-01-12,Store_3,SKU_1,37.73,3,0,0,0,7.03
2023-01-13,Store_3,SKU_1,43.95,3,0,0,0,7.03
2023-01-14,Store_3,SKU_1,53.72,5,0,0,0,7.03
2023-01-15,Store_3,SKU_1,23.7,2,0,0,0,7.03
2023-01-16,Store_3,SKU_1,57.54,5,1,0,0,7.03
2023-01-17,Store_3,SKU_1,39.34,2,0,0,0,7.03
2023-01-18,Store_3,SKU_1,36.64,3,0,0,0,7.03
2023-01-19,Store_3,SKU_1,41.26,3,0,0,0,7.03
2023-01-20,Store_3,SKU_1,43.57,3,0,0,0,7.03
2023-01-21,Store_3,SKU_1,56.55,4,0,0,0,7.03
2023-01-22,Store_3,SKU_1,26.26,1,0,0,0,7.03
2023-01-23,Store_3,SKU_1,41.34,3,0,0,0,7.03
2023-01-24,Store_3,SKU_1,39.81,4,0,0,0,7.03
2023-01-25,Store_3,SKU_1,54.13,6,1,0,0,7.03
2023-01-26,Store_3,SKU_1,44.97,4,0,0,0,7.03
2023-01-27,Store_3,SKU_1,45.24,4,0,0,0,7.03
2023-01-28,Store_3,SKU_1,52.34,4,0,0,0,7.03
2023-01-29,Store_3,SKU_1,35.9,3,1,0,0,7.03
2023-01-30,Store_3,SKU_1,45.35,3,0,0,0,7.03
2023-01-31,Store_3,SKU_1,36.83,3,0,0,0,7.03
2023-02-01,Store_3,SKU_1,47.07,4,0,0,0,7.03
2023-02-02,Store_3,SKU_1,49.04,5,0,0,0,7.03
2023-02-03,Store_3,SKU_1,42.1,5,0,0,0,7.03
2023-02-04,Store_3,SKU_1,80.4,7,1,0,0,7.03
2023-02-05,Store_3,SKU_1,25.28,2,0,0,0,7.03
2023-02-06,Store_3,SKU_1,41.84,4,0,0,0,7.03
2023-02-07,Store_3,SKU_1,45.66,4,0,0,0,7.03
2023-02-08,Store_3,SKU_1,42.41,3,0,0,0,7.03
2023-02-09,Store_3,SKU_1,46.62,5,0,0,0,7.03
2023-02-10,Store_3,SKU_1,51.1,4,0,0,0,7.03
2023-02-11,Store_3,SKU_1,74.46,5,1,0,0,7.03
2023-02-12,Store_3,SKU_1,27.65,2,0,0,0,7.03
2023-02-13,Store_3,SKU_1,44.55,3,0,0,0,7.03
2023-02-14,Store_3,SKU_1,61.98,4,1,0,0,7.03
2023-02-15,Store_3,SKU_1,48.99,5,0,0,0,7.03
2023-02-16,Store_3,SKU_1,50.31,5,0,0,0,7.03
2023-02-17,Store_3,SKU_1,54.13,5,0,0,0,7.03
2023-02-18,Store_3,SKU_1,57.68,4,0,0,0,7.03
2023-02-19,Store_3,SKU_1,22.3,1,0,0,0,7.03
2023-02-20,Store_3,SKU_1,48.07,3,0,0,0,7.03
2023-02-21,Store_3,SKU_1,42.32,3,0,0,0,7.03
2023-02-22,Store_3,SKU_1,51.66,5,0,0,0,7.03
2023-02-23,Store_3,SKU_1,45.02,4,0,0,0,7.03
2023-02-24,Store_3,SKU_1,46.4,5,0,0,0,7.03
2023-02-25,Store_3,SKU_1,56.85,4,0,0,0,7.03
2023-02-26,Store_3,SKU_1,30.88,2,0,0,0,7.03
2023-02-27,Store_3,SKU_1,44.14,4,0,0,0,7.03
2023-02-28,Store_3,SKU_1,39.77,3,0,0,0,7.03
2023-03-01,Store_3,SKU_1,47.4,3,0,0,0,7.03
2023-03-02,Store_3,SKU_1,56.39,4,0,0,0,7.03
2023-03-03,Store_3,SKU_1,46.4,3,0,0,0,7.03
2023-03-04,Store_3,SKU_1,63.47,6,0,0,0,7.03
2023-03-05,Store_3,SKU_1,28.94,2,0,0,0,7.03
2023-03-06,Store_3,SKU_1,52.5,3,0,0,0,7.03
2023-03-07,Store_3,SKU_1,43.43,4,0,0,0,7.03
2023-03-08,Store_3,SKU_1,70.48,6,1,0,0,7.03
2023-03-09,Store_3,SKU_1,52.45,4,0,0,0,7.03
2023-03-10,Store_3,SKU_1,53.61,6,0,0,0,7.03
2023-03-11,Store_3,SKU_1,66.23,5,0,0,0,7.03
2023-03-12,Store_3,SKU_1,32.43,2,0,0,0,7.03
2023-03-13,Store_3,SKU_1,79.8,7,1,0,0,7.03
2023-03-14,Store_3,SKU_1,63.18,5,1,0,0,7.03
2023-03-15,Store_3,SKU_1,70.42,5,1,0,0,7.03
2023-03-16,Store_3,SKU_1,80.75,6,1,0,0,7.03
2023-03-17,Store_3,SKU_1,60.75,5,0,0,0,7.03
2023-03-18,Store_3,SKU_1,65.65,5,0,0,0,7.03
2023-03-19,Store_3,SKU_1,31.0,2,0,0,0,7.03
2023-03-20,Store_3,SKU_1,58.79,4,0,0,0,7.03
2023-03-21,Store_3,SKU_1,78.0,8,1,0,0,7.03
2023-03-22,Store_3,SKU_1,52.43,5,0,0,0,7.03
2023-03-23,Store_3,SKU_1,51.27,4,0,0,0,7.03
2023-03-24,Store_3,SKU_1,49.75,6,0,0,0,7.03
2023-03-25,Store_3,SKU_1,66.44,7,0,0,0,7.03
2023-03-26,Store_3,SKU_1,31.96,3,0,0,0,7.03
2023-03-27,Store_3,SKU_1,43.29,4,0,0,0,7.03
2023-03-28,Store_3,SKU_1,50.26,4,0,0,0,7.03
2023-03-29,Store_3,SKU_1,44.28,3,0,0,0,7.03
2023-03-30,Store_3,SKU_1,54.91,5,0,0,0,7.03
2023-03-31,Store_3,SKU_1,58.27,5,0,0,0,7.03
2023-04-01,Store_3,SKU_1,72.4,5,0,0,0,7.03
2023-04-02,Store_3,SKU_1,31.52,3,0,0,0,7.03
2023-04-03,Store_3,SKU_1,63.82,6,0,0,0,7.03
2023-04-04,Store_3,SKU_1,50.91,5,0,0,0,7.03
2023-04-05,Store_3,SKU_1,60.38,6,0,0,0,7.03
2023-04-06,Store_3,SKU_1,61.83,4,0,0,0,7.03
2023-04-07,Store_3,SKU_1,84.91,10,1,0,0,7.03
2023-04-08,Store_3,SKU_1,96.03,7,1,0,0,7.03
2023-04-09,Store_3,SKU_1,32.7,3,0,0,0,7.03
2023-04-10,Store_3,SKU_1,54.13,5,0,0,0,7.03
2023-04-11,Store_3,SKU_1,59.37,4,0,0,0,7.03
2023-04-12,Store_3,SKU_1,65.87,6,0,0,0,7.03
2023-04-13,Store_3,SKU_1,66.38,7,0,0,0,7.03
2023-04-14,Store_3,SKU_1,57.14,5,0,0,0,7.03
2023-04-15,Store_3,SKU_1,71.49,6,0,0,0,7.03
2023-04-16,Store_3,SKU_1,53.07,4,1,0,0,7.03
2023-04-17,Store_3,SKU_1,56.77,5,0,0,0,7.03
2023-04-18,Store_3,SKU_1,52.56,4,0,0,0,7.03
2023-04-19,Store_3,SKU_1,55.29,5,0,0,0,7.03
2023-04-20,Store_3,SKU_1,56.77,5,0,0,0,7.03
2023-04-21,Store_3,SKU_1,69.12,5,0,0,0,7.03
2023-04-22,Store_3,SKU_1,79.13,6,0,0,0,7.03
2023-04-23,Store_3,SKU_1,38.95,3,0,0,0,7.03
2023-04-24,Store_3,SKU_1,55.29,6,0,0,0,7.03
2023-04-25,Store_3,SKU_1,85.13,7,1,0,0,7.03
2023-04-26,Store_3,SKU_1,52.92,4,0,0,0,7.03
2023-04-27,Store_3,SKU_1,60.63,6,0,0,0,7.03
2023-04-28,Store_3,SKU_1,62.35,6,0,0,0,7.03
2023-04-29,Store_3,SKU_1,59.66,5,0,0,0,7.03
2023-04-30,Store_3,SKU_1,39.17,3,0,0,0,7.03
2023-05-01,Store_3,SKU_1,65.54,5,0,0,0,7.03
2023-05-02,Store_3,SKU_1,63.61,7,0,0,0,7.03
2023-05-03,Store_3,SKU_1,58.25,6,0,0,0,7.03
2023-05-04,Store_3,SKU_1,95.35,10,1,0,0,7.03
2023-05-05,Store_3,SKU_1,64.88,6,0,0,0,7.03
2023-05-06,Store_3,SKU_1,90.18,11,0,0,0,7.03
2023-05-07,Store_3,SKU_1,37.67,3,0,0,0,7.03
2023-05-08,Store_3,SKU_1,63.55,4,0,0,0,7.03
2023-05-09,Store_3,SKU_1,58.9,7,0,0,0,7.03
2023-05-10,Store_3,SKU_1,62.01,5,0,0,0,7.03
2023-05-11,Store_3,SKU_1,90.38,9,1,0,0,7.03
2023-05-12,Store_3,SKU_1,72.57,6,0,0,0,7.03
2023-05-13,Store_3,SKU_1,89.32,9,0,0,0,7.03
2023-05-14,Store_3,SKU_1,33.43,2,0,0,0,7.03
2023-05-15,Store_3,SKU_1,63.58,5,0,0,0,7.03
2023-05-16,Store_3,SKU_1,57.9,6,0,0,0,7.03
2023-05-17,Store_3,SKU_1,67.48,4,0,0,0,7.03
2023-05-18,Store_3,SKU_1,59.3,5,0,0,0,7.03
2023-05-19,Store_3,SKU_1,111.83,12,1,0,0,7.03
2023-05-20,Store_3,SKU_1,83.91,6,0,0,0,7.03
2023-05-21,Store_3,SKU_1,44.93,4,0,0,0,7.03
2023-05-22,Store_3,SKU_1,62.75,4,0,0,0,7.03
2023-05-23,Store_3,SKU_1,63.27,6,0,0,0,7.03
2023-05-24,Store_3,SKU_1,69.68,5,0,0,0,7.03
2023-05-25,Store_3,SKU_1,66.83,4,0,0,0,7.03
2023-05-26,Store_3,SKU_1,75.8,8,0,0,0,7.03
2023-05-27,Store_3,SKU_1,87.32,6,0,0,0,7.03
2023-05-28,Store_3,SKU_1,41.4,2,0,0,0,7.03
2023-05-29,Store_3,SKU_1,84.65,10,1,0,0,7.03
2023-05-30,Store_3,SKU_1,64.22,4,0,0,0,7.03
2023-05-31,Store_3,SKU_1,58.94,4,0,0,0,7.03
2023-06-01,Store_3,SKU_1,66.67,5,0,0,0,7.03
2023-06-02,Store_3,SKU_1,77.32,8,0,0,0,7.03
2023-06-03,Store_3,SKU_1,92.35,8,0,0,0,7.03
2023-06-04,Store_3,SKU_1,45.04,4,0,0,0,7.03
2023-06-05,Store_3,SKU_1,62.08,5,0,0,0,7.03
2023-06-06,Store_3,SKU_1,67.47,6,0,0,0,7.03
2023-06-07,Store_3,SKU_1,79.7,7,1,0,0,7.03
2023-06-08,Store_3,SKU_1,70.64,7,0,0,0,7.03
2023-06-09,Store_3,SKU_1,76.05,6,0,0,0,7.03
2023-06-10,Store_3,SKU_1,86.28,6,0,0,0,7.03
2023-06-11,Store_3,SKU_1,39.93,3,0,0,0,7.03
2023-06-12,Store_3,SKU_1,74.92,7,0,0,0,7.03
2023-06-13,Store_3,SKU_1,59.15,4,0,0,0,7.03
2023-06-14,Store_3,SKU_1,67.09,6,0,0,0,7.03
2023-06-15,Store_3,SKU_1,75.29,7,0,0,0,7.03
2023-06-16,Store_3,SKU_1,76.65,8,0,0,0,7.03
2023-06-17,Store_3,SKU_1,94.8,8,0,0,0,7.03
2023-06-18,Store_3,SKU_1,40.15,3,0,0,0,7.03
2023-06-19,Store_3,SKU_1,74.49,5,0,0,0,7.03
2023-06-20,Store_3,SKU_1,56.78,5,0,0,0,7.03
2023-06-21,Store_3,SKU_1,60.84,6,0,0,0,7.03
2023-06-22,Store_3,SKU_1,52.06,3,0,0,0,7.03
2023-06-23,Store_3,SKU_1,73.33,8,0,0,0,7.03
2023-06-24,Store_3,SKU_1,72.87,6,0,0,0,7.03
2023-06-25,Store_3,SKU_1,43.99,3,0,0,0,7.03
2023-06-26,Store_3,SKU_1,71.8,5,0,0,0,7.03
2023-06-27,Store_3,SKU_1,65.35,4,0,0,0,7.03
2023-06-28,Store_3,SKU_1,70.07,5,0,0,0,7.03
2023-06-29,Store_3,SKU_1,92.72,9,1,0,0,7.03
2023-06-30,Store_3,SKU_1,65.75,6,0,0,0,7.03
2023-07-01,Store_3,SKU_1,88.61,9,0,0,0,7.03
2023-07-02,Store_3,SKU_1,36.09,4,0,0,0,7.03
2023-07-03,Store_3,SKU_1,68.52,7,0,0,0,7.03
2023-07-04,Store_3,SKU_1,61.74,6,0,0,1,7.03
2023-07-05,Store_3,SKU_1,69.53,6,0,0,0,7.03
2023-07-06,Store_3,SKU_1,63.91,5,0,0,1,7.03
2023-07-07,Store_3,SKU_1,75.49,8,0,0,0,7.03
2023-07-08,Store_3,SKU_1,81.56,6,0,0,0,7.03
2023-07-09,Store_3,SKU_1,60.6,5,1,0,0,7.03
2023-07-10,Store_3,SKU_1,67.98,7,0,0,0,7.03
2023-07-11,Store_3,SKU_1,95.74,7,1,0,1,7.03
2023-07-12,Store_3,SKU_1,54.9,4,0,0,0,7.03
2023-07-13,Store_3,SKU_1,69.65,7,0,0,1,7.03
2023-07-14,Store_3,SKU_1,62.86,5,0,0,0,7.03
2023-07-15,Store_3,SKU_1,78.36,6,0,0,0,7.03
2023-07-16,Store_3,SKU_1,42.58,3,0,0,0,7.03
2023-07-17,Store_3,SKU_1,67.68,8,0,0,0,7.03
2023-07-18,Store_3,SKU_1,65.67,7,0,0,0,7.03
2023-07-19,Store_3,SKU_1,61.29,4,0,0,0,7.03
2023-07-20,Store_3,SKU_1,56.49,6,0,0,0,7.03
2023-07-21,Store_3,SKU_1,78.14,5,0,0,1,7.03
2023-07-22,Store_3,SKU_1,72.14,6,0,0,1,7.03
2023-07-23,Store_3,SKU_1,39.57,2,0,0,1,7.03
2023-07-24,Store_3,SKU_1,75.98,7,0,0,1,7.03
2023-07-25,Store_3,SKU_1,59.24,6,0,0,1,7.03
2023-07-26,Store_3,SKU_1,55.35,6,0,0,0,7.03
2023-07-27,Store_3,SKU_1,63.89,5,0,0,1,7.03
2023-07-28,Store_3,SKU_1,106.58,13,1,0,0,7.03
2023-07-29,Store_3,SKU_1,76.67,8,0,0,1,7.03
2023-07-30,Store_3,SKU_1,41.14,4,0,0,0,7.03
2023-07-31,Store_3,SKU_1,64.46,5,0,0,0,7.03
2023-08-01,Store_3,SKU_1,94.95,8,1,0,0,7.03
2023-08-02,Store_3,SKU_1,62.87,5,0,0,1,7.03
2023-08-03,Store_3,SKU_1,60.95,4,0,0,1,7.03
2023-08-04,Store_3,SKU_1,93.19,8,1,0,1,7.03
2023-08-05,Store_3,SKU_1,76.25,8,0,0,0,7.03
2023-08-06,Store_3,SKU_1,36.55,2,0,0,1,7.03
2023-08-07,Store_3,SKU_1,84.53,6,1,0,1,7.03
2023-08-08,Store_3,SKU_1,58.76,4,0,0,1,7.03
2023-08-09,Store_3,SKU_1,58.92,6,0,0,1,7.03
2023-08-10,Store_3,SKU_1,61.78,5,0,0,1,7.03
2023-08-11,Store_3,SKU_1,75.3,8,0,0,0,7.03
2023-08-12,Store_3,SKU_1,80.11,7,0,0,1,7.03
2023-08-13,Store_3,SKU_1,35.85,4,0,0,1,7.03
2023-08-14,Store_3,SKU_1,62.69,5,0,0,0,7.03
2023-08-15,Store_3,SKU_1,54.79,4,0,0,0,7.03
2023-08-16,Store_3,SKU_1,61.53,4,0,0,0,7.03
2023-08-17,Store_3,SKU_1,63.12,5,0,0,0,7.03
2023-08-18,Store_3,SKU_1,65.17,4,0,0,0,7.03
2023-08-19,Store_3,SKU_1,87.33,6,0,0,0,7.03
2023-08-20,Store_3,SKU_1,34.05,2,0,0,1,7.03
2023-08-21,Store_3,SKU_1,60.06,7,0,0,0,7.03
2023-08-22,Store_3,SKU_1,55.09,4,0,0,1,7.03
2023-08-23,Store_3,SKU_1,57.71,5,0,0,1,7.03
2023-08-24,Store_3,SKU_1,65.27,6,0,0,0,7.03
2023-08-25,Store_3,SKU_1,72.19,5,0,0,0,7.03
2023-08-26,Store_3,SKU_1,110.82,9,1,0,1,7.03
2023-08-27,Store_3,SKU_1,35.54,3,0,0,0,7.03
2023-08-28,Store_3,SKU_1,70.3,6,0,0,0,7.03
2023-08-29,Store_3,SKU_1,59.05,4,0,0,0,7.03
2023-08-30,Store_3,SKU_1,51.15,6,0,0,0,7.03
2023-08-31,Store_3,SKU_1,72.61,6,0,0,1,7.03
2023-09-01,Store_3,SKU_1,62.66,5,0,0,0,7.03
2023-09-02,Store_3,SKU_1,64.52,4,0,0,0,7.03
2023-09-03,Store_3,SKU_1,32.62,2,0,0,0,7.03
2023-09-04,Store_3,SKU_1,54.17,4,0,0,0,7.03
2023-09-05,Store_3,SKU_1,47.03,3,0,0,0,7.03
2023-09-06,Store_3,SKU_1,54.47,5,0,0,0,7.03
2023-09-07,Store_3,SKU_1,65.35,4,0,0,0,7.03
2023-09-08,Store_3,SKU_1,78.15,8,1,0,0,7.03
2023-09-09,Store_3,SKU_1,71.46,5,0,0,0,7.03
2023-09-10,Store_3,SKU_1,30.05,3,0,0,0,7.03
2023-09-11,Store_3,SKU_1,63.94,5,0,0,0,7.03
2023-09-12,Store_3,SKU_1,50.97,3,0,0,0,7.03
2023-09-13,Store_3,SKU_1,44.2,5,0,0,0,7.03
2023-09-14,Store_3,SKU_1,53.11,5,0,0,0,7.03
2023-09-15,Store_3,SKU_1,62.54,5,0,0,0,7.03
2023-09-16,Store_3,SKU_1,75.05,5,0,0,0,7.03
2023-09-17,Store_3,SKU_1,39.43,3,1,0,0,7.03
2023-09-18,Store_3,SKU_1,51.82,6,0,0,0,7.03
2023-09-19,Store_3,SKU_1,59.6,4,0,0,0,7.03
2023-09-20,Store_3,SKU_1,53.47,5,0,0,0,7.03
2023-09-21,Store_3,SKU_1,51.25,5,0,0,0,7.03
2023-09-22,Store_3,SKU_1,53.13,5,0,0,0,7.03
2023-09-23,Store_3,SKU_1,96.38,8,1,0,0,7.03
2023-09-24,Store_3,SKU_1,34.83,2,0,0,0,7.03
2023-09-25,Store_3,SKU_1,52.67,6,0,0,0,7.03
2023-09-26,Store_3,SKU_1,53.6,4,0,0,0,7.03
2023-09-27,Store_3,SKU_1,65.56,4,0,0,0,7.03
2023-09-28,Store_3,SKU_1,58.72,4,0,0,0,7.03
2023-09-29,Store_3,SKU_1,61.85,4,0,0,0,7.03
2023-09-30,Store_3,SKU_1,75.72,6,0,0,0,7.03
2023-10-01,Store_3,SKU_1,33.89,2,0,0,0,7.03
2023-10-02,Store_3,SKU_1,46.35,5,0,0,0,7.03
2023-10-03,Store_3,SKU_1,48.15,4,0,0,0,7.03
2023-10-04,Store_3,SKU_1,42.65,3,0,0,0,7.03
2023-10-05,Store_3,SKU_1,47.58,3,0,0,0,7.03
2023-10-06,Store_3,SKU_1,51.21,3,0,0,0,7.03
2023-10-07,Store_3,SKU_1,85.36,8,1,0,0,7.03
2023-10-08,Store_3,SKU_1,39.61,4,1,0,0,7.03
2023-10-09,Store_3,SKU_1,47.63,4,0,0,0,7.03
2023-10-10,Store_3,SKU_1,44.41,3,0,0,0,7.03
2023-10-11,Store_3,SKU_1,49.13,4,0,0,0,7.03
2023-10-12,Store_3,SKU_1,47.92,4,0,0,0,7.03
2023-10-13,Store_3,SKU_1,51.13,3,0,0,0,7.03
2023-10-14,Store_3,SKU_1,84.79,9,1,0,0,7.03
2023-10-15,Store_3,SKU_1,24.83,2,0,0,0,7.03
2023-10-16,Store_3,SKU_1,50.03,3,0,0,0,7.03
2023-10-17,Store_3,SKU_1,51.24,5,0,0,0,7.03
2023-10-18,Store_3,SKU_1,48.09,3,0,0,0,7.03
2023-10-19,Store_3,SKU_1,70.63,5,1,0,0,7.03
2023-10-20,Store_3,SKU_1,50.03,5,0,0,0,7.03
2023-10-21,Store_3,SKU_1,61.21,7,0,0,0,7.03
2023-10-22,Store_3,SKU_1,43.3,3,1,0,0,7.03
2023-10-23,Store_3,SKU_1,68.39,8,1,0,0,7.03
2023-10-24,Store_3,SKU_1,66.66,6,1,0,0,7.03
2023-10-25,Store_3,SKU_1,48.64,3,0,0,0,7.03
2023-10-26,Store_3,SKU_1,45.66,3,0,0,0,7.03
2023-10-27,Store_3,SKU_1,58.5,4,0,0,0,7.03
2023-10-28,Store_3,SKU_1,59.71,5,0,0,0,7.03
2023-10-29,Store_3,SKU_1,29.08,3,0,0,0,7.03
2023-10-30,Store_3,SKU_1,49.77,5,0,0,0,7.03
2023-10-31,Store_3,SKU_1,48.25,5,0,0,0,7.03
2023-11-01,Store_3,SKU_1,36.71,2,0,0,0,7.03
2023-11-02,Store_3,SKU_1,45.24,3,0,0,0,7.03
2023-11-03,Store_3,SKU_1,49.02,3,0,0,0,7.03
2023-11-04,Store_3,SKU_1,46.06,5,0,0,0,7.03
2023-11-05,Store_3,SKU_1,26.7,2,0,0,0,7.03
2023-11-06,Store_3,SKU_1,40.14,4,0,0,0,7.03
2023-11-07,Store_3,SKU_1,36.47,3,0,0,0,7.03
2023-11-08,Store_3,SKU_1,35.67,2,0,0,0,7.03
2023-11-09,Store_3,SKU_1,41.52,3,0,0,0,7.03
2023-11-10,Store_3,SKU_1,62.51,4,1,0,0,7.03
2023-11-11,Store_3,SKU_1,63.26,4,0,0,0,7.03
2023-11-12,Store_3,SKU_1,26.79,2,0,0,0,7.03
2023-11-13,Store_3,SKU_1,42.9,4,0,0,0,7.03
2023-11-14,Store_3,SKU_1,42.5,3,0,0,0,7.03
2023-11-15,Store_3,SKU_1,44.96,4,0,0,0,7.03
2023-11-16,Store_3,SKU_1,47.62,3,0,0,0,7.03
2023-11-17,Store_3,SKU_1,46.19,3,0,0,0,7.03
2023-11-18,Store_3,SKU_1,55.02,5,0,0,0,7.03
2023-11-19,Store_3,SKU_1,25.5,1,0,0,0,7.03
2023-11-20,Store_3,SKU_1,41.82,3,0,0,0,7.03
2023-11-21,Store_3,SKU_1,37.26,2,0,0,0,7.03
2023-11-22,Store_3,SKU_1,34.86,2,0,0,0,7.03
2023-11-23,Store_3,SKU_1,41.96,4,0,0,0,7.03
2023-11-24,Store_3,SKU_1,70.49,6,1,0,0,7.03
2023-11-25,Store_3,SKU_1,82.05,6,1,0,0,7.03
2023-11-26,Store_3,SKU_1,21.07,1,0,0,0,7.03
2023-11-27,Store_3,SKU_1,60.53,6,1,0,0,7.03
2023-11-28,Store_3,SKU_1,37.88,4,0,0,0,7.03
2023-11-29,Store_3,SKU_1,38.44,2,0,0,0,7.03
2023-11-30,Store_3,SKU_1,42.24,4,0,0,0,7.03
2023-12-01,Store_3,SKU_1,47.21,5,0,0,0,7.03
2023-12-02,Store_3,SKU_1,54.08,5,0,0,0,7.03
2023-12-03,Store_3,SKU_1,24.43,2,0,0,0,7.03
2023-12-04,Store_3,SKU_1,37.49,3,0,0,0,7.03
2023-12-05,Store_3,SKU_1,40.85,4,0,0,0,7.03
2023-12-06,Store_3,SKU_1,45.54,5,0,0,0,7.03
2023-12-07,Store_3,SKU_1,37.67,3,0,0,0,7.03
2023-12-08,Store_3,SKU_1,45.23,3,0,0,0,7.03
2023-12-09,Store_3,SKU_1,49.76,4,0,0,0,7.03
2023-12-10,Store_3,SKU_1,26.35,1,0,0,0,7.03
2023-12-11,Store_3,SKU_1,38.94,2,0,0,0,7.03
2023-12-12,Store_3,SKU_1,43.07,3,0,0,0,7.03
2023-12-13,Store_3,SKU_1,35.6,3,0,0,0,7.03
2023-12-14,Store_3,SKU_1,41.54,5,0,0,0,7.03
2023-12-15,Store_3,SKU_1,42.34,3,0,0,0,7.03
2023-12-16,Store_3,SKU_1,51.06,5,0,0,0,7.03
2023-12-17,Store_3,SKU_1,25.42,2,0,0,0,7.03
2023-12-18,Store_3,SKU_1,44.29,3,0,0,0,7.03
2023-12-19,Store_3,SKU_1,39.04,3,0,0,0,7.03
2023-12-20,Store_3,SKU_1,39.52,3,0,0,0,7.03
2023-12-21,Store_3,SKU_1,44.78,4,0,0,0,7.03
2023-12-22,Store_3,SKU_1,50.78,5,0,0,0,7.03
2023-12-23,Store_3,SKU_1,80.22,7,1,0,0,7.03
2023-12-24,Store_3,SKU_1,24.03,2,0,0,0,7.03
2023-12-25,Store_3,SKU_1,21.83,2,1,a,0,7.03
2023-12-26,Store_3,SKU_1,23.19,2,1,a,0,7.03
2023-12-27,Store_3,SKU_1,39.03,3,0,0,0,7.03
2023-12-28,Store_3,SKU_1,35.93,3,0,0,0,7.03
2023-12-29,Store_3,SKU_1,43.98,4,0,0,0,7.03
2023-12-30,Store_3,SKU_1,55.86,6,0,0,0,7.03
2023-12-31,Store_3,SKU_1,23.54,2,0,0,0,7.03
2024-01-01,Store_3,SKU_1,14.83,1,0,a,0,7.03
2024-01-02,Store_3,SKU_1,46.58,5,0,0,0,7.03
2024-01-03,Store_3,SKU_1,45.97,3,0,0,0,7.03
2024-01-04,Store_3,SKU_1,39.67,3,0,0,0,7.03
2024-01-05,Store_3,SKU_1,46.02,4,0,0,0,7.03
2024-01-06,Store_3,SKU_1,48.62,4,0,0,0,7.03
2024-01-07,Store_3,SKU_1,31.96,2,0,0,0,7.03
2024-01-08,Store_3,SKU_1,40.63,4,0,0,0,7.03
2024-01-09,Store_3,SKU_1,42.54,3,0,0,0,7.03
2024-01-10,Store_3,SKU_1,44.27,3,0,0,0,7.03
2024-01-11,Store_3,SKU_1,45.34,3,0,0,0,7.03
2024-01-12,Store_3,SKU_1,47.63,4,0,0,0,7.03
2024-01-13,Store_3,SKU_1,55.2,5,0,0,0,7.03
2024-01-14,Store_3,SKU_1,28.09,2,0,0,0,7.03
2024-01-15,Store_3,SKU_1,41.94,3,0,0,0,7.03
2024-01-16,Store_3,SKU_1,56.87,4,1,0,0,7.03
2024-01-17,Store_3,SKU_1,45.97,4,0,0,0,7.03
2024-01-18,Store_3,SKU_1,40.11,3,0,0,0,7.03
2024-01-19,Store_3,SKU_1,44.03,3,0,0,0,7.03
2024-01-20,Store_3,SKU_1,54.2,4,0,0,0,7.03
2024-01-21,Store_3,SKU_1,29.95,2,0,0,0,7.03
2024-01-22,Store_3,SKU_1,44.6,3,0,0,0,7.03
2024-01-23,Store_3,SKU_1,40.04,4,0,0,0,7.03
2024-01-24,Store_3,SKU_1,39.3,4,0,0,0,7.03
2024-01-25,Store_3,SKU_1,42.42,3,0,0,0,7.03
2024-01-26,Store_3,SKU_1,49.23,5,0,0,0,7.03
2024-01-27,Store_3,SKU_1,54.7,5,0,0,0,7.03
2024-01-28,Store_3,SKU_1,25.37,2,0,0,0,7.03
2024-01-29,Store_3,SKU_1,47.83,4,0,0,0,7.03
2024-01-30,Store_3,SKU_1,40.7,5,0,0,0,7.03
2024-01-31,Store_3,SKU_1,43.62,3,0,0,0,7.03
2024-02-01,Store_3,SKU_1,45.54,3,0,0,0,7.03
2024-02-02,Store_3,SKU_1,47.78,4,0,0,0,7.03
2024-02-03,Store_3,SKU_1,65.7,6,0,0,0,7.03
2024-02-04,Store_3,SKU_1,30.67,2,0,0,0,7.03
2024-02-05,Store_3,SKU_1,76.54,7,1,0,0,7.03
2024-02-06,Store_3,SKU_1,46.22,5,0,0,0,7.03
2024-02-07,Store_3,SKU_1,59.19,5,1,0,0,7.03
2024-02-08,Store_3,SKU_1,71.27,7,1,0,0,7.03
2024-02-09,Store_3,SKU_1,53.88,4,0,0,0,7.03
2024-02-10,Store_3,SKU_1,56.14,4,0,0,0,7.03
2024-02-11,Store_3,SKU_1,26.06,2,0,0,0,7.03
2024-02-12,Store_3,SKU_1,74.4,6,1,0,0,7.03
2024-02-13,Store_3,SKU_1,44.9,3,0,0,0,7.03
2024-02-14,Store_3,SKU_1,45.49,3,0,0,0,7.03
2024-02-15,Store_3,SKU_1,52.07,5,0,0,0,7.03
2024-02-16,Store_3,SKU_1,48.15,3,0,0,0,7.03
2024-02-17,Store_3,SKU_1,67.15,6,0,0,0,7.03
2024-02-18,Store_3,SKU_1,30.18,2,0,0,0,7.03
2024-02-19,Store_3,SKU_1,50.15,4,0,0,0,7.03
2024-02-20,Store_3,SKU_1,48.84,4,0,0,0,7.03
2024-02-21,Store_3,SKU_1,44.18,3,0,0,0,7.03
2024-02-22,Store_3,SKU_1,43.8,5,0,0,0,7.03
2024-02-23,Store_3,SKU_1,51.21,3,0,0,0,7.03
2024-02-24,Store_3,SKU_1,64.74,7,0,0,0,7.03
2024-02-25,Store_3,SKU_1,29.91,3,0,0,0,7.03
2024-02-26,Store_3,SKU_1,50.4,4,0,0,0,7.03
2024-02-27,Store_3,SKU_1,43.93,3,0,0,0,7.03
2024-02-28,Store_3,SKU_1,43.85,4,0,0,0,7.03
2024-02-29,Store_3,SKU_1,70.73,5,1,0,0,7.03
2024-03-01,Store_3,SKU_1,56.03,6,0,0,0,7.03
2024-03-02,Store_3,SKU_1,108.85,9,1,0,0,7.03
2024-03-03,Store_3,SKU_1,36.83,2,0,0,0,7.03
2024-03-04,Store_3,SKU_1,48.32,3,0,0,0,7.03
2024-03-05,Store_3,SKU_1,52.98,5,0,0,0,7.03
2024-03-06,Store_3,SKU_1,49.06,4,0,0,0,7.03
2024-03-07,Store_3,SKU_1,65.67,6,0,0,0,7.03
2024-03-08,Store_3,SKU_1,63.74,6,0,0,0,7.03
2024-03-09,Store_3,SKU_1,117.26,8,1,0,0,7.03
2024-03-10,Store_3,SKU_1,32.19,2,0,0,0,7.03
2024-03-11,Store_3,SKU_1,52.15,3,0,0,0,7.03
2024-03-12,Store_3,SKU_1,47.1,5,0,0,0,7.03
2024-03-13,Store_3,SKU_1,51.87,4,0,0,0,7.03
2024-03-14,Store_3,SKU_1,60.85,4,0,0,0,7.03
2024-03-15,Store_3,SKU_1,65.01,7,0,0,0,7.03
2024-03-16,Store_3,SKU_1,90.83,6,1,0,0,7.03
2024-03-17,Store_3,SKU_1,44.54,3,1,0,0,7.03
2024-03-18,Store_3,SKU_1,53.45,3,0,0,0,7.03
2024-03-19,Store_3,SKU_1,64.72,7,1,0,0,7.03
2024-03-20,Store_3,SKU_1,55.63,6,0,0,0,7.03
2024-03-21,Store_3,SKU_1,63.57,5,0,0,0,7.03
2024-03-22,Store_3,SKU_1,62.46,5,0,0,0,7.03
2024-03-23,Store_3,SKU_1,69.37,8,0,0,0,7.03
2024-03-24,Store_3,SKU_1,32.97,3,0,0,0,7.03
2024-03-25,Store_3,SKU_1,55.27,5,0,0,0,7.03
2024-03-26,Store_3,SKU_1,71.39,7,1,0,0,7.03
2024-03-27,Store_3,SKU_1,71.08,8,1,0,0,7.03
2024-03-28,Store_3,SKU_1,53.49,4,0,0,0,7.03
2024-03-29,Store_3,SKU_1,65.91,5,0,0,0,7.03
2024-03-30,Store_3,SKU_1,71.77,8,0,0,0,7.03
2024-03-31,Store_3,SKU_1,35.62,2,0,0,0,7.03
2024-04-01,Store_3,SKU_1,58.69,4,0,0,0,7.03
2024-04-02,Store_3,SKU_1,56.2,4,0,0,0,7.03
2024-04-03,Store_3,SKU_1,62.94,4,0,0,0,7.03
2024-04-04,Store_3,SKU_1,80.67,6,1,0,0,7.03
2024-04-05,Store_3,SKU_1,63.99,5,0,0,0,7.03
2024-04-06,Store_3,SKU_1,126.38,11,1,0,0,7.03
2024-04-07,Store_3,SKU_1,43.51,3,0,0,0,7.03
2024-04-08,Store_3,SKU_1,69.23,5,0,0,0,7.03
2024-04-09,Store_3,SKU_1,57.8,7,0,0,0,7.03
2024-04-10,Store_3,SKU_1,65.64,7,0,0,0,7.03
2024-04-11,Store_3,SKU_1,65.53,8,0,0,0,7.03
2024-04-12,Store_3,SKU_1,76.71,6,0,0,0,7.03
2024-04-13,Store_3,SKU_1,80.1,9,0,0,0,7.03
2024-04-14,Store_3,SKU_1,44.05,3,0,0,0,7.03
2024-04-15,Store_3,SKU_1,101.35,9,1,0,0,7.03
2024-04-16,Store_3,SKU_1,61.06,4,0,0,0,7.03
2024-04-17,Store_3,SKU_1,56.5,5,0,0,0,7.03
2024-04-18,Store_3,SKU_1,94.21,7,1,0,0,7.03
2024-04-19,Store_3,SKU_1,76.32,6,0,0,0,7.03
2024-04-20,Store_3,SKU_1,116.6,9,1,0,0,7.03
2024-04-21,Store_3,SKU_1,52.11,6,1,0,0,7.03
2024-04-22,Store_3,SKU_1,68.26,5,0,0,0,7.03
2024-04-23,Store_3,SKU_1,59.83,5,0,0,0,7.03
2024-04-24,Store_3,SKU_1,44.48,5,0,0,0,7.03
2024-04-25,Store_3,SKU_1,52.32,5,0,0,0,7.03
2024-04-26,Store_3,SKU_1,69.18,8,0,0,0,7.03
2024-04-27,Store_3,SKU_1,77.97,5,0,0,0,7.03
2024-04-28,Store_3,SKU_1,39.76,4,0,0,0,7.03
2024-04-29,Store_3,SKU_1,81.32,9,1,0,0,7.03
2024-04-30,Store_3,SKU_1,84.26,6,1,0,0,7.03
2024-05-01,Store_3,SKU_1,63.9,7,0,0,0,7.03
2024-05-02,Store_3,SKU_1,77.48,7,0,0,0,7.03
2024-05-03,Store_3,SKU_1,82.14,9,0,0,0,7.03
2024-05-04,Store_3,SKU_1,92.41,7,0,0,0,7.03
2024-05-05,Store_3,SKU_1,36.7,3,0,0,0,7.03
2024-05-06,Store_3,SKU_1,68.48,5,0,0,0,7.03
2024-05-07,Store_3,SKU_1,66.47,5,0,0,0,7.03
2024-05-08,Store_3,SKU_1,67.23,7,0,0,0,7.03
2024-05-09,Store_3,SKU_1,66.28,5,0,0,0,7.03
2024-05-10,Store_3,SKU_1,82.18,6,0,0,0,7.03
2024-05-11,Store_3,SKU_1,80.38,6,0,0,0,7.03
2024-05-12,Store_3,SKU_1,41.88,3,0,0,0,7.03
2024-05-13,Store_3,SKU_1,56.71,6,0,0,0,7.03
2024-05-14,Store_3,SKU_1,70.23,5,0,0,0,7.03
2024-05-15,Store_3,SKU_1,66.95,7,0,0,0,7.03
2024-05-16,Store_3,SKU_1,75.31,6,0,0,0,7.03
2024-05-17,Store_3,SKU_1,87.28,10,0,0,0,7.03
2024-05-18,Store_3,SKU_1,86.01,7,0,0,0,7.03
2024-05-19,Store_3,SKU_1,48.03,5,0,0,0,7.03
2024-05-20,Store_3,SKU_1,63.64,4,0,0,0,7.03
2024-05-21,Store_3,SKU_1,57.83,6,0,0,0,7.03
2024-05-22,Store_3,SKU_1,58.62,4,0,0,0,7.03
2024-05-23,Store_3,SKU_1,72.84,6,0,0,0,7.03
2024-05-24,Store_3,SKU_1,73.37,6,0,0,0,7.03
2024-05-25,Store_3,SKU_1,125.84,11,1,0,0,7.03
2024-05-26,Store_3,SKU_1,44.04,3,0,0,0,7.03
2024-05-27,Store_3,SKU_1,73.64,5,0,0,0,7.03
2024-05-28,Store_3,SKU_1,63.82,5,0,0,0,7.03
2024-05-29,Store_3,SKU_1,74.93,6,0,0,0,7.03
2024-05-30,Store_3,SKU_1,72.61,5,0,0,0,7.03
2024-05-31,Store_3,SKU_1,96.28,8,1,0,0,7.03
2024-06-01,Store_3,SKU_1,87.03,6,0,0,0,7.03
2024-06-02,Store_3,SKU_1,43.32,4,0,0,0,7.03
2024-06-03,Store_3,SKU_1,72.42,5,0,0,0,7.03
2024-06-04,Store_3,SKU_1,63.29,4,0,0,0,7.03
2024-06-05,Store_3,SKU_1,73.88,6,0,0,0,7.03
2024-06-06,Store_3,SKU_1,66.54,7,0,0,0,7.03
2024-06-07,Store_3,SKU_1,67.0,6,0,0,0,7.03
2024-06-08,Store_3,SKU_1,119.48,9,1,0,0,7.03
2024-06-09,Store_3,SKU_1,43.25,4,0,0,0,7.03
2024-06-10,Store_3,SKU_1,77.09,6,0,0,0,7.03
2024-06-11,Store_3,SKU_1,94.72,9,1,0,0,7.03
2024-06-12,Store_3,SKU_1,65.35,5,0,0,0,7.03
2024-06-13,Store_3,SKU_1,65.15,5,0,0,0,7.03
2024-06-14,Store_3,SKU_1,76.86,7,0,0,0,7.03
2024-06-15,Store_3,SKU_1,95.09,11,0,0,0,7.03
2024-06-16,Store_3,SKU_1,44.49,3,0,0,0,7.03
2024-06-17,Store_3,SKU_1,62.97,7,0,0,0,7.03
2024-06-18,Store_3,SKU_1,70.83,6,0,0,0,7.03
2024-06-19,Store_3,SKU_1,68.78,8,0,0,0,7.03
2024-06-20,Store_3,SKU_1,67.7,5,0,0,0,7.03
2024-06-21,Store_3,SKU_1,62.62,6,0,0,0,7.03
2024-06-22,Store_3,SKU_1,97.47,7,0,0,0,7.03
2024-06-23,Store_3,SKU_1,41.31,3,0,0,0,7.03
2024-06-24,Store_3,SKU_1,74.88,6,0,0,0,7.03
2024-06-25,Store_3,SKU_1,63.81,7,0,0,0,7.03
2024-06-26,Store_3,SKU_1,63.93,7,0,0,0,7.03
2024-06-27,Store_3,SKU_1,76.47,6,0,0,0,7.03
2024-06-28,Store_3,SKU_1,82.54,6,0,0,0,7.03
2024-06-29,Store_3,SKU_1,75.2,8,0,0,0,7.03
2024-06-30,Store_3,SKU_1,53.03,4,1,0,0,7.03
2024-07-01,Store_3,SKU_1,67.33,6,0,0,1,7.03
2024-07-02,Store_3,SKU_1,71.86,5,0,0,1,7.03
2024-07-03,Store_3,SKU_1,65.76,6,0,0,1,7.03
2024-07-04,Store_3,SKU_1,69.38,5,0,0,0,7.03
2024-07-05,Store_3,SKU_1,77.09,6,0,0,1,7.03
2024-07-06,Store_3,SKU_1,92.25,9,0,0,1,7.03
2024-07-07,Store_3,SKU_1,47.1,3,0,0,1,7.03
2024-07-08,Store_3,SKU_1,74.22,6,0,0,1,7.03
2024-07-09,Store_3,SKU_1,58.64,4,0,0,0,7.03
2024-07-10,Store_3,SKU_1,66.6,8,0,0,1,7.03
2024-07-11,Store_3,SKU_1,73.8,8,0,0,0,7.03
2024-07-12,Store_3,SKU_1,80.51,6,0,0,1,7.03
2024-07-13,Store_3,SKU_1,71.33,5,0,0,0,7.03
2024-07-14,Store_3,SKU_1,43.48,4,0,0,0,7.03
2024-07-15,Store_3,SKU_1,69.57,7,0,0,1,7.03
2024-07-16,Store_3,SKU_1,72.7,5,0,0,0,7.03
2024-07-17,Store_3,SKU_1,93.07,6,1,0,1,7.03
2024-07-18,Store_3,SKU_1,64.39,6,0,0,1,7.03
2024-07-19,Store_3,SKU_1,75.94,8,0,0,0,7.03
2024-07-20,Store_3,SKU_1,77.99,8,0,0,0,7.03
2024-07-21,Store_3,SKU_1,54.32,4,1,0,0,7.03
2024-07-22,Store_3,SKU_1,67.97,6,0,0,0,7.03
2024-07-23,Store_3,SKU_1,68.16,5,0,0,0,7.03
2024-07-24,Store_3,SKU_1,64.3,4,0,0,0,7.03
2024-07-25,Store_3,SKU_1,61.05,5,0,0,0,7.03
2024-07-26,Store_3,SKU_1,72.07,6,0,0,0,7.03
2024-07-27,Store_3,SKU_1,79.08,7,0,0,1,7.03
2024-07-28,Store_3,SKU_1,42.38,3,0,0,0,7.03
2024-07-29,Store_3,SKU_1,63.09,6,0,0,0,7.03
2024-07-30,Store_3,SKU_1,56.48,6,0,0,1,7.03
2024-07-31,Store_3,SKU_1,80.92,6,0,0,0,7.03
2024-08-01,Store_3,SKU_1,65.28,6,0,0,0,7.03
2024-08-02,Store_3,SKU_1,74.85,6,0,0,0,7.03
2024-08-03,Store_3,SKU_1,81.92,10,0,0,0,7.03
2024-08-04,Store_3,SKU_1,57.78,4,1,0,0,7.03
2024-08-05,Store_3,SKU_1,70.43,7,0,0,0,7.03
2024-08-06,Store_3,SKU_1,57.56,4,0,0,1,7.03
2024-08-07,Store_3,SKU_1,69.46,7,0,0,0,7.03
2024-08-08,Store_3,SKU_1,60.95,5,0,0,0,7.03
2024-08-09,Store_3,SKU_1,69.04,5,0,0,0,7.03
2024-08-10,Store_3,SKU_1,85.7,6,0,0,0,7.03
2024-08-11,Store_3,SKU_1,38.11,2,0,0,0,7.03
2024-08-12,Store_3,SKU_1,61.08,6,0,0,1,7.03
2024-08-13,Store_3,SKU_1,55.56,5,0,0,0,7.03
2024-08-14,Store_3,SKU_1,62.52,5,0,0,0,7.03
2024-08-15,Store_3,SKU_1,70.67,5,0,0,1,7.03
2024-08-16,Store_3,SKU_1,98.72,10,1,0,0,7.03
2024-08-17,Store_3,SKU_1,79.09,6,0,0,1,7.03
2024-08-18,Store_3,SKU_1,54.48,5,1,0,1,7.03
2024-08-19,Store_3,SKU_1,68.71,5,0,0,0,7.03
2024-08-20,Store_3,SKU_1,89.37,8,1,0,0,7.03
2024-08-21,Store_3,SKU_1,60.23,4,0,0,0,7.03
2024-08-22,Store_3,SKU_1,66.19,4,0,0,1,7.03
2024-08-23,Store_3,SKU_1,83.26,8,0,0,0,7.03
2024-08-24,Store_3,SKU_1,72.74,5,0,0,0,7.03
2024-08-25,Store_3,SKU_1,43.87,3,0,0,0,7.03
2024-08-26,Store_3,SKU_1,68.76,5,0,0,1,7.03
2024-08-27,Store_3,SKU_1,79.11,5,1,0,1,7.03
2024-08-28,Store_3,SKU_1,58.44,5,0,0,1,7.03
2024-08-29,Store_3,SKU_1,64.99,5,0,0,0,7.03
2024-08-30,Store_3,SKU_1,75.54,6,0,0,0,7.03
2024-08-31,Store_3,SKU_1,86.81,6,0,0,1,7.03
2024-09-01,Store_3,SKU_1,35.86,3,0,0,0,7.03
2024-09-02,Store_3,SKU_1,58.58,5,0,0,0,7.03
2024-09-03,Store_3,SKU_1,51.21,5,0,0,0,7.03
2024-09-04,Store_3,SKU_1,47.02,4,0,0,0,7.03
2024-09-05,Store_3,SKU_1,64.27,6,0,0,0,7.03
2024-09-06,Store_3,SKU_1,84.1,9,1,0,0,7.03
2024-09-07,Store_3,SKU_1,71.95,5,0,0,0,7.03
2024-09-08,Store_3,SKU_1,31.46,3,0,0,0,7.03
2024-09-09,Store_3,SKU_1,61.96,7,0,0,0,7.03
2024-09-10,Store_3,SKU_1,55.09,6,0,0,0,7.03
2024-09-11,Store_3,SKU_1,52.42,4,0,0,0,7.03
2024-09-12,Store_3,SKU_1,57.03,4,0,0,0,7.03
2024-09-13,Store_3,SKU_1,69.25,8,0,0,0,7.03
2024-09-14,Store_3,SKU_1,71.79,6,0,0,0,7.03
2024-09-15,Store_3,SKU_1,34.48,2,0,0,0,7.03
2024-09-16,Store_3,SKU_1,57.05,4,0,0,0,7.03
2024-09-17,Store_3,SKU_1,71.24,6,1,0,0,7.03
2024-09-18,Store_3,SKU_1,57.82,6,0,0,0,7.03
2024-09-19,Store_3,SKU_1,63.28,7,0,0,0,7.03
2024-09-20,Store_3,SKU_1,58.73,5,0,0,0,7.03
2024-09-21,Store_3,SKU_1,71.64,6,0,0,0,7.03
2024-09-22,Store_3,SKU_1,35.2,2,0,0,0,7.03
2024-09-23,Store_3,SKU_1,63.46,5,0,0,0,7.03
2024-09-24,Store_3,SKU_1,60.81,5,0,0,0,7.03
2024-09-25,Store_3,SKU_1,66.57,5,0,0,0,7.03
2024-09-26,Store_3,SKU_1,64.33,5,0,0,0,7.03
2024-09-27,Store_3,SKU_1,61.46,6,0,0,0,7.03
2024-09-28,Store_3,SKU_1,68.78,6,0,0,0,7.03
2024-09-29,Store_3,SKU_1,36.75,3,0,0,0,7.03
2024-09-30,Store_3,SKU_1,61.47,7,0,0,0,7.03
2024-10-01,Store_3,SKU_1,68.26,7,1,0,0,7.03
2024-10-02,Store_3,SKU_1,73.74,7,1,0,0,7.03
2024-10-03,Store_3,SKU_1,55.2,4,0,0,0,7.03
2024-10-04,Store_3,SKU_1,60.21,5,0,0,0,7.03
2024-10-05,Store_3,SKU_1,56.41,5,0,0,0,7.03
2024-10-06,Store_3,SKU_1,36.86,4,0,0,0,7.03
2024-10-07,Store_3,SKU_1,49.64,4,0,0,0,7.03
2024-10-08,Store_3,SKU_1,46.26,4,0,0,0,7.03
2024-10-09,Store_3,SKU_1,45.47,4,0,0,0,7.03
2024-10-10,Store_3,SKU_1,49.27,3,0,0,0,7.03
2024-10-11,Store_3,SKU_1,55.44,4,0,0,0,7.03
2024-10-12,Store_3,SKU_1,63.5,7,0,0,0,7.03
2024-10-13,Store_3,SKU_1,28.23,2,0,0,0,7.03
2024-10-14,Store_3,SKU_1,50.29,4,0,0,0,7.03
2024-10-15,Store_3,SKU_1,49.09,4,0,0,0,7.03
2024-10-16,Store_3,SKU_1,46.01,3,0,0,0,7.03
2024-10-17,Store_3,SKU_1,68.05,5,1,0,0,7.03
2024-10-18,Store_3,SKU_1,58.82,6,0,0,0,7.03
2024-10-19,Store_3,SKU_1,61.77,6,0,0,0,7.03
2024-10-20,Store_3,SKU_1,37.64,3,1,0,0,7.03
2024-10-21,Store_3,SKU_1,42.04,4,0,0,0,7.03
2024-10-22,Store_3,SKU_1,47.47,3,0,0,0,7.03
2024-10-23,Store_3,SKU_1,50.68,4,0,0,0,7.03
2024-10-24,Store_3,SKU_1,52.76,6,0,0,0,7.03
2024-10-25,Store_3,SKU_1,72.56,5,1,0,0,7.03
2024-10-26,Store_3,SKU_1,63.7,6,0,0,0,7.03
2024-10-27,Store_3,SKU_1,31.83,2,0,0,0,7.03
2024-10-28,Store_3,SKU_1,73.72,6,1,0,0,7.03
2024-10-29,Store_3,SKU_1,51.93,4,0,0,0,7.03
2024-10-30,Store_3,SKU_1,54.76,4,0,0,0,7.03
2024-10-31,Store_3,SKU_1,50.75,3,0,0,0,7.03
2024-11-01,Store_3,SKU_1,53.53,5,0,0,0,7.03
2024-11-02,Store_3,SKU_1,61.98,6,0,0,0,7.03
2024-11-03,Store_3,SKU_1,28.86,2,0,0,0,7.03
2024-11-04,Store_3,SKU_1,46.24,3,0,0,0,7.03
2024-11-05,Store_3,SKU_1,40.32,3,0,0,0,7.03
2024-11-06,Store_3,SKU_1,58.18,6,1,0,0,7.03
2024-11-07,Store_3,SKU_1,64.34,5,1,0,0,7.03
2024-11-08,Store_3,SKU_1,50.19,6,0,0,0,7.03
2024-11-09,Store_3,SKU_1,49.6,3,0,0,0,7.03
2024-11-10,Store_3,SKU_1,30.66,3,0,0,0,7.03
2024-11-11,Store_3,SKU_1,46.37,4,0,0,0,7.03
2024-11-12,Store_3,SKU_1,45.48,3,0,0,0,7.03
2024-11-13,Store_3,SKU_1,50.87,4,0,0,0,7.03
2024-11-14,Store_3,SKU_1,49.9,3,0,0,0,7.03
2024-11-15,Store_3,SKU_1,45.54,5,0,0,0,7.03
2024-11-16,Store_3,SKU_1,54.08,4,0,0,0,7.03
2024-11-17,Store_3,SKU_1,27.18,2,0,0,0,7.03
2024-11-18,Store_3,SKU_1,41.56,4,0,0,0,7.03
2024-11-19,Store_3,SKU_1,43.97,3,0,0,0,7.03
2024-11-20,Store_3,SKU_1,43.89,4,0,0,0,7.03
2024-11-21,Store_3,SKU_1,48.84,4,0,0,0,7.03
2024-11-22,Store_3,SKU_1,47.65,4,0,0,0,7.03
2024-11-23,Store_3,SKU_1,59.27,4,0,0,0,7.03
2024-11-24,Store_3,SKU_1,28.66,2,0,0,0,7.03
2024-11-25,Store_3,SKU_1,49.41,4,0,0,0,7.03
2024-11-26,Store_3,SKU_1,66.29,5,1,0,0,7.03
2024-11-27,Store_3,SKU_1,66.89,7,1,0,0,7.03
2024-11-28,Store_3,SKU_1,44.59,4,0,0,0,7.03
2024-11-29,Store_3,SKU_1,73.5,5,1,0,0,7.03
2024-11-30,Store_3,SKU_1,61.83,7,0,0,0,7.03
2024-12-01,Store_3,SKU_1,23.46,2,0,0,0,7.03
2024-12-02,Store_3,SKU_1,46.51,5,0,0,0,7.03
2024-12-03,Store_3,SKU_1,44.99,4,0,0,0,7.03
2024-12-04,Store_3,SKU_1,55.88,4,1,0,0,7.03
2024-12-05,Store_3,SKU_1,64.31,6,1,0,0,7.03
2024-12-06,Store_3,SKU_1,57.93,5,0,0,0,7.03
2024-12-07,Store_3,SKU_1,53.82,5,0,0,0,7.03
2024-12-08,Store_3,SKU_1,28.59,3,0,0,0,7.03
2024-12-09,Store_3,SKU_1,36.65,3,0,0,0,7.03
2024-12-10,Store_3,SKU_1,42.06,3,0,0,0,7.03
2024-12-11,Store_3,SKU_1,42.97,3,0,0,0,7.03
2024-12-12,Store_3,SKU_1,34.62,4,0,0,0,7.03
2024-12-13,Store_3,SKU_1,42.06,3,0,0,0,7.03
2024-12-14,Store_3,SKU_1,59.68,5,0,0,0,7.03
2024-12-15,Store_3,SKU_1,22.35,2,0,0,0,7.03
2024-12-16,Store_3,SKU_1,69.59,5,1,0,0,7.03
2024-12-17,Store_3,SKU_1,42.33,3,0,0,0,7.03
2024-12-18,Store_3,SKU_1,55.75,6,1,0,0,7.03
2024-12-19,Store_3,SKU_1,42.54,3,0,0,0,7.03
2024-12-20,Store_3,SKU_1,50.83,3,0,0,0,7.03
2024-12-21,Store_3,SKU_1,54.0,6,0,0,0,7.03
2024-12-22,Store_3,SKU_1,27.84,2,0,0,0,7.03
2024-12-23,Store_3,SKU_1,41.02,4,0,0,0,7.03
2024-12-24,Store_3,SKU_1,36.78,2,0,0,0,7.03
2024-12-25,Store_3,SKU_1,24.04,1,1,a,0,7.03
2024-12-26,Store_3,SKU_1,15.81,1,0,a,0,7.03
2024-12-27,Store_3,SKU_1,48.94,4,0,0,0,7.03
2024-12-28,Store_3,SKU_1,73.84,5,1,0,0,7.03
2024-12-29,Store_3,SKU_1,27.51,2,0,0,0,7.03
2024-12-30,Store_3,SKU_1,41.4,3,0,0,0,7.03
2024-12-31,Store_3,SKU_1,38.64,2,0,0,0,7.03
2022-01-01,Store_3,SKU_2,26.49,3,0,a,0,5.41
2022-01-02,Store_3,SKU_2,39.7,3,0,0,0,5.41
2022-01-03,Store_3,SKU_2,90.03,7,1,0,0,5.41
2022-01-04,Store_3,SKU_2,59.33,4,0,0,0,5.41
2022-01-05,Store_3,SKU_2,61.76,4,0,0,0,5.41
2022-01-06,Store_3,SKU_2,61.75,6,0,0,0,5.41
2022-01-07,Store_3,SKU_2,67.45,4,0,0,0,5.41
2022-01-08,Store_3,SKU_2,91.31,8,0,0,0,5.41
2022-01-09,Store_3,SKU_2,36.1,3,0,0,0,5.41
2022-01-10,Store_3,SKU_2,63.61,4,0,0,0,5.41
2022-01-11,Store_3,SKU_2,58.14,6,0,0,0,5.41
2022-01-12,Store_3,SKU_2,65.67,7,0,0,0,5.41
2022-01-13,Store_3,SKU_2,65.86,5,0,0,0,5.41
2022-01-14,Store_3,SKU_2,61.04,5,0,0,0,5.41
2022-01-15,Store_3,SKU_2,72.32,5,0,0,0,5.41
2022-01-16,Store_3,SKU_2,38.19,2,0,0,0,5.41
2022-01-17,Store_3,SKU_2,62.76,7,0,0,0,5.41
2022-01-18,Store_3,SKU_2,52.05,3,0,0,0,5.41
2022-01-19,Store_3,SKU_2,63.72,4,1,0,0,5.41
2022-01-20,Store_3,SKU_2,58.93,5,0,0,0,5.41
2022-01-21,Store_3,SKU_2,76.48,6,0,0,0,5.41
2022-01-22,Store_3,SKU_2,82.03,8,0,0,0,5.41
2022-01-23,Store_3,SKU_2,37.22,4,0,0,0,5.41
2022-01-24,Store_3,SKU_2,70.0,7,0,0,0,5.41
2022-01-25,Store_3,SKU_2,68.17,7,0,0,0,5.41
2022-01-26,Store_3,SKU_2,63.76,4,0,0,0,5.41
2022-01-27,Store_3,SKU_2,72.99,8,0,0,0,5.41
2022-01-28,Store_3,SKU_2,65.95,5,0,0,0,5.41
2022-01-29,Store_3,SKU_2,84.28,8,0,0,0,5.41
2022-01-30,Store_3,SKU_2,40.14,2,0,0,0,5.41
2022-01-31,Store_3,SKU_2,65.45,5,0,0,0,5.41
2022-02-01,Store_3,SKU_2,66.95,7,0,0,0,5.41
2022-02-02,Store_3,SKU_2,62.67,5,0,0,0,5.41
2022-02-03,Store_3,SKU_2,71.2,7,0,0,0,5.41
2022-02-04,Store_3,SKU_2,80.34,8,0,0,0,5.41
2022-02-05,Store_3,SKU_2,86.93,7,0,0,0,5.41
2022-02-06,Store_3,SKU_2,49.92,3,0,0,0,5.41
2022-02-07,Store_3,SKU_2,67.02,6,0,0,0,5.41
2022-02-08,Store_3,SKU_2,92.38,7,1,0,0,5.41
2022-02-09,Store_3,SKU_2,96.86,7,1,0,0,5.41
2022-02-10,Store_3,SKU_2,79.87,5,0,0,0,5.41
2022-02-11,Store_3,SKU_2,85.83,9,0,0,0,5.41
2022-02-12,Store_3,SKU_2,93.95,9,0,0,0,5.41
2022-02-13,Store_3,SKU_2,46.62,3,0,0,0,5.41
2022-02-14,Store_3,SKU_2,79.03,7,0,0,0,5.41
2022-02-15,Store_3,SKU_2,85.53,7,1,0,0,5.41
2022-02-16,Store_3,SKU_2,72.74,5,0,0,0,5.41
2022-02-17,Store_3,SKU_2,69.95,7,0,0,0,5.41
2022-02-18,Store_3,SKU_2,83.95,6,0,0,0,5.41
2022-02-19,Store_3,SKU_2,81.04,8,0,0,0,5.41
2022-02-20,Store_3,SKU_2,45.81,4,0,0,0,5.41
2022-02-21,Store_3,SKU_2,62.04,5,0,0,0,5.41
2022-02-22,Store_3,SKU_2,74.57,7,0,0,0,5.41
2022-02-23,Store_3,SKU_2,64.01,7,0,0,0,5.41
2022-02-24,Store_3,SKU_2,72.03,8,0,0,0,5.41
2022-02-25,Store_3,SKU_2,86.88,6,0,0,0,5.41
2022-02-26,Store_3,SKU_2,86.8,10,0,0,0,5.41
2022-02-27,Store_3,SKU_2,66.2,6,1,0,0,5.41
2022-02-28,Store_3,SKU_2,73.74,5,0,0,0,5.41
2022-03-01,Store_3,SKU_2,84.17,9,0,0,0,5.41
2022-03-02,Store_3,SKU_2,87.06,7,0,0,0,5.41
2022-03-03,Store_3,SKU_2,92.54,8,0,0,0,5.41
2022-03-04,Store_3,SKU_2,79.94,7,0,0,0,5.41
2022-03-05,Store_3,SKU_2,125.97,12,1,0,0,5.41
2022-03-06,Store_3,SKU_2,47.73,5,0,0,0,5.41
2022-03-07,Store_3,SKU_2,105.04,9,1,0,0,5.41
2022-03-08,Store_3,SKU_2,75.75,8,0,0,0,5.41
2022-03-09,Store_3,SKU_2,84.68,8,0,0,0,5.41
2022-03-10,Store_3,SKU_2,105.95,8,1,0,0,5.41
2022-03-11,Store_3,SKU_2,127.96,14,1,0,0,5.41
2022-03-12,Store_3,SKU_2,86.64,6,0,0,0,5.41
2022-03-13,Store_3,SKU_2,72.4,5,1,0,0,5.41
2022-03-14,Store_3,SKU_2,116.48,9,1,0,0,5.41
2022-03-15,Store_3,SKU_2,70.77,5,0,0,0,5.41
2022-03-16,Store_3,SKU_2,79.25,6,0,0,0,5.41
2022-03-17,Store_3,SKU_2,86.83,6,0,0,0,5.41
2022-03-18,Store_3,SKU_2,129.75,13,1,0,0,5.41
2022-03-19,Store_3,SKU_2,92.36,9,0,0,0,5.41
2022-03-20,Store_3,SKU_2,53.23,4,0,0,0,5.41
2022-03-21,Store_3,SKU_2,85.86,6,0,0,0,5.41
2022-03-22,Store_3,SKU_2,71.9,5,0,0,0,5.41
2022-03-23,Store_3,SKU_2,113.37,12,1,0,0,5.41
2022-03-24,Store_3,SKU_2,82.03,5,0,0,0,5.41
2022-03-25,Store_3,SKU_2,88.69,6,0,0,0,5.41
2022-03-26,Store_3,SKU_2,99.39,10,0,0,0,5.41
2022-03-27,Store_3,SKU_2,45.29,4,0,0,0,5.41
2022-03-28,Store_3,SKU_2,97.98,9,0,0,0,5.41
2022-03-29,Store_3,SKU_2,80.49,6,0,0,0,5.41
2022-03-30,Store_3,SKU_2,118.89,10,1,0,0,5.41
2022-03-31,Store_3,SKU_2,83.06,8,0,0,0,5.41
2022-04-01,Store_3,SKU_2,95.03,7,0,0,0,5.41
2022-04-02,Store_3,SKU_2,116.74,8,0,0,0,5.41
2022-04-03,Store_3,SKU_2,49.7,4,0,0,0,5.41
2022-04-04,Store_3,SKU_2,105.07,9,0,0,0,5.41
2022-04-05,Store_3,SKU_2,107.86,8,1,0,0,5.41
2022-04-06,Store_3,SKU_2,97.56,9,1,0,0,5.41
2022-04-07,Store_3,SKU_2,96.66,7,0,0,0,5.41
2022-04-08,Store_3,SKU_2,102.07,12,0,0,0,5.41
2022-04-09,Store_3,SKU_2,118.24,8,0,0,0,5.41
2022-04-10,Store_3,SKU_2,48.34,4,0,0,0,5.41
2022-04-11,Store_3,SKU_2,92.25,6,0,0,0,5.41
2022-04-12,Store_3,SKU_2,97.38,9,0,0,0,5.41
2022-04-13,Store_3,SKU_2,90.45,9,0,0,0,5.41
2022-04-14,Store_3,SKU_2,99.12,11,0,0,0,5.41
2022-04-15,Store_3,SKU_2,106.4,7,0,0,0,5.41
2022-04-16,Store_3,SKU_2,116.98,9,0,0,0,5.41
2022-04-17,Store_3,SKU_2,59.06,7,0,0,0,5.41
2022-04-18,Store_3,SKU_2,93.4,10,0,0,0,5.41
2022-04-19,Store_3,SKU_2,72.74,5,0,0,0,5.41
2022-04-20,Store_3,SKU_2,81.77,9,0,0,0,5.41
2022-04-21,Store_3,SKU_2,103.96,9,0,0,0,5.41
2022-04-22,Store_3,SKU_2,152.31,18,1,0,0,5.41
2022-04-23,Store_3,SKU_2,120.87,11,0,0,0,5.41
2022-04-24,Store_3,SKU_2,57.93,6,0,0,0,5.41
2022-04-25,Store_3,SKU_2,92.4,8,0,0,0,5.41
2022-04-26,Store_3,SKU_2,146.49,10,1,0,0,5.41
2022-04-27,Store_3,SKU_2,125.5,9,1,0,0,5.41
2022-04-28,Store_3,SKU_2,79.8,9,0,0,0,5.41
2022-04-29,Store_3,SKU_2,108.29,11,0,0,0,5.41
2022-04-30,Store_3,SKU_2,113.88,9,0,0,0,5.41
2022-05-01,Store_3,SKU_2,63.34,5,0,0,0,5.41
2022-05-02,Store_3,SKU_2,92.0,8,0,0,0,5.41
2022-05-03,Store_3,SKU_2,95.39,9,0,0,0,5.41
2022-05-04,Store_3,SKU_2,93.99,9,0,0,0,5.41
2022-05-05,Store_3,SKU_2,93.32,7,0,0,0,5.41
2022-05-06,Store_3,SKU_2,111.67,12,0,0,0,5.41
2022-05-07,Store_3,SKU_2,138.71,11,0,0,0,5.41
2022-05-08,Store_3,SKU_2,61.36,5,0,0,0,5.41
2022-05-09,Store_3,SKU_2,115.52,12,0,0,0,5.41
2022-05-10,Store_3,SKU_2,129.14,11,1,0,0,5.41
2022-05-11,Store_3,SKU_2,96.21,7,0,0,0,5.41
2022-05-12,Store_3,SKU_2,112.99,9,0,0,0,5.41
2022-05-13,Store_3,SKU_2,105.65,9,0,0,0,5.41
2022-05-14,Store_3,SKU_2,141.96,10,0,0,0,5.41
2022-05-15,Store_3,SKU_2,57.93,6,0,0,0,5.41
2022-05-16,Store_3,SKU_2,97.66,10,0,0,0,5.41
2022-05-17,Store_3,SKU_2,99.81,11,0,0,0,5.41
2022-05-18,Store_3,SKU_2,89.47,9,0,0,0,5.41
2022-05-19,Store_3,SKU_2,110.97,9,0,0,0,5.41
2022-05-20,Store_3,SKU_2,107.03,7,0,0,0,5.41
2022-05-21,Store_3,SKU_2,128.75,11,0,0,0,5.41
2022-05-22,Store_3,SKU_2,64.72,7,0,0,0,5.41
2022-05-23,Store_3,SKU_2,134.14,10,1,0,0,5.41
2022-05-24,Store_3,SKU_2,136.99,11,1,0,0,5.41
2022-05-25,Store_3,SKU_2,89.96,8,0,0,0,5.41
2022-05-26,Store_3,SKU_2,104.76,7,0,0,0,5.41
2022-05-27,Store_3,SKU_2,124.88,10,0,0,0,5.41
2022-05-28,Store_3,SKU_2,124.44,12,0,0,0,5.41
2022-05-29,Store_3,SKU_2,65.48,6,0,0,0,5.41
2022-05-30,Store_3,SKU_2,156.93,11,1,0,0,5.41
2022-05-31,Store_3,SKU_2,142.27,10,1,0,0,5.41
2022-06-01,Store_3,SKU_2,92.24,10,0,0,0,5.41
2022-06-02,Store_3,SKU_2,110.88,10,0,0,0,5.41
2022-06-03,Store_3,SKU_2,119.65,10,0,0,0,5.41
2022-06-04,Store_3,SKU_2,142.85,12,0,0,0,5.41
2022-06-05,Store_3,SKU_2,80.68,6,1,0,0,5.41
2022-06-06,Store_3,SKU_2,111.11,9,0,0,0,5.41
2022-06-07,Store_3,SKU_2,137.08,14,1,0,0,5.41
2022-06-08,Store_3,SKU_2,110.69,10,0,0,0,5.41
2022-06-09,Store_3,SKU_2,110.63,13,0,0,0,5.41
2022-06-10,Store_3,SKU_2,180.83,16,1,0,0,5.41
2022-06-11,Store_3,SKU_2,196.27,16,1,0,0,5.41
2022-06-12,Store_3,SKU_2,58.28,4,0,0,0,5.41
2022-06-13,Store_3,SKU_2,106.49,8,0,0,0,5.41
2022-06-14,Store_3,SKU_2,105.94,7,0,0,0,5.41
2022-06-15,Store_3,SKU_2,91.48,9,0,0,0,5.41
2022-06-16,Store_3,SKU_2,158.68,11,1,0,0,5.41
2022-06-17,Store_3,SKU_2,184.0,14,1,0,0,5.41
2022-06-18,Store_3,SKU_2,114.05,10,0,0,0,5.41
2022-06-19,Store_3,SKU_2,89.13,10,1,0,0,5.41
2022-06-20,Store_3,SKU_2,108.94,8,0,0,0,5.41
2022-06-21,Store_3,SKU_2,109.94,8,0,0,0,5.41
2022-06-22,Store_3,SKU_2,112.32,10,0,0,0,5.41
2022-06-23,Store_3,SKU_2,91.35,7,0,0,0,5.41
2022-06-24,Store_3,SKU_2,167.64,19,1,0,0,5.41
2022-06-25,Store_3,SKU_2,192.09,17,1,0,0,5.41
2022-06-26,Store_3,SKU_2,57.35,4,0,0,0,5.41
2022-06-27,Store_3,SKU_2,161.3,12,1,0,0,5.41
2022-06-28,Store_3,SKU_2,109.42,12,0,0,0,5.41
2022-06-29,Store_3,SKU_2,110.36,11,0,0,0,5.41
2022-06-30,Store_3,SKU_2,95.1,8,0,0,0,5.41
2022-07-01,Store_3,SKU_2,104.84,12,0,0,0,5.41
2022-07-02,Store_3,SKU_2,160.03,19,1,0,1,5.41
2022-07-03,Store_3,SKU_2,59.51,5,0,0,0,5.41
2022-07-04,Store_3,SKU_2,108.0,12,0,0,0,5.41
2022-07-05,Store_3,SKU_2,97.7,9,0,0,1,5.41
2022-07-06,Store_3,SKU_2,101.62,7,0,0,0,5.41
2022-07-07,Store_3,SKU_2,105.65,7,0,0,0,5.41
2022-07-08,Store_3,SKU_2,117.02,9,0,0,1,5.41
2022-07-09,Store_3,SKU_2,154.09,12,0,0,1,5.41
2022-07-10,Store_3,SKU_2,56.52,5,0,0,0,5.41
2022-07-11,Store_3,SKU_2,109.35,12,0,0,0,5.41
2022-07-12,Store_3,SKU_2,109.89,8,0,0,1,5.41
2022-07-13,Store_3,SKU_2,99.86,10,0,0,0,5.41
2022-07-14,Store_3,SKU_2,155.59,18,1,0,0,5.41
2022-07-15,Store_3,SKU_2,123.86,13,0,0,0,5.41
2022-07-16,Store_3,SKU_2,138.08,10,0,0,0,5.41
2022-07-17,Store_3,SKU_2,60.22,5,0,0,0,5.41
2022-07-18,Store_3,SKU_2,78.58,8,0,0,1,5.41
2022-07-19,Store_3,SKU_2,106.84,10,0,0,0,5.41
2022-07-20,Store_3,SKU_2,103.09,8,0,0,1,5.41
2022-07-21,Store_3,SKU_2,103.25,8,0,0,0,5.41
2022-07-22,Store_3,SKU_2,116.86,10,0,0,0,5.41
2022-07-23,Store_3,SKU_2,127.69,15,0,0,0,5.41
2022-07-24,Store_3,SKU_2,59.86,7,0,0,0,5.41
2022-07-25,Store_3,SKU_2,101.06,11,0,0,1,5.41
2022-07-26,Store_3,SKU_2,85.91,8,0,0,0,5.41
2022-07-27,Store_3,SKU_2,91.56,9,0,0,0,5.41
2022-07-28,Store_3,SKU_2,114.22,10,0,0,1,5.41
2022-07-29,Store_3,SKU_2,110.85,9,0,0,0,5.41
2022-07-30,Store_3,SKU_2,166.27,13,1,0,1,5.41
2022-07-31,Store_3,SKU_2,67.46,7,0,0,0,5.41
2022-08-01,Store_3,SKU_2,94.5,9,0,0,1,5.41
2022-08-02,Store_3,SKU_2,87.67,6,0,0,1,5.41
2022-08-03,Store_3,SKU_2,96.67,7,0,0,1,5.41
2022-08-04,Store_3,SKU_2,82.57,6,0,0,0,5.41
2022-08-05,Store_3,SKU_2,118.13,8,0,0,1,5.41
2022-08-06,Store_3,SKU_2,117.21,11,0,0,0,5.41
2022-08-07,Store_3,SKU_2,65.64,6,0,0,0,5.41
2022-08-08,Store_3,SKU_2,96.19,10,0,0,0,5.41
2022-08-09,Store_3,SKU_2,91.05,8,0,0,1,5.41
2022-08-10,Store_3,SKU_2,99.04,7,0,0,1,5.41
2022-08-11,Store_3,SKU_2,107.88,9,0,0,0,5.41
2022-08-12,Store_3,SKU_2,97.98,7,0,0,1,5.41
2022-08-13,Store_3,SKU_2,113.82,8,0,0,0,5.41
2022-08-14,Store_3,SKU_2,58.39,4,0,0,1,5.41
2022-08-15,Store_3,SKU_2,90.58,7,0,0,0,5.41
2022-08-16,Store_3,SKU_2,122.82,10,1,0,0,5.41
2022-08-17,Store_3,SKU_2,97.88,9,0,0,1,5.41
2022-08-18,Store_3,SKU_2,91.63,10,0,0,0,5.41
2022-08-19,Store_3,SKU_2,151.51,13,1,0,0,5.41
2022-08-20,Store_3,SKU_2,126.7,10,0,0,1,5.41
2022-08-21,Store_3,SKU_2,56.75,5,0,0,1,5.41
2022-08-22,Store_3,SKU_2,84.23,6,0,0,1,5.41
2022-08-23,Store_3,SKU_2,135.17,11,1,0,0,5.41
2022-08-24,Store_3,SKU_2,101.31,10,0,0,0,5.41
2022-08-25,Store_3,SKU_2,87.38,9,0,0,0,5.41
2022-08-26,Store_3,SKU_2,111.3,11,0,0,0,5.41
2022-08-27,Store_3,SKU_2,135.55,15,1,0,0,5.41
2022-08-28,Store_3,SKU_2,59.5,5,0,0,1,5.41
2022-08-29,Store_3,SKU_2,107.67,10,0,0,1,5.41
2022-08-30,Store_3,SKU_2,89.73,6,0,0,0,5.41
2022-08-31,Store_3,SKU_2,94.47,7,0,0,1,5.41
2022-09-01,Store_3,SKU_2,96.9,8,0,0,0,5.41
2022-09-02,Store_3,SKU_2,93.16,6,0,0,0,5.41
2022-09-03,Store_3,SKU_2,107.5,9,0,0,0,5.41
2022-09-04,Store_3,SKU_2,50.8,3,0,0,0,5.41
2022-09-05,Store_3,SKU_2,88.81,6,0,0,0,5.41
2022-09-06,Store_3,SKU_2,82.15,10,0,0,0,5.41
2022-09-07,Store_3,SKU_2,89.62,7,0,0,0,5.41
2022-09-08,Store_3,SKU_2,70.41,7,0,0,0,5.41
2022-09-09,Store_3,SKU_2,130.52,9,1,0,0,5.41
2022-09-10,Store_3,SKU_2,110.4,7,0,0,0,5.41
2022-09-11,Store_3,SKU_2,46.64,4,0,0,0,5.41
2022-09-12,Store_3,SKU_2,94.84,8,0,0,0,5.41
2022-09-13,Store_3,SKU_2,98.07,10,0,0,0,5.41
2022-09-14,Store_3,SKU_2,107.8,9,1,0,0,5.41
2022-09-15,Store_3,SKU_2,77.91,8,0,0,0,5.41
2022-09-16,Store_3,SKU_2,96.59,9,0,0,0,5.41
2022-09-17,Store_3,SKU_2,169.51,14,1,0,0,5.41
2022-09-18,Store_3,SKU_2,53.89,4,0,0,0,5.41
2022-09-19,Store_3,SKU_2,86.42,8,0,0,0,5.41
2022-09-20,Store_3,SKU_2,81.68,6,0,0,0,5.41
2022-09-21,Store_3,SKU_2,88.82,7,0,0,0,5.41
2022-09-22,Store_3,SKU_2,97.76,8,1,0,0,5.41
2022-09-23,Store_3,SKU_2,101.45,8,0,0,0,5.41
2022-09-24,Store_3,SKU_2,106.44,13,0,0,0,5.41
2022-09-25,Store_3,SKU_2,48.32,4,0,0,0,5.41
2022-09-26,Store_3,SKU_2,74.76,8,0,0,0,5.41
2022-09-27,Store_3,SKU_2,85.26,7,0,0,0,5.41
2022-09-28,Store_3,SKU_2,82.89,8,0,0,0,5.41
2022-09-29,Store_3,SKU_2,112.96,8,1,0,0,5.41
2022-09-30,Store_3,SKU_2,139.59,10,1,0,0,5.41
2022-10-01,Store_3,SKU_2,94.92,8,0,0,0,5.41
2022-10-02,Store_3,SKU_2,51.58,3,0,0,0,5.41
2022-10-03,Store_3,SKU_2,66.58,5,0,0,0,5.41
2022-10-04,Store_3,SKU_2,78.07,9,0,0,0,5.41
2022-10-05,Store_3,SKU_2,69.22,8,0,0,0,5.41
2022-10-06,Store_3,SKU_2,64.05,6,0,0,0,5.41
2022-10-07,Store_3,SKU_2,116.62,12,1,0,0,5.41
2022-10-08,Store_3,SKU_2,129.09,10,1,0,0,5.41
2022-10-09,Store_3,SKU_2,37.41,3,0,0,0,5.41
2022-10-10,Store_3,SKU_2,96.87,7,1,0,0,5.41
2022-10-11,Store_3,SKU_2,68.03,5,0,0,0,5.41
2022-10-12,Store_3,SKU_2,68.91,5,0,0,0,5.41
2022-10-13,Store_3,SKU_2,76.76,7,0,0,0,5.41
2022-10-14,Store_3,SKU_2,111.36,11,1,0,0,5.41
2022-10-15,Store_3,SKU_2,101.15,12,0,0,0,5.41
2022-10-16,Store_3,SKU_2,51.13,3,0,0,0,5.41
2022-10-17,Store_3,SKU_2,63.62,7,0,0,0,5.41
2022-10-18,Store_3,SKU_2,58.91,6,0,0,0,5.41
2022-10-19,Store_3,SKU_2,61.28,5,0,0,0,5.41
2022-10-20,Store_3,SKU_2,74.66,5,0,0,0,5.41
2022-10-21,Store_3,SKU_2,75.02,5,0,0,0,5.41
2022-10-22,Store_3,SKU_2,99.27,7,0,0,0,5.41
2022-10-23,Store_3,SKU_2,47.83,4,0,0,0,5.41
2022-10-24,Store_3,SKU_2,79.67,7,0,0,0,5.41
2022-10-25,Store_3,SKU_2,71.33,7,0,0,0,5.41
2022-10-26,Store_3,SKU_2,71.74,8,0,0,0,5.41
2022-10-27,Store_3,SKU_2,74.88,9,0,0,0,5.41
2022-10-28,Store_3,SKU_2,89.66,8,0,0,0,5.41
2022-10-29,Store_3,SKU_2,90.12,6,0,0,0,5.41
2022-10-30,Store_3,SKU_2,54.79,6,0,0,0,5.41
2022-10-31,Store_3,SKU_2,77.72,5,0,0,0,5.41
2022-11-01,Store_3,SKU_2,57.3,5,0,0,0,5.41
2022-11-02,Store_3,SKU_2,86.88,9,1,0,0,5.41
2022-11-03,Store_3,SKU_2,64.44,5,0,0,0,5.41
2022-11-04,Store_3,SKU_2,77.69,6,0,0,0,5.41
2022-11-05,Store_3,SKU_2,88.05,7,0,0,0,5.41
2022-11-06,Store_3,SKU_2,38.79,3,0,0,0,5.41
2022-11-07,Store_3,SKU_2,65.55,5,0,0,0,5.41
2022-11-08,Store_3,SKU_2,59.59,4,0,0,0,5.41
2022-11-09,Store_3,SKU_2,65.53,6,0,0,0,5.41
2022-11-10,Store_3,SKU_2,93.46,7,1,0,0,5.41
2022-11-11,Store_3,SKU_2,120.69,9,1,0,0,5.41
2022-11-12,Store_3,SKU_2,84.47,6,0,0,0,5.41
2022-11-13,Store_3,SKU_2,64.77,5,1,0,0,5.41
2022-11-14,Store_3,SKU_2,69.77,5,0,0,0,5.41
2022-11-15,Store_3,SKU_2,69.35,5,0,0,0,5.41
2022-11-16,Store_3,SKU_2,62.75,5,0,0,0,5.41
2022-11-17,Store_3,SKU_2,92.47,9,1,0,0,5.41
2022-11-18,Store_3,SKU_2,95.56,10,1,0,0,5.41
2022-11-19,Store_3,SKU_2,89.57,6,0,0,0,5.41
2022-11-20,Store_3,SKU_2,44.89,3,0,0,0,5.41
2022-11-21,Store_3,SKU_2,62.08,7,0,0,0,5.41
2022-11-22,Store_3,SKU_2,71.93,8,0,0,0,5.41
2022-11-23,Store_3,SKU_2,58.1,5,0,0,0,5.41
2022-11-24,Store_3,SKU_2,70.89,5,0,0,0,5.41
2022-11-25,Store_3,SKU_2,76.0,6,0,0,0,5.41
2022-11-26,Store_3,SKU_2,86.73,7,0,0,0,5.41
2022-11-27,Store_3,SKU_2,41.09,4,0,0,0,5.41
2022-11-28,Store_3,SKU_2,65.34,7,0,0,0,5.41
2022-11-29,Store_3,SKU_2,55.11,4,0,0,0,5.41
2022-11-30,Store_3,SKU_2,60.61,5,0,0,0,5.41
2022-12-01,Store_3,SKU_2,66.28,6,0,0,0,5.41
2022-12-02,Store_3,SKU_2,72.38,5,0,0,0,5.41
2022-12-03,Store_3,SKU_2,82.49,6,0,0,0,5.41
2022-12-04,Store_3,SKU_2,41.7,5,0,0,0,5.41
2022-12-05,Store_3,SKU_2,80.79,6,0,0,0,5.41
2022-12-06,Store_3,SKU_2,66.09,6,0,0,0,5.41
2022-12-07,Store_3,SKU_2,72.35,7,0,0,0,5.41
2022-12-08,Store_3,SKU_2,67.77,5,0,0,0,5.41
2022-12-09,Store_3,SKU_2,75.37,6,0,0,0,5.41
2022-12-10,Store_3,SKU_2,78.58,6,0,0,0,5.41
2022-12-11,Store_3,SKU_2,41.14,3,0,0,0,5.41
2022-12-12,Store_3,SKU_2,69.56,8,0,0,0,5.41
2022-12-13,Store_3,SKU_2,63.45,5,0,0,0,5.41
2022-12-14,Store_3,SKU_2,80.87,6,1,0,0,5.41
2022-12-15,Store_3,SKU_2,100.86,8,1,0,0,5.41
2022-12-16,Store_3,SKU_2,65.15,4,0,0,0,5.41
2022-12-17,Store_3,SKU_2,83.35,6,0,0,0,5.41
2022-12-18,Store_3,SKU_2,43.22,4,0,0,0,5.41
2022-12-19,Store_3,SKU_2,65.94,5,0,0,0,5.41
2022-12-20,Store_3,SKU_2,64.06,7,0,0,0,5.41
2022-12-21,Store_3,SKU_2,53.84,4,0,0,0,5.41
2022-12-22,Store_3,SKU_2,84.29,7,1,0,0,5.41
2022-12-23,Store_3,SKU_2,73.44,7,0,0,0,5.41
2022-12-24,Store_3,SKU_2,79.68,7,0,0,0,5.41
2022-12-25,Store_3,SKU_2,18.08,1,0,a,0,5.41
2022-12-26,Store_3,SKU_2,29.0,3,0,a,0,5.41
2022-12-27,Store_3,SKU_2,64.98,4,0,0,0,5.41
2022-12-28,Store_3,SKU_2,66.54,6,0,0,0,5.41
2022-12-29,Store_3,SKU_2,68.8,4,0,0,0,5.41
2022-12-30,Store_3,SKU_2,70.12,5,0,0,0,5.41
2022-12-31,Store_3,SKU_2,84.05,7,0,0,0,5.41
2023-01-01,Store_3,SKU_2,18.69,1,0,a,0,5.41
2023-01-02,Store_3,SKU_2,78.81,7,0,0,0,5.41
2023-01-03,Store_3,SKU_2,65.03,6,0,0,0,5.41
2023-01-04,Store_3,SKU_2,64.89,6,0,0,0,5.41
2023-01-05,Store_3,SKU_2,71.36,5,0,0,0,5.41
2023-01-06,Store_3,SKU_2,87.28,7,0,0,0,5.41
2023-01-07,Store_3,SKU_2,83.83,7,0,0,0,5.41
2023-01-08,Store_3,SKU_2,40.91,3,0,0,0,5.41
2023-01-09,Store_3,SKU_2,62.82,5,0,0,0,5.41
2023-01-10,Store_3,SKU_2,64.33,5,0,0,0,5.41
2023-01-11,Store_3,SKU_2,71.75,5,0,0,0,5.41
2023-01-12,Store_3,SKU_2,58.15,4,0,0,0,5.41
2023-01-13,Store_3,SKU_2,78.41,7,0,0,0,5.41
2023-01-14,Store_3,SKU_2,88.02,7,0,0,0,5.41
2023-01-15,Store_3,SKU_2,45.45,4,0,0,0,5.41
2023-01-16,Store_3,SKU_2,71.55,8,0,0,0,5.41
2023-01-17,Store_3,SKU_2,108.59,8,1,0,0,5.41
2023-01-18,Store_3,SKU_2,64.63,4,0,0,0,5.41
2023-01-19,Store_3,SKU_2,95.56,11,1,0,0,5.41
2023-01-20,Store_3,SKU_2,82.19,9,0,0,0,5.41
2023-01-21,Store_3,SKU_2,82.05,9,0,0,0,5.41
2023-01-22,Store_3,SKU_2,42.39,4,0,0,0,5.41
2023-01-23,Store_3,SKU_2,63.3,6,0,0,0,5.41
2023-01-24,Store_3,SKU_2,54.95,4,0,0,0,5.41
2023-01-25,Store_3,SKU_2,69.82,7,0,0,0,5.41
2023-01-26,Store_3,SKU_2,68.16,4,0,0,0,5.41
2023-01-27,Store_3,SKU_2,106.93,7,1,0,0,5.41
2023-01-28,Store_3,SKU_2,122.54,9,1,0,0,5.41
2023-01-29,Store_3,SKU_2,42.0,4,0,0,0,5.41
2023-01-30,Store_3,SKU_2,70.76,7,0,0,0,5.41
2023-01-31,Store_3,SKU_2,69.74,6,0,0,0,5.41
2023-02-01,Store_3,SKU_2,80.6,7,0,0,0,5.41
2023-02-02,Store_3,SKU_2,75.91,5,0,0,0,5.41
2023-02-03,Store_3,SKU_2,83.81,6,0,0,0,5.41
2023-02-04,Store_3,SKU_2,109.08,8,0,0,0,5.41
2023-02-05,Store_3,SKU_2,64.6,5,1,0,0,5.41
2023-02-06,Store_3,SKU_2,76.8,5,0,0,0,5.41
2023-02-07,Store_3,SKU_2,81.17,9,0,0,0,5.41
2023-02-08,Store_3,SKU_2,86.75,9,0,0,0,5.41
2023-02-09,Store_3,SKU_2,77.85,8,0,0,0,5.41
2023-02-10,Store_3,SKU_2,112.54,9,1,0,0,5.41
2023-02-11,Store_3,SKU_2,130.49,15,1,0,0,5.41
2023-02-12,Store_3,SKU_2,44.24,4,0,0,0,5.41
2023-02-13,Store_3,SKU_2,71.15,8,0,0,0,5.41
2023-02-14,Store_3,SKU_2,76.45,7,0,0,0,5.41
2023-02-15,Store_3,SKU_2,79.65,5,0,0,0,5.41
2023-02-16,Store_3,SKU_2,80.28,8,0,0,0,5.41
2023-02-17,Store_3,SKU_2,86.45,7,0,0,0,5.41
2023-02-18,Store_3,SKU_2,98.89,7,0,0,0,5.41
2023-02-19,Store_3,SKU_2,51.14,3,0,0,0,5.41
2023-02-20,Store_3,SKU_2,113.38,11,1,0,0,5.41
2023-02-21,Store_3,SKU_2,73.21,7,0,0,0,5.41
2023-02-22,Store_3,SKU_2,109.76,11,1,0,0,5.41
2023-02-23,Store_3,SKU_2,79.73,7,0,0,0,5.41
2023-02-24,Store_3,SKU_2,87.71,9,0,0,0,5.41
2023-02-25,Store_3,SKU_2,97.05,10,0,0,0,5.41
2023-02-26,Store_3,SKU_2,46.08,4,0,0,0,5.41
2023-02-27,Store_3,SKU_2,85.4,10,0,0,0,5.41
2023-02-28,Store_3,SKU_2,81.67,8,0,0,0,5.41
2023-03-01,Store_3,SKU_2,87.62,7,0,0,0,5.41
2023-03-02,Store_3,SKU_2,87.1,6,0,0,0,5.41
2023-03-03,Store_3,SKU_2,86.08,7,0,0,0,5.41
2023-03-04,Store_3,SKU_2,108.52,10,0,0,0,5.41
2023-03-05,Store_3,SKU_2,54.59,4,0,0,0,5.41
2023-03-06,Store_3,SKU_2,89.86,6,0,0,0,5.41
2023-03-07,Store_3,SKU_2,75.74,6,0,0,0,5.41
2023-03-08,Store_3,SKU_2,80.8,6,0,0,0,5.41
2023-03-09,Store_3,SKU_2,89.57,7,0,0,0,5.41
2023-03-10,Store_3,SKU_2,95.98,10,0,0,0,5.41
2023-03-11,Store_3,SKU_2,114.27,10,0,0,0,5.41
2023-03-12,Store_3,SKU_2,47.81,4,0,0,0,5.41
2023-03-13,Store_3,SKU_2,86.58,9,0,0,0,5.41
2023-03-14,Store_3,SKU_2,76.74,5,0,0,0,5.41
2023-03-15,Store_3,SKU_2,87.05,6,0,0,0,5.41
2023-03-16,Store_3,SKU_2,86.48,7,0,0,0,5.41
2023-03-17,Store_3,SKU_2,102.09,7,0,0,0,5.41
2023-03-18,Store_3,SKU_2,118.03,9,0,0,0,5.41
2023-03-19,Store_3,SKU_2,58.99,6,0,0,0,5.41
2023-03-20,Store_3,SKU_2,89.35,9,0,0,0,5.41
2023-03-21,Store_3,SKU_2,91.16,11,0,0,0,5.41
2023-03-22,Store_3,SKU_2,117.33,12,1,0,0,5.41
2023-03-23,Store_3,SKU_2,91.55,7,0,0,0,5.41
2023-03-24,Store_3,SKU_2,93.08,8,0,0,0,5.41
2023-03-25,Store_3,SKU_2,102.05,8,0,0,0,5.41
2023-03-26,Store_3,SKU_2,47.19,4,0,0,0,5.41
2023-03-27,Store_3,SKU_2,105.09,12,1,0,0,5.41
2023-03-28,Store_3,SKU_2,76.51,6,0,0,0,5.41
2023-03-29,Store_3,SKU_2,84.67,8,0,0,0,5.41
2023-03-30,Store_3,SKU_2,127.85,15,1,0,0,5.41
2023-03-31,Store_3,SKU_2,94.07,7,0,0,0,5.41
2023-04-01,Store_3,SKU_2,120.08,11,0,0,0,5.41
2023-04-02,Store_3,SKU_2,59.35,5,0,0,0,5.41
2023-04-03,Store_3,SKU_2,101.67,7,0,0,0,5.41
2023-04-04,Store_3,SKU_2,94.66,8,0,0,0,5.41
2023-04-05,Store_3,SKU_2,95.11,7,0,0,0,5.41
2023-04-06,Store_3,SKU_2,104.95,11,0,0,0,5.41
2023-04-07,Store_3,SKU_2,112.95,11,0,0,0,5.41
2023-04-08,Store_3,SKU_2,113.71,12,0,0,0,5.41
2023-04-09,Store_3,SKU_2,68.38,5,0,0,0,5.41
2023-04-10,Store_3,SKU_2,98.13,10,0,0,0,5.41
2023-04-11,Store_3,SKU_2,144.45,17,1,0,0,5.41
2023-04-12,Store_3,SKU_2,93.6,9,0,0,0,5.41
2023-04-13,Store_3,SKU_2,85.79,9,0,0,0,5.41
2023-04-14,Store_3,SKU_2,108.21,8,0,0,0,5.41
2023-04-15,Store_3,SKU_2,155.58,13,1,0,0,5.41
2023-04-16,Store_3,SKU_2,63.41,5,0,0,0,5.41
2023-04-17,Store_3,SKU_2,94.28,7,0,0,0,5.41
2023-04-18,Store_3,SKU_2,90.68,9,0,0,0,5.41
2023-04-19,Store_3,SKU_2,93.21,9,0,0,0,5.41
2023-04-20,Store_3,SKU_2,111.16,12,0,0,0,5.41
2023-04-21,Store_3,SKU_2,110.27,8,0,0,0,5.41
2023-04-22,Store_3,SKU_2,135.25,13,0,0,0,5.41
2023-04-23,Store_3,SKU_2,62.29,4,0,0,0,5.41
2023-04-24,Store_3,SKU_2,147.65,13,1,0,0,5.41
2023-04-25,Store_3,SKU_2,156.7,18,1,0,0,5.41
2023-04-26,Store_3,SKU_2,100.02,8,0,0,0,5.41
2023-04-27,Store_3,SKU_2,96.61,9,0,0,0,5.41
2023-04-28,Store_3,SKU_2,106.24,9,0,0,0,5.41
2023-04-29,Store_3,SKU_2,138.91,13,0,0,0,5.41
2023-04-30,Store_3,SKU_2,61.73,5,0,0,0,5.41
2023-05-01,Store_3,SKU_2,104.65,9,0,0,0,5.41
2023-05-02,Store_3,SKU_2,105.23,9,0,0,0,5.41
2023-05-03,Store_3,SKU_2,91.63,11,0,0,0,5.41
2023-05-04,Store_3,SKU_2,118.72,8,0,0,0,5.41
2023-05-05,Store_3,SKU_2,126.33,10,0,0,0,5.41
2023-05-06,Store_3,SKU_2,192.11,21,1,0,0,5.41
2023-05-07,Store_3,SKU_2,64.59,5,0,0,0,5.41
2023-05-08,Store_3,SKU_2,112.59,11,0,0,0,5.41
2023-05-09,Store_3,SKU_2,134.1,11,1,0,0,5.41
2023-05-10,Store_3,SKU_2,141.62,15,1,0,0,5.41
2023-05-11,Store_3,SKU_2,113.66,12,0,0,0,5.41
2023-05-12,Store_3,SKU_2,132.47,10,0,0,0,5.41
2023-05-13,Store_3,SKU_2,140.14,10,0,0,0,5.41
2023-05-14,Store_3,SKU_2,68.32,8,0,0,0,5.41
2023-05-15,Store_3,SKU_2,103.94,11,0,0,0,5.41
2023-05-16,Store_3,SKU_2,95.32,7,0,0,0,5.41
2023-05-17,Store_3,SKU_2,85.87,7,0,0,0,5.41
2023-05-18,Store_3,SKU_2,122.67,12,0,0,0,5.41
2023-05-19,Store_3,SKU_2,130.49,11,0,0,0,5.41
2023-05-20,Store_3,SKU_2,131.55,12,0,0,0,5.41
2023-05-21,Store_3,SKU_2,92.95,9,1,0,0,5.41
2023-05-22,Store_3,SKU_2,127.8,11,0,0,0,5.41
2023-05-23,Store_3,SKU_2,103.94,10,0,0,0,5.41
2023-05-24,Store_3,SKU_2,105.81,8,0,0,0,5.41
2023-05-25,Store_3,SKU_2,106.04,11,0,0,0,5.41
2023-05-26,Store_3,SKU_2,114.97,14,0,0,0,5.41
2023-05-27,Store_3,SKU_2,123.52,12,0,0,0,5.41
2023-05-28,Store_3,SKU_2,63.07,7,0,0,0,5.41
2023-05-29,Store_3,SKU_2,112.57,9,0,0,0,5.41
2023-05-30,Store_3,SKU_2,115.21,13,0,0,0,5.41
2023-05-31,Store_3,SKU_2,119.4,10,0,0,0,5.41
2023-06-01,Store_3,SKU_2,113.4,11,0,0,0,5.41
2023-06-02,Store_3,SKU_2,174.75,14,1,0,0,5.41
2023-06-03,Store_3,SKU_2,153.69,14,0,0,0,5.41
2023-06-04,Store_3,SKU_2,64.09,5,0,0,0,5.41
2023-06-05,Store_3,SKU_2,164.32,11,1,0,0,5.41
2023-06-06,Store_3,SKU_2,144.02,17,1,0,0,5.41
2023-06-07,Store_3,SKU_2,122.02,12,0,0,0,5.41
2023-06-08,Store_3,SKU_2,103.62,11,0,0,0,5.41
2023-06-09,Store_3,SKU_2,130.97,11,0,0,0,5.41
2023-06-10,Store_3,SKU_2,139.24,13,0,0,0,5.41
2023-06-11,Store_3,SKU_2,95.51,7,1,0,0,5.41
2023-06-12,Store_3,SKU_2,141.23,11,1,0,0,5.41
2023-06-13,Store_3,SKU_2,107.02,10,0,0,0,5.41
2023-06-14,Store_3,SKU_2,106.86,11,0,0,0,5.41
2023-06-15,Store_3,SKU_2,149.26,16,1,0,0,5.41
2023-06-16,Store_3,SKU_2,112.23,10,0,0,0,5.41
2023-06-17,Store_3,SKU_2,188.25,14,1,0,0,5.41
2023-06-18,Store_3,SKU_2,63.15,5,0,0,0,5.41
2023-06-19,Store_3,SKU_2,104.0,10,0,0,0,5.41
2023-06-20,Store_3,SKU_2,103.57,7,0,0,0,5.41
2023-06-21,Store_3,SKU_2,109.73,7,0,0,0,5.41
2023-06-22,Store_3,SKU_2,113.49,11,0,0,0,5.41
2023-06-23,Store_3,SKU_2,133.2,10,0,0,0,5.41
2023-06-24,Store_3,SKU_2,154.74,11,0,0,0,5.41
2023-06-25,Store_3,SKU_2,110.72,9,1,0,0,5.41
2023-06-26,Store_3,SKU_2,124.83,9,0,0,0,5.41
2023-06-27,Store_3,SKU_2,109.38,8,0,0,0,5.41
2023-06-28,Store_3,SKU_2,109.27,7,0,0,0,5.41
2023-06-29,Store_3,SKU_2,103.61,7,0,0,0,5.41
2023-06-30,Store_3,SKU_2,122.23,13,0,0,0,5.41
2023-07-01,Store_3,SKU_2,146.63,11,0,0,0,5.41
2023-07-02,Store_3,SKU_2,95.9,7,1,0,1,5.41
2023-07-03,Store_3,SKU_2,120.34,9,0,0,0,5.41
2023-07-04,Store_3,SKU_2,101.44,9,0,0,0,5.41
2023-07-05,Store_3,SKU_2,103.1,8,0,0,1,5.41
2023-07-06,Store_3,SKU_2,92.88,10,0,0,1,5.41
2023-07-07,Store_3,SKU_2,120.05,10,0,0,0,5.41
2023-07-08,Store_3,SKU_2,124.75,9,0,0,0,5.41
2023-07-09,Store_3,SKU_2,64.78,5,0,0,0,5.41
2023-07-10,Store_3,SKU_2,167.85,16,1,0,0,5.41
2023-07-11,Store_3,SKU_2,172.45,14,1,0,0,5.41
2023-07-12,Store_3,SKU_2,153.58,13,1,0,1,5.41
2023-07-13,Store_3,SKU_2,153.02,11,1,0,0,5.41
2023-07-14,Store_3,SKU_2,130.56,13,0,0,1,5.41
2023-07-15,Store_3,SKU_2,126.34,14,0,0,0,5.41
2023-07-16,Store_3,SKU_2,64.74,7,0,0,1,5.41
2023-07-17,Store_3,SKU_2,111.13,12,0,0,0,5.41
2023-07-18,Store_3,SKU_2,104.03,8,0,0,0,5.41
2023-07-19,Store_3,SKU_2,139.6,16,1,0,0,5.41
2023-07-20,Store_3,SKU_2,159.75,15,1,0,0,5.41
2023-07-21,Store_3,SKU_2,113.52,9,0,0,1,5.41
2023-07-22,Store_3,SKU_2,139.42,13,0,0,1,5.41
2023-07-23,Store_3,SKU_2,67.71,5,0,0,0,5.41
2023-07-24,Store_3,SKU_2,107.82,12,0,0,0,5.41
2023-07-25,Store_3,SKU_2,115.6,10,0,0,1,5.41
2023-07-26,Store_3,SKU_2,125.75,14,0,0,1,5.41
2023-07-27,Store_3,SKU_2,93.69,9,0,0,0,5.41
2023-07-28,Store_3,SKU_2,106.27,11,0,0,1,5.41
2023-07-29,Store_3,SKU_2,161.69,17,0,0,1,5.41
2023-07-30,Store_3,SKU_2,69.41,5,0,0,1,5.41
2023-07-31,Store_3,SKU_2,104.62,9,0,0,1,5.41
2023-08-01,Store_3,SKU_2,103.23,11,0,0,0,5.41
2023-08-02,Store_3,SKU_2,98.02,9,0,0,0,5.41
2023-08-03,Store_3,SKU_2,111.31,13,0,0,0,5.41
2023-08-04,Store_3,SKU_2,111.25,8,0,0,0,5.41
2023-08-05,Store_3,SKU_2,121.33,10,0,0,1,5.41
2023-08-06,Store_3,SKU_2,84.95,9,1,0,0,5.41
2023-08-07,Store_3,SKU_2,152.59,17,1,0,0,5.41
2023-08-08,Store_3,SKU_2,109.62,8,0,0,0,5.41
2023-08-09,Store_3,SKU_2,134.6,12,1,0,0,5.41
2023-08-10,Store_3,SKU_2,97.6,7,0,0,0,5.41
2023-08-11,Store_3,SKU_2,99.71,10,0,0,1,5.41
2023-08-12,Store_3,SKU_2,120.24,10,0,0,0,5.41
2023-08-13,Store_3,SKU_2,68.67,7,0,0,0,5.41
2023-08-14,Store_3,SKU_2,106.79,12,0,0,0,5.41
2023-08-15,Store_3,SKU_2,86.21,6,0,0,0,5.41
2023-08-16,Store_3,SKU_2,102.14,9,0,0,0,5.41
2023-08-17,Store_3,SKU_2,95.94,6,0,0,1,5.41
2023-08-18,Store_3,SKU_2,112.67,13,0,0,0,5.41
2023-08-19,Store_3,SKU_2,134.74,15,0,0,1,5.41
2023-08-20,Store_3,SKU_2,64.55,7,0,0,1,5.41
2023-08-21,Store_3,SKU_2,104.85,10,0,0,0,5.41
2023-08-22,Store_3,SKU_2,95.63,11,0,0,1,5.41
2023-08-23,Store_3,SKU_2,91.93,7,0,0,1,5.41
2023-08-24,Store_3,SKU_2,87.79,7,0,0,0,5.41
2023-08-25,Store_3,SKU_2,120.67,11,0,0,0,5.41
2023-08-26,Store_3,SKU_2,178.03,15,1,0,0,5.41
2023-08-27,Store_3,SKU_2,66.15,6,0,0,1,5.41
2023-08-28,Store_3,SKU_2,112.35,10,0,0,0,5.41
2023-08-29,Store_3,SKU_2,106.8,7,0,0,0,5.41
2023-08-30,Store_3,SKU_2,95.44,7,0,0,0,5.41
2023-08-31,Store_3,SKU_2,111.93,11,0,0,1,5.41
2023-09-01,Store_3,SKU_2,99.24,10,0,0,0,5.41
2023-09-02,Store_3,SKU_2,166.96,14,1,0,0,5.41
2023-09-03,Store_3,SKU_2,53.8,5,0,0,0,5.41
2023-09-04,Store_3,SKU_2,112.63,9,0,0,0,5.41
2023-09-05,Store_3,SKU_2,92.9,10,0,0,0,5.41
2023-09-06,Store_3,SKU_2,81.63,6,0,0,0,5.41
2023-09-07,Store_3,SKU_2,94.72,10,0,0,0,5.41
2023-09-08,Store_3,SKU_2,137.82,12,1,0,0,5.41
2023-09-09,Store_3,SKU_2,107.86,8,0,0,0,5.41
2023-09-10,Store_3,SKU_2,49.82,4,0,0,0,5.41
2023-09-11,Store_3,SKU_2,99.5,7,0,0,0,5.41
2023-09-12,Store_3,SKU_2,92.71,7,0,0,0,5.41
2023-09-13,Store_3,SKU_2,83.8,7,0,0,0,5.41
2023-09-14,Store_3,SKU_2,92.08,7,0,0,0,5.41
2023-09-15,Store_3,SKU_2,97.55,8,0,0,0,5.41
2023-09-16,Store_3,SKU_2,110.37,8,0,0,0,5.41
2023-09-17,Store_3,SKU_2,56.12,4,0,0,0,5.41
2023-09-18,Store_3,SKU_2,114.41,10,1,0,0,5.41
2023-09-19,Store_3,SKU_2,85.89,6,0,0,0,5.41
2023-09-20,Store_3,SKU_2,104.91,9,0,0,0,5.41
2023-09-21,Store_3,SKU_2,95.47,10,0,0,0,5.41
2023-09-22,Store_3,SKU_2,149.31,11,1,0,0,5.41
2023-09-23,Store_3,SKU_2,129.53,10,0,0,0,5.41
2023-09-24,Store_3,SKU_2,55.76,5,0,0,0,5.41
2023-09-25,Store_3,SKU_2,94.08,7,0,0,0,5.41
2023-09-26,Store_3,SKU_2,78.14,8,0,0,0,5.41
2023-09-27,Store_3,SKU_2,95.73,7,0,0,0,5.41
2023-09-28,Store_3,SKU_2,81.65,5,0,0,0,5.41
2023-09-29,Store_3,SKU_2,111.46,9,0,0,0,5.41
2023-09-30,Store_3,SKU_2,104.98,8,0,0,0,5.41
2023-10-01,Store_3,SKU_2,44.46,4,0,0,0,5.41
2023-10-02,Store_3,SKU_2,78.2,7,0,0,0,5.41
2023-10-03,Store_3,SKU_2,74.23,5,0,0,0,5.41
2023-10-04,Store_3,SKU_2,83.33,9,0,0,0,5.41
2023-10-05,Store_3,SKU_2,88.02,6,0,0,0,5.41
2023-10-06,Store_3,SKU_2,108.38,8,1,0,0,5.41
2023-10-07,Store_3,SKU_2,141.04,16,1,0,0,5.41
2023-10-08,Store_3,SKU_2,51.33,4,0,0,0,5.41
2023-10-09,Store_3,SKU_2,77.71,7,0,0,0,5.41
2023-10-10,Store_3,SKU_2,62.79,5,0,0,0,5.41
2023-10-11,Store_3,SKU_2,67.63,5,0,0,0,5.41
2023-10-12,Store_3,SKU_2,80.77,6,0,0,0,5.41
2023-10-13,Store_3,SKU_2,91.0,7,0,0,0,5.41
2023-10-14,Store_3,SKU_2,119.54,10,0,0,0,5.41
2023-10-15,Store_3,SKU_2,58.43,6,0,0,0,5.41
2023-10-16,Store_3,SKU_2,70.78,5,0,0,0,5.41
2023-10-17,Store_3,SKU_2,81.42,5,0,0,0,5.41
2023-10-18,Store_3,SKU_2,83.14,7,0,0,0,5.41
2023-10-19,Store_3,SKU_2,89.64,6,0,0,0,5.41
2023-10-20,Store_3,SKU_2,93.36,9,0,0,0,5.41
2023-10-21,Store_3,SKU_2,89.81,7,0,0,0,5.41
2023-10-22,Store_3,SKU_2,76.52,7,1,0,0,5.41
2023-10-23,Store_3,SKU_2,81.72,8,0,0,0,5.41
2023-10-24,Store_3,SKU_2,81.79,7,0,0,0,5.41
2023-10-25,Store_3,SKU_2,107.42,7,1,0,0,5.41
2023-10-26,Store_3,SKU_2,86.57,7,0,0,0,5.41
2023-10-27,Store_3,SKU_2,78.89,8,0,0,0,5.41
2023-10-28,Store_3,SKU_2,110.13,8,0,0,0,5.41
2023-10-29,Store_3,SKU_2,45.88,3,0,0,0,5.41
2023-10-30,Store_3,SKU_2,79.9,6,0,0,0,5.41
2023-10-31,Store_3,SKU_2,74.17,5,0,0,0,5.41
2023-11-01,Store_3,SKU_2,64.97,6,0,0,0,5.41
2023-11-02,Store_3,SKU_2,75.97,7,0,0,0,5.41
2023-11-03,Store_3,SKU_2,76.96,6,0,0,0,5.41
2023-11-04,Store_3,SKU_2,92.71,9,0,0,0,5.41
2023-11-05,Store_3,SKU_2,39.17,4,0,0,0,5.41
2023-11-06,Store_3,SKU_2,81.96,6,0,0,0,5.41
2023-11-07,Store_3,SKU_2,88.86,9,1,0,0,5.41
2023-11-08,Store_3,SKU_2,80.21,6,0,0,0,5.41
2023-11-09,Store_3,SKU_2,80.24,7,0,0,0,5.41
2023-11-10,Store_3,SKU_2,120.14,8,1,0,0,5.41
2023-11-11,Store_3,SKU_2,122.79,9,1,0,0,5.41
2023-11-12,Store_3,SKU_2,41.01,4,0,0,0,5.41
2023-11-13,Store_3,SKU_2,71.24,6,0,0,0,5.41
2023-11-14,Store_3,SKU_2,61.23,5,0,0,0,5.41
2023-11-15,Store_3,SKU_2,83.91,7,0,0,0,5.41
2023-11-16,Store_3,SKU_2,75.99,7,0,0,0,5.41
2023-11-17,Store_3,SKU_2,79.56,6,0,0,0,5.41
2023-11-18,Store_3,SKU_2,103.16,8,0,0,0,5.41
2023-11-19,Store_3,SKU_2,41.36,4,0,0,0,5.41
2023-11-20,Store_3,SKU_2,59.11,4,0,0,0,5.41
2023-11-21,Store_3,SKU_2,58.5,5,0,0,0,5.41
2023-11-22,Store_3,SKU_2,66.45,5,0,0,0,5.41
2023-11-23,Store_3,SKU_2,65.7,7,0,0,0,5.41
2023-11-24,Store_3,SKU_2,85.42,7,0,0,0,5.41
2023-11-25,Store_3,SKU_2,87.93,7,0,0,0,5.41
2023-11-26,Store_3,SKU_2,45.7,3,0,0,0,5.41
2023-11-27,Store_3,SKU_2,77.3,8,0,0,0,5.41
2023-11-28,Store_3,SKU_2,73.44,6,0,0,0,5.41
2023-11-29,Store_3,SKU_2,72.04,7,0,0,0,5.41
2023-11-30,Store_3,SKU_2,77.58,5,0,0,0,5.41
2023-12-01,Store_3,SKU_2,80.92,5,0,0,0,5.41
2023-12-02,Store_3,SKU_2,128.0,15,1,0,0,5.41
2023-12-03,Store_3,SKU_2,39.59,4,0,0,0,5.41
2023-12-04,Store_3,SKU_2,99.85,7,1,0,0,5.41
2023-12-05,Store_3,SKU_2,60.36,4,0,0,0,5.41
2023-12-06,Store_3,SKU_2,68.38,5,0,0,0,5.41
2023-12-07,Store_3,SKU_2,68.99,5,0,0,0,5.41
2023-12-08,Store_3,SKU_2,81.48,6,0,0,0,5.41
2023-12-09,Store_3,SKU_2,91.97,6,0,0,0,5.41
2023-12-10,Store_3,SKU_2,42.81,4,0,0,0,5.41
2023-12-11,Store_3,SKU_2,69.23,5,0,0,0,5.41
2023-12-12,Store_3,SKU_2,91.81,9,1,0,0,5.41
2023-12-13,Store_3,SKU_2,69.96,5,0,0,0,5.41
2023-12-14,Store_3,SKU_2,66.71,5,0,0,0,5.41
2023-12-15,Store_3,SKU_2,68.31,7,0,0,0,5.41
2023-12-16,Store_3,SKU_2,85.79,7,0,0,0,5.41
2023-12-17,Store_3,SKU_2,43.75,4,0,0,0,5.41
2023-12-18,Store_3,SKU_2,68.07,8,0,0,0,5.41
2023-12-19,Store_3,SKU_2,66.82,7,0,0,0,5.41
2023-12-20,Store_3,SKU_2,96.27,7,1,0,0,5.41
2023-12-21,Store_3,SKU_2,100.62,8,1,0,0,5.41
2023-12-22,Store_3,SKU_2,72.38,7,0,0,0,5.41
2023-12-23,Store_3,SKU_2,79.1,9,0,0,0,5.41
2023-12-24,Store_3,SKU_2,41.86,3,0,0,0,5.41
2023-12-25,Store_3,SKU_2,27.93,2,0,a,0,5.41
2023-12-26,Store_3,SKU_2,26.28,2,0,a,0,5.41
2023-12-27,Store_3,SKU_2,68.35,6,0,0,0,5.41
2023-12-28,Store_3,SKU_2,73.23,5,0,0,0,5.41
2023-12-29,Store_3,SKU_2,80.2,6,0,0,0,5.41
2023-12-30,Store_3,SKU_2,89.64,6,0,0,0,5.41
2023-12-31,Store_3,SKU_2,64.61,6,1,0,0,5.41
2024-01-01,Store_3,SKU_2,29.09,2,0,a,0,5.41
2024-01-02,Store_3,SKU_2,69.69,5,0,0,0,5.41
2024-01-03,Store_3,SKU_2,90.77,6,1,0,0,5.41
2024-01-04,Store_3,SKU_2,78.99,7,0,0,0,5.41
2024-01-05,Store_3,SKU_2,81.71,6,0,0,0,5.41
2024-01-06,Store_3,SKU_2,92.28,8,0,0,0,5.41
2024-01-07,Store_3,SKU_2,47.85,5,0,0,0,5.41
2024-01-08,Store_3,SKU_2,56.97,7,0,0,0,5.41
2024-01-09,Store_3,SKU_2,80.53,6,0,0,0,5.41
2024-01-10,Store_3,SKU_2,65.11,4,0,0,0,5.41
2024-01-11,Store_3,SKU_2,83.31,6,0,0,0,5.41
2024-01-12,Store_3,SKU_2,75.8,7,0,0,0,5.41
2024-01-13,Store_3,SKU_2,131.57,15,1,0,0,5.41
2024-01-14,Store_3,SKU_2,63.67,4,1,0,0,5.41
2024-01-15,Store_3,SKU_2,109.06,9,1,0,0,5.41
2024-01-16,Store_3,SKU_2,73.52,5,0,0,0,5.41
2024-01-17,Store_3,SKU_2,64.13,4,0,0,0,5.41
2024-01-18,Store_3,SKU_2,86.94,6,1,0,0,5.41
2024-01-19,Store_3,SKU_2,113.45,12,1,0,0,5.41
2024-01-20,Store_3,SKU_2,108.06,12,1,0,0,5.41
2024-01-21,Store_3,SKU_2,45.07,4,0,0,0,5.41
2024-01-22,Store_3,SKU_2,78.57,6,0,0,0,5.41
2024-01-23,Store_3,SKU_2,70.39,6,0,0,0,5.41
2024-01-24,Store_3,SKU_2,74.24,8,0,0,0,5.41
2024-01-25,Store_3,SKU_2,65.02,5,0,0,0,5.41
2024-01-26,Store_3,SKU_2,73.61,8,0,0,0,5.41
2024-01-27,Store_3,SKU_2,87.13,7,0,0,0,5.41
2024-01-28,Store_3,SKU_2,38.87,4,0,0,0,5.41
2024-01-29,Store_3,SKU_2,92.15,8,0,0,0,5.41
2024-01-30,Store_3,SKU_2,80.39,8,0,0,0,5.41
2024-01-31,Store_3,SKU_2,72.63,5,0,0,0,5.41
2024-02-01,Store_3,SKU_2,95.87,8,0,0,0,5.41
2024-02-02,Store_3,SKU_2,133.02,10,1,0,0,5.41
2024-02-03,Store_3,SKU_2,122.83,13,0,0,0,5.41
2024-02-04,Store_3,SKU_2,52.43,4,0,0,0,5.41
2024-02-05,Store_3,SKU_2,82.54,10,0,0,0,5.41
2024-02-06,Store_3,SKU_2,91.98,8,0,0,0,5.41
2024-02-07,Store_3,SKU_2,72.58,5,0,0,0,5.41
2024-02-08,Store_3,SKU_2,78.95,9,0,0,0,5.41
2024-02-09,Store_3,SKU_2,101.9,7,0,0,0,5.41
2024-02-10,Store_3,SKU_2,133.97,9,1,0,0,5.41
2024-02-11,Store_3,SKU_2,47.51,3,0,0,0,5.41
2024-02-12,Store_3,SKU_2,80.81,7,0,0,0,5.41
2024-02-13,Store_3,SKU_2,82.93,7,0,0,0,5.41
2024-02-14,Store_3,SKU_2,82.43,9,0,0,0,5.41
2024-02-15,Store_3,SKU_2,75.61,9,0,0,0,5.41
2024-02-16,Store_3,SKU_2,98.86,7,0,0,0,5.41
2024-02-17,Store_3,SKU_2,116.35,14,0,0,0,5.41
2024-02-18,Store_3,SKU_2,69.56,6,1,0,0,5.41
2024-02-19,Store_3,SKU_2,82.76,6,0,0,0,5.41
2024-02-20,Store_3,SKU_2,84.6,7,0,0,0,5.41
2024-02-21,Store_3,SKU_2,71.97,6,0,0,0,5.41
2024-02-22,Store_3,SKU_2,71.21,6,0,0,0,5.41
2024-02-23,Store_3,SKU_2,101.36,8,0,0,0,5.41
2024-02-24,Store_3,SKU_2,90.31,8,0,0,0,5.41
2024-02-25,Store_3,SKU_2,51.32,5,0,0,0,5.41
2024-02-26,Store_3,SKU_2,86.82,8,0,0,0,5.41
2024-02-27,Store_3,SKU_2,72.08,7,0,0,0,5.41
2024-02-28,Store_3,SKU_2,80.29,9,0,0,0,5.41
2024-02-29,Store_3,SKU_2,122.91,9,1,0,0,5.41
2024-03-01,Store_3,SKU_2,112.63,13,0,0,0,5.41
2024-03-02,Store_3,SKU_2,98.8,8,0,0,0,5.41
2024-03-03,Store_3,SKU_2,80.85,6,1,0,0,5.41
2024-03-04,Store_3,SKU_2,90.76,9,0,0,0,5.41
2024-03-05,Store_3,SKU_2,135.33,16,1,0,0,5.41
2024-03-06,Store_3,SKU_2,90.37,7,0,0,0,5.41
2024-03-07,Store_3,SKU_2,105.75,12,0,0,0,5.41
2024-03-08,Store_3,SKU_2,107.05,13,0,0,0,5.41
2024-03-09,Store_3,SKU_2,176.86,17,1,0,0,5.41
2024-03-10,Store_3,SKU_2,54.05,4,0,0,0,5.41
2024-03-11,Store_3,SKU_2,94.48,9,0,0,0,5.41
2024-03-12,Store_3,SKU_2,96.33,9,0,0,0,5.41
2024-03-13,Store_3,SKU_2,96.79,7,0,0,0,5.41
2024-03-14,Store_3,SKU_2,138.18,10,1,0,0,5.41
2024-03-15,Store_3,SKU_2,110.77,8,0,0,0,5.41
2024-03-16,Store_3,SKU_2,130.34,10,0,0,0,5.41
2024-03-17,Store_3,SKU_2,49.31,5,0,0,0,5.41
2024-03-18,Store_3,SKU_2,100.55,8,0,0,0,5.41
2024-03-19,Store_3,SKU_2,89.33,7,0,0,0,5.41
2024-03-20,Store_3,SKU_2,112.52,9,1,0,0,5.41
2024-03-21,Store_3,SKU_2,101.21,11,0,0,0,5.41
2024-03-22,Store_3,SKU_2,116.48,10,0,0,0,5.41
2024-03-23,Store_3,SKU_2,104.66,11,0,0,0,5.41
2024-03-24,Store_3,SKU_2,87.31,7,1,0,0,5.41
2024-03-25,Store_3,SKU_2,81.95,6,0,0,0,5.41
2024-03-26,Store_3,SKU_2,97.79,10,0,0,0,5.41
2024-03-27,Store_3,SKU_2,124.74,9,1,0,0,5.41
2024-03-28,Store_3,SKU_2,132.43,14,1,0,0,5.41
2024-03-29,Store_3,SKU_2,108.07,8,0,0,0,5.41
2024-03-30,Store_3,SKU_2,125.94,9,0,0,0,5.41
2024-03-31,Store_3,SKU_2,65.54,4,0,0,0,5.41
2024-04-01,Store_3,SKU_2,163.13,13,1,0,0,5.41
2024-04-02,Store_3,SKU_2,109.83,9,0,0,0,5.41
2024-04-03,Store_3,SKU_2,94.57,11,0,0,0,5.41
2024-04-04,Store_3,SKU_2,115.96,9,0,0,0,5.41
2024-04-05,Store_3,SKU_2,122.93,9,0,0,0,5.41
2024-04-06,Store_3,SKU_2,137.26,12,0,0,0,5.41
2024-04-07,Store_3,SKU_2,65.03,5,0,0,0,5.41
2024-04-08,Store_3,SKU_2,105.05,13,0,0,0,5.41
2024-04-09,Store_3,SKU_2,155.5,15,1,0,0,5.41
2024-04-10,Store_3,SKU_2,114.66,9,0,0,0,5.41
2024-04-11,Store_3,SKU_2,115.03,9,0,0,0,5.41
2024-04-12,Store_3,SKU_2,116.81,10,0,0,0,5.41
2024-04-13,Store_3,SKU_2,120.56,13,0,0,0,5.41
2024-04-14,Store_3,SKU_2,64.42,7,0,0,0,5.41
2024-04-15,Store_3,SKU_2,141.68,17,1,0,0,5.41
2024-04-16,Store_3,SKU_2,152.74,11,1,0,0,5.41
2024-04-17,Store_3,SKU_2,110.5,11,0,0,0,5.41
2024-04-18,Store_3,SKU_2,100.23,10,0,0,0,5.41
2024-04-19,Store_3,SKU_2,177.54,17,1,0,0,5.41
2024-04-20,Store_3,SKU_2,173.79,19,1,0,0,5.41
2024-04-21,Store_3,SKU_2,85.11,6,1,0,0,5.41
2024-04-22,Store_3,SKU_2,108.87,11,0,0,0,5.41
2024-04-23,Store_3,SKU_2,92.05,9,0,0,0,5.41
2024-04-24,Store_3,SKU_2,141.43,10,1,0,0,5.41
2024-04-25,Store_3,SKU_2,151.35,15,1,0,0,5.41
2024-04-26,Store_3,SKU_2,122.75,14,0,0,0,5.41
2024-04-27,Store_3,SKU_2,130.95,10,0,0,0,5.41
2024-04-28,Store_3,SKU_2,61.5,7,0,0,0,5.41
2024-04-29,Store_3,SKU_2,113.52,9,0,0,0,5.41
2024-04-30,Store_3,SKU_2,137.58,12,1,0,0,5.41
2024-05-01,Store_3,SKU_2,151.72,11,1,0,0,5.41
2024-05-02,Store_3,SKU_2,102.12,11,0,0,0,5.41
2024-05-03,Store_3,SKU_2,112.39,11,0,0,0,5.41
2024-05-04,Store_3,SKU_2,147.44,15,0,0,0,5.41
2024-05-05,Store_3,SKU_2,65.54,7,0,0,0,5.41
2024-05-06,Store_3,SKU_2,129.82,9,0,0,0,5.41
2024-05-07,Store_3,SKU_2,172.68,14,1,0,0,5.41
2024-05-08,Store_3,SKU_2,106.15,9,0,0,0,5.41
2024-05-09,Store_3,SKU_2,121.08,13,0,0,0,5.41
2024-05-10,Store_3,SKU_2,200.84,15,1,0,0,5.41
2024-05-11,Store_3,SKU_2,144.58,10,0,0,0,5.41
2024-05-12,Store_3,SKU_2,64.97,5,0,0,0,5.41
2024-05-13,Store_3,SKU_2,120.31,8,0,0,0,5.41
2024-05-14,Store_3,SKU_2,115.16,9,0,0,0,5.41
2024-05-15,Store_3,SKU_2,123.97,10,0,0,0,5.41
2024-05-16,Store_3,SKU_2,118.04,9,0,0,0,5.41
2024-05-17,Store_3,SKU_2,131.27,11,0,0,0,5.41
2024-05-18,Store_3,SKU_2,145.62,17,0,0,0,5.41
2024-05-19,Store_3,SKU_2,65.14,7,0,0,0,5.41
2024-05-20,Store_3,SKU_2,112.04,13,0,0,0,5.41
2024-05-21,Store_3,SKU_2,122.56,9,0,0,0,5.41
2024-05-22,Store_3,SKU_2,173.67,13,1,0,0,5.41
2024-05-23,Store_3,SKU_2,166.89,19,1,0,0,5.41
2024-05-24,Store_3,SKU_2,171.35,12,1,0,0,5.41
2024-05-25,Store_3,SKU_2,149.98,18,0,0,0,5.41
2024-05-26,Store_3,SKU_2,62.27,4,0,0,0,5.41
2024-05-27,Store_3,SKU_2,105.56,8,0,0,0,5.41
2024-05-28,Store_3,SKU_2,152.81,16,1,0,0,5.41
2024-05-29,Store_3,SKU_2,103.8,8,0,0,0,5.41
2024-05-30,Store_3,SKU_2,111.98,8,0,0,0,5.41
2024-05-31,Store_3,SKU_2,134.69,10,0,0,0,5.41
2024-06-01,Store_3,SKU_2,216.12,17,1,0,0,5.41
2024-06-02,Store_3,SKU_2,74.11,6,0,0,0,5.41
2024-06-03,Store_3,SKU_2,132.84,13,0,0,0,5.41
2024-06-04,Store_3,SKU_2,131.16,9,0,0,0,5.41
2024-06-05,Store_3,SKU_2,158.41,13,1,0,0,5.41
2024-06-06,Store_3,SKU_2,119.99,10,0,0,0,5.41
2024-06-07,Store_3,SKU_2,126.97,9,0,0,0,5.41
2024-06-08,Store_3,SKU_2,191.67,19,1,0,0,5.41
2024-06-09,Store_3,SKU_2,66.88,7,0,0,0,5.41
2024-06-10,Store_3,SKU_2,117.27,14,0,0,0,5.41
2024-06-11,Store_3,SKU_2,101.21,7,0,0,0,5.41
2024-06-12,Store_3,SKU_2,112.89,9,0,0,0,5.41
2024-06-13,Store_3,SKU_2,127.38,14,0,0,0,5.41
2024-06-14,Store_3,SKU_2,126.67,9,0,0,0,5.41
2024-06-15,Store_3,SKU_2,152.9,15,0,0,0,5.41
2024-06-16,Store_3,SKU_2,78.44,6,0,0,0,5.41
2024-06-17,Store_3,SKU_2,126.83,9,0,0,0,5.41
2024-06-18,Store_3,SKU_2,121.07,11,0,0,0,5.41
2024-06-19,Store_3,SKU_2,124.09,14,0,0,0,5.41
2024-06-20,Store_3,SKU_2,190.56,20,1,0,0,5.41
2024-06-21,Store_3,SKU_2,148.44,15,0,0,0,5.41
2024-06-22,Store_3,SKU_2,144.57,10,0,0,0,5.41
2024-06-23,Store_3,SKU_2,83.36,9,0,0,0,5.41
2024-06-24,Store_3,SKU_2,107.77,11,0,0,0,5.41
2024-06-25,Store_3,SKU_2,96.86,6,0,0,0,5.41
2024-06-26,Store_3,SKU_2,123.03,13,0,0,0,5.41
2024-06-27,Store_3,SKU_2,130.84,9,0,0,0,5.41
2024-06-28,Store_3,SKU_2,127.69,9,0,0,0,5.41
2024-06-29,Store_3,SKU_2,137.66,17,0,0,0,5.41
2024-06-30,Store_3,SKU_2,76.18,6,0,0,0,5.41
2024-07-01,Store_3,SKU_2,113.06,10,0,0,0,5.41
2024-07-02,Store_3,SKU_2,109.83,10,0,0,1,5.41
2024-07-03,Store_3,SKU_2,121.57,9,0,0,0,5.41
2024-07-04,Store_3,SKU_2,123.82,11,0,0,0,5.41
2024-07-05,Store_3,SKU_2,136.6,10,0,0,1,5.41
2024-07-06,Store_3,SKU_2,122.54,10,0,0,0,5.41
2024-07-07,Store_3,SKU_2,71.11,5,0,0,0,5.41
2024-07-08,Store_3,SKU_2,124.41,13,0,0,1,5.41
2024-07-09,Store_3,SKU_2,132.02,9,0,0,0,5.41
2024-07-10,Store_3,SKU_2,105.19,8,0,0,1,5.41
2024-07-11,Store_3,SKU_2,131.4,9,0,0,1,5.41
2024-07-12,Store_3,SKU_2,152.06,11,0,0,0,5.41
2024-07-13,Store_3,SKU_2,155.54,11,0,0,1,5.41
2024-07-14,Store_3,SKU_2,73.75,5,0,0,0,5.41
2024-07-15,Store_3,SKU_2,119.82,14,0,0,0,5.41
2024-07-16,Store_3,SKU_2,120.51,11,0,0,1,5.41
2024-07-17,Store_3,SKU_2,126.95,13,0,0,1,5.41
2024-07-18,Store_3,SKU_2,159.13,16,1,0,0,5.41
2024-07-19,Store_3,SKU_2,178.07,15,1,0,0,5.41
2024-07-20,Store_3,SKU_2,140.54,13,0,0,1,5.41
2024-07-21,Store_3,SKU_2,76.8,5,0,0,1,5.41
2024-07-22,Store_3,SKU_2,169.9,12,1,0,1,5.41
2024-07-23,Store_3,SKU_2,94.83,9,0,0,0,5.41
2024-07-24,Store_3,SKU_2,106.68,9,0,0,0,5.41
2024-07-25,Store_3,SKU_2,122.48,10,0,0,0,5.41
2024-07-26,Store_3,SKU_2,192.49,14,1,0,0,5.41
2024-07-27,Store_3,SKU_2,159.84,16,0,0,0,5.41
2024-07-28,Store_3,SKU_2,59.31,4,0,0,1,5.41
2024-07-29,Store_3,SKU_2,119.06,13,0,0,0,5.41
2024-07-30,Store_3,SKU_2,172.77,13,1,0,0,5.41
2024-07-31,Store_3,SKU_2,118.52,14,0,0,0,5.41
2024-08-01,Store_3,SKU_2,107.74,12,0,0,0,5.41
2024-08-02,Store_3,SKU_2,104.09,12,0,0,0,5.41
2024-08-03,Store_3,SKU_2,138.25,16,0,0,0,5.41
2024-08-04,Store_3,SKU_2,56.21,6,0,0,0,5.41
2024-08-05,Store_3,SKU_2,99.1,7,0,0,1,5.41
2024-08-06,Store_3,SKU_2,102.47,7,0,0,0,5.41
2024-08-07,Store_3,SKU_2,151.81,12,1,0,1,5.41
2024-08-08,Store_3,SKU_2,120.66,10,0,0,0,5.41
2024-08-09,Store_3,SKU_2,110.6,9,0,0,1,5.41
2024-08-10,Store_3,SKU_2,152.92,13,0,0,1,5.41
2024-08-11,Store_3,SKU_2,65.77,6,0,0,0,5.41
2024-08-12,Store_3,SKU_2,109.66,8,0,0,1,5.41
2024-08-13,Store_3,SKU_2,122.41,10,0,0,1,5.41
2024-08-14,Store_3,SKU_2,95.5,7,0,0,0,5.41
2024-08-15,Store_3,SKU_2,106.51,9,0,0,0,5.41
2024-08-16,Store_3,SKU_2,140.08,11,0,0,1,5.41
2024-08-17,Store_3,SKU_2,139.54,14,0,0,1,5.41
2024-08-18,Store_3,SKU_2,68.51,4,0,0,0,5.41
2024-08-19,Store_3,SKU_2,118.53,14,0,0,1,5.41
2024-08-20,Store_3,SKU_2,111.85,8,0,0,0,5.41
2024-08-21,Store_3,SKU_2,109.37,10,0,0,0,5.41
2024-08-22,Store_3,SKU_2,116.01,14,0,0,1,5.41
2024-08-23,Store_3,SKU_2,128.99,13,0,0,1,5.41
2024-08-24,Store_3,SKU_2,160.29,11,0,0,0,5.41
2024-08-25,Store_3,SKU_2,78.08,6,0,0,0,5.41
2024-08-26,Store_3,SKU_2,122.0,14,0,0,1,5.41
2024-08-27,Store_3,SKU_2,153.88,13,1,0,0,5.41
2024-08-28,Store_3,SKU_2,139.2,11,1,0,1,5.41
2024-08-29,Store_3,SKU_2,105.53,11,0,0,1,5.41
2024-08-30,Store_3,SKU_2,130.48,10,0,0,1,5.41
2024-08-31,Store_3,SKU_2,128.56,11,0,0,0,5.41
2024-09-01,Store_3,SKU_2,79.36,9,1,0,0,5.41
2024-09-02,Store_3,SKU_2,96.82,7,0,0,0,5.41
2024-09-03,Store_3,SKU_2,102.41,7,0,0,0,5.41
2024-09-04,Store_3,SKU_2,93.49,6,0,0,0,5.41
2024-09-05,Store_3,SKU_2,106.69,10,0,0,0,5.41
2024-09-06,Store_3,SKU_2,111.85,9,0,0,0,5.41
2024-09-07,Store_3,SKU_2,127.68,11,0,0,0,5.41
2024-09-08,Store_3,SKU_2,59.07,5,0,0,0,5.41
2024-09-09,Store_3,SKU_2,89.52,10,0,0,0,5.41
2024-09-10,Store_3,SKU_2,91.79,8,0,0,0,5.41
2024-09-11,Store_3,SKU_2,93.63,11,0,0,0,5.41
2024-09-12,Store_3,SKU_2,105.79,10,0,0,0,5.41
2024-09-13,Store_3,SKU_2,97.23,6,0,0,0,5.41
2024-09-14,Store_3,SKU_2,135.97,10,0,0,0,5.41
2024-09-15,Store_3,SKU_2,65.08,4,0,0,0,5.41
2024-09-16,Store_3,SKU_2,95.54,9,0,0,0,5.41
2024-09-17,Store_3,SKU_2,96.61,6,0,0,0,5.41
2024-09-18,Store_3,SKU_2,95.35,11,0,0,0,5.41
2024-09-19,Store_3,SKU_2,85.5,7,0,0,0,5.41
2024-09-20,Store_3,SKU_2,116.54,11,0,0,0,5.41
2024-09-21,Store_3,SKU_2,178.3,16,1,0,0,5.41
2024-09-22,Store_3,SKU_2,54.71,6,0,0,0,5.41
2024-09-23,Store_3,SKU_2,91.68,9,0,0,0,5.41
2024-09-24,Store_3,SKU_2,112.21,8,0,0,0,5.41
2024-09-25,Store_3,SKU_2,91.33,6,0,0,0,5.41
2024-09-26,Store_3,SKU_2,103.54,12,0,0,0,5.41
2024-09-27,Store_3,SKU_2,121.24,8,0,0,0,5.41
2024-09-28,Store_3,SKU_2,115.67,10,0,0,0,5.41
2024-09-29,Store_3,SKU_2,58.5,4,0,0,0,5.41
2024-09-30,Store_3,SKU_2,105.47,10,0,0,0,5.41
2024-10-01,Store_3,SKU_2,89.65,6,0,0,0,5.41
2024-10-02,Store_3,SKU_2,79.18,5,0,0,0,5.41
2024-10-03,Store_3,SKU_2,82.91,6,0,0,0,5.41
2024-10-04,Store_3,SKU_2,104.34,8,0,0,0,5.41
2024-10-05,Store_3,SKU_2,105.08,11,0,0,0,5.41
2024-10-06,Store_3,SKU_2,49.55,3,0,0,0,5.41
2024-10-07,Store_3,SKU_2,87.78,10,0,0,0,5.41
2024-10-08,Store_3,SKU_2,79.74,6,0,0,0,5.41
2024-10-09,Store_3,SKU_2,117.09,8,1,0,0,5.41
2024-10-10,Store_3,SKU_2,89.21,7,0,0,0,5.41
2024-10-11,Store_3,SKU_2,93.96,9,0,0,0,5.41
2024-10-12,Store_3,SKU_2,145.98,12,1,0,0,5.41
2024-10-13,Store_3,SKU_2,50.74,3,0,0,0,5.41
2024-10-14,Store_3,SKU_2,85.99,10,0,0,0,5.41
2024-10-15,Store_3,SKU_2,95.42,8,0,0,0,5.41
2024-10-16,Store_3,SKU_2,88.3,8,0,0,0,5.41
2024-10-17,Store_3,SKU_2,85.23,8,0,0,0,5.41
2024-10-18,Store_3,SKU_2,89.83,6,0,0,0,5.41
2024-10-19,Store_3,SKU_2,133.44,12,1,0,0,5.41
2024-10-20,Store_3,SKU_2,54.28,4,0,0,0,5.41
2024-10-21,Store_3,SKU_2,87.09,10,0,0,0,5.41
2024-10-22,Store_3,SKU_2,80.48,7,0,0,0,5.41
2024-10-23,Store_3,SKU_2,82.26,8,0,0,0,5.41
2024-10-24,Store_3,SKU_2,86.84,6,0,0,0,5.41
2024-10-25,Store_3,SKU_2,99.66,9,0,0,0,5.41
2024-10-26,Store_3,SKU_2,124.48,13,0,0,0,5.41
2024-10-27,Store_3,SKU_2,51.23,6,0,0,0,5.41
2024-10-28,Store_3,SKU_2,101.0,9,0,0,0,5.41
2024-10-29,Store_3,SKU_2,77.58,9,0,0,0,5.41
2024-10-30,Store_3,SKU_2,89.77,6,0,0,0,5.41
2024-10-31,Store_3,SKU_2,90.2,6,0,0,0,5.41
2024-11-01,Store_3,SKU_2,90.97,7,0,0,0,5.41
2024-11-02,Store_3,SKU_2,114.39,9,0,0,0,5.41
2024-11-03,Store_3,SKU_2,43.7,3,0,0,0,5.41
2024-11-04,Store_3,SKU_2,78.7,7,0,0,0,5.41
2024-11-05,Store_3,SKU_2,78.24,7,0,0,0,5.41
2024-11-06,Store_3,SKU_2,67.13,5,0,0,0,5.41
2024-11-07,Store_3,SKU_2,64.17,6,0,0,0,5.41
2024-11-08,Store_3,SKU_2,82.85,8,0,0,0,5.41
2024-11-09,Store_3,SKU_2,100.95,11,0,0,0,5.41
2024-11-10,Store_3,SKU_2,49.34,4,0,0,0,5.41
2024-11-11,Store_3,SKU_2,74.95,6,0,0,0,5.41
2024-11-12,Store_3,SKU_2,72.65,7,0,0,0,5.41
2024-11-13,Store_3,SKU_2,80.81,6,0,0,0,5.41
2024-11-14,Store_3,SKU_2,70.67,6,0,0,0,5.41
2024-11-15,Store_3,SKU_2,85.15,6,0,0,0,5.41
2024-11-16,Store_3,SKU_2,88.48,10,0,0,0,5.41
2024-11-17,Store_3,SKU_2,49.27,5,0,0,0,5.41
2024-11-18,Store_3,SKU_2,90.99,9,0,0,0,5.41
2024-11-19,Store_3,SKU_2,68.5,5,0,0,0,5.41
2024-11-20,Store_3,SKU_2,113.38,8,1,0,0,5.41
2024-11-21,Store_3,SKU_2,71.72,6,0,0,0,5.41
2024-11-22,Store_3,SKU_2,89.49,6,0,0,0,5.41
2024-11-23,Store_3,SKU_2,98.24,12,0,0,0,5.41
2024-11-24,Store_3,SKU_2,44.58,4,0,0,0,5.41
2024-11-25,Store_3,SKU_2,89.05,8,0,0,0,5.41
2024-11-26,Store_3,SKU_2,79.08,5,0,0,0,5.41
2024-11-27,Store_3,SKU_2,63.16,5,0,0,0,5.41
2024-11-28,Store_3,SKU_2,79.44,6,0,0,0,5.41
2024-11-29,Store_3,SKU_2,86.0,9,0,0,0,5.41
2024-11-30,Store_3,SKU_2,86.68,8,0,0,0,5.41
2024-12-01,Store_3,SKU_2,45.71,4,0,0,0,5.41
2024-12-02,Store_3,SKU_2,92.04,7,0,0,0,5.41
2024-12-03,Store_3,SKU_2,70.52,5,0,0,0,5.41
2024-12-04,Store_3,SKU_2,77.77,6,0,0,0,5.41
2024-12-05,Store_3,SKU_2,105.4,12,1,0,0,5.41
2024-12-06,Store_3,SKU_2,79.8,9,0,0,0,5.41
2024-12-07,Store_3,SKU_2,91.71,7,0,0,0,5.41
2024-12-08,Store_3,SKU_2,42.3,3,0,0,0,5.41
2024-12-09,Store_3,SKU_2,124.96,9,1,0,0,5.41
2024-12-10,Store_3,SKU_2,89.58,7,1,0,0,5.41
2024-12-11,Store_3,SKU_2,81.18,6,0,0,0,5.41
2024-12-12,Store_3,SKU_2,80.66,7,0,0,0,5.41
2024-12-13,Store_3,SKU_2,87.24,9,0,0,0,5.41
2024-12-14,Store_3,SKU_2,85.45,9,0,0,0,5.41
2024-12-15,Store_3,SKU_2,57.06,4,1,0,0,5.41
2024-12-16,Store_3,SKU_2,71.89,7,0,0,0,5.41
2024-12-17,Store_3,SKU_2,79.74,6,0,0,0,5.41
2024-12-18,Store_3,SKU_2,78.42,7,0,0,0,5.41
2024-12-19,Store_3,SKU_2,77.32,6,0,0,0,5.41
2024-12-20,Store_3,SKU_2,80.18,6,0,0,0,5.41
2024-12-21,Store_3,SKU_2,98.55,8,0,0,0,5.41
2024-12-22,Store_3,SKU_2,38.0,3,0,0,0,5.41
2024-12-23,Store_3,SKU_2,80.13,8,0,0,0,5.41
2024-12-24,Store_3,SKU_2,65.41,5,0,0,0,5.41
2024-12-25,Store_3,SKU_2,28.47,2,0,a,0,5.41
2024-12-26,Store_3,SKU_2,30.51,2,0,a,0,5.41
2024-12-27,Store_3,SKU_2,75.77,6,0,0,0,5.41
2024-12-28,Store_3,SKU_2,91.0,7,0,0,0,5.41
2024-12-29,Store_3,SKU_2,36.45,3,0,0,0,5.41
2024-12-30,Store_3,SKU_2,74.71,9,0,0,0,5.41
2024-12-31,Store_3,SKU_2,76.53,8,0,0,0,5.41
2022-01-01,Store_3,SKU_3,34.04,2,1,a,0,6.4
2022-01-02,Store_3,SKU_3,48.75,3,1,0,0,6.4
2022-01-03,Store_3,SKU_3,41.75,3,0,0,0,6.4
2022-01-04,Store_3,SKU_3,48.45,5,0,0,0,6.4
2022-01-05,Store_3,SKU_3,49.06,4,0,0,0,6.4
2022-01-06,Store_3,SKU_3,51.21,4,0,0,0,6.4
2022-01-07,Store_3,SKU_3,59.0,5,0,0,0,6.4
2022-01-08,Store_3,SKU_3,59.24,4,0,0,0,6.4
2022-01-09,Store_3,SKU_3,26.68,2,0,0,0,6.4
2022-01-10,Store_3,SKU_3,49.18,3,0,0,0,6.4
2022-01-11,Store_3,SKU_3,51.99,6,0,0,0,6.4
2022-01-12,Store_3,SKU_3,56.26,4,0,0,0,6.4
2022-01-13,Store_3,SKU_3,49.23,3,0,0,0,6.4
2022-01-14,Store_3,SKU_3,52.12,5,0,0,0,6.4
2022-01-15,Store_3,SKU_3,51.29,5,0,0,0,6.4
2022-01-16,Store_3,SKU_3,29.85,2,0,0,0,6.4
2022-01-17,Store_3,SKU_3,57.95,5,0,0,0,6.4
2022-01-18,Store_3,SKU_3,47.41,3,0,0,0,6.4
2022-01-19,Store_3,SKU_3,47.91,5,0,0,0,6.4
2022-01-20,Store_3,SKU_3,47.23,4,0,0,0,6.4
2022-01-21,Store_3,SKU_3,62.75,4,0,0,0,6.4
2022-01-22,Store_3,SKU_3,85.89,8,1,0,0,6.4
2022-01-23,Store_3,SKU_3,28.01,2,0,0,0,6.4
2022-01-24,Store_3,SKU_3,51.63,4,0,0,0,6.4
2022-01-25,Store_3,SKU_3,68.39,5,1,0,0,6.4
2022-01-26,Store_3,SKU_3,38.69,3,0,0,0,6.4
2022-01-27,Store_3,SKU_3,50.3,4,0,0,0,6.4
2022-01-28,Store_3,SKU_3,57.3,7,0,0,0,6.4
2022-01-29,Store_3,SKU_3,64.53,7,0,0,0,6.4
2022-01-30,Store_3,SKU_3,30.9,2,0,0,0,6.4
2022-01-31,Store_3,SKU_3,50.82,4,0,0,0,6.4
2022-02-01,Store_3,SKU_3,53.82,3,0,0,0,6.4
2022-02-02,Store_3,SKU_3,54.74,4,0,0,0,6.4
2022-02-03,Store_3,SKU_3,51.92,5,0,0,0,6.4
2022-02-04,Store_3,SKU_3,45.23,3,0,0,0,6.4
2022-02-05,Store_3,SKU_3,73.69,6,0,0,0,6.4
2022-02-06,Store_3,SKU_3,33.3,4,0,0,0,6.4
2022-02-07,Store_3,SKU_3,56.16,5,0,0,0,6.4
2022-02-08,Store_3,SKU_3,52.95,4,0,0,0,6.4
2022-02-09,Store_3,SKU_3,50.98,5,0,0,0,6.4
2022-02-10,Store_3,SKU_3,58.15,6,0,0,0,6.4
2022-02-11,Store_3,SKU_3,58.68,4,0,0,0,6.4
2022-02-12,Store_3,SKU_3,66.52,5,0,0,0,6.4
2022-02-13,Store_3,SKU_3,52.53,3,1,0,0,6.4
2022-02-14,Store_3,SKU_3,49.74,3,0,0,0,6.4
2022-02-15,Store_3,SKU_3,68.88,7,1,0,0,6.4
2022-02-16,Store_3,SKU_3,55.16,5,0,0,0,6.4
2022-02-17,Store_3,SKU_3,56.61,4,0,0,0,6.4
2022-02-18,Store_3,SKU_3,65.41,7,0,0,0,6.4
2022-02-19,Store_3,SKU_3,80.11,7,0,0,0,6.4
2022-02-20,Store_3,SKU_3,37.44,3,0,0,0,6.4
2022-02-21,Store_3,SKU_3,75.43,6,1,0,0,6.4
2022-02-22,Store_3,SKU_3,48.97,4,0,0,0,6.4
2022-02-23,Store_3,SKU_3,55.97,5,0,0,0,6.4
2022-02-24,Store_3,SKU_3,93.61,6,1,0,0,6.4
2022-02-25,Store_3,SKU_3,63.76,4,0,0,0,6.4
2022-02-26,Store_3,SKU_3,95.15,11,1,0,0,6.4
2022-02-27,Store_3,SKU_3,52.05,6,1,0,0,6.4
2022-02-28,Store_3,SKU_3,61.69,4,0,0,0,6.4
2022-03-01,Store_3,SKU_3,63.53,6,0,0,0,6.4
2022-03-02,Store_3,SKU_3,63.11,5,0,0,0,6.4
2022-03-03,Store_3,SKU_3,72.89,5,0,0,0,6.4
2022-03-04,Store_3,SKU_3,66.79,6,0,0,0,6.4
2022-03-05,Store_3,SKU_3,72.68,6,0,0,0,6.4
2022-03-06,Store_3,SKU_3,32.41,3,0,0,0,6.4
2022-03-07,Store_3,SKU_3,67.76,6,0,0,0,6.4
2022-03-08,Store_3,SKU_3,59.54,5,0,0,0,6.4
2022-03-09,Store_3,SKU_3,62.61,6,0,0,0,6.4
2022-03-10,Store_3,SKU_3,69.23,5,0,0,0,6.4
2022-03-11,Store_3,SKU_3,97.64,7,1,0,0,6.4
2022-03-12,Store_3,SKU_3,83.93,9,0,0,0,6.4
2022-03-13,Store_3,SKU_3,37.85,3,0,0,0,6.4
2022-03-14,Store_3,SKU_3,62.71,4,0,0,0,6.4
2022-03-15,Store_3,SKU_3,65.54,5,0,0,0,6.4
2022-03-16,Store_3,SKU_3,58.57,5,0,0,0,6.4
2022-03-17,Store_3,SKU_3,73.29,9,0,0,0,6.4
2022-03-18,Store_3,SKU_3,72.49,7,0,0,0,6.4
2022-03-19,Store_3,SKU_3,133.13,16,1,0,0,6.4
2022-03-20,Store_3,SKU_3,38.82,3,0,0,0,6.4
2022-03-21,Store_3,SKU_3,64.04,5,0,0,0,6.4
2022-03-22,Store_3,SKU_3,63.0,7,0,0,0,6.4
2022-03-23,Store_3,SKU_3,57.88,5,0,0,0,6.4
2022-03-24,Store_3,SKU_3,83.88,9,1,0,0,6.4
2022-03-25,Store_3,SKU_3,67.63,5,0,0,0,6.4
2022-03-26,Store_3,SKU_3,133.82,11,1,0,0,6.4
2022-03-27,Store_3,SKU_3,37.71,3,0,0,0,6.4
2022-03-28,Store_3,SKU_3,71.28,5,0,0,0,6.4
2022-03-29,Store_3,SKU_3,61.58,4,0,0,0,6.4
2022-03-30,Store_3,SKU_3,54.0,4,0,0,0,6.4
2022-03-31,Store_3,SKU_3,92.48,10,1,0,0,6.4
2022-04-01,Store_3,SKU_3,84.19,7,0,0,0,6.4
2022-04-02,Store_3,SKU_3,90.45,6,0,0,0,6.4
2022-04-03,Store_3,SKU_3,47.0,4,0,0,0,6.4
2022-04-04,Store_3,SKU_3,66.36,6,0,0,0,6.4
2022-04-05,Store_3,SKU_3,65.38,6,0,0,0,6.4
2022-04-06,Store_3,SKU_3,66.52,4,0,0,0,6.4
2022-04-07,Store_3,SKU_3,112.54,11,1,0,0,6.4
2022-04-08,Store_3,SKU_3,84.9,9,0,0,0,6.4
2022-04-09,Store_3,SKU_3,94.67,8,0,0,0,6.4
2022-04-10,Store_3,SKU_3,52.99,6,0,0,0,6.4
2022-04-11,Store_3,SKU_3,110.01,8,1,0,0,6.4
2022-04-12,Store_3,SKU_3,86.3,9,0,0,0,6.4
2022-04-13,Store_3,SKU_3,84.68,9,1,0,0,6.4
2022-04-14,Store_3,SKU_3,66.58,7,0,0,0,6.4
2022-04-15,Store_3,SKU_3,72.3,7,0,0,0,6.4
2022-04-16,Store_3,SKU_3,90.88,10,0,0,0,6.4
2022-04-17,Store_3,SKU_3,47.1,5,0,0,0,6.4
2022-04-18,Store_3,SKU_3,73.86,6,0,0,0,6.4
2022-04-19,Store_3,SKU_3,95.37,8,1,0,0,6.4
2022-04-20,Store_3,SKU_3,69.05,6,0,0,0,6.4
2022-04-21,Store_3,SKU_3,72.9,7,0,0,0,6.4
2022-04-22,Store_3,SKU_3,80.24,8,0,0,0,6.4
2022-04-23,Store_3,SKU_3,98.86,7,0,0,0,6.4
2022-04-24,Store_3,SKU_3,45.32,4,0,0,0,6.4
2022-04-25,Store_3,SKU_3,65.48,5,0,0,0,6.4
2022-04-26,Store_3,SKU_3,79.69,7,0,0,0,6.4
2022-04-27,Store_3,SKU_3,89.17,10,1,0,0,6.4
2022-04-28,Store_3,SKU_3,84.22,8,0,0,0,6.4
2022-04-29,Store_3,SKU_3,115.82,10,1,0,0,6.4
2022-04-30,Store_3,SKU_3,84.3,6,0,0,0,6.4
2022-05-01,Store_3,SKU_3,50.98,6,0,0,0,6.4
2022-05-02,Store_3,SKU_3,83.69,8,0,0,0,6.4
2022-05-03,Store_3,SKU_3,70.11,5,0,0,0,6.4
2022-05-04,Store_3,SKU_3,65.75,4,0,0,0,6.4
2022-05-05,Store_3,SKU_3,78.27,5,0,0,0,6.4
2022-05-06,Store_3,SKU_3,84.65,7,0,0,0,6.4
2022-05-07,Store_3,SKU_3,106.07,7,0,0,0,6.4
2022-05-08,Store_3,SKU_3,47.48,5,0,0,0,6.4
2022-05-09,Store_3,SKU_3,82.0,5,0,0,0,6.4
2022-05-10,Store_3,SKU_3,73.6,7,0,0,0,6.4
2022-05-11,Store_3,SKU_3,77.31,7,0,0,0,6.4
2022-05-12,Store_3,SKU_3,103.14,10,1,0,0,6.4
2022-05-13,Store_3,SKU_3,122.95,12,1,0,0,6.4
2022-05-14,Store_3,SKU_3,98.77,8,0,0,0,6.4
2022-05-15,Store_3,SKU_3,55.72,4,0,0,0,6.4
2022-05-16,Store_3,SKU_3,90.67,7,0,0,0,6.4
2022-05-17,Store_3,SKU_3,76.84,7,0,0,0,6.4
2022-05-18,Store_3,SKU_3,84.15,6,0,0,0,6.4
2022-05-19,Store_3,SKU_3,64.82,6,0,0,0,6.4
2022-05-20,Store_3,SKU_3,84.27,10,0,0,0,6.4
2022-05-21,Store_3,SKU_3,95.18,9,0,0,0,6.4
2022-05-22,Store_3,SKU_3,55.65,6,1,0,0,6.4
2022-05-23,Store_3,SKU_3,73.04,6,0,0,0,6.4
2022-05-24,Store_3,SKU_3,77.49,5,0,0,0,6.4
2022-05-25,Store_3,SKU_3,97.97,7,1,0,0,6.4
2022-05-26,Store_3,SKU_3,85.4,6,0,0,0,6.4
2022-05-27,Store_3,SKU_3,82.28,10,0,0,0,6.4
2022-05-28,Store_3,SKU_3,107.33,8,0,0,0,6.4
2022-05-29,Store_3,SKU_3,46.85,5,0,0,0,6.4
2022-05-30,Store_3,SKU_3,90.07,10,0,0,0,6.4
2022-05-31,Store_3,SKU_3,79.01,8,0,0,0,6.4
2022-06-01,Store_3,SKU_3,103.04,11,1,0,0,6.4
2022-06-02,Store_3,SKU_3,84.66,7,0,0,0,6.4
2022-06-03,Store_3,SKU_3,78.86,9,0,0,0,6.4
2022-06-04,Store_3,SKU_3,103.26,8,0,0,0,6.4
2022-06-05,Store_3,SKU_3,53.35,6,0,0,0,6.4
2022-06-06,Store_3,SKU_3,79.79,8,0,0,0,6.4
2022-06-07,Store_3,SKU_3,114.99,13,1,0,0,6.4
2022-06-08,Store_3,SKU_3,80.92,6,0,0,0,6.4
2022-06-09,Store_3,SKU_3,81.22,7,0,0,0,6.4
2022-06-10,Store_3,SKU_3,83.75,6,0,0,0,6.4
2022-06-11,Store_3,SKU_3,97.91,10,0,0,0,6.4
2022-06-12,Store_3,SKU_3,48.34,5,0,0,0,6.4
2022-06-13,Store_3,SKU_3,111.44,10,1,0,0,6.4
2022-06-14,Store_3,SKU_3,68.5,5,0,0,0,6.4
2022-06-15,Store_3,SKU_3,80.36,6,0,0,0,6.4
2022-06-16,Store_3,SKU_3,89.2,7,0,0,0,6.4
2022-06-17,Store_3,SKU_3,90.18,9,0,0,0,6.4
2022-06-18,Store_3,SKU_3,143.13,11,1,0,0,6.4
2022-06-19,Store_3,SKU_3,72.81,7,1,0,0,6.4
2022-06-20,Store_3,SKU_3,72.9,6,0,0,0,6.4
2022-06-21,Store_3,SKU_3,70.97,7,0,0,0,6.4
2022-06-22,Store_3,SKU_3,74.41,6,0,0,0,6.4
2022-06-23,Store_3,SKU_3,89.57,7,0,0,0,6.4
2022-06-24,Store_3,SKU_3,89.92,6,0,0,0,6.4
2022-06-25,Store_3,SKU_3,145.6,11,1,0,0,6.4
2022-06-26,Store_3,SKU_3,45.4,4,0,0,0,6.4
2022-06-27,Store_3,SKU_3,79.96,7,0,0,0,6.4
2022-06-28,Store_3,SKU_3,68.58,6,0,0,0,6.4
2022-06-29,Store_3,SKU_3,79.42,8,0,0,0,6.4
2022-06-30,Store_3,SKU_3,81.14,6,0,0,0,6.4
2022-07-01,Store_3,SKU_3,79.16,7,0,0,0,6.4
2022-07-02,Store_3,SKU_3,89.85,7,0,0,1,6.4
2022-07-03,Store_3,SKU_3,74.39,5,1,0,1,6.4
2022-07-04,Store_3,SKU_3,77.83,8,0,0,0,6.4
2022-07-05,Store_3,SKU_3,106.22,10,1,0,1,6.4
2022-07-06,Store_3,SKU_3,80.21,9,0,0,1,6.4
2022-07-07,Store_3,SKU_3,70.86,5,0,0,1,6.4
2022-07-08,Store_3,SKU_3,84.15,6,0,0,1,6.4
2022-07-09,Store_3,SKU_3,102.85,10,0,0,1,6.4
2022-07-10,Store_3,SKU_3,46.78,5,0,0,0,6.4
2022-07-11,Store_3,SKU_3,105.28,11,1,0,0,6.4
2022-07-12,Store_3,SKU_3,82.14,6,0,0,1,6.4
2022-07-13,Store_3,SKU_3,81.82,7,0,0,0,6.4
2022-07-14,Store_3,SKU_3,85.63,7,0,0,1,6.4
2022-07-15,Store_3,SKU_3,85.86,6,0,0,1,6.4
2022-07-16,Store_3,SKU_3,155.87,12,1,0,1,6.4
2022-07-17,Store_3,SKU_3,43.81,5,0,0,0,6.4
2022-07-18,Store_3,SKU_3,115.07,10,1,0,1,6.4
2022-07-19,Store_3,SKU_3,92.96,10,0,0,0,6.4
2022-07-20,Store_3,SKU_3,125.76,9,1,0,0,6.4
2022-07-21,Store_3,SKU_3,77.02,9,0,0,0,6.4
2022-07-22,Store_3,SKU_3,89.44,7,0,0,0,6.4
2022-07-23,Store_3,SKU_3,107.47,10,0,0,0,6.4
2022-07-24,Store_3,SKU_3,47.81,4,0,0,0,6.4
2022-07-25,Store_3,SKU_3,86.58,10,0,0,0,6.4
2022-07-26,Store_3,SKU_3,73.78,7,0,0,0,6.4
2022-07-27,Store_3,SKU_3,84.11,9,0,0,0,6.4
2022-07-28,Store_3,SKU_3,81.65,5,0,0,1,6.4
2022-07-29,Store_3,SKU_3,98.12,8,0,0,0,6.4
2022-07-30,Store_3,SKU_3,113.86,12,0,0,0,6.4
2022-07-31,Store_3,SKU_3,47.19,3,0,0,1,6.4
2022-08-01,Store_3,SKU_3,81.33,6,0,0,0,6.4
2022-08-02,Store_3,SKU_3,72.08,6,0,0,0,6.4
2022-08-03,Store_3,SKU_3,72.23,6,0,0,0,6.4
2022-08-04,Store_3,SKU_3,89.37,6,0,0,0,6.4
2022-08-05,Store_3,SKU_3,122.25,9,1,0,0,6.4
2022-08-06,Store_3,SKU_3,96.49,9,0,0,0,6.4
2022-08-07,Store_3,SKU_3,38.88,2,0,0,0,6.4
2022-08-08,Store_3,SKU_3,108.47,8,1,0,1,6.4
2022-08-09,Store_3,SKU_3,65.86,5,0,0,1,6.4
2022-08-10,Store_3,SKU_3,75.32,6,0,0,1,6.4
2022-08-11,Store_3,SKU_3,107.47,9,1,0,0,6.4
2022-08-12,Store_3,SKU_3,91.28,11,0,0,0,6.4
2022-08-13,Store_3,SKU_3,80.76,6,0,0,0,6.4
2022-08-14,Store_3,SKU_3,42.87,3,0,0,0,6.4
2022-08-15,Store_3,SKU_3,78.1,5,0,0,0,6.4
2022-08-16,Store_3,SKU_3,77.92,8,0,0,0,6.4
2022-08-17,Store_3,SKU_3,74.04,5,0,0,0,6.4
2022-08-18,Store_3,SKU_3,76.94,9,0,0,0,6.4
2022-08-19,Store_3,SKU_3,110.62,12,1,0,1,6.4
2022-08-20,Store_3,SKU_3,100.11,8,0,0,1,6.4
2022-08-21,Store_3,SKU_3,64.83,5,1,0,0,6.4
2022-08-22,Store_3,SKU_3,71.11,7,0,0,0,6.4
2022-08-23,Store_3,SKU_3,77.96,7,0,0,1,6.4
2022-08-24,Store_3,SKU_3,72.42,6,0,0,0,6.4
2022-08-25,Store_3,SKU_3,70.32,5,0,0,1,6.4
2022-08-26,Store_3,SKU_3,81.57,7,0,0,1,6.4
2022-08-27,Store_3,SKU_3,115.82,14,1,0,0,6.4
2022-08-28,Store_3,SKU_3,48.43,4,0,0,0,6.4
2022-08-29,Store_3,SKU_3,78.05,6,0,0,0,6.4
2022-08-30,Store_3,SKU_3,62.78,5,0,0,0,6.4
2022-08-31,Store_3,SKU_3,52.09,5,0,0,1,6.4
2022-09-01,Store_3,SKU_3,93.07,11,1,0,0,6.4
2022-09-02,Store_3,SKU_3,76.03,8,0,0,0,6.4
2022-09-03,Store_3,SKU_3,89.05,8,0,0,0,6.4
2022-09-04,Store_3,SKU_3,41.22,3,0,0,0,6.4
2022-09-05,Store_3,SKU_3,65.37,6,0,0,0,6.4
2022-09-06,Store_3,SKU_3,69.88,5,0,0,0,6.4
2022-09-07,Store_3,SKU_3,58.26,4,0,0,0,6.4
2022-09-08,Store_3,SKU_3,60.34,4,0,0,0,6.4
2022-09-09,Store_3,SKU_3,68.27,8,0,0,0,6.4
2022-09-10,Store_3,SKU_3,100.7,12,0,0,0,6.4
2022-09-11,Store_3,SKU_3,38.38,3,0,0,0,6.4
2022-09-12,Store_3,SKU_3,90.06,8,1,0,0,6.4
2022-09-13,Store_3,SKU_3,65.55,7,0,0,0,6.4
2022-09-14,Store_3,SKU_3,65.41,7,0,0,0,6.4
2022-09-15,Store_3,SKU_3,55.06,4,0,0,0,6.4
2022-09-16,Store_3,SKU_3,71.21,6,0,0,0,6.4
2022-09-17,Store_3,SKU_3,82.14,6,0,0,0,6.4
2022-09-18,Store_3,SKU_3,33.45,2,0,0,0,6.4
2022-09-19,Store_3,SKU_3,82.5,7,1,0,0,6.4
2022-09-20,Store_3,SKU_3,62.55,5,0,0,0,6.4
2022-09-21,Store_3,SKU_3,55.93,5,0,0,0,6.4
2022-09-22,Store_3,SKU_3,72.8,5,0,0,0,6.4
2022-09-23,Store_3,SKU_3,75.89,5,0,0,0,6.4
2022-09-24,Store_3,SKU_3,97.21,8,0,0,0,6.4
2022-09-25,Store_3,SKU_3,42.82,4,0,0,0,6.4
2022-09-26,Store_3,SKU_3,71.38,5,0,0,0,6.4
2022-09-27,Store_3,SKU_3,64.6,7,0,0,0,6.4
2022-09-28,Store_3,SKU_3,59.34,5,0,0,0,6.4
2022-09-29,Store_3,SKU_3,60.99,5,0,0,0,6.4
2022-09-30,Store_3,SKU_3,70.77,8,0,0,0,6.4
2022-10-01,Store_3,SKU_3,89.25,7,0,0,0,6.4
2022-10-02,Store_3,SKU_3,36.62,4,0,0,0,6.4
2022-10-03,Store_3,SKU_3,59.15,4,0,0,0,6.4
2022-10-04,Store_3,SKU_3,59.45,6,0,0,0,6.4
2022-10-05,Store_3,SKU_3,49.23,5,0,0,0,6.4
2022-10-06,Store_3,SKU_3,63.83,6,0,0,0,6.4
2022-10-07,Store_3,SKU_3,71.26,7,0,0,0,6.4
2022-10-08,Store_3,SKU_3,78.75,8,0,0,0,6.4
2022-10-09,Store_3,SKU_3,49.84,5,1,0,0,6.4
2022-10-10,Store_3,SKU_3,82.2,5,1,0,0,6.4
2022-10-11,Store_3,SKU_3,74.28,6,1,0,0,6.4
2022-10-12,Store_3,SKU_3,62.64,4,0,0,0,6.4
2022-10-13,Store_3,SKU_3,53.44,4,0,0,0,6.4
2022-10-14,Store_3,SKU_3,77.21,5,0,0,0,6.4
2022-10-15,Store_3,SKU_3,114.98,12,1,0,0,6.4
2022-10-16,Store_3,SKU_3,41.27,3,0,0,0,6.4
2022-10-17,Store_3,SKU_3,57.87,4,0,0,0,6.4
2022-10-18,Store_3,SKU_3,57.41,5,0,0,0,6.4
2022-10-19,Store_3,SKU_3,57.28,6,0,0,0,6.4
2022-10-20,Store_3,SKU_3,58.15,5,0,0,0,6.4
2022-10-21,Store_3,SKU_3,62.65,7,0,0,0,6.4
2022-10-22,Store_3,SKU_3,70.96,5,0,0,0,6.4
2022-10-23,Store_3,SKU_3,34.89,3,0,0,0,6.4
2022-10-24,Store_3,SKU_3,62.4,6,0,0,0,6.4
2022-10-25,Store_3,SKU_3,58.93,5,0,0,0,6.4
2022-10-26,Store_3,SKU_3,57.76,5,0,0,0,6.4
2022-10-27,Store_3,SKU_3,59.4,4,0,0,0,6.4
2022-10-28,Store_3,SKU_3,65.79,4,0,0,0,6.4
2022-10-29,Store_3,SKU_3,72.95,8,0,0,0,6.4
2022-10-30,Store_3,SKU_3,41.36,3,0,0,0,6.4
2022-10-31,Store_3,SKU_3,62.47,7,0,0,0,6.4
2022-11-01,Store_3,SKU_3,53.14,4,0,0,0,6.4
2022-11-02,Store_3,SKU_3,40.6,3,0,0,0,6.4
2022-11-03,Store_3,SKU_3,59.81,6,0,0,0,6.4
2022-11-04,Store_3,SKU_3,75.38,5,1,0,0,6.4
2022-11-05,Store_3,SKU_3,58.95,4,0,0,0,6.4
2022-11-06,Store_3,SKU_3,37.54,4,0,0,0,6.4
2022-11-07,Store_3,SKU_3,52.38,4,0,0,0,6.4
2022-11-08,Store_3,SKU_3,71.17,8,1,0,0,6.4
2022-11-09,Store_3,SKU_3,53.78,4,0,0,0,6.4
2022-11-10,Store_3,SKU_3,53.66,4,0,0,0,6.4
2022-11-11,Store_3,SKU_3,59.99,5,0,0,0,6.4
2022-11-12,Store_3,SKU_3,61.08,4,0,0,0,6.4
2022-11-13,Store_3,SKU_3,28.47,2,0,0,0,6.4
2022-11-14,Store_3,SKU_3,51.37,4,0,0,0,6.4
2022-11-15,Store_3,SKU_3,55.17,5,0,0,0,6.4
2022-11-16,Store_3,SKU_3,58.84,4,1,0,0,6.4
2022-11-17,Store_3,SKU_3,57.97,4,0,0,0,6.4
2022-11-18,Store_3,SKU_3,64.16,5,0,0,0,6.4
2022-11-19,Store_3,SKU_3,65.48,7,0,0,0,6.4
2022-11-20,Store_3,SKU_3,28.8,2,0,0,0,6.4
2022-11-21,Store_3,SKU_3,81.55,6,1,0,0,6.4
2022-11-22,Store_3,SKU_3,51.26,5,0,0,0,6.4
2022-11-23,Store_3,SKU_3,54.19,6,0,0,0,6.4
2022-11-24,Store_3,SKU_3,55.15,4,0,0,0,6.4
2022-11-25,Store_3,SKU_3,54.83,6,0,0,0,6.4
2022-11-26,Store_3,SKU_3,68.83,8,0,0,0,6.4
2022-11-27,Store_3,SKU_3,33.38,3,0,0,0,6.4
2022-11-28,Store_3,SKU_3,47.55,3,0,0,0,6.4
2022-11-29,Store_3,SKU_3,50.5,4,0,0,0,6.4
2022-11-30,Store_3,SKU_3,71.58,6,1,0,0,6.4
2022-12-01,Store_3,SKU_3,55.92,5,0,0,0,6.4
2022-12-02,Store_3,SKU_3,78.75,7,1,0,0,6.4
2022-12-03,Store_3,SKU_3,61.32,7,0,0,0,6.4
2022-12-04,Store_3,SKU_3,42.66,3,1,0,0,6.4
2022-12-05,Store_3,SKU_3,43.7,4,0,0,0,6.4
2022-12-06,Store_3,SKU_3,71.77,5,1,0,0,6.4
2022-12-07,Store_3,SKU_3,53.08,5,0,0,0,6.4
2022-12-08,Store_3,SKU_3,66.22,5,1,0,0,6.4
2022-12-09,Store_3,SKU_3,52.32,5,0,0,0,6.4
2022-12-10,Store_3,SKU_3,66.17,5,0,0,0,6.4
2022-12-11,Store_3,SKU_3,29.17,2,0,0,0,6.4
2022-12-12,Store_3,SKU_3,52.32,5,0,0,0,6.4
2022-12-13,Store_3,SKU_3,49.66,3,0,0,0,6.4
2022-12-14,Store_3,SKU_3,48.97,4,0,0,0,6.4
2022-12-15,Store_3,SKU_3,51.21,4,0,0,0,6.4
2022-12-16,Store_3,SKU_3,69.99,5,1,0,0,6.4
2022-12-17,Store_3,SKU_3,90.31,7,1,0,0,6.4
2022-12-18,Store_3,SKU_3,29.5,3,0,0,0,6.4
2022-12-19,Store_3,SKU_3,54.66,6,0,0,0,6.4
2022-12-20,Store_3,SKU_3,47.86,4,0,0,0,6.4
2022-12-21,Store_3,SKU_3,45.2,3,0,0,0,6.4
2022-12-22,Store_3,SKU_3,47.67,4,0,0,0,6.4
2022-12-23,Store_3,SKU_3,75.74,8,1,0,0,6.4
2022-12-24,Store_3,SKU_3,55.81,5,0,0,0,6.4
2022-12-25,Store_3,SKU_3,13.8,1,0,a,0,6.4
2022-12-26,Store_3,SKU_3,29.24,3,1,a,0,6.4
2022-12-27,Store_3,SKU_3,49.72,3,0,0,0,6.4
2022-12-28,Store_3,SKU_3,55.9,6,0,0,0,6.4
2022-12-29,Store_3,SKU_3,53.35,6,0,0,0,6.4
2022-12-30,Store_3,SKU_3,58.0,4,0,0,0,6.4
2022-12-31,Store_3,SKU_3,59.71,6,0,0,0,6.4
2023-01-01,Store_3,SKU_3,14.39,1,0,a,0,6.4
2023-01-02,Store_3,SKU_3,56.92,4,0,0,0,6.4
2023-01-03,Store_3,SKU_3,50.47,3,0,0,0,6.4
2023-01-04,Store_3,SKU_3,54.28,6,0,0,0,6.4
2023-01-05,Store_3,SKU_3,55.36,4,0,0,0,6.4
2023-01-06,Store_3,SKU_3,61.19,7,0,0,0,6.4
2023-01-07,Store_3,SKU_3,82.06,6,0,0,0,6.4
2023-01-08,Store_3,SKU_3,34.14,2,0,0,0,6.4
2023-01-09,Store_3,SKU_3,56.77,4,0,0,0,6.4
2023-01-10,Store_3,SKU_3,46.52,4,0,0,0,6.4
2023-01-11,Store_3,SKU_3,47.28,4,0,0,0,6.4
2023-01-12,Store_3,SKU_3,53.75,4,0,0,0,6.4
2023-01-13,Store_3,SKU_3,60.32,6,0,0,0,6.4
2023-01-14,Store_3,SKU_3,63.17,5,0,0,0,6.4
2023-01-15,Store_3,SKU_3,38.47,3,0,0,0,6.4
2023-01-16,Store_3,SKU_3,51.22,4,0,0,0,6.4
2023-01-17,Store_3,SKU_3,49.48,4,0,0,0,6.4
2023-01-18,Store_3,SKU_3,50.06,5,0,0,0,6.4
2023-01-19,Store_3,SKU_3,88.85,11,1,0,0,6.4
2023-01-20,Store_3,SKU_3,48.23,4,0,0,0,6.4
2023-01-21,Store_3,SKU_3,71.53,5,0,0,0,6.4
2023-01-22,Store_3,SKU_3,31.22,3,0,0,0,6.4
2023-01-23,Store_3,SKU_3,50.75,5,0,0,0,6.4
2023-01-24,Store_3,SKU_3,51.53,4,0,0,0,6.4
2023-01-25,Store_3,SKU_3,63.17,4,1,0,0,6.4
2023-01-26,Store_3,SKU_3,58.35,4,0,0,0,6.4
2023-01-27,Store_3,SKU_3,88.58,9,1,0,0,6.4
2023-01-28,Store_3,SKU_3,66.28,5,0,0,0,6.4
2023-01-29,Store_3,SKU_3,35.86,3,0,0,0,6.4
2023-01-30,Store_3,SKU_3,58.29,4,0,0,0,6.4
2023-01-31,Store_3,SKU_3,51.3,4,0,0,0,6.4
2023-02-01,Store_3,SKU_3,55.07,6,0,0,0,6.4
2023-02-02,Store_3,SKU_3,70.19,8,0,0,0,6.4
2023-02-03,Store_3,SKU_3,60.81,6,0,0,0,6.4
2023-02-04,Store_3,SKU_3,69.89,5,0,0,0,6.4
2023-02-05,Store_3,SKU_3,36.14,3,0,0,0,6.4
2023-02-06,Store_3,SKU_3,61.3,4,0,0,0,6.4
2023-02-07,Store_3,SKU_3,54.57,4,0,0,0,6.4
2023-02-08,Store_3,SKU_3,85.4,7,1,0,0,6.4
2023-02-09,Store_3,SKU_3,64.32,6,0,0,0,6.4
2023-02-10,Store_3,SKU_3,62.9,5,0,0,0,6.4
2023-02-11,Store_3,SKU_3,82.17,7,0,0,0,6.4
2023-02-12,Store_3,SKU_3,40.41,4,0,0,0,6.4
2023-02-13,Store_3,SKU_3,77.01,7,1,0,0,6.4
2023-02-14,Store_3,SKU_3,81.53,8,1,0,0,6.4
2023-02-15,Store_3,SKU_3,61.59,6,0,0,0,6.4
2023-02-16,Store_3,SKU_3,66.12,5,0,0,0,6.4
2023-02-17,Store_3,SKU_3,67.03,5,0,0,0,6.4
2023-02-18,Store_3,SKU_3,72.6,5,0,0,0,6.4
2023-02-19,Store_3,SKU_3,34.88,4,0,0,0,6.4
2023-02-20,Store_3,SKU_3,51.93,3,0,0,0,6.4
2023-02-21,Store_3,SKU_3,55.29,4,0,0,0,6.4
2023-02-22,Store_3,SKU_3,63.32,6,0,0,0,6.4
2023-02-23,Store_3,SKU_3,53.22,4,0,0,0,6.4
2023-02-24,Store_3,SKU_3,78.44,8,0,0,0,6.4
2023-02-25,Store_3,SKU_3,79.1,7,0,0,0,6.4
2023-02-26,Store_3,SKU_3,33.37,3,0,0,0,6.4
2023-02-27,Store_3,SKU_3,59.98,6,0,0,0,6.4
2023-02-28,Store_3,SKU_3,61.37,7,0,0,0,6.4
2023-03-01,Store_3,SKU_3,71.39,5,0,0,0,6.4
2023-03-02,Store_3,SKU_3,95.39,8,1,0,0,6.4
2023-03-03,Store_3,SKU_3,72.47,6,0,0,0,6.4
2023-03-04,Store_3,SKU_3,77.28,8,0,0,0,6.4
2023-03-05,Store_3,SKU_3,45.71,5,0,0,0,6.4
2023-03-06,Store_3,SKU_3,89.33,8,1,0,0,6.4
2023-03-07,Store_3,SKU_3,88.04,10,1,0,0,6.4
2023-03-08,Store_3,SKU_3,65.63,5,0,0,0,6.4
2023-03-09,Store_3,SKU_3,70.15,6,0,0,0,6.4
2023-03-10,Store_3,SKU_3,80.06,5,0,0,0,6.4
2023-03-11,Store_3,SKU_3,71.88,6,0,0,0,6.4
2023-03-12,Store_3,SKU_3,45.97,3,0,0,0,6.4
2023-03-13,Store_3,SKU_3,68.62,7,0,0,0,6.4
2023-03-14,Store_3,SKU_3,67.43,6,0,0,0,6.4
2023-03-15,Store_3,SKU_3,66.3,4,0,0,0,6.4
2023-03-16,Store_3,SKU_3,61.41,6,0,0,0,6.4
2023-03-17,Store_3,SKU_3,104.22,9,1,0,0,6.4
2023-03-18,Store_3,SKU_3,80.58,8,0,0,0,6.4
2023-03-19,Store_3,SKU_3,43.46,5,0,0,0,6.4
2023-03-20,Store_3,SKU_3,68.39,5,0,0,0,6.4
2023-03-21,Store_3,SKU_3,65.93,7,0,0,0,6.4
2023-03-22,Store_3,SKU_3,65.96,6,0,0,0,6.4
2023-03-23,Store_3,SKU_3,67.7,6,0,0,0,6.4
2023-03-24,Store_3,SKU_3,73.12,8,0,0,0,6.4
2023-03-25,Store_3,SKU_3,95.59,8,0,0,0,6.4
2023-03-26,Store_3,SKU_3,40.59,4,0,0,0,6.4
2023-03-27,Store_3,SKU_3,72.44,7,0,0,0,6.4
2023-03-28,Store_3,SKU_3,87.5,8,1,0,0,6.4
2023-03-29,Store_3,SKU_3,73.71,6,0,0,0,6.4
2023-03-30,Store_3,SKU_3,75.44,8,0,0,0,6.4
2023-03-31,Store_3,SKU_3,61.48,5,0,0,0,6.4
2023-04-01,Store_3,SKU_3,132.51,9,1,0,0,6.4
2023-04-02,Store_3,SKU_3,52.0,5,0,0,0,6.4
2023-04-03,Store_3,SKU_3,70.37,5,0,0,0,6.4
2023-04-04,Store_3,SKU_3,81.59,7,0,0,0,6.4
2023-04-05,Store_3,SKU_3,71.69,8,0,0,0,6.4
2023-04-06,Store_3,SKU_3,57.46,4,0,0,0,6.4
2023-04-07,Store_3,SKU_3,84.17,8,0,0,0,6.4
2023-04-08,Store_3,SKU_3,97.57,8,0,0,0,6.4
2023-04-09,Store_3,SKU_3,69.71,6,1,0,0,6.4
2023-04-10,Store_3,SKU_3,79.45,6,0,0,0,6.4
2023-04-11,Store_3,SKU_3,75.54,8,0,0,0,6.4
2023-04-12,Store_3,SKU_3,73.08,6,0,0,0,6.4
2023-04-13,Store_3,SKU_3,79.05,5,0,0,0,6.4
2023-04-14,Store_3,SKU_3,94.02,8,0,0,0,6.4
2023-04-15,Store_3,SKU_3,104.79,10,0,0,0,6.4
2023-04-16,Store_3,SKU_3,48.99,4,0,0,0,6.4
2023-04-17,Store_3,SKU_3,79.06,8,0,0,0,6.4
2023-04-18,Store_3,SKU_3,69.07,7,0,0,0,6.4
2023-04-19,Store_3,SKU_3,98.87,11,1,0,0,6.4
2023-04-20,Store_3,SKU_3,105.34,8,1,0,0,6.4
2023-04-21,Store_3,SKU_3,88.38,6,0,0,0,6.4
2023-04-22,Store_3,SKU_3,88.49,7,0,0,0,6.4
2023-04-23,Store_3,SKU_3,44.05,3,0,0,0,6.4
2023-04-24,Store_3,SKU_3,119.47,8,1,0,0,6.4
2023-04-25,Store_3,SKU_3,105.92,8,1,0,0,6.4
2023-04-26,Store_3,SKU_3,88.29,6,0,0,0,6.4
2023-04-27,Store_3,SKU_3,106.83,9,1,0,0,6.4
2023-04-28,Store_3,SKU_3,99.03,8,0,0,0,6.4
2023-04-29,Store_3,SKU_3,106.99,9,0,0,0,6.4
2023-04-30,Store_3,SKU_3,52.0,5,0,0,0,6.4
2023-05-01,Store_3,SKU_3,99.33,7,0,0,0,6.4
2023-05-02,Store_3,SKU_3,80.17,5,0,0,0,6.4
2023-05-03,Store_3,SKU_3,85.42,6,0,0,0,6.4
2023-05-04,Store_3,SKU_3,90.58,7,0,0,0,6.4
2023-05-05,Store_3,SKU_3,103.95,11,0,0,0,6.4
2023-05-06,Store_3,SKU_3,163.1,12,1,0,0,6.4
2023-05-07,Store_3,SKU_3,50.0,5,0,0,0,6.4
2023-05-08,Store_3,SKU_3,88.42,9,0,0,0,6.4
2023-05-09,Store_3,SKU_3,81.05,9,0,0,0,6.4
2023-05-10,Store_3,SKU_3,87.07,10,0,0,0,6.4
2023-05-11,Store_3,SKU_3,80.36,5,0,0,0,6.4
2023-05-12,Store_3,SKU_3,99.75,8,0,0,0,6.4
2023-05-13,Store_3,SKU_3,96.64,8,0,0,0,6.4
2023-05-14,Store_3,SKU_3,55.98,4,0,0,0,6.4
2023-05-15,Store_3,SKU_3,88.54,7,0,0,0,6.4
2023-05-16,Store_3,SKU_3,84.77,9,0,0,0,6.4
2023-05-17,Store_3,SKU_3,84.17,10,0,0,0,6.4
2023-05-18,Store_3,SKU_3,80.4,7,0,0,0,6.4
2023-05-19,Store_3,SKU_3,88.35,7,0,0,0,6.4
2023-05-20,Store_3,SKU_3,106.54,8,0,0,0,6.4
2023-05-21,Store_3,SKU_3,47.71,4,0,0,0,6.4
2023-05-22,Store_3,SKU_3,85.49,7,0,0,0,6.4
2023-05-23,Store_3,SKU_3,74.58,5,0,0,0,6.4
2023-05-24,Store_3,SKU_3,116.18,10,1,0,0,6.4
2023-05-25,Store_3,SKU_3,86.76,9,0,0,0,6.4
2023-05-26,Store_3,SKU_3,101.16,7,0,0,0,6.4
2023-05-27,Store_3,SKU_3,113.84,14,0,0,0,6.4
2023-05-28,Store_3,SKU_3,47.31,5,0,0,0,6.4
2023-05-29,Store_3,SKU_3,86.79,10,0,0,0,6.4
2023-05-30,Store_3,SKU_3,93.0,8,0,0,0,6.4
2023-05-31,Store_3,SKU_3,80.69,8,0,0,0,6.4
2023-06-01,Store_3,SKU_3,93.06,6,0,0,0,6.4
2023-06-02,Store_3,SKU_3,86.19,7,0,0,0,6.4
2023-06-03,Store_3,SKU_3,153.66,13,1,0,0,6.4
2023-06-04,Store_3,SKU_3,64.41,6,1,0,0,6.4
2023-06-05,Store_3,SKU_3,93.37,9,0,0,0,6.4
2023-06-06,Store_3,SKU_3,81.02,8,0,0,0,6.4
2023-06-07,Store_3,SKU_3,119.05,9,1,0,0,6.4
2023-06-08,Store_3,SKU_3,104.61,10,1,0,0,6.4
2023-06-09,Store_3,SKU_3,94.38,6,0,0,0,6.4
2023-06-10,Store_3,SKU_3,111.39,10,0,0,0,6.4
2023-06-11,Store_3,SKU_3,49.79,5,0,0,0,6.4
2023-06-12,Store_3,SKU_3,97.35,9,0,0,0,6.4
2023-06-13,Store_3,SKU_3,79.06,9,0,0,0,6.4
2023-06-14,Store_3,SKU_3,94.12,11,0,0,0,6.4
2023-06-15,Store_3,SKU_3,123.6,8,1,0,0,6.4
2023-06-16,Store_3,SKU_3,101.34,7,0,0,0,6.4
2023-06-17,Store_3,SKU_3,122.94,13,0,0,0,6.4
2023-06-18,Store_3,SKU_3,52.95,4,0,0,0,6.4
2023-06-19,Store_3,SKU_3,89.43,10,0,0,0,6.4
2023-06-20,Store_3,SKU_3,70.12,5,0,0,0,6.4
2023-06-21,Store_3,SKU_3,89.02,8,0,0,0,6.4
2023-06-22,Store_3,SKU_3,68.7,5,0,0,0,6.4
2023-06-23,Store_3,SKU_3,105.35,9,0,0,0,6.4
2023-06-24,Store_3,SKU_3,107.47,10,0,0,0,6.4
2023-06-25,Store_3,SKU_3,56.82,5,0,0,0,6.4
2023-06-26,Store_3,SKU_3,91.9,7,0,0,0,6.4
2023-06-27,Store_3,SKU_3,74.03,8,0,0,0,6.4
2023-06-28,Store_3,SKU_3,80.9,9,0,0,0,6.4
2023-06-29,Store_3,SKU_3,89.11,9,0,0,0,6.4
2023-06-30,Store_3,SKU_3,96.74,11,0,0,0,6.4
2023-07-01,Store_3,SKU_3,98.61,11,0,0,1,6.4
2023-07-02,Store_3,SKU_3,70.8,5,1,0,1,6.4
2023-07-03,Store_3,SKU_3,99.34,10,0,0,1,6.4
2023-07-04,Store_3,SKU_3,83.03,6,0,0,0,6.4
2023-07-05,Store_3,SKU_3,95.73,10,0,0,0,6.4
2023-07-06,Store_3,SKU_3,84.2,6,0,0,1,6.4
2023-07-07,Store_3,SKU_3,92.03,9,0,0,0,6.4
2023-07-08,Store_3,SKU_3,100.37,7,0,0,1,6.4
2023-07-09,Store_3,SKU_3,52.99,6,0,0,0,6.4
2023-07-10,Store_3,SKU_3,75.06,6,0,0,0,6.4
2023-07-11,Store_3,SKU_3,89.03,7,0,0,1,6.4
2023-07-12,Store_3,SKU_3,91.61,8,0,0,1,6.4
2023-07-13,Store_3,SKU_3,112.01,11,1,0,1,6.4
2023-07-14,Store_3,SKU_3,153.11,13,1,0,0,6.4
2023-07-15,Store_3,SKU_3,104.63,11,0,0,0,6.4
2023-07-16,Store_3,SKU_3,58.79,4,0,0,1,6.4
2023-07-17,Store_3,SKU_3,84.03,7,0,0,0,6.4
2023-07-18,Store_3,SKU_3,88.17,7,0,0,0,6.4
2023-07-19,Store_3,SKU_3,90.95,10,0,0,0,6.4
2023-07-20,Store_3,SKU_3,85.45,8,0,0,1,6.4
2023-07-21,Store_3,SKU_3,97.27,10,0,0,0,6.4
2023-07-22,Store_3,SKU_3,101.11,11,0,0,0,6.4
2023-07-23,Store_3,SKU_3,52.39,5,0,0,1,6.4
2023-07-24,Store_3,SKU_3,84.96,8,0,0,0,6.4
2023-07-25,Store_3,SKU_3,79.46,7,0,0,1,6.4
2023-07-26,Store_3,SKU_3,78.34,8,0,0,0,6.4
2023-07-27,Store_3,SKU_3,87.32,7,0,0,0,6.4
2023-07-28,Store_3,SKU_3,131.77,14,1,0,1,6.4
2023-07-29,Store_3,SKU_3,118.55,10,0,0,0,6.4
2023-07-30,Store_3,SKU_3,57.29,4,0,0,0,6.4
2023-07-31,Store_3,SKU_3,87.26,9,0,0,1,6.4
2023-08-01,Store_3,SKU_3,70.31,5,0,0,0,6.4
2023-08-02,Store_3,SKU_3,68.61,5,0,0,0,6.4
2023-08-03,Store_3,SKU_3,82.22,8,0,0,0,6.4
2023-08-04,Store_3,SKU_3,140.67,14,1,0,0,6.4
2023-08-05,Store_3,SKU_3,107.94,11,0,0,0,6.4
2023-08-06,Store_3,SKU_3,46.23,4,0,0,1,6.4
2023-08-07,Store_3,SKU_3,78.56,9,0,0,0,6.4
2023-08-08,Store_3,SKU_3,93.55,10,0,0,1,6.4
2023-08-09,Store_3,SKU_3,103.99,10,1,0,0,6.4
2023-08-10,Store_3,SKU_3,74.54,7,0,0,1,6.4
2023-08-11,Store_3,SKU_3,100.74,9,0,0,0,6.4
2023-08-12,Store_3,SKU_3,95.36,10,0,0,1,6.4
2023-08-13,Store_3,SKU_3,48.69,4,0,0,0,6.4
2023-08-14,Store_3,SKU_3,89.08,8,0,0,1,6.4
2023-08-15,Store_3,SKU_3,74.07,8,0,0,1,6.4
2023-08-16,Store_3,SKU_3,104.66,8,1,0,1,6.4
2023-08-17,Store_3,SKU_3,76.74,9,0,0,0,6.4
2023-08-18,Store_3,SKU_3,82.11,6,0,0,1,6.4
2023-08-19,Store_3,SKU_3,96.75,7,0,0,0,6.4
2023-08-20,Store_3,SKU_3,43.84,3,0,0,0,6.4
2023-08-21,Store_3,SKU_3,89.17,10,0,0,0,6.4
2023-08-22,Store_3,SKU_3,81.61,9,0,0,1,6.4
2023-08-23,Store_3,SKU_3,76.32,6,0,0,1,6.4
2023-08-24,Store_3,SKU_3,85.66,6,0,0,1,6.4
2023-08-25,Store_3,SKU_3,102.14,7,0,0,0,6.4
2023-08-26,Store_3,SKU_3,88.65,7,0,0,1,6.4
2023-08-27,Store_3,SKU_3,43.07,4,0,0,1,6.4
2023-08-28,Store_3,SKU_3,86.75,6,0,0,0,6.4
2023-08-29,Store_3,SKU_3,74.64,6,0,0,0,6.4
2023-08-30,Store_3,SKU_3,78.09,8,0,0,1,6.4
2023-08-31,Store_3,SKU_3,79.25,7,0,0,1,6.4
2023-09-01,Store_3,SKU_3,88.67,8,0,0,0,6.4
2023-09-02,Store_3,SKU_3,141.96,10,1,0,0,6.4
2023-09-03,Store_3,SKU_3,56.34,4,1,0,0,6.4
2023-09-04,Store_3,SKU_3,102.57,7,1,0,0,6.4
2023-09-05,Store_3,SKU_3,69.08,5,0,0,0,6.4
2023-09-06,Store_3,SKU_3,59.72,5,0,0,0,6.4
2023-09-07,Store_3,SKU_3,77.16,6,0,0,0,6.4
2023-09-08,Store_3,SKU_3,86.82,7,0,0,0,6.4
2023-09-09,Store_3,SKU_3,94.24,10,0,0,0,6.4
2023-09-10,Store_3,SKU_3,60.13,4,1,0,0,6.4
2023-09-11,Store_3,SKU_3,71.94,6,0,0,0,6.4
2023-09-12,Store_3,SKU_3,68.63,6,0,0,0,6.4
2023-09-13,Store_3,SKU_3,60.16,5,0,0,0,6.4
2023-09-14,Store_3,SKU_3,68.86,5,0,0,0,6.4
2023-09-15,Store_3,SKU_3,76.58,9,0,0,0,6.4
2023-09-16,Store_3,SKU_3,122.73,11,1,0,0,6.4
2023-09-17,Store_3,SKU_3,43.42,4,0,0,0,6.4
2023-09-18,Store_3,SKU_3,68.45,5,0,0,0,6.4
2023-09-19,Store_3,SKU_3,75.55,6,0,0,0,6.4
2023-09-20,Store_3,SKU_3,76.79,7,0,0,0,6.4
2023-09-21,Store_3,SKU_3,100.74,11,1,0,0,6.4
2023-09-22,Store_3,SKU_3,82.53,6,0,0,0,6.4
2023-09-23,Store_3,SKU_3,95.34,10,0,0,0,6.4
2023-09-24,Store_3,SKU_3,43.25,4,0,0,0,6.4
2023-09-25,Store_3,SKU_3,68.8,6,0,0,0,6.4
2023-09-26,Store_3,SKU_3,93.13,6,1,0,0,6.4
2023-09-27,Store_3,SKU_3,61.08,4,0,0,0,6.4
2023-09-28,Store_3,SKU_3,76.18,6,0,0,0,6.4
2023-09-29,Store_3,SKU_3,105.25,8,1,0,0,6.4
2023-09-30,Store_3,SKU_3,91.73,10,0,0,0,6.4
2023-10-01,Store_3,SKU_3,50.02,3,1,0,0,6.4
2023-10-02,Store_3,SKU_3,92.35,8,1,0,0,6.4
2023-10-03,Store_3,SKU_3,48.77,5,0,0,0,6.4
2023-10-04,Store_3,SKU_3,54.82,5,0,0,0,6.4
2023-10-05,Store_3,SKU_3,63.56,6,0,0,0,6.4
2023-10-06,Store_3,SKU_3,75.47,8,0,0,0,6.4
2023-10-07,Store_3,SKU_3,78.73,6,0,0,0,6.4
2023-10-08,Store_3,SKU_3,36.83,4,0,0,0,6.4
2023-10-09,Store_3,SKU_3,69.59,7,0,0,0,6.4
2023-10-10,Store_3,SKU_3,101.16,9,1,0,0,6.4
2023-10-11,Store_3,SKU_3,60.0,6,0,0,0,6.4
2023-10-12,Store_3,SKU_3,69.48,8,0,0,0,6.4
2023-10-13,Store_3,SKU_3,62.72,6,0,0,0,6.4
2023-10-14,Store_3,SKU_3,86.0,8,0,0,0,6.4
2023-10-15,Store_3,SKU_3,54.4,6,1,0,0,6.4
2023-10-16,Store_3,SKU_3,59.86,4,0,0,0,6.4
2023-10-17,Store_3,SKU_3,60.88,4,0,0,0,6.4
2023-10-18,Store_3,SKU_3,62.23,4,0,0,0,6.4
2023-10-19,Store_3,SKU_3,60.86,6,0,0,0,6.4
2023-10-20,Store_3,SKU_3,70.53,6,0,0,0,6.4
2023-10-21,Store_3,SKU_3,75.62,6,0,0,0,6.4
2023-10-22,Store_3,SKU_3,35.79,4,0,0,0,6.4
2023-10-23,Store_3,SKU_3,95.04,8,1,0,0,6.4
2023-10-24,Store_3,SKU_3,61.53,5,0,0,0,6.4
2023-10-25,Store_3,SKU_3,59.84,6,0,0,0,6.4
2023-10-26,Store_3,SKU_3,69.19,4,0,0,0,6.4
2023-10-27,Store_3,SKU_3,71.96,6,0,0,0,6.4
2023-10-28,Store_3,SKU_3,79.53,7,0,0,0,6.4
2023-10-29,Store_3,SKU_3,32.68,3,0,0,0,6.4
2023-10-30,Store_3,SKU_3,57.41,4,0,0,0,6.4
2023-10-31,Store_3,SKU_3,60.88,4,0,0,0,6.4
2023-11-01,Store_3,SKU_3,59.82,5,0,0,0,6.4
2023-11-02,Store_3,SKU_3,59.22,4,0,0,0,6.4
2023-11-03,Store_3,SKU_3,91.53,8,1,0,0,6.4
2023-11-04,Store_3,SKU_3,108.81,8,1,0,0,6.4
2023-11-05,Store_3,SKU_3,25.24,1,0,0,0,6.4
2023-11-06,Store_3,SKU_3,63.72,6,0,0,0,6.4
2023-11-07,Store_3,SKU_3,82.67,6,1,0,0,6.4
2023-11-08,Store_3,SKU_3,71.02,6,1,0,0,6.4
2023-11-09,Store_3,SKU_3,53.43,5,0,0,0,6.4
2023-11-10,Store_3,SKU_3,59.08,4,0,0,0,6.4
2023-11-11,Store_3,SKU_3,68.91,7,0,0,0,6.4
2023-11-12,Store_3,SKU_3,37.98,2,0,0,0,6.4
2023-11-13,Store_3,SKU_3,51.17,4,0,0,0,6.4
2023-11-14,Store_3,SKU_3,52.87,4,0,0,0,6.4
2023-11-15,Store_3,SKU_3,78.38,6,1,0,0,6.4
2023-11-16,Store_3,SKU_3,55.54,4,0,0,0,6.4
2023-11-17,Store_3,SKU_3,81.79,8,1,0,0,6.4
2023-11-18,Store_3,SKU_3,75.8,8,0,0,0,6.4
2023-11-19,Store_3,SKU_3,31.75,2,0,0,0,6.4
2023-11-20,Store_3,SKU_3,63.42,4,0,0,0,6.4
2023-11-21,Store_3,SKU_3,50.84,4,0,0,0,6.4
2023-11-22,Store_3,SKU_3,56.72,4,0,0,0,6.4
2023-11-23,Store_3,SKU_3,65.2,4,0,0,0,6.4
2023-11-24,Store_3,SKU_3,62.49,7,0,0,0,6.4
2023-11-25,Store_3,SKU_3,76.45,9,0,0,0,6.4
2023-11-26,Store_3,SKU_3,37.72,3,0,0,0,6.4
2023-11-27,Store_3,SKU_3,51.47,4,0,0,0,6.4
2023-11-28,Store_3,SKU_3,51.64,4,0,0,0,6.4
2023-11-29,Store_3,SKU_3,52.34,4,0,0,0,6.4
2023-11-30,Store_3,SKU_3,65.83,4,0,0,0,6.4
2023-12-01,Store_3,SKU_3,67.37,5,0,0,0,6.4
2023-12-02,Store_3,SKU_3,70.87,6,0,0,0,6.4
2023-12-03,Store_3,SKU_3,37.28,2,0,0,0,6.4
2023-12-04,Store_3,SKU_3,52.78,5,0,0,0,6.4
2023-12-05,Store_3,SKU_3,79.33,6,1,0,0,6.4
2023-12-06,Store_3,SKU_3,58.39,5,0,0,0,6.4
2023-12-07,Store_3,SKU_3,60.03,4,0,0,0,6.4
2023-12-08,Store_3,SKU_3,79.96,9,1,0,0,6.4
2023-12-09,Store_3,SKU_3,65.81,7,0,0,0,6.4
2023-12-10,Store_3,SKU_3,31.69,3,0,0,0,6.4
2023-12-11,Store_3,SKU_3,60.1,6,0,0,0,6.4
2023-12-12,Store_3,SKU_3,47.06,3,0,0,0,6.4
2023-12-13,Store_3,SKU_3,53.49,3,0,0,0,6.4
2023-12-14,Store_3,SKU_3,46.28,4,0,0,0,6.4
2023-12-15,Store_3,SKU_3,63.52,4,0,0,0,6.4
2023-12-16,Store_3,SKU_3,71.21,5,0,0,0,6.4
2023-12-17,Store_3,SKU_3,37.98,3,0,0,0,6.4
2023-12-18,Store_3,SKU_3,56.13,4,0,0,0,6.4
2023-12-19,Store_3,SKU_3,48.81,4,0,0,0,6.4
2023-12-20,Store_3,SKU_3,48.64,5,0,0,0,6.4
2023-12-21,Store_3,SKU_3,51.71,3,0,0,0,6.4
2023-12-22,Store_3,SKU_3,60.86,4,0,0,0,6.4
2023-12-23,Store_3,SKU_3,74.76,5,0,0,0,6.4
2023-12-24,Store_3,SKU_3,34.09,2,0,0,0,6.4
2023-12-25,Store_3,SKU_3,21.72,2,0,a,0,6.4
2023-12-26,Store_3,SKU_3,22.46,2,0,a,0,6.4
2023-12-27,Store_3,SKU_3,70.95,5,1,0,0,6.4
2023-12-28,Store_3,SKU_3,58.7,6,0,0,0,6.4
2023-12-29,Store_3,SKU_3,59.03,7,0,0,0,6.4
2023-12-30,Store_3,SKU_3,70.76,6,0,0,0,6.4
2023-12-31,Store_3,SKU_3,27.85,2,0,0,0,6.4
2024-01-01,Store_3,SKU_3,24.21,2,0,a,0,6.4
2024-01-02,Store_3,SKU_3,58.64,4,0,0,0,6.4
2024-01-03,Store_3,SKU_3,57.8,4,0,0,0,6.4
2024-01-04,Store_3,SKU_3,54.39,6,0,0,0,6.4
2024-01-05,Store_3,SKU_3,62.66,6,0,0,0,6.4
2024-01-06,Store_3,SKU_3,67.0,7,0,0,0,6.4
2024-01-07,Store_3,SKU_3,34.44,3,0,0,0,6.4
2024-01-08,Store_3,SKU_3,64.25,7,0,0,0,6.4
2024-01-09,Store_3,SKU_3,50.54,4,0,0,0,6.4
2024-01-10,Store_3,SKU_3,62.13,7,0,0,0,6.4
2024-01-11,Store_3,SKU_3,63.65,4,0,0,0,6.4
2024-01-12,Store_3,SKU_3,59.17,6,0,0,0,6.4
2024-01-13,Store_3,SKU_3,75.49,6,0,0,0,6.4
2024-01-14,Store_3,SKU_3,41.44,4,1,0,0,6.4
2024-01-15,Store_3,SKU_3,63.05,7,0,0,0,6.4
2024-01-16,Store_3,SKU_3,88.92,7,1,0,0,6.4
2024-01-17,Store_3,SKU_3,80.88,7,1,0,0,6.4
2024-01-18,Store_3,SKU_3,71.11,6,1,0,0,6.4
2024-01-19,Store_3,SKU_3,63.22,4,0,0,0,6.4
2024-01-20,Store_3,SKU_3,71.87,8,0,0,0,6.4
2024-01-21,Store_3,SKU_3,33.14,3,0,0,0,6.4
2024-01-22,Store_3,SKU_3,62.71,5,0,0,0,6.4
2024-01-23,Store_3,SKU_3,56.45,6,0,0,0,6.4
2024-01-24,Store_3,SKU_3,83.42,6,1,0,0,6.4
2024-01-25,Store_3,SKU_3,63.07,7,0,0,0,6.4
2024-01-26,Store_3,SKU_3,68.41,7,0,0,0,6.4
2024-01-27,Store_3,SKU_3,77.12,8,0,0,0,6.4
2024-01-28,Store_3,SKU_3,30.02,2,0,0,0,6.4
2024-01-29,Store_3,SKU_3,82.57,7,1,0,0,6.4
2024-01-30,Store_3,SKU_3,74.85,7,1,0,0,6.4
2024-01-31,Store_3,SKU_3,54.58,5,0,0,0,6.4
2024-02-01,Store_3,SKU_3,69.55,7,0,0,0,6.4
2024-02-02,Store_3,SKU_3,68.48,6,0,0,0,6.4
2024-02-03,Store_3,SKU_3,77.0,5,0,0,0,6.4
2024-02-04,Store_3,SKU_3,34.7,2,0,0,0,6.4
2024-02-05,Store_3,SKU_3,69.13,5,0,0,0,6.4
2024-02-06,Store_3,SKU_3,65.32,7,0,0,0,6.4
2024-02-07,Store_3,SKU_3,61.48,4,0,0,0,6.4
2024-02-08,Store_3,SKU_3,89.49,10,1,0,0,6.4
2024-02-09,Store_3,SKU_3,80.49,7,0,0,0,6.4
2024-02-10,Store_3,SKU_3,92.04,11,0,0,0,6.4
2024-02-11,Store_3,SKU_3,38.08,3,0,0,0,6.4
2024-02-12,Store_3,SKU_3,59.28,5,0,0,0,6.4
2024-02-13,Store_3,SKU_3,67.12,5,0,0,0,6.4
2024-02-14,Store_3,SKU_3,57.95,4,0,0,0,6.4
2024-02-15,Store_3,SKU_3,67.43,4,0,0,0,6.4
2024-02-16,Store_3,SKU_3,89.9,8,1,0,0,6.4
2024-02-17,Store_3,SKU_3,115.47,12,1,0,0,6.4
2024-02-18,Store_3,SKU_3,41.05,4,0,0,0,6.4
2024-02-19,Store_3,SKU_3,72.2,7,0,0,0,6.4
2024-02-20,Store_3,SKU_3,71.47,6,0,0,0,6.4
2024-02-21,Store_3,SKU_3,60.56,7,0,0,0,6.4
2024-02-22,Store_3,SKU_3,69.43,7,0,0,0,6.4
2024-02-23,Store_3,SKU_3,69.63,6,0,0,0,6.4
2024-02-24,Store_3,SKU_3,79.59,8,0,0,0,6.4
2024-02-25,Store_3,SKU_3,55.1,3,1,0,0,6.4
2024-02-26,Store_3,SKU_3,74.1,8,0,0,0,6.4
2024-02-27,Store_3,SKU_3,66.52,4,0,0,0,6.4
2024-02-28,Store_3,SKU_3,67.57,5,0,0,0,6.4
2024-02-29,Store_3,SKU_3,69.09,5,0,0,0,6.4
2024-03-01,Store_3,SKU_3,81.87,10,0,0,0,6.4
2024-03-02,Store_3,SKU_3,119.82,9,1,0,0,6.4
2024-03-03,Store_3,SKU_3,44.96,4,0,0,0,6.4
2024-03-04,Store_3,SKU_3,85.33,7,0,0,0,6.4
2024-03-05,Store_3,SKU_3,72.63,7,0,0,0,6.4
2024-03-06,Store_3,SKU_3,67.23,6,0,0,0,6.4
2024-03-07,Store_3,SKU_3,81.75,6,0,0,0,6.4
2024-03-08,Store_3,SKU_3,73.94,8,0,0,0,6.4
2024-03-09,Store_3,SKU_3,103.51,10,0,0,0,6.4
2024-03-10,Store_3,SKU_3,53.19,3,0,0,0,6.4
2024-03-11,Store_3,SKU_3,69.69,5,0,0,0,6.4
2024-03-12,Store_3,SKU_3,77.36,7,0,0,0,6.4
2024-03-13,Store_3,SKU_3,70.97,7,0,0,0,6.4
2024-03-14,Store_3,SKU_3,80.92,6,0,0,0,6.4
2024-03-15,Store_3,SKU_3,89.81,9,0,0,0,6.4
2024-03-16,Store_3,SKU_3,99.87,9,0,0,0,6.4
2024-03-17,Store_3,SKU_3,49.01,5,0,0,0,6.4
2024-03-18,Store_3,SKU_3,54.6,5,0,0,0,6.4
2024-03-19,Store_3,SKU_3,66.01,7,0,0,0,6.4
2024-03-20,Store_3,SKU_3,99.45,9,1,0,0,6.4
2024-03-21,Store_3,SKU_3,79.6,5,0,0,0,6.4
2024-03-22,Store_3,SKU_3,83.57,7,0,0,0,6.4
2024-03-23,Store_3,SKU_3,93.18,8,0,0,0,6.4
2024-03-24,Store_3,SKU_3,49.11,5,0,0,0,6.4
2024-03-25,Store_3,SKU_3,106.73,9,1,0,0,6.4
2024-03-26,Store_3,SKU_3,66.99,5,0,0,0,6.4
2024-03-27,Store_3,SKU_3,68.9,7,0,0,0,6.4
2024-03-28,Store_3,SKU_3,78.24,6,0,0,0,6.4
2024-03-29,Store_3,SKU_3,85.96,7,0,0,0,6.4
2024-03-30,Store_3,SKU_3,87.05,6,0,0,0,6.4
2024-03-31,Store_3,SKU_3,49.51,4,0,0,0,6.4
2024-04-01,Store_3,SKU_3,98.0,10,0,0,0,6.4
2024-04-02,Store_3,SKU_3,88.72,8,0,0,0,6.4
2024-04-03,Store_3,SKU_3,81.59,7,0,0,0,6.4
2024-04-04,Store_3,SKU_3,79.73,9,0,0,0,6.4
2024-04-05,Store_3,SKU_3,98.3,8,0,0,0,6.4
2024-04-06,Store_3,SKU_3,102.74,7,0,0,0,6.4
2024-04-07,Store_3,SKU_3,46.08,5,0,0,0,6.4
2024-04-08,Store_3,SKU_3,83.22,5,0,0,0,6.4
2024-04-09,Store_3,SKU_3,90.79,8,0,0,0,6.4
2024-04-10,Store_3,SKU_3,82.42,8,0,0,0,6.4
2024-04-11,Store_3,SKU_3,85.17,6,0,0,0,6.4
2024-04-12,Store_3,SKU_3,79.5,9,0,0,0,6.4
2024-04-13,Store_3,SKU_3,99.16,8,0,0,0,6.4
2024-04-14,Store_3,SKU_3,47.9,4,0,0,0,6.4
2024-04-15,Store_3,SKU_3,90.69,8,0,0,0,6.4
2024-04-16,Store_3,SKU_3,109.36,9,1,0,0,6.4
2024-04-17,Store_3,SKU_3,124.16,12,1,0,0,6.4
2024-04-18,Store_3,SKU_3,76.65,8,0,0,0,6.4
2024-04-19,Store_3,SKU_3,128.86,10,1,0,0,6.4
2024-04-20,Store_3,SKU_3,109.58,10,0,0,0,6.4
2024-04-21,Store_3,SKU_3,56.46,4,0,0,0,6.4
2024-04-22,Store_3,SKU_3,77.32,7,0,0,0,6.4
2024-04-23,Store_3,SKU_3,86.21,10,0,0,0,6.4
2024-04-24,Store_3,SKU_3,83.56,6,0,0,0,6.4
2024-04-25,Store_3,SKU_3,89.6,7,0,0,0,6.4
2024-04-26,Store_3,SKU_3,94.72,6,0,0,0,6.4
2024-04-27,Store_3,SKU_3,108.32,8,0,0,0,6.4
2024-04-28,Store_3,SKU_3,49.82,5,0,0,0,6.4
2024-04-29,Store_3,SKU_3,90.08,10,0,0,0,6.4
2024-04-30,Store_3,SKU_3,79.27,8,0,0,0,6.4
2024-05-01,Store_3,SKU_3,118.92,10,1,0,0,6.4
2024-05-02,Store_3,SKU_3,92.88,8,0,0,0,6.4
2024-05-03,Store_3,SKU_3,102.26,7,0,0,0,6.4
2024-05-04,Store_3,SKU_3,106.58,7,0,0,0,6.4
2024-05-05,Store_3,SKU_3,56.8,4,0,0,0,6.4
2024-05-06,Store_3,SKU_3,87.03,7,0,0,0,6.4
2024-05-07,Store_3,SKU_3,92.24,7,0,0,0,6.4
2024-05-08,Store_3,SKU_3,90.78,8,0,0,0,6.4
2024-05-09,Store_3,SKU_3,134.22,11,1,0,0,6.4
2024-05-10,Store_3,SKU_3,104.54,11,0,0,0,6.4
2024-05-11,Store_3,SKU_3,153.96,13,1,0,0,6.4
2024-05-12,Store_3,SKU_3,56.05,6,0,0,0,6.4
2024-05-13,Store_3,SKU_3,101.01,8,0,0,0,6.4
2024-05-14,Store_3,SKU_3,81.57,6,0,0,0,6.4
2024-05-15,Store_3,SKU_3,86.71,9,0,0,0,6.4
2024-05-16,Store_3,SKU_3,101.7,9,0,0,0,6.4
2024-05-17,Store_3,SKU_3,95.55,7,0,0,0,6.4
2024-05-18,Store_3,SKU_3,119.75,8,0,0,0,6.4
2024-05-19,Store_3,SKU_3,62.7,5,0,0,0,6.4
2024-05-20,Store_3,SKU_3,96.6,10,0,0,0,6.4
2024-05-21,Store_3,SKU_3,82.72,6,0,0,0,6.4
2024-05-22,Store_3,SKU_3,76.6,7,0,0,0,6.4
2024-05-23,Store_3,SKU_3,145.7,11,1,0,0,6.4
2024-05-24,Store_3,SKU_3,140.53,15,1,0,0,6.4
2024-05-25,Store_3,SKU_3,118.76,12,0,0,0,6.4
2024-05-26,Store_3,SKU_3,53.95,5,0,0,0,6.4
2024-05-27,Store_3,SKU_3,83.93,6,0,0,0,6.4
2024-05-28,Store_3,SKU_3,81.73,5,0,0,0,6.4
2024-05-29,Store_3,SKU_3,80.86,5,0,0,0,6.4
2024-05-30,Store_3,SKU_3,84.94,9,0,0,0,6.4
2024-05-31,Store_3,SKU_3,133.01,11,1,0,0,6.4
2024-06-01,Store_3,SKU_3,116.72,8,0,0,0,6.4
2024-06-02,Store_3,SKU_3,49.27,5,0,0,0,6.4
2024-06-03,Store_3,SKU_3,153.46,13,1,0,0,6.4
2024-06-04,Store_3,SKU_3,133.58,13,1,0,0,6.4
2024-06-05,Store_3,SKU_3,91.57,9,0,0,0,6.4
2024-06-06,Store_3,SKU_3,94.95,8,0,0,0,6.4
2024-06-07,Store_3,SKU_3,106.7,8,0,0,0,6.4
2024-06-08,Store_3,SKU_3,119.03,12,0,0,0,6.4
2024-06-09,Store_3,SKU_3,53.57,5,0,0,0,6.4
2024-06-10,Store_3,SKU_3,102.65,11,0,0,0,6.4
2024-06-11,Store_3,SKU_3,79.53,9,0,0,0,6.4
2024-06-12,Store_3,SKU_3,100.36,8,0,0,0,6.4
2024-06-13,Store_3,SKU_3,87.03,7,0,0,0,6.4
2024-06-14,Store_3,SKU_3,106.83,12,0,0,0,6.4
2024-06-15,Store_3,SKU_3,149.32,11,0,0,0,6.4
2024-06-16,Store_3,SKU_3,64.38,5,0,0,0,6.4
2024-06-17,Store_3,SKU_3,85.85,9,0,0,0,6.4
2024-06-18,Store_3,SKU_3,111.34,8,1,0,0,6.4
2024-06-19,Store_3,SKU_3,91.29,7,0,0,0,6.4
2024-06-20,Store_3,SKU_3,104.52,10,0,0,0,6.4
2024-06-21,Store_3,SKU_3,151.61,10,1,0,0,6.4
2024-06-22,Store_3,SKU_3,108.33,8,0,0,0,6.4
2024-06-23,Store_3,SKU_3,60.08,4,0,0,0,6.4
2024-06-24,Store_3,SKU_3,125.78,11,1,0,0,6.4
2024-06-25,Store_3,SKU_3,128.59,9,1,0,0,6.4
2024-06-26,Store_3,SKU_3,93.61,10,0,0,0,6.4
2024-06-27,Store_3,SKU_3,101.57,10,0,0,0,6.4
2024-06-28,Store_3,SKU_3,106.14,10,0,0,0,6.4
2024-06-29,Store_3,SKU_3,113.86,9,0,0,0,6.4
2024-06-30,Store_3,SKU_3,52.84,4,0,0,0,6.4
2024-07-01,Store_3,SKU_3,126.71,14,1,0,0,6.4
2024-07-02,Store_3,SKU_3,123.26,13,1,0,0,6.4
2024-07-03,Store_3,SKU_3,96.41,10,0,0,0,6.4
2024-07-04,Store_3,SKU_3,96.79,8,0,0,0,6.4
2024-07-05,Store_3,SKU_3,119.55,10,0,0,1,6.4
2024-07-06,Store_3,SKU_3,116.81,12,0,0,0,6.4
2024-07-07,Store_3,SKU_3,64.83,5,0,0,0,6.4
2024-07-08,Store_3,SKU_3,150.52,12,1,0,0,6.4
2024-07-09,Store_3,SKU_3,80.85,6,0,0,0,6.4
2024-07-10,Store_3,SKU_3,141.2,13,1,0,1,6.4
2024-07-11,Store_3,SKU_3,93.18,10,0,0,1,6.4
2024-07-12,Store_3,SKU_3,81.09,7,0,0,1,6.4
2024-07-13,Store_3,SKU_3,161.41,16,1,0,1,6.4
2024-07-14,Store_3,SKU_3,55.99,6,0,0,1,6.4
2024-07-15,Store_3,SKU_3,86.14,8,0,0,1,6.4
2024-07-16,Store_3,SKU_3,127.96,12,1,0,1,6.4
2024-07-17,Store_3,SKU_3,89.82,10,0,0,0,6.4
2024-07-18,Store_3,SKU_3,85.8,6,0,0,0,6.4
2024-07-19,Store_3,SKU_3,98.9,8,0,0,0,6.4
2024-07-20,Store_3,SKU_3,107.95,9,0,0,1,6.4
2024-07-21,Store_3,SKU_3,58.76,5,0,0,0,6.4
2024-07-22,Store_3,SKU_3,99.01,7,0,0,0,6.4
2024-07-23,Store_3,SKU_3,82.94,6,0,0,1,6.4
2024-07-24,Store_3,SKU_3,96.09,10,0,0,1,6.4
2024-07-25,Store_3,SKU_3,91.36,7,0,0,0,6.4
2024-07-26,Store_3,SKU_3,96.75,10,0,0,0,6.4
2024-07-27,Store_3,SKU_3,115.88,11,0,0,0,6.4
2024-07-28,Store_3,SKU_3,61.01,4,0,0,0,6.4
2024-07-29,Store_3,SKU_3,98.43,7,0,0,1,6.4
2024-07-30,Store_3,SKU_3,94.35,8,0,0,0,6.4
2024-07-31,Store_3,SKU_3,82.06,6,0,0,0,6.4
2024-08-01,Store_3,SKU_3,122.02,10,1,0,0,6.4
2024-08-02,Store_3,SKU_3,92.54,7,0,0,0,6.4
2024-08-03,Store_3,SKU_3,148.59,16,1,0,1,6.4
2024-08-04,Store_3,SKU_3,50.21,3,0,0,0,6.4
2024-08-05,Store_3,SKU_3,104.02,9,0,0,0,6.4
2024-08-06,Store_3,SKU_3,93.21,7,0,0,0,6.4
2024-08-07,Store_3,SKU_3,87.23,8,0,0,0,6.4
2024-08-08,Store_3,SKU_3,88.82,7,0,0,0,6.4
2024-08-09,Store_3,SKU_3,95.26,10,0,0,1,6.4
2024-08-10,Store_3,SKU_3,111.12,11,0,0,1,6.4
2024-08-11,Store_3,SKU_3,56.48,5,0,0,1,6.4
2024-08-12,Store_3,SKU_3,93.7,8,0,0,0,6.4
2024-08-13,Store_3,SKU_3,72.47,5,0,0,0,6.4
2024-08-14,Store_3,SKU_3,84.83,6,0,0,0,6.4
2024-08-15,Store_3,SKU_3,88.36,6,0,0,1,6.4
2024-08-16,Store_3,SKU_3,91.85,9,0,0,0,6.4
2024-08-17,Store_3,SKU_3,93.62,10,0,0,0,6.4
2024-08-18,Store_3,SKU_3,57.87,6,0,0,1,6.4
2024-08-19,Store_3,SKU_3,78.64,7,0,0,0,6.4
2024-08-20,Store_3,SKU_3,79.2,8,0,0,0,6.4
2024-08-21,Store_3,SKU_3,82.33,5,0,0,1,6.4
2024-08-22,Store_3,SKU_3,88.34,6,0,0,0,6.4
2024-08-23,Store_3,SKU_3,98.71,8,0,0,0,6.4
2024-08-24,Store_3,SKU_3,100.05,8,0,0,1,6.4
2024-08-25,Store_3,SKU_3,50.75,4,0,0,0,6.4
2024-08-26,Store_3,SKU_3,133.78,11,1,0,0,6.4
2024-08-27,Store_3,SKU_3,80.58,6,0,0,0,6.4
2024-08-28,Store_3,SKU_3,119.58,9,1,0,0,6.4
2024-08-29,Store_3,SKU_3,92.74,8,0,0,0,6.4
2024-08-30,Store_3,SKU_3,93.29,7,0,0,1,6.4
2024-08-31,Store_3,SKU_3,118.27,11,0,0,1,6.4
2024-09-01,Store_3,SKU_3,45.08,3,0,0,0,6.4
2024-09-02,Store_3,SKU_3,71.59,8,0,0,0,6.4
2024-09-03,Store_3,SKU_3,74.61,8,0,0,0,6.4
2024-09-04,Store_3,SKU_3,80.92,7,0,0,0,6.4
2024-09-05,Store_3,SKU_3,72.15,7,0,0,0,6.4
2024-09-06,Store_3,SKU_3,129.62,10,1,0,0,6.4
2024-09-07,Store_3,SKU_3,107.71,10,0,0,0,6.4
2024-09-08,Store_3,SKU_3,49.83,5,0,0,0,6.4
2024-09-09,Store_3,SKU_3,106.69,12,1,0,0,6.4
2024-09-10,Store_3,SKU_3,69.1,6,0,0,0,6.4
2024-09-11,Store_3,SKU_3,62.91,6,0,0,0,6.4
2024-09-12,Store_3,SKU_3,79.64,9,0,0,0,6.4
2024-09-13,Store_3,SKU_3,96.0,8,0,0,0,6.4
2024-09-14,Store_3,SKU_3,105.91,8,0,0,0,6.4
2024-09-15,Store_3,SKU_3,50.83,5,0,0,0,6.4
2024-09-16,Store_3,SKU_3,70.39,5,0,0,0,6.4
2024-09-17,Store_3,SKU_3,112.1,8,1,0,0,6.4
2024-09-18,Store_3,SKU_3,74.51,8,0,0,0,6.4
2024-09-19,Store_3,SKU_3,75.47,8,0,0,0,6.4
2024-09-20,Store_3,SKU_3,81.16,6,0,0,0,6.4
2024-09-21,Store_3,SKU_3,134.96,13,1,0,0,6.4
2024-09-22,Store_3,SKU_3,50.39,4,0,0,0,6.4
2024-09-23,Store_3,SKU_3,87.66,6,0,0,0,6.4
2024-09-24,Store_3,SKU_3,107.79,9,1,0,0,6.4
2024-09-25,Store_3,SKU_3,71.97,8,0,0,0,6.4
2024-09-26,Store_3,SKU_3,77.05,6,0,0,0,6.4
2024-09-27,Store_3,SKU_3,84.68,9,0,0,0,6.4
2024-09-28,Store_3,SKU_3,97.67,8,0,0,0,6.4
2024-09-29,Store_3,SKU_3,50.26,3,0,0,0,6.4
2024-09-30,Store_3,SKU_3,78.85,9,0,0,0,6.4
2024-10-01,Store_3,SKU_3,71.37,8,0,0,0,6.4
2024-10-02,Store_3,SKU_3,63.85,4,0,0,0,6.4
2024-10-03,Store_3,SKU_3,93.44,7,1,0,0,6.4
2024-10-04,Store_3,SKU_3,100.21,8,1,0,0,6.4
2024-10-05,Store_3,SKU_3,80.05,9,0,0,0,6.4
2024-10-06,Store_3,SKU_3,45.52,3,0,0,0,6.4
2024-10-07,Store_3,SKU_3,63.53,5,0,0,0,6.4
2024-10-08,Store_3,SKU_3,95.51,6,1,0,0,6.4
2024-10-09,Store_3,SKU_3,69.37,6,0,0,0,6.4
2024-10-10,Store_3,SKU_3,73.86,6,0,0,0,6.4
2024-10-11,Store_3,SKU_3,80.04,8,0,0,0,6.4
2024-10-12,Store_3,SKU_3,88.13,6,0,0,0,6.4
2024-10-13,Store_3,SKU_3,53.53,5,1,0,0,6.4
2024-10-14,Store_3,SKU_3,67.41,6,0,0,0,6.4
2024-10-15,Store_3,SKU_3,65.03,7,0,0,0,6.4
2024-10-16,Store_3,SKU_3,62.76,5,0,0,0,6.4
2024-10-17,Store_3,SKU_3,94.13,9,1,0,0,6.4
2024-10-18,Store_3,SKU_3,76.72,6,0,0,0,6.4
2024-10-19,Store_3,SKU_3,74.61,5,0,0,0,6.4
2024-10-20,Store_3,SKU_3,48.12,3,0,0,0,6.4
2024-10-21,Store_3,SKU_3,85.92,8,1,0,0,6.4
2024-10-22,Store_3,SKU_3,74.64,5,0,0,0,6.4
2024-10-23,Store_3,SKU_3,66.99,6,0,0,0,6.4
2024-10-24,Store_3,SKU_3,67.54,6,0,0,0,6.4
2024-10-25,Store_3,SKU_3,75.49,5,0,0,0,6.4
2024-10-26,Store_3,SKU_3,96.36,8,0,0,0,6.4
2024-10-27,Store_3,SKU_3,48.55,4,0,0,0,6.4
2024-10-28,Store_3,SKU_3,71.27,5,0,0,0,6.4
2024-10-29,Store_3,SKU_3,71.25,7,0,0,0,6.4
2024-10-30,Store_3,SKU_3,94.22,11,1,0,0,6.4
2024-10-31,Store_3,SKU_3,63.78,5,0,0,0,6.4
2024-11-01,Store_3,SKU_3,65.17,6,0,0,0,6.4
2024-11-02,Store_3,SKU_3,78.68,8,0,0,0,6.4
2024-11-03,Store_3,SKU_3,51.35,5,1,0,0,6.4
2024-11-04,Store_3,SKU_3,83.21,6,1,0,0,6.4
2024-11-05,Store_3,SKU_3,55.57,5,0,0,0,6.4
2024-11-06,Store_3,SKU_3,56.96,4,0,0,0,6.4
2024-11-07,Store_3,SKU_3,65.9,4,0,0,0,6.4
2024-11-08,Store_3,SKU_3,65.76,6,0,0,0,6.4
2024-11-09,Store_3,SKU_3,76.71,7,0,0,0,6.4
2024-11-10,Store_3,SKU_3,38.29,3,0,0,0,6.4
2024-11-11,Store_3,SKU_3,59.9,5,0,0,0,6.4
2024-11-12,Store_3,SKU_3,61.67,4,0,0,0,6.4
2024-11-13,Store_3,SKU_3,56.86,4,0,0,0,6.4
2024-11-14,Store_3,SKU_3,74.59,8,1,0,0,6.4
2024-11-15,Store_3,SKU_3,60.41,7,0,0,0,6.4
2024-11-16,Store_3,SKU_3,83.01,7,0,0,0,6.4
2024-11-17,Store_3,SKU_3,39.66,3,0,0,0,6.4
2024-11-18,Store_3,SKU_3,90.02,8,1,0,0,6.4
2024-11-19,Store_3,SKU_3,57.99,5,0,0,0,6.4
2024-11-20,Store_3,SKU_3,60.53,5,0,0,0,6.4
2024-11-21,Store_3,SKU_3,57.37,5,0,0,0,6.4
2024-11-22,Store_3,SKU_3,78.27,6,0,0,0,6.4
2024-11-23,Store_3,SKU_3,80.45,7,0,0,0,6.4
2024-11-24,Store_3,SKU_3,55.93,4,1,0,0,6.4
2024-11-25,Store_3,SKU_3,61.95,7,0,0,0,6.4
2024-11-26,Store_3,SKU_3,59.61,4,0,0,0,6.4
2024-11-27,Store_3,SKU_3,67.15,6,0,0,0,6.4
2024-11-28,Store_3,SKU_3,86.74,9,1,0,0,6.4
2024-11-29,Store_3,SKU_3,66.25,5,0,0,0,6.4
2024-11-30,Store_3,SKU_3,84.32,6,0,0,0,6.4
2024-12-01,Store_3,SKU_3,38.14,4,0,0,0,6.4
2024-12-02,Store_3,SKU_3,57.77,5,0,0,0,6.4
2024-12-03,Store_3,SKU_3,82.35,7,1,0,0,6.4
2024-12-04,Store_3,SKU_3,60.21,6,0,0,0,6.4
2024-12-05,Store_3,SKU_3,57.72,4,0,0,0,6.4
2024-12-06,Store_3,SKU_3,89.62,9,1,0,0,6.4
2024-12-07,Store_3,SKU_3,105.96,10,1,0,0,6.4
2024-12-08,Store_3,SKU_3,36.88,3,0,0,0,6.4
2024-12-09,Store_3,SKU_3,57.01,5,0,0,0,6.4
2024-12-10,Store_3,SKU_3,57.03,5,0,0,0,6.4
2024-12-11,Store_3,SKU_3,56.25,4,0,0,0,6.4
2024-12-12,Store_3,SKU_3,54.18,6,0,0,0,6.4
2024-12-13,Store_3,SKU_3,66.75,7,0,0,0,6.4
2024-12-14,Store_3,SKU_3,70.75,6,0,0,0,6.4
2024-12-15,Store_3,SKU_3,37.64,3,0,0,0,6.4
2024-12-16,Store_3,SKU_3,62.42,5,0,0,0,6.4
2024-12-17,Store_3,SKU_3,54.08,5,0,0,0,6.4
2024-12-18,Store_3,SKU_3,79.88,6,1,0,0,6.4
2024-12-19,Store_3,SKU_3,70.91,5,0,0,0,6.4
2024-12-20,Store_3,SKU_3,67.5,5,0,0,0,6.4
2024-12-21,Store_3,SKU_3,71.98,7,0,0,0,6.4
2024-12-22,Store_3,SKU_3,33.94,2,0,0,0,6.4
2024-12-23,Store_3,SKU_3,59.68,4,0,0,0,6.4
2024-12-24,Store_3,SKU_3,63.99,5,0,0,0,6.4
2024-12-25,Store_3,SKU_3,19.92,2,0,a,0,6.4
2024-12-26,Store_3,SKU_3,25.2,2,0,a,0,6.4
2024-12-27,Store_3,SKU_3,86.14,7,1,0,0,6.4
2024-12-28,Store_3,SKU_3,76.01,6,0,0,0,6.4
2024-12-29,Store_3,SKU_3,32.7,3,0,0,0,6.4
2024-12-30,Store_3,SKU_3,62.23,7,0,0,0,6.4
2024-12-31,Store_3,SKU_3,58.19,7,0,0,0,6.4
2022-01-01,Store_3,SKU_4,19.34,1,0,a,0,12.14
2022-01-02,Store_3,SKU_4,20.61,2,0,0,0,12.14
2022-01-03,Store_3,SKU_4,43.21,4,0,0,0,12.14
2022-01-04,Store_3,SKU_4,49.43,5,1,0,0,12.14
2022-01-05,Store_3,SKU_4,34.88,4,0,0,0,12.14
2022-01-06,Store_3,SKU_4,36.71,2,0,0,0,12.14
2022-01-07,Store_3,SKU_4,40.17,3,0,0,0,12.14
2022-01-08,Store_3,SKU_4,50.28,4,0,0,0,12.14
2022-01-09,Store_3,SKU_4,21.52,1,0,0,0,12.14
2022-01-10,Store_3,SKU_4,53.16,4,1,0,0,12.14
2022-01-11,Store_3,SKU_4,39.6,3,0,0,0,12.14
2022-01-12,Store_3,SKU_4,34.77,2,0,0,0,12.14
2022-01-13,Store_3,SKU_4,35.8,3,0,0,0,12.14
2022-01-14,Store_3,SKU_4,42.21,3,0,0,0,12.14
2022-01-15,Store_3,SKU_4,48.04,4,0,0,0,12.14
2022-01-16,Store_3,SKU_4,24.23,2,0,0,0,12.14
2022-01-17,Store_3,SKU_4,37.32,3,0,0,0,12.14
2022-01-18,Store_3,SKU_4,56.74,5,1,0,0,12.14
2022-01-19,Store_3,SKU_4,38.24,4,0,0,0,12.14
2022-01-20,Store_3,SKU_4,39.93,3,0,0,0,12.14
2022-01-21,Store_3,SKU_4,45.28,4,0,0,0,12.14
2022-01-22,Store_3,SKU_4,45.22,3,0,0,0,12.14
2022-01-23,Store_3,SKU_4,24.33,1,0,0,0,12.14
2022-01-24,Store_3,SKU_4,37.5,4,0,0,0,12.14
2022-01-25,Store_3,SKU_4,35.33,3,0,0,0,12.14
2022-01-26,Store_3,SKU_4,35.68,3,0,0,0,12.14
2022-01-27,Store_3,SKU_4,37.32,3,0,0,0,12.14
2022-01-28,Store_3,SKU_4,42.35,4,0,0,0,12.14
2022-01-29,Store_3,SKU_4,48.7,5,0,0,0,12.14
2022-01-30,Store_3,SKU_4,21.45,1,0,0,0,12.14
2022-01-31,Store_3,SKU_4,39.63,3,0,0,0,12.14
2022-02-01,Store_3,SKU_4,42.3,4,0,0,0,12.14
2022-02-02,Store_3,SKU_4,45.8,4,0,0,0,12.14
2022-02-03,Store_3,SKU_4,40.8,3,0,0,0,12.14
2022-02-04,Store_3,SKU_4,45.2,4,0,0,0,12.14
2022-02-05,Store_3,SKU_4,54.9,4,0,0,0,12.14
2022-02-06,Store_3,SKU_4,24.68,1,0,0,0,12.14
2022-02-07,Store_3,SKU_4,44.57,3,0,0,0,12.14
2022-02-08,Store_3,SKU_4,45.95,5,0,0,0,12.14
2022-02-09,Store_3,SKU_4,37.12,4,0,0,0,12.14
2022-02-10,Store_3,SKU_4,44.94,5,0,0,0,12.14
2022-02-11,Store_3,SKU_4,48.64,4,0,0,0,12.14
2022-02-12,Store_3,SKU_4,55.57,4,0,0,0,12.14
2022-02-13,Store_3,SKU_4,26.58,3,0,0,0,12.14
2022-02-14,Store_3,SKU_4,45.36,3,0,0,0,12.14
2022-02-15,Store_3,SKU_4,38.18,2,0,0,0,12.14
2022-02-16,Store_3,SKU_4,42.35,4,0,0,0,12.14
2022-02-17,Store_3,SKU_4,39.9,3,0,0,0,12.14
2022-02-18,Store_3,SKU_4,48.01,4,0,0,0,12.14
2022-02-19,Store_3,SKU_4,51.75,4,0,0,0,12.14
2022-02-20,Store_3,SKU_4,25.27,2,0,0,0,12.14
2022-02-21,Store_3,SKU_4,62.93,5,1,0,0,12.14
2022-02-22,Store_3,SKU_4,37.05,3,0,0,0,12.14
2022-02-23,Store_3,SKU_4,43.1,3,0,0,0,12.14
2022-02-24,Store_3,SKU_4,50.56,6,1,0,0,12.14
2022-02-25,Store_3,SKU_4,68.86,6,1,0,0,12.14
2022-02-26,Store_3,SKU_4,49.63,5,0,0,0,12.14
2022-02-27,Store_3,SKU_4,24.31,2,0,0,0,12.14
2022-02-28,Store_3,SKU_4,46.48,3,0,0,0,12.14
2022-03-01,Store_3,SKU_4,46.06,3,0,0,0,12.14
2022-03-02,Store_3,SKU_4,52.31,4,0,0,0,12.14
2022-03-03,Store_3,SKU_4,46.21,3,0,0,0,12.14
2022-03-04,Store_3,SKU_4,48.39,3,0,0,0,12.14
2022-03-05,Store_3,SKU_4,59.3,6,0,0,0,12.14
2022-03-06,Store_3,SKU_4,29.15,3,0,0,0,12.14
2022-03-07,Store_3,SKU_4,45.48,3,0,0,0,12.14
2022-03-08,Store_3,SKU_4,44.99,3,0,0,0,12.14
2022-03-09,Store_3,SKU_4,68.83,5,1,0,0,12.14
2022-03-10,Store_3,SKU_4,45.46,3,0,0,0,12.14
2022-03-11,Store_3,SKU_4,69.19,7,1,0,0,12.14
2022-03-12,Store_3,SKU_4,58.91,4,0,0,0,12.14
2022-03-13,Store_3,SKU_4,31.74,2,0,0,0,12.14
2022-03-14,Store_3,SKU_4,50.93,3,0,0,0,12.14
2022-03-15,Store_3,SKU_4,46.84,4,0,0,0,12.14
2022-03-16,Store_3,SKU_4,47.36,5,0,0,0,12.14
2022-03-17,Store_3,SKU_4,52.86,4,0,0,0,12.14
2022-03-18,Store_3,SKU_4,55.8,5,0,0,0,12.14
2022-03-19,Store_3,SKU_4,62.72,6,0,0,0,12.14
2022-03-20,Store_3,SKU_4,30.9,2,0,0,0,12.14
2022-03-21,Store_3,SKU_4,49.43,4,0,0,0,12.14
2022-03-22,Store_3,SKU_4,44.22,5,0,0,0,12.14
2022-03-23,Store_3,SKU_4,56.61,5,1,0,0,12.14
2022-03-24,Store_3,SKU_4,47.76,3,0,0,0,12.14
2022-03-25,Store_3,SKU_4,58.31,4,0,0,0,12.14
2022-03-26,Store_3,SKU_4,60.7,7,0,0,0,12.14
2022-03-27,Store_3,SKU_4,29.37,3,0,0,0,12.14
2022-03-28,Store_3,SKU_4,43.1,3,0,0,0,12.14
2022-03-29,Store_3,SKU_4,58.16,4,0,0,0,12.14
2022-03-30,Store_3,SKU_4,49.21,5,0,0,0,12.14
2022-03-31,Store_3,SKU_4,38.15,3,0,0,0,12.14
2022-04-01,Store_3,SKU_4,64.48,4,0,0,0,12.14
2022-04-02,Store_3,SKU_4,67.17,6,0,0,0,12.14
2022-04-03,Store_3,SKU_4,31.32,2,0,0,0,12.14
2022-04-04,Store_3,SKU_4,54.01,6,0,0,0,12.14
2022-04-05,Store_3,SKU_4,49.6,4,0,0,0,12.14
2022-04-06,Store_3,SKU_4,59.33,5,0,0,0,12.14
2022-04-07,Store_3,SKU_4,58.99,4,0,0,0,12.14
2022-04-08,Store_3,SKU_4,57.68,4,0,0,0,12.14
2022-04-09,Store_3,SKU_4,104.14,12,1,0,0,12.14
2022-04-10,Store_3,SKU_4,34.09,2,0,0,0,12.14
2022-04-11,Store_3,SKU_4,62.15,6,0,0,0,12.14
2022-04-12,Store_3,SKU_4,60.44,5,0,0,0,12.14
2022-04-13,Store_3,SKU_4,73.49,5,1,0,0,12.14
2022-04-14,Store_3,SKU_4,59.19,6,0,0,0,12.14
2022-04-15,Store_3,SKU_4,64.1,5,0,0,0,12.14
2022-04-16,Store_3,SKU_4,68.75,6,0,0,0,12.14
2022-04-17,Store_3,SKU_4,30.85,3,0,0,0,12.14
2022-04-18,Store_3,SKU_4,56.44,5,0,0,0,12.14
2022-04-19,Store_3,SKU_4,51.49,3,0,0,0,12.14
2022-04-20,Store_3,SKU_4,55.23,4,0,0,0,12.14
2022-04-21,Store_3,SKU_4,57.64,4,0,0,0,12.14
2022-04-22,Store_3,SKU_4,55.49,6,0,0,0,12.14
2022-04-23,Store_3,SKU_4,65.93,5,0,0,0,12.14
2022-04-24,Store_3,SKU_4,53.82,5,1,0,0,12.14
2022-04-25,Store_3,SKU_4,54.66,5,0,0,0,12.14
2022-04-26,Store_3,SKU_4,58.26,4,0,0,0,12.14
2022-04-27,Store_3,SKU_4,52.4,4,0,0,0,12.14
2022-04-28,Store_3,SKU_4,63.81,4,0,0,0,12.14
2022-04-29,Store_3,SKU_4,62.41,5,0,0,0,12.14
2022-04-30,Store_3,SKU_4,77.0,6,0,0,0,12.14
2022-05-01,Store_3,SKU_4,60.4,6,1,0,0,12.14
2022-05-02,Store_3,SKU_4,66.6,4,0,0,0,12.14
2022-05-03,Store_3,SKU_4,63.77,6,0,0,0,12.14
2022-05-04,Store_3,SKU_4,59.98,6,0,0,0,12.14
2022-05-05,Store_3,SKU_4,58.13,4,0,0,0,12.14
2022-05-06,Store_3,SKU_4,97.69,9,1,0,0,12.14
2022-05-07,Store_3,SKU_4,74.65,5,0,0,0,12.14
2022-05-08,Store_3,SKU_4,32.79,2,0,0,0,12.14
2022-05-09,Store_3,SKU_4,60.81,4,0,0,0,12.14
2022-05-10,Store_3,SKU_4,58.6,6,0,0,0,12.14
2022-05-11,Store_3,SKU_4,62.3,4,0,0,0,12.14
2022-05-12,Store_3,SKU_4,66.69,7,0,0,0,12.14
2022-05-13,Store_3,SKU_4,85.78,6,1,0,0,12.14
2022-05-14,Store_3,SKU_4,68.69,5,0,0,0,12.14
2022-05-15,Store_3,SKU_4,33.7,2,0,0,0,12.14
2022-05-16,Store_3,SKU_4,83.37,7,1,0,0,12.14
2022-05-17,Store_3,SKU_4,55.33,6,0,0,0,12.14
2022-05-18,Store_3,SKU_4,52.89,3,0,0,0,12.14
2022-05-19,Store_3,SKU_4,64.26,5,0,0,0,12.14
2022-05-20,Store_3,SKU_4,58.65,6,0,0,0,12.14
2022-05-21,Store_3,SKU_4,77.27,8,0,0,0,12.14
2022-05-22,Store_3,SKU_4,35.53,3,0,0,0,12.14
2022-05-23,Store_3,SKU_4,81.87,6,1,0,0,12.14
2022-05-24,Store_3,SKU_4,61.59,6,0,0,0,12.14
2022-05-25,Store_3,SKU_4,56.07,6,0,0,0,12.14
2022-05-26,Store_3,SKU_4,59.9,6,0,0,0,12.14
2022-05-27,Store_3,SKU_4,70.0,5,0,0,0,12.14
2022-05-28,Store_3,SKU_4,75.55,6,0,0,0,12.14
2022-05-29,Store_3,SKU_4,39.84,4,0,0,0,12.14
2022-05-30,Store_3,SKU_4,66.09,4,0,0,0,12.14
2022-05-31,Store_3,SKU_4,63.06,4,0,0,0,12.14
2022-06-01,Store_3,SKU_4,44.23,3,0,0,0,12.14
2022-06-02,Store_3,SKU_4,64.1,6,0,0,0,12.14
2022-06-03,Store_3,SKU_4,72.22,5,0,0,0,12.14
2022-06-04,Store_3,SKU_4,86.03,8,0,0,0,12.14
2022-06-05,Store_3,SKU_4,36.15,4,0,0,0,12.14
2022-06-06,Store_3,SKU_4,92.01,7,1,0,0,12.14
2022-06-07,Store_3,SKU_4,61.93,4,0,0,0,12.14
2022-06-08,Store_3,SKU_4,88.01,7,1,0,0,12.14
2022-06-09,Store_3,SKU_4,58.63,5,0,0,0,12.14
2022-06-10,Store_3,SKU_4,72.01,7,0,0,0,12.14
2022-06-11,Store_3,SKU_4,74.57,7,0,0,0,12.14
2022-06-12,Store_3,SKU_4,51.82,4,1,0,0,12.14
2022-06-13,Store_3,SKU_4,88.55,8,1,0,0,12.14
2022-06-14,Store_3,SKU_4,65.23,6,0,0,0,12.14
2022-06-15,Store_3,SKU_4,57.56,5,0,0,0,12.14
2022-06-16,Store_3,SKU_4,63.49,7,0,0,0,12.14
2022-06-17,Store_3,SKU_4,77.02,5,0,0,0,12.14
2022-06-18,Store_3,SKU_4,81.11,6,0,0,0,12.14
2022-06-19,Store_3,SKU_4,35.23,2,0,0,0,12.14
2022-06-20,Store_3,SKU_4,60.45,5,0,0,0,12.14
2022-06-21,Store_3,SKU_4,66.97,5,0,0,0,12.14
2022-06-22,Store_3,SKU_4,95.95,8,1,0,0,12.14
2022-06-23,Store_3,SKU_4,64.2,5,0,0,0,12.14
2022-06-24,Store_3,SKU_4,68.35,7,0,0,0,12.14
2022-06-25,Store_3,SKU_4,80.09,6,0,0,0,12.14
2022-06-26,Store_3,SKU_4,57.01,4,1,0,0,12.14
2022-06-27,Store_3,SKU_4,68.26,7,0,0,0,12.14
2022-06-28,Store_3,SKU_4,85.72,8,1,0,0,12.14
2022-06-29,Store_3,SKU_4,62.59,4,0,0,0,12.14
2022-06-30,Store_3,SKU_4,71.79,5,0,0,0,12.14
2022-07-01,Store_3,SKU_4,58.16,6,0,0,0,12.14
2022-07-02,Store_3,SKU_4,112.78,9,1,0,1,12.14
2022-07-03,Store_3,SKU_4,36.31,2,0,0,0,12.14
2022-07-04,Store_3,SKU_4,53.46,5,0,0,0,12.14
2022-07-05,Store_3,SKU_4,69.31,5,0,0,1,12.14
2022-07-06,Store_3,SKU_4,83.8,6,1,0,0,12.14
2022-07-07,Store_3,SKU_4,58.06,4,0,0,1,12.14
2022-07-08,Store_3,SKU_4,100.64,7,1,0,0,12.14
2022-07-09,Store_3,SKU_4,73.87,6,0,0,0,12.14
2022-07-10,Store_3,SKU_4,32.83,3,0,0,0,12.14
2022-07-11,Store_3,SKU_4,57.82,4,0,0,1,12.14
2022-07-12,Store_3,SKU_4,65.73,5,0,0,1,12.14
2022-07-13,Store_3,SKU_4,57.77,4,0,0,1,12.14
2022-07-14,Store_3,SKU_4,62.43,4,0,0,0,12.14
2022-07-15,Store_3,SKU_4,61.02,4,0,0,0,12.14
2022-07-16,Store_3,SKU_4,71.5,8,0,0,1,12.14
2022-07-17,Store_3,SKU_4,54.33,5,1,0,0,12.14
2022-07-18,Store_3,SKU_4,51.17,3,0,0,1,12.14
2022-07-19,Store_3,SKU_4,57.79,5,0,0,0,12.14
2022-07-20,Store_3,SKU_4,61.43,4,0,0,0,12.14
2022-07-21,Store_3,SKU_4,61.49,6,0,0,1,12.14
2022-07-22,Store_3,SKU_4,61.75,7,0,0,0,12.14
2022-07-23,Store_3,SKU_4,76.32,5,0,0,1,12.14
2022-07-24,Store_3,SKU_4,31.63,2,0,0,0,12.14
2022-07-25,Store_3,SKU_4,76.86,7,1,0,1,12.14
2022-07-26,Store_3,SKU_4,89.79,9,1,0,0,12.14
2022-07-27,Store_3,SKU_4,51.48,5,0,0,0,12.14
2022-07-28,Store_3,SKU_4,62.0,6,0,0,0,12.14
2022-07-29,Store_3,SKU_4,93.67,7,1,0,1,12.14
2022-07-30,Store_3,SKU_4,70.72,7,0,0,0,12.14
2022-07-31,Store_3,SKU_4,46.46,3,1,0,0,12.14
2022-08-01,Store_3,SKU_4,58.84,4,0,0,0,12.14
2022-08-02,Store_3,SKU_4,55.35,4,0,0,1,12.14
2022-08-03,Store_3,SKU_4,53.71,6,0,0,1,12.14
2022-08-04,Store_3,SKU_4,58.32,6,0,0,0,12.14
2022-08-05,Store_3,SKU_4,73.99,7,0,0,0,12.14
2022-08-06,Store_3,SKU_4,106.2,10,1,0,1,12.14
2022-08-07,Store_3,SKU_4,35.5,3,0,0,0,12.14
2022-08-08,Store_3,SKU_4,58.72,6,0,0,0,12.14
2022-08-09,Store_3,SKU_4,54.3,4,0,0,0,12.14
2022-08-10,Store_3,SKU_4,51.67,4,0,0,1,12.14
2022-08-11,Store_3,SKU_4,58.91,4,0,0,0,12.14
2022-08-12,Store_3,SKU_4,61.16,4,0,0,0,12.14
2022-08-13,Store_3,SKU_4,73.77,7,0,0,0,12.14
2022-08-14,Store_3,SKU_4,40.95,3,0,0,0,12.14
2022-08-15,Store_3,SKU_4,58.99,5,0,0,0,12.14
2022-08-16,Store_3,SKU_4,78.32,7,1,0,1,12.14
2022-08-17,Store_3,SKU_4,56.37,4,0,0,1,12.14
2022-08-18,Store_3,SKU_4,80.54,6,1,0,0,12.14
2022-08-19,Store_3,SKU_4,62.91,4,0,0,0,12.14
2022-08-20,Store_3,SKU_4,76.1,7,0,0,0,12.14
2022-08-21,Store_3,SKU_4,32.65,2,0,0,0,12.14
2022-08-22,Store_3,SKU_4,52.81,4,0,0,1,12.14
2022-08-23,Store_3,SKU_4,58.89,4,0,0,0,12.14
2022-08-24,Store_3,SKU_4,80.89,6,1,0,0,12.14
2022-08-25,Store_3,SKU_4,56.18,5,0,0,1,12.14
2022-08-26,Store_3,SKU_4,62.29,5,0,0,1,12.14
2022-08-27,Store_3,SKU_4,73.65,5,0,0,1,12.14
2022-08-28,Store_3,SKU_4,35.73,3,0,0,0,12.14
2022-08-29,Store_3,SKU_4,52.94,3,0,0,1,12.14
2022-08-30,Store_3,SKU_4,49.08,4,0,0,0,12.14
2022-08-31,Store_3,SKU_4,50.38,4,0,0,0,12.14
2022-09-01,Store_3,SKU_4,72.85,6,1,0,0,12.14
2022-09-02,Store_3,SKU_4,57.7,5,0,0,0,12.14
2022-09-03,Store_3,SKU_4,60.57,5,0,0,0,12.14
2022-09-04,Store_3,SKU_4,31.66,2,0,0,0,12.14
2022-09-05,Store_3,SKU_4,60.94,5,0,0,0,12.14
2022-09-06,Store_3,SKU_4,48.67,5,0,0,0,12.14
2022-09-07,Store_3,SKU_4,65.29,6,1,0,0,12.14
2022-09-08,Store_3,SKU_4,54.51,5,0,0,0,12.14
2022-09-09,Store_3,SKU_4,60.3,4,0,0,0,12.14
2022-09-10,Store_3,SKU_4,56.19,5,0,0,0,12.14
2022-09-11,Store_3,SKU_4,43.0,4,1,0,0,12.14
2022-09-12,Store_3,SKU_4,70.78,5,1,0,0,12.14
2022-09-13,Store_3,SKU_4,47.56,4,0,0,0,12.14
2022-09-14,Store_3,SKU_4,61.63,4,1,0,0,12.14
2022-09-15,Store_3,SKU_4,47.56,4,0,0,0,12.14
2022-09-16,Store_3,SKU_4,47.15,4,0,0,0,12.14
2022-09-17,Store_3,SKU_4,68.15,5,0,0,0,12.14
2022-09-18,Store_3,SKU_4,30.19,3,0,0,0,12.14
2022-09-19,Store_3,SKU_4,75.97,6,1,0,0,12.14
2022-09-20,Store_3,SKU_4,66.73,4,1,0,0,12.14
2022-09-21,Store_3,SKU_4,50.59,3,0,0,0,12.14
2022-09-22,Store_3,SKU_4,78.42,7,1,0,0,12.14
2022-09-23,Store_3,SKU_4,64.65,6,0,0,0,12.14
2022-09-24,Store_3,SKU_4,70.82,8,0,0,0,12.14
2022-09-25,Store_3,SKU_4,44.25,4,1,0,0,12.14
2022-09-26,Store_3,SKU_4,51.83,4,0,0,0,12.14
2022-09-27,Store_3,SKU_4,44.44,4,0,0,0,12.14
2022-09-28,Store_3,SKU_4,57.31,4,0,0,0,12.14
2022-09-29,Store_3,SKU_4,51.11,4,0,0,0,12.14
2022-09-30,Store_3,SKU_4,55.23,4,0,0,0,12.14
2022-10-01,Store_3,SKU_4,48.72,4,0,0,0,12.14
2022-10-02,Store_3,SKU_4,25.98,2,0,0,0,12.14
2022-10-03,Store_3,SKU_4,45.24,4,0,0,0,12.14
2022-10-04,Store_3,SKU_4,40.03,3,0,0,0,12.14
2022-10-05,Store_3,SKU_4,43.66,4,0,0,0,12.14
2022-10-06,Store_3,SKU_4,47.59,4,0,0,0,12.14
2022-10-07,Store_3,SKU_4,44.69,3,0,0,0,12.14
2022-10-08,Store_3,SKU_4,52.2,5,0,0,0,12.14
2022-10-09,Store_3,SKU_4,29.58,2,0,0,0,12.14
2022-10-10,Store_3,SKU_4,70.56,6,1,0,0,12.14
2022-10-11,Store_3,SKU_4,42.81,3,0,0,0,12.14
2022-10-12,Store_3,SKU_4,46.8,5,0,0,0,12.14
2022-10-13,Store_3,SKU_4,35.17,3,0,0,0,12.14
2022-10-14,Store_3,SKU_4,48.67,3,0,0,0,12.14
2022-10-15,Store_3,SKU_4,61.82,7,0,0,0,12.14
2022-10-16,Store_3,SKU_4,37.28,3,1,0,0,12.14
2022-10-17,Store_3,SKU_4,42.72,4,0,0,0,12.14
2022-10-18,Store_3,SKU_4,39.04,3,0,0,0,12.14
2022-10-19,Store_3,SKU_4,43.81,5,0,0,0,12.14
2022-10-20,Store_3,SKU_4,47.64,3,0,0,0,12.14
2022-10-21,Store_3,SKU_4,55.95,4,0,0,0,12.14
2022-10-22,Store_3,SKU_4,57.69,4,0,0,0,12.14
2022-10-23,Store_3,SKU_4,25.8,2,0,0,0,12.14
2022-10-24,Store_3,SKU_4,44.22,4,0,0,0,12.14
2022-10-25,Store_3,SKU_4,41.99,4,0,0,0,12.14
2022-10-26,Store_3,SKU_4,36.68,2,0,0,0,12.14
2022-10-27,Store_3,SKU_4,42.33,4,0,0,0,12.14
2022-10-28,Store_3,SKU_4,56.0,5,0,0,0,12.14
2022-10-29,Store_3,SKU_4,59.62,5,0,0,0,12.14
2022-10-30,Store_3,SKU_4,27.83,2,0,0,0,12.14
2022-10-31,Store_3,SKU_4,46.65,4,0,0,0,12.14
2022-11-01,Store_3,SKU_4,32.22,3,0,0,0,12.14
2022-11-02,Store_3,SKU_4,42.52,4,0,0,0,12.14
2022-11-03,Store_3,SKU_4,41.94,4,0,0,0,12.14
2022-11-04,Store_3,SKU_4,47.17,3,0,0,0,12.14
2022-11-05,Store_3,SKU_4,49.1,4,0,0,0,12.14
2022-11-06,Store_3,SKU_4,23.41,2,0,0,0,12.14
2022-11-07,Store_3,SKU_4,39.87,4,0,0,0,12.14
2022-11-08,Store_3,SKU_4,39.72,4,0,0,0,12.14
2022-11-09,Store_3,SKU_4,40.6,3,0,0,0,12.14
2022-11-10,Store_3,SKU_4,38.68,3,0,0,0,12.14
2022-11-11,Store_3,SKU_4,42.33,4,0,0,0,12.14
2022-11-12,Store_3,SKU_4,45.07,4,0,0,0,12.14
2022-11-13,Store_3,SKU_4,25.26,2,0,0,0,12.14
2022-11-14,Store_3,SKU_4,35.01,2,0,0,0,12.14
2022-11-15,Store_3,SKU_4,33.96,3,0,0,0,12.14
2022-11-16,Store_3,SKU_4,39.76,3,0,0,0,12.14
2022-11-17,Store_3,SKU_4,42.79,4,0,0,0,12.14
2022-11-18,Store_3,SKU_4,45.81,4,0,0,0,12.14
2022-11-19,Store_3,SKU_4,67.29,8,1,0,0,12.14
2022-11-20,Store_3,SKU_4,23.28,1,0,0,0,12.14
2022-11-21,Store_3,SKU_4,40.06,3,0,0,0,12.14
2022-11-22,Store_3,SKU_4,34.37,2,0,0,0,12.14
2022-11-23,Store_3,SKU_4,36.57,4,0,0,0,12.14
2022-11-24,Store_3,SKU_4,38.74,4,0,0,0,12.14
2022-11-25,Store_3,SKU_4,65.45,4,1,0,0,12.14
2022-11-26,Store_3,SKU_4,50.49,4,0,0,0,12.14
2022-11-27,Store_3,SKU_4,34.02,3,1,0,0,12.14
2022-11-28,Store_3,SKU_4,40.69,5,0,0,0,12.14
2022-11-29,Store_3,SKU_4,36.75,2,0,0,0,12.14
2022-11-30,Store_3,SKU_4,30.95,2,0,0,0,12.14
2022-12-01,Store_3,SKU_4,56.24,4,1,0,0,12.14
2022-12-02,Store_3,SKU_4,45.26,3,0,0,0,12.14
2022-12-03,Store_3,SKU_4,64.61,5,1,0,0,12.14
2022-12-04,Store_3,SKU_4,21.19,1,0,0,0,12.14
2022-12-05,Store_3,SKU_4,36.66,2,0,0,0,12.14
2022-12-06,Store_3,SKU_4,37.62,3,0,0,0,12.14
2022-12-07,Store_3,SKU_4,35.66,3,0,0,0,12.14
2022-12-08,Store_3,SKU_4,57.15,5,1,0,0,12.14
2022-12-09,Store_3,SKU_4,40.57,3,0,0,0,12.14
2022-12-10,Store_3,SKU_4,52.17,5,0,0,0,12.14
2022-12-11,Store_3,SKU_4,24.32,1,0,0,0,12.14
2022-12-12,Store_3,SKU_4,34.23,2,0,0,0,12.14
2022-12-13,Store_3,SKU_4,36.77,2,0,0,0,12.14
2022-12-14,Store_3,SKU_4,51.97,4,1,0,0,12.14
2022-12-15,Store_3,SKU_4,40.84,4,0,0,0,12.14
2022-12-16,Store_3,SKU_4,37.76,3,0,0,0,12.14
2022-12-17,Store_3,SKU_4,45.16,4,0,0,0,12.14
2022-12-18,Store_3,SKU_4,31.63,3,1,0,0,12.14
2022-12-19,Store_3,SKU_4,49.43,3,1,0,0,12.14
2022-12-20,Store_3,SKU_4,37.84,3,0,0,0,12.14
2022-12-21,Store_3,SKU_4,36.82,2,0,0,0,12.14
2022-12-22,Store_3,SKU_4,41.27,4,0,0,0,12.14
2022-12-23,Store_3,SKU_4,44.54,4,0,0,0,12.14
2022-12-24,Store_3,SKU_4,47.23,3,0,0,0,12.14
2022-12-25,Store_3,SKU_4,9.41,0,0,a,0,12.14
2022-12-26,Store_3,SKU_4,14.86,1,0,a,0,12.14
2022-12-27,Store_3,SKU_4,37.08,3,0,0,0,12.14
2022-12-28,Store_3,SKU_4,36.56,3,0,0,0,12.14
2022-12-29,Store_3,SKU_4,48.57,5,1,0,0,12.14
2022-12-30,Store_3,SKU_4,63.06,5,1,0,0,12.14
2022-12-31,Store_3,SKU_4,43.55,4,0,0,0,12.14
2023-01-01,Store_3,SKU_4,11.22,0,0,a,0,12.14
2023-01-02,Store_3,SKU_4,35.01,3,0,0,0,12.14
2023-01-03,Store_3,SKU_4,45.37,4,0,0,0,12.14
2023-01-04,Store_3,SKU_4,36.98,2,0,0,0,12.14
2023-01-05,Store_3,SKU_4,39.15,3,0,0,0,12.14
2023-01-06,Store_3,SKU_4,44.08,3,0,0,0,12.14
2023-01-07,Store_3,SKU_4,75.39,7,1,0,0,12.14
2023-01-08,Store_3,SKU_4,30.8,2,1,0,0,12.14
2023-01-09,Store_3,SKU_4,40.82,3,0,0,0,12.14
2023-01-10,Store_3,SKU_4,42.89,4,0,0,0,12.14
2023-01-11,Store_3,SKU_4,35.51,2,0,0,0,12.14
2023-01-12,Store_3,SKU_4,37.09,4,0,0,0,12.14
2023-01-13,Store_3,SKU_4,47.82,3,0,0,0,12.14
2023-01-14,Store_3,SKU_4,72.29,6,1,0,0,12.14
2023-01-15,Store_3,SKU_4,26.39,1,0,0,0,12.14
2023-01-16,Store_3,SKU_4,51.92,4,1,0,0,12.14
2023-01-17,Store_3,SKU_4,57.02,4,1,0,0,12.14
2023-01-18,Store_3,SKU_4,41.84,4,0,0,0,12.14
2023-01-19,Store_3,SKU_4,41.49,4,0,0,0,12.14
2023-01-20,Store_3,SKU_4,47.69,5,0,0,0,12.14
2023-01-21,Store_3,SKU_4,47.83,4,0,0,0,12.14
2023-01-22,Store_3,SKU_4,25.32,3,0,0,0,12.14
2023-01-23,Store_3,SKU_4,34.08,3,0,0,0,12.14
2023-01-24,Store_3,SKU_4,32.77,3,0,0,0,12.14
2023-01-25,Store_3,SKU_4,42.85,3,0,0,0,12.14
2023-01-26,Store_3,SKU_4,39.72,3,0,0,0,12.14
2023-01-27,Store_3,SKU_4,49.14,4,0,0,0,12.14
2023-01-28,Store_3,SKU_4,47.4,4,0,0,0,12.14
2023-01-29,Store_3,SKU_4,25.68,2,0,0,0,12.14
2023-01-30,Store_3,SKU_4,39.52,4,0,0,0,12.14
2023-01-31,Store_3,SKU_4,39.13,3,0,0,0,12.14
2023-02-01,Store_3,SKU_4,49.15,4,0,0,0,12.14
2023-02-02,Store_3,SKU_4,56.29,5,1,0,0,12.14
2023-02-03,Store_3,SKU_4,54.11,4,0,0,0,12.14
2023-02-04,Store_3,SKU_4,57.09,4,0,0,0,12.14
2023-02-05,Store_3,SKU_4,26.66,1,0,0,0,12.14
2023-02-06,Store_3,SKU_4,48.95,4,0,0,0,12.14
2023-02-07,Store_3,SKU_4,39.87,2,0,0,0,12.14
2023-02-08,Store_3,SKU_4,39.23,3,0,0,0,12.14
2023-02-09,Store_3,SKU_4,47.81,3,0,0,0,12.14
2023-02-10,Store_3,SKU_4,49.14,4,0,0,0,12.14
2023-02-11,Store_3,SKU_4,64.51,5,0,0,0,12.14
2023-02-12,Store_3,SKU_4,26.83,3,0,0,0,12.14
2023-02-13,Store_3,SKU_4,66.17,7,1,0,0,12.14
2023-02-14,Store_3,SKU_4,43.29,3,0,0,0,12.14
2023-02-15,Store_3,SKU_4,47.01,3,0,0,0,12.14
2023-02-16,Store_3,SKU_4,46.94,3,0,0,0,12.14
2023-02-17,Store_3,SKU_4,53.97,4,0,0,0,12.14
2023-02-18,Store_3,SKU_4,57.03,6,0,0,0,12.14
2023-02-19,Store_3,SKU_4,28.6,2,0,0,0,12.14
2023-02-20,Store_3,SKU_4,54.96,6,0,0,0,12.14
2023-02-21,Store_3,SKU_4,47.0,4,0,0,0,12.14
2023-02-22,Store_3,SKU_4,45.41,5,0,0,0,12.14
2023-02-23,Store_3,SKU_4,64.21,5,1,0,0,12.14
2023-02-24,Store_3,SKU_4,56.21,6,0,0,0,12.14
2023-02-25,Store_3,SKU_4,63.09,7,0,0,0,12.14
2023-02-26,Store_3,SKU_4,37.47,2,1,0,0,12.14
2023-02-27,Store_3,SKU_4,44.78,3,0,0,0,12.14
2023-02-28,Store_3,SKU_4,41.11,4,0,0,0,12.14
2023-03-01,Store_3,SKU_4,51.84,4,0,0,0,12.14
2023-03-02,Store_3,SKU_4,48.28,5,0,0,0,12.14
2023-03-03,Store_3,SKU_4,61.6,7,0,0,0,12.14
2023-03-04,Store_3,SKU_4,65.76,6,0,0,0,12.14
2023-03-05,Store_3,SKU_4,29.86,2,0,0,0,12.14
2023-03-06,Store_3,SKU_4,53.39,6,0,0,0,12.14
2023-03-07,Store_3,SKU_4,48.59,5,0,0,0,12.14
2023-03-08,Store_3,SKU_4,47.76,5,0,0,0,12.14
2023-03-09,Store_3,SKU_4,55.7,4,0,0,0,12.14
2023-03-10,Store_3,SKU_4,49.54,4,0,0,0,12.14
2023-03-11,Store_3,SKU_4,63.48,5,0,0,0,12.14
2023-03-12,Store_3,SKU_4,30.63,2,0,0,0,12.14
2023-03-13,Store_3,SKU_4,54.0,4,0,0,0,12.14
2023-03-14,Store_3,SKU_4,51.07,4,0,0,0,12.14
2023-03-15,Store_3,SKU_4,49.41,5,0,0,0,12.14
2023-03-16,Store_3,SKU_4,54.37,4,0,0,0,12.14
2023-03-17,Store_3,SKU_4,58.52,4,0,0,0,12.14
2023-03-18,Store_3,SKU_4,68.82,7,0,0,0,12.14
2023-03-19,Store_3,SKU_4,29.27,2,0,0,0,12.14
2023-03-20,Store_3,SKU_4,57.97,5,0,0,0,12.14
2023-03-21,Store_3,SKU_4,50.3,4,0,0,0,12.14
2023-03-22,Store_3,SKU_4,52.81,3,0,0,0,12.14
2023-03-23,Store_3,SKU_4,52.68,3,0,0,0,12.14
2023-03-24,Store_3,SKU_4,91.92,10,1,0,0,12.14
2023-03-25,Store_3,SKU_4,68.7,6,0,0,0,12.14
2023-03-26,Store_3,SKU_4,43.01,3,1,0,0,12.14
2023-03-27,Store_3,SKU_4,52.73,5,0,0,0,12.14
2023-03-28,Store_3,SKU_4,52.72,5,0,0,0,12.14
2023-03-29,Store_3,SKU_4,46.62,4,0,0,0,12.14
2023-03-30,Store_3,SKU_4,62.39,7,0,0,0,12.14
2023-03-31,Store_3,SKU_4,72.82,5,1,0,0,12.14
2023-04-01,Store_3,SKU_4,80.12,5,0,0,0,12.14
2023-04-02,Store_3,SKU_4,36.2,2,0,0,0,12.14
2023-04-03,Store_3,SKU_4,56.92,4,0,0,0,12.14
2023-04-04,Store_3,SKU_4,56.44,6,0,0,0,12.14
2023-04-05,Store_3,SKU_4,72.36,6,0,0,0,12.14
2023-04-06,Store_3,SKU_4,47.43,3,0,0,0,12.14
2023-04-07,Store_3,SKU_4,65.88,6,0,0,0,12.14
2023-04-08,Store_3,SKU_4,112.94,10,1,0,0,12.14
2023-04-09,Store_3,SKU_4,34.45,3,0,0,0,12.14
2023-04-10,Store_3,SKU_4,55.69,4,0,0,0,12.14
2023-04-11,Store_3,SKU_4,51.4,5,0,0,0,12.14
2023-04-12,Store_3,SKU_4,53.96,4,0,0,0,12.14
2023-04-13,Store_3,SKU_4,57.23,6,0,0,0,12.14
2023-04-14,Store_3,SKU_4,63.17,4,0,0,0,12.14
2023-04-15,Store_3,SKU_4,68.9,7,0,0,0,12.14
2023-04-16,Store_3,SKU_4,36.83,3,0,0,0,12.14
2023-04-17,Store_3,SKU_4,60.04,4,0,0,0,12.14
2023-04-18,Store_3,SKU_4,59.18,5,0,0,0,12.14
2023-04-19,Store_3,SKU_4,61.41,5,0,0,0,12.14
2023-04-20,Store_3,SKU_4,58.81,5,0,0,0,12.14
2023-04-21,Store_3,SKU_4,60.88,5,0,0,0,12.14
2023-04-22,Store_3,SKU_4,72.97,7,1,0,0,12.14
2023-04-23,Store_3,SKU_4,39.06,3,0,0,0,12.14
2023-04-24,Store_3,SKU_4,55.71,4,0,0,0,12.14
2023-04-25,Store_3,SKU_4,49.57,3,0,0,0,12.14
2023-04-26,Store_3,SKU_4,55.74,5,0,0,0,12.14
2023-04-27,Store_3,SKU_4,63.06,4,0,0,0,12.14
2023-04-28,Store_3,SKU_4,93.05,7,1,0,0,12.14
2023-04-29,Store_3,SKU_4,81.53,9,0,0,0,12.14
2023-04-30,Store_3,SKU_4,49.91,4,1,0,0,12.14
2023-05-01,Store_3,SKU_4,63.05,5,0,0,0,12.14
2023-05-02,Store_3,SKU_4,58.44,4,0,0,0,12.14
2023-05-03,Store_3,SKU_4,57.22,4,0,0,0,12.14
2023-05-04,Store_3,SKU_4,62.2,6,0,0,0,12.14
2023-05-05,Store_3,SKU_4,103.24,11,1,0,0,12.14
2023-05-06,Store_3,SKU_4,80.7,7,0,0,0,12.14
2023-05-07,Store_3,SKU_4,41.59,4,0,0,0,12.14
2023-05-08,Store_3,SKU_4,106.01,9,1,0,0,12.14
2023-05-09,Store_3,SKU_4,64.37,4,0,0,0,12.14
2023-05-10,Store_3,SKU_4,62.1,7,0,0,0,12.14
2023-05-11,Store_3,SKU_4,68.02,5,0,0,0,12.14
2023-05-12,Store_3,SKU_4,70.36,5,0,0,0,12.14
2023-05-13,Store_3,SKU_4,86.86,10,0,0,0,12.14
2023-05-14,Store_3,SKU_4,39.88,4,0,0,0,12.14
2023-05-15,Store_3,SKU_4,65.56,7,0,0,0,12.14
2023-05-16,Store_3,SKU_4,61.59,4,0,0,0,12.14
2023-05-17,Store_3,SKU_4,59.0,4,0,0,0,12.14
2023-05-18,Store_3,SKU_4,69.63,8,0,0,0,12.14
2023-05-19,Store_3,SKU_4,70.94,6,0,0,0,12.14
2023-05-20,Store_3,SKU_4,76.5,7,0,0,0,12.14
2023-05-21,Store_3,SKU_4,39.82,4,0,0,0,12.14
2023-05-22,Store_3,SKU_4,61.74,5,0,0,0,12.14
2023-05-23,Store_3,SKU_4,52.44,4,0,0,0,12.14
2023-05-24,Store_3,SKU_4,62.78,7,0,0,0,12.14
2023-05-25,Store_3,SKU_4,66.7,4,0,0,0,12.14
2023-05-26,Store_3,SKU_4,69.45,5,0,0,0,12.14
2023-05-27,Store_3,SKU_4,83.44,6,0,0,0,12.14
2023-05-28,Store_3,SKU_4,58.59,6,1,0,0,12.14
2023-05-29,Store_3,SKU_4,61.88,5,0,0,0,12.14
2023-05-30,Store_3,SKU_4,67.21,6,0,0,0,12.14
2023-05-31,Store_3,SKU_4,62.31,7,0,0,0,12.14
2023-06-01,Store_3,SKU_4,58.88,4,0,0,0,12.14
2023-06-02,Store_3,SKU_4,77.7,8,0,0,0,12.14
2023-06-03,Store_3,SKU_4,93.38,6,0,0,0,12.14
2023-06-04,Store_3,SKU_4,38.45,4,0,0,0,12.14
2023-06-05,Store_3,SKU_4,75.03,8,0,0,0,12.14
2023-06-06,Store_3,SKU_4,59.55,6,0,0,0,12.14
2023-06-07,Store_3,SKU_4,78.94,9,0,0,0,12.14
2023-06-08,Store_3,SKU_4,68.43,6,0,0,0,12.14
2023-06-09,Store_3,SKU_4,69.59,6,0,0,0,12.14
2023-06-10,Store_3,SKU_4,77.39,6,0,0,0,12.14
2023-06-11,Store_3,SKU_4,38.04,3,0,0,0,12.14
2023-06-12,Store_3,SKU_4,73.13,6,0,0,0,12.14
2023-06-13,Store_3,SKU_4,69.88,5,0,0,0,12.14
2023-06-14,Store_3,SKU_4,59.31,5,0,0,0,12.14
2023-06-15,Store_3,SKU_4,70.03,5,0,0,0,12.14
2023-06-16,Store_3,SKU_4,69.89,6,0,0,0,12.14
2023-06-17,Store_3,SKU_4,108.08,8,1,0,0,12.14
2023-06-18,Store_3,SKU_4,42.23,3,0,0,0,12.14
2023-06-19,Store_3,SKU_4,94.31,10,1,0,0,12.14
2023-06-20,Store_3,SKU_4,56.92,5,0,0,0,12.14
2023-06-21,Store_3,SKU_4,60.64,4,0,0,0,12.14
2023-06-22,Store_3,SKU_4,65.69,6,0,0,0,12.14
2023-06-23,Store_3,SKU_4,100.38,8,1,0,0,12.14
2023-06-24,Store_3,SKU_4,83.79,8,0,0,0,12.14
2023-06-25,Store_3,SKU_4,60.75,4,1,0,0,12.14
2023-06-26,Store_3,SKU_4,58.44,6,0,0,0,12.14
2023-06-27,Store_3,SKU_4,70.43,8,0,0,0,12.14
2023-06-28,Store_3,SKU_4,61.56,7,0,0,0,12.14
2023-06-29,Store_3,SKU_4,67.21,5,0,0,0,12.14
2023-06-30,Store_3,SKU_4,77.7,6,0,0,0,12.14
2023-07-01,Store_3,SKU_4,79.53,7,0,0,1,12.14
2023-07-02,Store_3,SKU_4,37.78,3,0,0,0,12.14
2023-07-03,Store_3,SKU_4,68.4,5,0,0,0,12.14
2023-07-04,Store_3,SKU_4,62.09,4,0,0,0,12.14
2023-07-05,Store_3,SKU_4,63.92,4,0,0,0,12.14
2023-07-06,Store_3,SKU_4,62.69,5,0,0,0,12.14
2023-07-07,Store_3,SKU_4,66.97,5,0,0,0,12.14
2023-07-08,Store_3,SKU_4,126.2,9,1,0,0,12.14
2023-07-09,Store_3,SKU_4,39.87,3,0,0,0,12.14
2023-07-10,Store_3,SKU_4,67.53,7,0,0,0,12.14
2023-07-11,Store_3,SKU_4,60.4,5,0,0,0,12.14
2023-07-12,Store_3,SKU_4,81.42,9,1,0,0,12.14
2023-07-13,Store_3,SKU_4,66.54,6,0,0,0,12.14
2023-07-14,Store_3,SKU_4,60.08,5,0,0,0,12.14
2023-07-15,Store_3,SKU_4,81.84,6,0,0,1,12.14
2023-07-16,Store_3,SKU_4,39.47,4,0,0,1,12.14
2023-07-17,Store_3,SKU_4,62.01,4,0,0,0,12.14
2023-07-18,Store_3,SKU_4,57.2,4,0,0,1,12.14
2023-07-19,Store_3,SKU_4,63.07,6,0,0,1,12.14
2023-07-20,Store_3,SKU_4,65.77,6,0,0,0,12.14
2023-07-21,Store_3,SKU_4,69.66,5,0,0,1,12.14
2023-07-22,Store_3,SKU_4,87.19,8,0,0,0,12.14
2023-07-23,Store_3,SKU_4,39.64,2,0,0,0,12.14
2023-07-24,Store_3,SKU_4,64.78,5,0,0,0,12.14
2023-07-25,Store_3,SKU_4,69.06,5,0,0,1,12.14
2023-07-26,Store_3,SKU_4,62.85,6,0,0,1,12.14
2023-07-27,Store_3,SKU_4,55.05,4,0,0,0,12.14
2023-07-28,Store_3,SKU_4,103.0,9,1,0,1,12.14
2023-07-29,Store_3,SKU_4,77.05,7,0,0,1,12.14
2023-07-30,Store_3,SKU_4,42.67,5,0,0,0,12.14
2023-07-31,Store_3,SKU_4,58.2,5,0,0,0,12.14
2023-08-01,Store_3,SKU_4,81.12,6,1,0,0,12.14
2023-08-02,Store_3,SKU_4,54.73,6,0,0,0,12.14
2023-08-03,Store_3,SKU_4,90.92,9,1,0,1,12.14
2023-08-04,Store_3,SKU_4,69.93,6,0,0,0,12.14
2023-08-05,Store_3,SKU_4,86.97,9,0,0,1,12.14
2023-08-06,Store_3,SKU_4,40.62,4,0,0,0,12.14
2023-08-07,Store_3,SKU_4,73.44,5,0,0,0,12.14
2023-08-08,Store_3,SKU_4,64.39,6,0,0,0,12.14
2023-08-09,Store_3,SKU_4,64.92,4,0,0,0,12.14
2023-08-10,Store_3,SKU_4,57.11,6,0,0,0,12.14
2023-08-11,Store_3,SKU_4,66.87,5,0,0,1,12.14
2023-08-12,Store_3,SKU_4,78.23,6,0,0,0,12.14
2023-08-13,Store_3,SKU_4,31.03,3,0,0,0,12.14
2023-08-14,Store_3,SKU_4,54.29,5,0,0,1,12.14
2023-08-15,Store_3,SKU_4,59.9,7,0,0,0,12.14
2023-08-16,Store_3,SKU_4,55.76,6,0,0,0,12.14
2023-08-17,Store_3,SKU_4,56.73,5,0,0,0,12.14
2023-08-18,Store_3,SKU_4,65.24,7,0,0,1,12.14
2023-08-19,Store_3,SKU_4,73.27,7,0,0,1,12.14
2023-08-20,Store_3,SKU_4,38.31,3,0,0,1,12.14
2023-08-21,Store_3,SKU_4,56.21,5,0,0,0,12.14
2023-08-22,Store_3,SKU_4,56.59,6,0,0,1,12.14
2023-08-23,Store_3,SKU_4,65.12,7,0,0,0,12.14
2023-08-24,Store_3,SKU_4,86.1,6,1,0,0,12.14
2023-08-25,Store_3,SKU_4,61.75,4,0,0,0,12.14
2023-08-26,Store_3,SKU_4,81.03,7,0,0,0,12.14
2023-08-27,Store_3,SKU_4,39.1,4,0,0,0,12.14
2023-08-28,Store_3,SKU_4,64.18,4,0,0,1,12.14
2023-08-29,Store_3,SKU_4,61.07,7,0,0,1,12.14
2023-08-30,Store_3,SKU_4,49.97,5,0,0,1,12.14
2023-08-31,Store_3,SKU_4,60.74,4,0,0,0,12.14
2023-09-01,Store_3,SKU_4,58.75,5,0,0,0,12.14
2023-09-02,Store_3,SKU_4,64.63,5,0,0,0,12.14
2023-09-03,Store_3,SKU_4,34.6,3,0,0,0,12.14
2023-09-04,Store_3,SKU_4,59.65,5,0,0,0,12.14
2023-09-05,Store_3,SKU_4,49.7,5,0,0,0,12.14
2023-09-06,Store_3,SKU_4,52.32,3,0,0,0,12.14
2023-09-07,Store_3,SKU_4,75.51,7,1,0,0,12.14
2023-09-08,Store_3,SKU_4,54.35,5,0,0,0,12.14
2023-09-09,Store_3,SKU_4,79.03,8,0,0,0,12.14
2023-09-10,Store_3,SKU_4,32.2,2,0,0,0,12.14
2023-09-11,Store_3,SKU_4,57.39,5,0,0,0,12.14
2023-09-12,Store_3,SKU_4,51.53,4,0,0,0,12.14
2023-09-13,Store_3,SKU_4,61.33,6,0,0,0,12.14
2023-09-14,Store_3,SKU_4,49.94,4,0,0,0,12.14
2023-09-15,Store_3,SKU_4,56.91,4,0,0,0,12.14
2023-09-16,Store_3,SKU_4,70.76,5,0,0,0,12.14
2023-09-17,Store_3,SKU_4,32.39,3,0,0,0,12.14
2023-09-18,Store_3,SKU_4,60.99,4,0,0,0,12.14
2023-09-19,Store_3,SKU_4,63.44,6,1,0,0,12.14
2023-09-20,Store_3,SKU_4,43.81,4,0,0,0,12.14
2023-09-21,Store_3,SKU_4,52.56,4,0,0,0,12.14
2023-09-22,Store_3,SKU_4,84.09,6,1,0,0,12.14
2023-09-23,Store_3,SKU_4,73.4,5,0,0,0,12.14
2023-09-24,Store_3,SKU_4,38.15,2,0,0,0,12.14
2023-09-25,Store_3,SKU_4,49.8,4,0,0,0,12.14
2023-09-26,Store_3,SKU_4,48.88,4,0,0,0,12.14
2023-09-27,Store_3,SKU_4,68.72,5,1,0,0,12.14
2023-09-28,Store_3,SKU_4,54.87,4,0,0,0,12.14
2023-09-29,Store_3,SKU_4,84.05,9,1,0,0,12.14
2023-09-30,Store_3,SKU_4,76.18,6,0,0,0,12.14
2023-10-01,Store_3,SKU_4,25.52,3,0,0,0,12.14
2023-10-02,Store_3,SKU_4,78.05,6,1,0,0,12.14
2023-10-03,Store_3,SKU_4,43.28,3,0,0,0,12.14
2023-10-04,Store_3,SKU_4,42.32,3,0,0,0,12.14
2023-10-05,Store_3,SKU_4,45.29,3,0,0,0,12.14
2023-10-06,Store_3,SKU_4,81.5,7,1,0,0,12.14
2023-10-07,Store_3,SKU_4,56.77,5,0,0,0,12.14
2023-10-08,Store_3,SKU_4,28.22,3,0,0,0,12.14
2023-10-09,Store_3,SKU_4,47.74,3,0,0,0,12.14
2023-10-10,Store_3,SKU_4,41.12,4,0,0,0,12.14
2023-10-11,Store_3,SKU_4,62.85,7,1,0,0,12.14
2023-10-12,Store_3,SKU_4,47.68,3,0,0,0,12.14
2023-10-13,Store_3,SKU_4,55.17,5,0,0,0,12.14
2023-10-14,Store_3,SKU_4,53.75,5,0,0,0,12.14
2023-10-15,Store_3,SKU_4,41.05,4,1,0,0,12.14
2023-10-16,Store_3,SKU_4,44.57,3,0,0,0,12.14
2023-10-17,Store_3,SKU_4,47.33,3,0,0,0,12.14
2023-10-18,Store_3,SKU_4,44.13,4,0,0,0,12.14
2023-10-19,Store_3,SKU_4,50.12,6,0,0,0,12.14
2023-10-20,Store_3,SKU_4,54.48,5,0,0,0,12.14
2023-10-21,Store_3,SKU_4,90.48,6,1,0,0,12.14
2023-10-22,Store_3,SKU_4,31.46,3,1,0,0,12.14
2023-10-23,Store_3,SKU_4,61.57,5,1,0,0,12.14
2023-10-24,Store_3,SKU_4,47.08,4,0,0,0,12.14
2023-10-25,Store_3,SKU_4,61.87,5,1,0,0,12.14
2023-10-26,Store_3,SKU_4,49.94,5,0,0,0,12.14
2023-10-27,Store_3,SKU_4,47.51,3,0,0,0,12.14
2023-10-28,Store_3,SKU_4,72.73,6,1,0,0,12.14
2023-10-29,Store_3,SKU_4,33.6,3,0,0,0,12.14
2023-10-30,Store_3,SKU_4,54.79,4,0,0,0,12.14
2023-10-31,Store_3,SKU_4,66.24,4,1,0,0,12.14
2023-11-01,Store_3,SKU_4,56.83,5,1,0,0,12.14
2023-11-02,Store_3,SKU_4,42.27,3,0,0,0,12.14
2023-11-03,Store_3,SKU_4,51.7,4,0,0,0,12.14
2023-11-04,Store_3,SKU_4,55.08,6,0,0,0,12.14
2023-11-05,Store_3,SKU_4,37.29,3,1,0,0,12.14
2023-11-06,Store_3,SKU_4,48.82,3,0,0,0,12.14
2023-11-07,Store_3,SKU_4,38.31,2,0,0,0,12.14
2023-11-08,Store_3,SKU_4,46.12,5,0,0,0,12.14
2023-11-09,Store_3,SKU_4,56.21,4,1,0,0,12.14
2023-11-10,Store_3,SKU_4,47.47,4,0,0,0,12.14
2023-11-11,Store_3,SKU_4,63.87,4,0,0,0,12.14
2023-11-12,Store_3,SKU_4,23.76,2,0,0,0,12.14
2023-11-13,Store_3,SKU_4,59.84,5,1,0,0,12.14
2023-11-14,Store_3,SKU_4,44.2,3,0,0,0,12.14
2023-11-15,Store_3,SKU_4,37.54,3,0,0,0,12.14
2023-11-16,Store_3,SKU_4,42.58,4,0,0,0,12.14
2023-11-17,Store_3,SKU_4,48.77,3,0,0,0,12.14
2023-11-18,Store_3,SKU_4,52.11,5,0,0,0,12.14
2023-11-19,Store_3,SKU_4,23.23,1,0,0,0,12.14
2023-11-20,Store_3,SKU_4,44.84,3,0,0,0,12.14
2023-11-21,Store_3,SKU_4,55.8,4,1,0,0,12.14
2023-11-22,Store_3,SKU_4,39.6,3,0,0,0,12.14
2023-11-23,Store_3,SKU_4,41.49,4,0,0,0,12.14
2023-11-24,Store_3,SKU_4,46.12,4,0,0,0,12.14
2023-11-25,Store_3,SKU_4,52.26,4,0,0,0,12.14
2023-11-26,Store_3,SKU_4,37.75,4,1,0,0,12.14
2023-11-27,Store_3,SKU_4,41.52,2,0,0,0,12.14
2023-11-28,Store_3,SKU_4,38.7,4,0,0,0,12.14
2023-11-29,Store_3,SKU_4,40.26,2,0,0,0,12.14
2023-11-30,Store_3,SKU_4,45.07,5,0,0,0,12.14
2023-12-01,Store_3,SKU_4,44.09,3,0,0,0,12.14
2023-12-02,Store_3,SKU_4,50.04,4,0,0,0,12.14
2023-12-03,Store_3,SKU_4,38.56,4,1,0,0,12.14
2023-12-04,Store_3,SKU_4,63.46,5,1,0,0,12.14
2023-12-05,Store_3,SKU_4,36.64,2,0,0,0,12.14
2023-12-06,Store_3,SKU_4,41.68,5,0,0,0,12.14
2023-12-07,Store_3,SKU_4,36.96,3,0,0,0,12.14
2023-12-08,Store_3,SKU_4,67.82,8,1,0,0,12.14
2023-12-09,Store_3,SKU_4,46.45,5,0,0,0,12.14
2023-12-10,Store_3,SKU_4,23.6,2,0,0,0,12.14
2023-12-11,Store_3,SKU_4,42.98,4,0,0,0,12.14
2023-12-12,Store_3,SKU_4,44.35,3,0,0,0,12.14
2023-12-13,Store_3,SKU_4,36.98,4,0,0,0,12.14
2023-12-14,Store_3,SKU_4,37.66,3,0,0,0,12.14
2023-12-15,Store_3,SKU_4,41.68,4,0,0,0,12.14
2023-12-16,Store_3,SKU_4,56.01,4,0,0,0,12.14
2023-12-17,Store_3,SKU_4,24.31,2,0,0,0,12.14
2023-12-18,Store_3,SKU_4,57.34,7,1,0,0,12.14
2023-12-19,Store_3,SKU_4,62.99,5,1,0,0,12.14
2023-12-20,Store_3,SKU_4,37.25,3,0,0,0,12.14
2023-12-21,Store_3,SKU_4,36.07,2,0,0,0,12.14
2023-12-22,Store_3,SKU_4,48.36,4,0,0,0,12.14
2023-12-23,Store_3,SKU_4,50.89,5,0,0,0,12.14
2023-12-24,Store_3,SKU_4,25.18,2,0,0,0,12.14
2023-12-25,Store_3,SKU_4,16.1,1,0,a,0,12.14
2023-12-26,Store_3,SKU_4,14.01,1,0,a,0,12.14
2023-12-27,Store_3,SKU_4,39.81,3,0,0,0,12.14
2023-12-28,Store_3,SKU_4,45.87,4,0,0,0,12.14
2023-12-29,Store_3,SKU_4,68.09,6,1,0,0,12.14
2023-12-30,Store_3,SKU_4,68.03,6,1,0,0,12.14
2023-12-31,Store_3,SKU_4,25.38,2,0,0,0,12.14
2024-01-01,Store_3,SKU_4,16.27,1,0,a,0,12.14
2024-01-02,Store_3,SKU_4,37.19,2,0,0,0,12.14
2024-01-03,Store_3,SKU_4,44.4,4,0,0,0,12.14
2024-01-04,Store_3,SKU_4,38.37,3,0,0,0,12.14
2024-01-05,Store_3,SKU_4,44.98,4,0,0,0,12.14
2024-01-06,Store_3,SKU_4,81.5,10,1,0,0,12.14
2024-01-07,Store_3,SKU_4,27.81,2,0,0,0,12.14
2024-01-08,Store_3,SKU_4,57.11,5,1,0,0,12.14
2024-01-09,Store_3,SKU_4,43.6,4,0,0,0,12.14
2024-01-10,Store_3,SKU_4,43.13,3,0,0,0,12.14
2024-01-11,Store_3,SKU_4,41.45,4,0,0,0,12.14
2024-01-12,Store_3,SKU_4,44.94,5,0,0,0,12.14
2024-01-13,Store_3,SKU_4,49.96,4,0,0,0,12.14
2024-01-14,Store_3,SKU_4,27.13,2,0,0,0,12.14
2024-01-15,Store_3,SKU_4,44.35,5,0,0,0,12.14
2024-01-16,Store_3,SKU_4,39.75,3,0,0,0,12.14
2024-01-17,Store_3,SKU_4,38.87,4,0,0,0,12.14
2024-01-18,Store_3,SKU_4,41.25,3,0,0,0,12.14
2024-01-19,Store_3,SKU_4,45.14,3,0,0,0,12.14
2024-01-20,Store_3,SKU_4,55.68,4,0,0,0,12.14
2024-01-21,Store_3,SKU_4,31.65,3,0,0,0,12.14
2024-01-22,Store_3,SKU_4,50.89,4,0,0,0,12.14
2024-01-23,Store_3,SKU_4,41.44,3,0,0,0,12.14
2024-01-24,Store_3,SKU_4,50.34,4,0,0,0,12.14
2024-01-25,Store_3,SKU_4,45.82,5,0,0,0,12.14
2024-01-26,Store_3,SKU_4,43.42,3,0,0,0,12.14
2024-01-27,Store_3,SKU_4,51.44,6,0,0,0,12.14
2024-01-28,Store_3,SKU_4,25.61,2,0,0,0,12.14
2024-01-29,Store_3,SKU_4,36.81,3,0,0,0,12.14
2024-01-30,Store_3,SKU_4,42.47,4,0,0,0,12.14
2024-01-31,Store_3,SKU_4,45.3,4,0,0,0,12.14
2024-02-01,Store_3,SKU_4,48.17,3,0,0,0,12.14
2024-02-02,Store_3,SKU_4,65.33,5,1,0,0,12.14
2024-02-03,Store_3,SKU_4,60.19,5,0,0,0,12.14
2024-02-04,Store_3,SKU_4,31.88,2,0,0,0,12.14
2024-02-05,Store_3,SKU_4,45.29,4,0,0,0,12.14
2024-02-06,Store_3,SKU_4,45.78,5,0,0,0,12.14
2024-02-07,Store_3,SKU_4,43.63,4,0,0,0,12.14
2024-02-08,Store_3,SKU_4,42.06,3,0,0,0,12.14
2024-02-09,Store_3,SKU_4,52.36,4,0,0,0,12.14
2024-02-10,Store_3,SKU_4,55.67,6,0,0,0,12.14
2024-02-11,Store_3,SKU_4,31.64,3,0,0,0,12.14
2024-02-12,Store_3,SKU_4,48.42,5,0,0,0,12.14
2024-02-13,Store_3,SKU_4,50.15,6,0,0,0,12.14
2024-02-14,Store_3,SKU_4,42.4,4,0,0,0,12.14
2024-02-15,Store_3,SKU_4,48.76,4,0,0,0,12.14
2024-02-16,Store_3,SKU_4,50.75,4,0,0,0,12.14
2024-02-17,Store_3,SKU_4,68.54,4,0,0,0,12.14
2024-02-18,Store_3,SKU_4,31.31,3,0,0,0,12.14
2024-02-19,Store_3,SKU_4,42.41,3,0,0,0,12.14
2024-02-20,Store_3,SKU_4,42.06,4,0,0,0,12.14
2024-02-21,Store_3,SKU_4,45.22,4,0,0,0,12.14
2024-02-22,Store_3,SKU_4,48.79,4,0,0,0,12.14
2024-02-23,Store_3,SKU_4,51.06,5,0,0,0,12.14
2024-02-24,Store_3,SKU_4,63.32,4,0,0,0,12.14
2024-02-25,Store_3,SKU_4,30.1,2,0,0,0,12.14
2024-02-26,Store_3,SKU_4,69.88,6,1,0,0,12.14
2024-02-27,Store_3,SKU_4,76.06,9,1,0,0,12.14
2024-02-28,Store_3,SKU_4,42.89,4,0,0,0,12.14
2024-02-29,Store_3,SKU_4,49.82,3,0,0,0,12.14
2024-03-01,Store_3,SKU_4,69.33,6,0,0,0,12.14
2024-03-02,Store_3,SKU_4,79.96,8,0,0,0,12.14
2024-03-03,Store_3,SKU_4,36.37,3,0,0,0,12.14
2024-03-04,Store_3,SKU_4,60.79,5,0,0,0,12.14
2024-03-05,Store_3,SKU_4,55.39,4,0,0,0,12.14
2024-03-06,Store_3,SKU_4,51.58,6,0,0,0,12.14
2024-03-07,Store_3,SKU_4,50.42,4,0,0,0,12.14
2024-03-08,Store_3,SKU_4,56.11,4,0,0,0,12.14
2024-03-09,Store_3,SKU_4,76.65,6,0,0,0,12.14
2024-03-10,Store_3,SKU_4,44.96,5,1,0,0,12.14
2024-03-11,Store_3,SKU_4,62.39,5,0,0,0,12.14
2024-03-12,Store_3,SKU_4,53.35,5,0,0,0,12.14
2024-03-13,Store_3,SKU_4,52.41,4,0,0,0,12.14
2024-03-14,Store_3,SKU_4,52.74,4,0,0,0,12.14
2024-03-15,Store_3,SKU_4,63.27,6,0,0,0,12.14
2024-03-16,Store_3,SKU_4,68.17,5,0,0,0,12.14
2024-03-17,Store_3,SKU_4,34.91,3,0,0,0,12.14
2024-03-18,Store_3,SKU_4,56.41,4,0,0,0,12.14
2024-03-19,Store_3,SKU_4,49.96,4,0,0,0,12.14
2024-03-20,Store_3,SKU_4,47.38,3,0,0,0,12.14
2024-03-21,Store_3,SKU_4,64.84,5,0,0,0,12.14
2024-03-22,Store_3,SKU_4,64.69,6,0,0,0,12.14
2024-03-23,Store_3,SKU_4,65.36,5,0,0,0,12.14
2024-03-24,Store_3,SKU_4,32.74,2,0,0,0,12.14
2024-03-25,Store_3,SKU_4,63.07,7,0,0,0,12.14
2024-03-26,Store_3,SKU_4,80.0,7,1,0,0,12.14
2024-03-27,Store_3,SKU_4,53.25,5,0,0,0,12.14
2024-03-28,Store_3,SKU_4,50.93,3,0,0,0,12.14
2024-03-29,Store_3,SKU_4,59.55,6,0,0,0,12.14
2024-03-30,Store_3,SKU_4,65.91,4,0,0,0,12.14
2024-03-31,Store_3,SKU_4,38.63,3,0,0,0,12.14
2024-04-01,Store_3,SKU_4,60.34,4,0,0,0,12.14
2024-04-02,Store_3,SKU_4,59.01,6,0,0,0,12.14
2024-04-03,Store_3,SKU_4,66.69,5,0,0,0,12.14
2024-04-04,Store_3,SKU_4,61.3,4,0,0,0,12.14
2024-04-05,Store_3,SKU_4,72.84,7,0,0,0,12.14
2024-04-06,Store_3,SKU_4,74.33,8,0,0,0,12.14
2024-04-07,Store_3,SKU_4,40.53,2,0,0,0,12.14
2024-04-08,Store_3,SKU_4,60.46,6,0,0,0,12.14
2024-04-09,Store_3,SKU_4,56.62,5,0,0,0,12.14
2024-04-10,Store_3,SKU_4,57.26,5,0,0,0,12.14
2024-04-11,Store_3,SKU_4,55.76,4,0,0,0,12.14
2024-04-12,Store_3,SKU_4,91.11,9,1,0,0,12.14
2024-04-13,Store_3,SKU_4,107.75,9,1,0,0,12.14
2024-04-14,Store_3,SKU_4,37.02,3,0,0,0,12.14
2024-04-15,Store_3,SKU_4,72.16,8,0,0,0,12.14
2024-04-16,Store_3,SKU_4,88.21,8,1,0,0,12.14
2024-04-17,Store_3,SKU_4,93.58,7,1,0,0,12.14
2024-04-18,Store_3,SKU_4,72.08,5,0,0,0,12.14
2024-04-19,Store_3,SKU_4,73.96,8,0,0,0,12.14
2024-04-20,Store_3,SKU_4,65.52,5,0,0,0,12.14
2024-04-21,Store_3,SKU_4,39.67,4,0,0,0,12.14
2024-04-22,Store_3,SKU_4,62.78,6,0,0,0,12.14
2024-04-23,Store_3,SKU_4,60.4,5,0,0,0,12.14
2024-04-24,Store_3,SKU_4,64.86,7,0,0,0,12.14
2024-04-25,Store_3,SKU_4,69.58,5,0,0,0,12.14
2024-04-26,Store_3,SKU_4,73.97,6,0,0,0,12.14
2024-04-27,Store_3,SKU_4,75.02,9,0,0,0,12.14
2024-04-28,Store_3,SKU_4,35.49,3,0,0,0,12.14
2024-04-29,Store_3,SKU_4,68.47,5,0,0,0,12.14
2024-04-30,Store_3,SKU_4,58.59,4,0,0,0,12.14
2024-05-01,Store_3,SKU_4,70.91,5,0,0,0,12.14
2024-05-02,Store_3,SKU_4,62.52,5,0,0,0,12.14
2024-05-03,Store_3,SKU_4,70.66,5,0,0,0,12.14
2024-05-04,Store_3,SKU_4,76.72,6,0,0,0,12.14
2024-05-05,Store_3,SKU_4,45.88,3,0,0,0,12.14
2024-05-06,Store_3,SKU_4,61.35,5,0,0,0,12.14
2024-05-07,Store_3,SKU_4,105.52,10,1,0,0,12.14
2024-05-08,Store_3,SKU_4,69.02,7,0,0,0,12.14
2024-05-09,Store_3,SKU_4,74.16,7,0,0,0,12.14
2024-05-10,Store_3,SKU_4,88.13,9,0,0,0,12.14
2024-05-11,Store_3,SKU_4,91.98,7,0,0,0,12.14
2024-05-12,Store_3,SKU_4,43.36,3,0,0,0,12.14
2024-05-13,Store_3,SKU_4,73.18,5,0,0,0,12.14
2024-05-14,Store_3,SKU_4,58.22,6,0,0,0,12.14
2024-05-15,Store_3,SKU_4,87.7,7,1,0,0,12.14
2024-05-16,Store_3,SKU_4,73.89,6,0,0,0,12.14
2024-05-17,Store_3,SKU_4,76.23,8,0,0,0,12.14
2024-05-18,Store_3,SKU_4,81.07,6,0,0,0,12.14
2024-05-19,Store_3,SKU_4,42.86,3,0,0,0,12.14
2024-05-20,Store_3,SKU_4,74.99,7,0,0,0,12.14
2024-05-21,Store_3,SKU_4,66.06,7,0,0,0,12.14
2024-05-22,Store_3,SKU_4,57.55,6,0,0,0,12.14
2024-05-23,Store_3,SKU_4,66.1,6,0,0,0,12.14
2024-05-24,Store_3,SKU_4,66.25,5,0,0,0,12.14
2024-05-25,Store_3,SKU_4,94.71,11,0,0,0,12.14
2024-05-26,Store_3,SKU_4,46.63,3,0,0,0,12.14
2024-05-27,Store_3,SKU_4,72.09,5,0,0,0,12.14
2024-05-28,Store_3,SKU_4,68.87,6,0,0,0,12.14
2024-05-29,Store_3,SKU_4,60.03,4,0,0,0,12.14
2024-05-30,Store_3,SKU_4,83.74,6,0,0,0,12.14
2024-05-31,Store_3,SKU_4,70.53,5,0,0,0,12.14
2024-06-01,Store_3,SKU_4,74.9,9,0,0,0,12.14
2024-06-02,Store_3,SKU_4,45.41,3,0,0,0,12.14
2024-06-03,Store_3,SKU_4,69.26,6,0,0,0,12.14
2024-06-04,Store_3,SKU_4,72.64,6,0,0,0,12.14
2024-06-05,Store_3,SKU_4,73.93,6,0,0,0,12.14
2024-06-06,Store_3,SKU_4,105.24,8,1,0,0,12.14
2024-06-07,Store_3,SKU_4,70.5,7,0,0,0,12.14
2024-06-08,Store_3,SKU_4,96.01,7,0,0,0,12.14
2024-06-09,Store_3,SKU_4,42.84,3,0,0,0,12.14
2024-06-10,Store_3,SKU_4,66.72,7,0,0,0,12.14
2024-06-11,Store_3,SKU_4,70.67,5,0,0,0,12.14
2024-06-12,Store_3,SKU_4,70.41,5,0,0,0,12.14
2024-06-13,Store_3,SKU_4,98.38,8,1,0,0,12.14
2024-06-14,Store_3,SKU_4,120.23,13,1,0,0,12.14
2024-06-15,Store_3,SKU_4,103.8,9,0,0,0,12.14
2024-06-16,Store_3,SKU_4,45.16,3,0,0,0,12.14
2024-06-17,Store_3,SKU_4,98.22,10,1,0,0,12.14
2024-06-18,Store_3,SKU_4,94.13,8,1,0,0,12.14
2024-06-19,Store_3,SKU_4,65.97,6,0,0,0,12.14
2024-06-20,Store_3,SKU_4,73.92,8,0,0,0,12.14
2024-06-21,Store_3,SKU_4,79.13,6,0,0,0,12.14
2024-06-22,Store_3,SKU_4,85.0,6,0,0,0,12.14
2024-06-23,Store_3,SKU_4,53.08,3,1,0,0,12.14
2024-06-24,Store_3,SKU_4,63.04,5,0,0,0,12.14
2024-06-25,Store_3,SKU_4,75.34,5,0,0,0,12.14
2024-06-26,Store_3,SKU_4,63.05,6,0,0,0,12.14
2024-06-27,Store_3,SKU_4,65.91,5,0,0,0,12.14
2024-06-28,Store_3,SKU_4,108.15,9,1,0,0,12.14
2024-06-29,Store_3,SKU_4,91.3,9,0,0,0,12.14
2024-06-30,Store_3,SKU_4,42.9,3,0,0,0,12.14
2024-07-01,Store_3,SKU_4,69.43,7,0,0,0,12.14
2024-07-02,Store_3,SKU_4,69.66,7,0,0,0,12.14
2024-07-03,Store_3,SKU_4,57.8,4,0,0,0,12.14
2024-07-04,Store_3,SKU_4,69.85,5,0,0,0,12.14
2024-07-05,Store_3,SKU_4,79.12,7,0,0,1,12.14
2024-07-06,Store_3,SKU_4,86.17,7,0,0,0,12.14
2024-07-07,Store_3,SKU_4,39.95,4,0,0,1,12.14
2024-07-08,Store_3,SKU_4,68.24,5,0,0,0,12.14
2024-07-09,Store_3,SKU_4,92.62,9,1,0,1,12.14
2024-07-10,Store_3,SKU_4,65.79,5,0,0,0,12.14
2024-07-11,Store_3,SKU_4,76.71,6,0,0,1,12.14
2024-07-12,Store_3,SKU_4,75.66,5,0,0,0,12.14
2024-07-13,Store_3,SKU_4,87.27,9,0,0,0,12.14
2024-07-14,Store_3,SKU_4,46.16,5,0,0,0,12.14
2024-07-15,Store_3,SKU_4,75.16,5,0,0,0,12.14
2024-07-16,Store_3,SKU_4,63.61,5,0,0,0,12.14
2024-07-17,Store_3,SKU_4,71.52,6,0,0,0,12.14
2024-07-18,Store_3,SKU_4,67.7,5,0,0,0,12.14
2024-07-19,Store_3,SKU_4,76.35,6,0,0,1,12.14
2024-07-20,Store_3,SKU_4,84.88,9,0,0,0,12.14
2024-07-21,Store_3,SKU_4,58.37,5,1,0,0,12.14
2024-07-22,Store_3,SKU_4,67.67,5,0,0,1,12.14
2024-07-23,Store_3,SKU_4,59.78,6,0,0,0,12.14
2024-07-24,Store_3,SKU_4,67.19,5,0,0,1,12.14
2024-07-25,Store_3,SKU_4,71.04,6,0,0,0,12.14
2024-07-26,Store_3,SKU_4,77.98,6,0,0,1,12.14
2024-07-27,Store_3,SKU_4,89.02,7,0,0,0,12.14
2024-07-28,Store_3,SKU_4,43.01,3,0,0,0,12.14
2024-07-29,Store_3,SKU_4,67.6,7,0,0,1,12.14
2024-07-30,Store_3,SKU_4,65.54,6,0,0,1,12.14
2024-07-31,Store_3,SKU_4,69.44,5,0,0,0,12.14
2024-08-01,Store_3,SKU_4,76.54,8,0,0,0,12.14
2024-08-02,Store_3,SKU_4,69.78,5,0,0,1,12.14
2024-08-03,Store_3,SKU_4,104.35,8,1,0,1,12.14
2024-08-04,Store_3,SKU_4,40.96,4,0,0,1,12.14
2024-08-05,Store_3,SKU_4,57.05,5,0,0,0,12.14
2024-08-06,Store_3,SKU_4,62.6,5,0,0,1,12.14
2024-08-07,Store_3,SKU_4,54.73,4,0,0,0,12.14
2024-08-08,Store_3,SKU_4,69.27,5,0,0,1,12.14
2024-08-09,Store_3,SKU_4,68.31,5,0,0,0,12.14
2024-08-10,Store_3,SKU_4,79.5,7,0,0,0,12.14
2024-08-11,Store_3,SKU_4,39.6,2,0,0,1,12.14
2024-08-12,Store_3,SKU_4,72.06,8,0,0,0,12.14
2024-08-13,Store_3,SKU_4,81.39,7,1,0,0,12.14
2024-08-14,Store_3,SKU_4,64.55,7,0,0,0,12.14
2024-08-15,Store_3,SKU_4,66.29,4,0,0,0,12.14
2024-08-16,Store_3,SKU_4,74.11,6,0,0,0,12.14
2024-08-17,Store_3,SKU_4,92.76,7,0,0,1,12.14
2024-08-18,Store_3,SKU_4,38.26,3,0,0,0,12.14
2024-08-19,Store_3,SKU_4,91.38,11,1,0,0,12.14
2024-08-20,Store_3,SKU_4,61.8,5,0,0,0,12.14
2024-08-21,Store_3,SKU_4,59.25,4,0,0,0,12.14
2024-08-22,Store_3,SKU_4,61.54,4,0,0,0,12.14
2024-08-23,Store_3,SKU_4,72.8,6,0,0,0,12.14
2024-08-24,Store_3,SKU_4,123.72,9,1,0,1,12.14
2024-08-25,Store_3,SKU_4,35.66,2,0,0,1,12.14
2024-08-26,Store_3,SKU_4,64.22,5,0,0,0,12.14
2024-08-27,Store_3,SKU_4,59.35,5,0,0,1,12.14
2024-08-28,Store_3,SKU_4,60.08,5,0,0,0,12.14
2024-08-29,Store_3,SKU_4,69.02,7,0,0,0,12.14
2024-08-30,Store_3,SKU_4,78.7,5,0,0,0,12.14
2024-08-31,Store_3,SKU_4,81.55,6,0,0,0,12.14
2024-09-01,Store_3,SKU_4,34.62,2,0,0,0,12.14
2024-09-02,Store_3,SKU_4,62.71,6,0,0,0,12.14
2024-09-03,Store_3,SKU_4,57.33,6,0,0,0,12.14
2024-09-04,Store_3,SKU_4,61.3,5,0,0,0,12.14
2024-09-05,Store_3,SKU_4,54.92,4,0,0,0,12.14
2024-09-06,Store_3,SKU_4,63.1,6,0,0,0,12.14
2024-09-07,Store_3,SKU_4,63.78,6,0,0,0,12.14
2024-09-08,Store_3,SKU_4,33.5,4,0,0,0,12.14
2024-09-09,Store_3,SKU_4,62.24,5,0,0,0,12.14
2024-09-10,Store_3,SKU_4,54.84,4,0,0,0,12.14
2024-09-11,Store_3,SKU_4,54.95,5,0,0,0,12.14
2024-09-12,Store_3,SKU_4,58.35,4,0,0,0,12.14
2024-09-13,Store_3,SKU_4,66.82,4,0,0,0,12.14
2024-09-14,Store_3,SKU_4,63.99,7,0,0,0,12.14
2024-09-15,Store_3,SKU_4,34.99,4,0,0,0,12.14
2024-09-16,Store_3,SKU_4,84.7,9,1,0,0,12.14
2024-09-17,Store_3,SKU_4,57.3,6,0,0,0,12.14
2024-09-18,Store_3,SKU_4,53.2,5,0,0,0,12.14
2024-09-19,Store_3,SKU_4,52.71,5,0,0,0,12.14
2024-09-20,Store_3,SKU_4,73.2,5,0,0,0,12.14
2024-09-21,Store_3,SKU_4,67.55,6,0,0,0,12.14
2024-09-22,Store_3,SKU_4,31.57,3,0,0,0,12.14
2024-09-23,Store_3,SKU_4,52.8,5,0,0,0,12.14
2024-09-24,Store_3,SKU_4,52.7,3,0,0,0,12.14
2024-09-25,Store_3,SKU_4,57.36,5,0,0,0,12.14
2024-09-26,Store_3,SKU_4,65.08,5,0,0,0,12.14
2024-09-27,Store_3,SKU_4,94.6,6,1,0,0,12.14
2024-09-28,Store_3,SKU_4,77.45,5,0,0,0,12.14
2024-09-29,Store_3,SKU_4,29.99,3,0,0,0,12.14
2024-09-30,Store_3,SKU_4,55.52,6,0,0,0,12.14
2024-10-01,Store_3,SKU_4,51.7,4,0,0,0,12.14
2024-10-02,Store_3,SKU_4,53.58,4,0,0,0,12.14
2024-10-03,Store_3,SKU_4,50.33,3,0,0,0,12.14
2024-10-04,Store_3,SKU_4,60.03,6,0,0,0,12.14
2024-10-05,Store_3,SKU_4,62.39,4,0,0,0,12.14
2024-10-06,Store_3,SKU_4,30.47,2,0,0,0,12.14
2024-10-07,Store_3,SKU_4,65.94,5,1,0,0,12.14
2024-10-08,Store_3,SKU_4,44.96,3,0,0,0,12.14
2024-10-09,Store_3,SKU_4,77.25,7,1,0,0,12.14
2024-10-10,Store_3,SKU_4,54.37,4,0,0,0,12.14
2024-10-11,Store_3,SKU_4,68.05,6,1,0,0,12.14
2024-10-12,Store_3,SKU_4,68.51,7,0,0,0,12.14
2024-10-13,Store_3,SKU_4,35.11,3,0,0,0,12.14
2024-10-14,Store_3,SKU_4,77.36,6,1,0,0,12.14
2024-10-15,Store_3,SKU_4,48.64,4,0,0,0,12.14
2024-10-16,Store_3,SKU_4,50.74,3,0,0,0,12.14
2024-10-17,Store_3,SKU_4,52.51,4,0,0,0,12.14
2024-10-18,Store_3,SKU_4,59.78,4,0,0,0,12.14
2024-10-19,Store_3,SKU_4,88.08,6,1,0,0,12.14
2024-10-20,Store_3,SKU_4,39.57,3,1,0,0,12.14
2024-10-21,Store_3,SKU_4,47.8,5,0,0,0,12.14
2024-10-22,Store_3,SKU_4,47.95,5,0,0,0,12.14
2024-10-23,Store_3,SKU_4,53.86,4,0,0,0,12.14
2024-10-24,Store_3,SKU_4,54.33,4,0,0,0,12.14
2024-10-25,Store_3,SKU_4,60.92,4,0,0,0,12.14
2024-10-26,Store_3,SKU_4,63.48,6,0,0,0,12.14
2024-10-27,Store_3,SKU_4,31.19,3,0,0,0,12.14
2024-10-28,Store_3,SKU_4,55.09,3,0,0,0,12.14
2024-10-29,Store_3,SKU_4,48.65,4,0,0,0,12.14
2024-10-30,Store_3,SKU_4,66.33,7,1,0,0,12.14
2024-10-31,Store_3,SKU_4,45.05,4,0,0,0,12.14
2024-11-01,Store_3,SKU_4,45.07,3,0,0,0,12.14
2024-11-02,Store_3,SKU_4,56.58,4,0,0,0,12.14
2024-11-03,Store_3,SKU_4,33.81,3,1,0,0,12.14
2024-11-04,Store_3,SKU_4,46.8,3,0,0,0,12.14
2024-11-05,Store_3,SKU_4,40.29,4,0,0,0,12.14
2024-11-06,Store_3,SKU_4,48.37,4,0,0,0,12.14
2024-11-07,Store_3,SKU_4,57.9,4,1,0,0,12.14
2024-11-08,Store_3,SKU_4,50.38,4,0,0,0,12.14
2024-11-09,Store_3,SKU_4,53.87,5,0,0,0,12.14
2024-11-10,Store_3,SKU_4,23.48,1,0,0,0,12.14
2024-11-11,Store_3,SKU_4,66.24,7,1,0,0,12.14
2024-11-12,Store_3,SKU_4,45.84,4,0,0,0,12.14
2024-11-13,Store_3,SKU_4,57.56,5,1,0,0,12.14
2024-11-14,Store_3,SKU_4,45.06,3,0,0,0,12.14
2024-11-15,Store_3,SKU_4,51.87,4,0,0,0,12.14
2024-11-16,Store_3,SKU_4,54.23,4,0,0,0,12.14
2024-11-17,Store_3,SKU_4,30.0,2,0,0,0,12.14
2024-11-18,Store_3,SKU_4,42.65,5,0,0,0,12.14
2024-11-19,Store_3,SKU_4,47.39,4,0,0,0,12.14
2024-11-20,Store_3,SKU_4,48.88,3,0,0,0,12.14
2024-11-21,Store_3,SKU_4,68.58,8,1,0,0,12.14
2024-11-22,Store_3,SKU_4,53.09,5,0,0,0,12.14
2024-11-23,Store_3,SKU_4,58.77,6,0,0,0,12.14
2024-11-24,Store_3,SKU_4,28.76,2,0,0,0,12.14
2024-11-25,Store_3,SKU_4,51.25,4,0,0,0,12.14
2024-11-26,Store_3,SKU_4,44.15,3,0,0,0,12.14
2024-11-27,Store_3,SKU_4,45.34,3,0,0,0,12.14
2024-11-28,Store_3,SKU_4,42.91,4,0,0,0,12.14
2024-11-29,Store_3,SKU_4,58.29,5,0,0,0,12.14
2024-11-30,Store_3,SKU_4,47.89,4,0,0,0,12.14
2024-12-01,Store_3,SKU_4,25.64,2,0,0,0,12.14
2024-12-02,Store_3,SKU_4,47.04,3,0,0,0,12.14
2024-12-03,Store_3,SKU_4,60.55,7,1,0,0,12.14
2024-12-04,Store_3,SKU_4,61.51,5,1,0,0,12.14
2024-12-05,Store_3,SKU_4,46.63,3,0,0,0,12.14
2024-12-06,Store_3,SKU_4,53.42,3,0,0,0,12.14
2024-12-07,Store_3,SKU_4,56.66,6,0,0,0,12.14
2024-12-08,Store_3,SKU_4,24.64,2,0,0,0,12.14
2024-12-09,Store_3,SKU_4,47.76,5,0,0,0,12.14
2024-12-10,Store_3,SKU_4,40.41,3,0,0,0,12.14
2024-12-11,Store_3,SKU_4,41.93,3,0,0,0,12.14
2024-12-12,Store_3,SKU_4,45.44,3,0,0,0,12.14
2024-12-13,Store_3,SKU_4,50.69,5,0,0,0,12.14
2024-12-14,Store_3,SKU_4,49.45,3,0,0,0,12.14
2024-12-15,Store_3,SKU_4,34.99,3,1,0,0,12.14
2024-12-16,Store_3,SKU_4,44.24,5,0,0,0,12.14
2024-12-17,Store_3,SKU_4,44.33,3,0,0,0,12.14
2024-12-18,Store_3,SKU_4,43.21,3,0,0,0,12.14
2024-12-19,Store_3,SKU_4,39.57,2,0,0,0,12.14
2024-12-20,Store_3,SKU_4,70.74,8,1,0,0,12.14
2024-12-21,Store_3,SKU_4,60.16,5,0,0,0,12.14
2024-12-22,Store_3,SKU_4,38.18,3,1,0,0,12.14
2024-12-23,Store_3,SKU_4,64.1,6,1,0,0,12.14
2024-12-24,Store_3,SKU_4,45.11,4,0,0,0,12.14
2024-12-25,Store_3,SKU_4,17.91,1,0,a,0,12.14
2024-12-26,Store_3,SKU_4,19.81,2,0,a,0,12.14
2024-12-27,Store_3,SKU_4,70.37,6,1,0,0,12.14
2024-12-28,Store_3,SKU_4,61.49,4,0,0,0,12.14
2024-12-29,Store_3,SKU_4,26.18,2,0,0,0,12.14
2024-12-30,Store_3,SKU_4,41.9,3,0,0,0,12.14
2024-12-31,Store_3,SKU_4,40.46,3,0,0,0,12.14
2022-01-01,Store_3,SKU_5,32.79,3,1,a,0,22.51
2022-01-02,Store_3,SKU_5,35.02,3,0,0,0,22.51
2022-01-03,Store_3,SKU_5,49.98,4,0,0,0,22.51
2022-01-04,Store_3,SKU_5,52.78,6,0,0,0,22.51
2022-01-05,Store_3,SKU_5,64.6,7,1,0,0,22.51
2022-01-06,Store_3,SKU_5,39.41,3,0,0,0,22.51
2022-01-07,Store_3,SKU_5,50.54,5,0,0,0,22.51
2022-01-08,Store_3,SKU_5,59.27,7,0,0,0,22.51
2022-01-09,Store_3,SKU_5,30.73,2,0,0,0,22.51
2022-01-10,Store_3,SKU_5,42.59,3,0,0,0,22.51
2022-01-11,Store_3,SKU_5,68.18,6,1,0,0,22.51
2022-01-12,Store_3,SKU_5,45.46,4,0,0,0,22.51
2022-01-13,Store_3,SKU_5,49.73,4,0,0,0,22.51
2022-01-14,Store_3,SKU_5,79.01,9,1,0,0,22.51
2022-01-15,Store_3,SKU_5,83.2,9,1,0,0,22.51
2022-01-16,Store_3,SKU_5,29.12,2,0,0,0,22.51
2022-01-17,Store_3,SKU_5,45.63,5,0,0,0,22.51
2022-01-18,Store_3,SKU_5,49.02,4,0,0,0,22.51
2022-01-19,Store_3,SKU_5,56.22,6,1,0,0,22.51
2022-01-20,Store_3,SKU_5,46.71,4,0,0,0,22.51
2022-01-21,Store_3,SKU_5,55.9,4,0,0,0,22.51
2022-01-22,Store_3,SKU_5,58.8,4,0,0,0,22.51
2022-01-23,Store_3,SKU_5,26.18,2,0,0,0,22.51
2022-01-24,Store_3,SKU_5,70.22,8,1,0,0,22.51
2022-01-25,Store_3,SKU_5,46.49,4,0,0,0,22.51
2022-01-26,Store_3,SKU_5,47.33,4,0,0,0,22.51
2022-01-27,Store_3,SKU_5,69.27,6,1,0,0,22.51
2022-01-28,Store_3,SKU_5,56.94,6,0,0,0,22.51
2022-01-29,Store_3,SKU_5,60.47,5,0,0,0,22.51
2022-01-30,Store_3,SKU_5,30.33,3,0,0,0,22.51
2022-01-31,Store_3,SKU_5,61.47,4,0,0,0,22.51
2022-02-01,Store_3,SKU_5,48.67,4,0,0,0,22.51
2022-02-02,Store_3,SKU_5,70.61,7,1,0,0,22.51
2022-02-03,Store_3,SKU_5,73.0,5,1,0,0,22.51
2022-02-04,Store_3,SKU_5,55.97,4,0,0,0,22.51
2022-02-05,Store_3,SKU_5,75.86,6,0,0,0,22.51
2022-02-06,Store_3,SKU_5,34.25,2,0,0,0,22.51
2022-02-07,Store_3,SKU_5,64.38,5,0,0,0,22.51
2022-02-08,Store_3,SKU_5,57.31,4,0,0,0,22.51
2022-02-09,Store_3,SKU_5,53.68,3,0,0,0,22.51
2022-02-10,Store_3,SKU_5,57.92,5,0,0,0,22.51
2022-02-11,Store_3,SKU_5,58.49,5,0,0,0,22.51
2022-02-12,Store_3,SKU_5,71.17,6,0,0,0,22.51
2022-02-13,Store_3,SKU_5,34.27,2,0,0,0,22.51
2022-02-14,Store_3,SKU_5,56.11,4,0,0,0,22.51
2022-02-15,Store_3,SKU_5,58.5,6,0,0,0,22.51
2022-02-16,Store_3,SKU_5,60.77,7,0,0,0,22.51
2022-02-17,Store_3,SKU_5,89.98,6,1,0,0,22.51
2022-02-18,Store_3,SKU_5,59.04,5,0,0,0,22.51
2022-02-19,Store_3,SKU_5,66.86,6,0,0,0,22.51
2022-02-20,Store_3,SKU_5,35.32,3,0,0,0,22.51
2022-02-21,Store_3,SKU_5,52.98,4,0,0,0,22.51
2022-02-22,Store_3,SKU_5,66.63,5,1,0,0,22.51
2022-02-23,Store_3,SKU_5,53.23,6,0,0,0,22.51
2022-02-24,Store_3,SKU_5,64.15,5,0,0,0,22.51
2022-02-25,Store_3,SKU_5,54.96,5,0,0,0,22.51
2022-02-26,Store_3,SKU_5,70.12,5,0,0,0,22.51
2022-02-27,Store_3,SKU_5,31.49,3,0,0,0,22.51
2022-02-28,Store_3,SKU_5,57.76,4,0,0,0,22.51
2022-03-01,Store_3,SKU_5,61.39,5,0,0,0,22.51
2022-03-02,Store_3,SKU_5,55.37,5,0,0,0,22.51
2022-03-03,Store_3,SKU_5,88.44,10,1,0,0,22.51
2022-03-04,Store_3,SKU_5,77.49,6,0,0,0,22.51
2022-03-05,Store_3,SKU_5,87.11,7,0,0,0,22.51
2022-03-06,Store_3,SKU_5,29.38,2,0,0,0,22.51
2022-03-07,Store_3,SKU_5,66.86,5,0,0,0,22.51
2022-03-08,Store_3,SKU_5,63.49,5,0,0,0,22.51
2022-03-09,Store_3,SKU_5,55.11,6,0,0,0,22.51
2022-03-10,Store_3,SKU_5,88.62,6,1,0,0,22.51
2022-03-11,Store_3,SKU_5,92.64,8,1,0,0,22.51
2022-03-12,Store_3,SKU_5,99.22,11,1,0,0,22.51
2022-03-13,Store_3,SKU_5,36.94,4,0,0,0,22.51
2022-03-14,Store_3,SKU_5,70.77,5,0,0,0,22.51
2022-03-15,Store_3,SKU_5,66.19,5,0,0,0,22.51
2022-03-16,Store_3,SKU_5,83.05,6,1,0,0,22.51
2022-03-17,Store_3,SKU_5,61.41,7,0,0,0,22.51
2022-03-18,Store_3,SKU_5,64.32,7,0,0,0,22.51
2022-03-19,Store_3,SKU_5,73.76,7,0,0,0,22.51
2022-03-20,Store_3,SKU_5,40.52,3,0,0,0,22.51
2022-03-21,Store_3,SKU_5,60.88,6,0,0,0,22.51
2022-03-22,Store_3,SKU_5,58.04,6,0,0,0,22.51
2022-03-23,Store_3,SKU_5,68.03,7,0,0,0,22.51
2022-03-24,Store_3,SKU_5,89.12,8,1,0,0,22.51
2022-03-25,Store_3,SKU_5,106.02,7,1,0,0,22.51
2022-03-26,Store_3,SKU_5,109.3,11,1,0,0,22.51
2022-03-27,Store_3,SKU_5,33.34,2,0,0,0,22.51
2022-03-28,Store_3,SKU_5,70.22,8,0,0,0,22.51
2022-03-29,Store_3,SKU_5,85.63,7,1,0,0,22.51
2022-03-30,Store_3,SKU_5,60.23,7,0,0,0,22.51
2022-03-31,Store_3,SKU_5,60.7,5,0,0,0,22.51
2022-04-01,Store_3,SKU_5,81.1,5,0,0,0,22.51
2022-04-02,Store_3,SKU_5,73.1,5,0,0,0,22.51
2022-04-03,Store_3,SKU_5,45.58,4,0,0,0,22.51
2022-04-04,Store_3,SKU_5,98.89,7,1,0,0,22.51
2022-04-05,Store_3,SKU_5,66.33,6,0,0,0,22.51
2022-04-06,Store_3,SKU_5,66.58,7,0,0,0,22.51
2022-04-07,Store_3,SKU_5,72.15,6,0,0,0,22.51
2022-04-08,Store_3,SKU_5,71.18,5,0,0,0,22.51
2022-04-09,Store_3,SKU_5,95.56,11,0,0,0,22.51
2022-04-10,Store_3,SKU_5,39.39,4,0,0,0,22.51
2022-04-11,Store_3,SKU_5,79.31,6,0,0,0,22.51
2022-04-12,Store_3,SKU_5,92.36,7,1,0,0,22.51
2022-04-13,Store_3,SKU_5,74.9,8,0,0,0,22.51
2022-04-14,Store_3,SKU_5,71.42,7,0,0,0,22.51
2022-04-15,Store_3,SKU_5,83.01,9,0,0,0,22.51
2022-04-16,Store_3,SKU_5,106.7,9,0,0,0,22.51
2022-04-17,Store_3,SKU_5,41.29,3,0,0,0,22.51
2022-04-18,Store_3,SKU_5,89.43,10,0,0,0,22.51
2022-04-19,Store_3,SKU_5,71.87,7,0,0,0,22.51
2022-04-20,Store_3,SKU_5,90.87,10,1,0,0,22.51
2022-04-21,Store_3,SKU_5,74.8,6,0,0,0,22.51
2022-04-22,Store_3,SKU_5,95.11,10,0,0,0,22.51
2022-04-23,Store_3,SKU_5,84.98,7,0,0,0,22.51
2022-04-24,Store_3,SKU_5,62.6,5,1,0,0,22.51
2022-04-25,Store_3,SKU_5,71.31,6,0,0,0,22.51
2022-04-26,Store_3,SKU_5,68.98,5,0,0,0,22.51
2022-04-27,Store_3,SKU_5,64.08,6,0,0,0,22.51
2022-04-28,Store_3,SKU_5,86.45,8,0,0,0,22.51
2022-04-29,Store_3,SKU_5,84.03,6,0,0,0,22.51
2022-04-30,Store_3,SKU_5,98.72,8,0,0,0,22.51
2022-05-01,Store_3,SKU_5,53.57,5,0,0,0,22.51
2022-05-02,Store_3,SKU_5,80.08,7,0,0,0,22.51
2022-05-03,Store_3,SKU_5,79.9,5,0,0,0,22.51
2022-05-04,Store_3,SKU_5,79.28,6,0,0,0,22.51
2022-05-05,Store_3,SKU_5,71.67,5,0,0,0,22.51
2022-05-06,Store_3,SKU_5,82.96,6,0,0,0,22.51
2022-05-07,Store_3,SKU_5,109.51,11,0,0,0,22.51
2022-05-08,Store_3,SKU_5,45.11,4,0,0,0,22.51
2022-05-09,Store_3,SKU_5,67.47,6,0,0,0,22.51
2022-05-10,Store_3,SKU_5,69.6,7,0,0,0,22.51
2022-05-11,Store_3,SKU_5,76.68,5,0,0,0,22.51
2022-05-12,Store_3,SKU_5,118.44,14,1,0,0,22.51
2022-05-13,Store_3,SKU_5,127.66,10,1,0,0,22.51
2022-05-14,Store_3,SKU_5,91.73,10,0,0,0,22.51
2022-05-15,Store_3,SKU_5,62.92,6,1,0,0,22.51
2022-05-16,Store_3,SKU_5,82.01,6,0,0,0,22.51
2022-05-17,Store_3,SKU_5,74.98,8,0,0,0,22.51
2022-05-18,Store_3,SKU_5,77.84,7,0,0,0,22.51
2022-05-19,Store_3,SKU_5,75.71,7,0,0,0,22.51
2022-05-20,Store_3,SKU_5,86.03,8,0,0,0,22.51
2022-05-21,Store_3,SKU_5,96.05,6,0,0,0,22.51
2022-05-22,Store_3,SKU_5,50.05,4,0,0,0,22.51
2022-05-23,Store_3,SKU_5,77.58,8,0,0,0,22.51
2022-05-24,Store_3,SKU_5,74.45,8,0,0,0,22.51
2022-05-25,Store_3,SKU_5,76.63,8,0,0,0,22.51
2022-05-26,Store_3,SKU_5,82.88,8,0,0,0,22.51
2022-05-27,Store_3,SKU_5,93.62,11,0,0,0,22.51
2022-05-28,Store_3,SKU_5,95.3,7,0,0,0,22.51
2022-05-29,Store_3,SKU_5,53.7,4,0,0,0,22.51
2022-05-30,Store_3,SKU_5,84.0,8,0,0,0,22.51
2022-05-31,Store_3,SKU_5,77.81,5,0,0,0,22.51
2022-06-01,Store_3,SKU_5,83.77,8,0,0,0,22.51
2022-06-02,Store_3,SKU_5,85.06,6,0,0,0,22.51
2022-06-03,Store_3,SKU_5,104.94,10,1,0,0,22.51
2022-06-04,Store_3,SKU_5,134.72,11,1,0,0,22.51
2022-06-05,Store_3,SKU_5,51.81,3,0,0,0,22.51
2022-06-06,Store_3,SKU_5,85.64,8,0,0,0,22.51
2022-06-07,Store_3,SKU_5,75.33,7,0,0,0,22.51
2022-06-08,Store_3,SKU_5,120.63,12,1,0,0,22.51
2022-06-09,Store_3,SKU_5,77.64,7,0,0,0,22.51
2022-06-10,Store_3,SKU_5,83.96,7,0,0,0,22.51
2022-06-11,Store_3,SKU_5,115.77,14,0,0,0,22.51
2022-06-12,Store_3,SKU_5,48.34,4,0,0,0,22.51
2022-06-13,Store_3,SKU_5,78.38,7,0,0,0,22.51
2022-06-14,Store_3,SKU_5,77.66,8,0,0,0,22.51
2022-06-15,Store_3,SKU_5,83.51,6,0,0,0,22.51
2022-06-16,Store_3,SKU_5,86.53,7,0,0,0,22.51
2022-06-17,Store_3,SKU_5,93.84,9,0,0,0,22.51
2022-06-18,Store_3,SKU_5,99.03,8,0,0,0,22.51
2022-06-19,Store_3,SKU_5,55.38,6,0,0,0,22.51
2022-06-20,Store_3,SKU_5,86.4,7,0,0,0,22.51
2022-06-21,Store_3,SKU_5,82.56,5,0,0,0,22.51
2022-06-22,Store_3,SKU_5,112.07,8,1,0,0,22.51
2022-06-23,Store_3,SKU_5,82.23,9,0,0,0,22.51
2022-06-24,Store_3,SKU_5,95.54,10,0,0,0,22.51
2022-06-25,Store_3,SKU_5,109.13,12,0,0,0,22.51
2022-06-26,Store_3,SKU_5,50.01,6,0,0,0,22.51
2022-06-27,Store_3,SKU_5,97.02,9,0,0,0,22.51
2022-06-28,Store_3,SKU_5,70.16,6,0,0,0,22.51
2022-06-29,Store_3,SKU_5,77.14,5,0,0,0,22.51
2022-06-30,Store_3,SKU_5,122.29,12,1,0,0,22.51
2022-07-01,Store_3,SKU_5,87.76,6,0,0,1,22.51
2022-07-02,Store_3,SKU_5,99.79,10,0,0,0,22.51
2022-07-03,Store_3,SKU_5,49.99,3,0,0,0,22.51
2022-07-04,Store_3,SKU_5,83.14,10,0,0,0,22.51
2022-07-05,Store_3,SKU_5,67.68,6,0,0,0,22.51
2022-07-06,Store_3,SKU_5,76.18,8,0,0,0,22.51
2022-07-07,Store_3,SKU_5,82.68,7,0,0,0,22.51
2022-07-08,Store_3,SKU_5,97.55,8,0,0,0,22.51
2022-07-09,Store_3,SKU_5,98.54,8,0,0,0,22.51
2022-07-10,Store_3,SKU_5,49.26,5,0,0,1,22.51
2022-07-11,Store_3,SKU_5,79.03,9,0,0,0,22.51
2022-07-12,Store_3,SKU_5,69.84,8,0,0,0,22.51
2022-07-13,Store_3,SKU_5,73.06,7,0,0,0,22.51
2022-07-14,Store_3,SKU_5,87.26,6,0,0,1,22.51
2022-07-15,Store_3,SKU_5,93.37,7,0,0,0,22.51
2022-07-16,Store_3,SKU_5,113.77,11,0,0,0,22.51
2022-07-17,Store_3,SKU_5,48.11,3,0,0,1,22.51
2022-07-18,Store_3,SKU_5,64.34,7,0,0,1,22.51
2022-07-19,Store_3,SKU_5,79.91,6,0,0,1,22.51
2022-07-20,Store_3,SKU_5,111.95,8,1,0,0,22.51
2022-07-21,Store_3,SKU_5,80.22,6,0,0,0,22.51
2022-07-22,Store_3,SKU_5,82.08,6,0,0,0,22.51
2022-07-23,Store_3,SKU_5,110.2,10,0,0,0,22.51
2022-07-24,Store_3,SKU_5,56.55,4,0,0,0,22.51
2022-07-25,Store_3,SKU_5,109.42,12,1,0,0,22.51
2022-07-26,Store_3,SKU_5,81.92,9,0,0,0,22.51
2022-07-27,Store_3,SKU_5,73.25,6,0,0,0,22.51
2022-07-28,Store_3,SKU_5,76.42,8,0,0,0,22.51
2022-07-29,Store_3,SKU_5,76.72,8,0,0,0,22.51
2022-07-30,Store_3,SKU_5,90.9,11,0,0,0,22.51
2022-07-31,Store_3,SKU_5,50.21,5,0,0,0,22.51
2022-08-01,Store_3,SKU_5,74.73,8,0,0,0,22.51
2022-08-02,Store_3,SKU_5,107.86,8,1,0,0,22.51
2022-08-03,Store_3,SKU_5,78.37,6,0,0,0,22.51
2022-08-04,Store_3,SKU_5,65.44,7,0,0,1,22.51
2022-08-05,Store_3,SKU_5,71.14,8,0,0,0,22.51
2022-08-06,Store_3,SKU_5,90.72,9,0,0,0,22.51
2022-08-07,Store_3,SKU_5,49.74,3,0,0,0,22.51
2022-08-08,Store_3,SKU_5,80.17,5,0,0,0,22.51
2022-08-09,Store_3,SKU_5,64.11,4,0,0,0,22.51
2022-08-10,Store_3,SKU_5,68.25,5,0,0,0,22.51
2022-08-11,Store_3,SKU_5,72.1,7,0,0,1,22.51
2022-08-12,Store_3,SKU_5,94.42,6,0,0,0,22.51
2022-08-13,Store_3,SKU_5,104.3,12,0,0,0,22.51
2022-08-14,Store_3,SKU_5,40.22,3,0,0,0,22.51
2022-08-15,Store_3,SKU_5,79.22,8,0,0,0,22.51
2022-08-16,Store_3,SKU_5,66.54,5,0,0,1,22.51
2022-08-17,Store_3,SKU_5,72.6,7,0,0,1,22.51
2022-08-18,Store_3,SKU_5,83.05,6,0,0,1,22.51
2022-08-19,Store_3,SKU_5,90.21,10,0,0,0,22.51
2022-08-20,Store_3,SKU_5,137.2,10,1,0,0,22.51
2022-08-21,Store_3,SKU_5,39.14,4,0,0,0,22.51
2022-08-22,Store_3,SKU_5,77.15,7,0,0,1,22.51
2022-08-23,Store_3,SKU_5,93.35,10,1,0,0,22.51
2022-08-24,Store_3,SKU_5,78.57,9,0,0,1,22.51
2022-08-25,Store_3,SKU_5,66.24,5,0,0,0,22.51
2022-08-26,Store_3,SKU_5,83.75,6,0,0,0,22.51
2022-08-27,Store_3,SKU_5,92.82,8,0,0,0,22.51
2022-08-28,Store_3,SKU_5,44.27,4,0,0,0,22.51
2022-08-29,Store_3,SKU_5,76.46,8,0,0,0,22.51
2022-08-30,Store_3,SKU_5,70.95,8,0,0,0,22.51
2022-08-31,Store_3,SKU_5,75.76,8,0,0,0,22.51
2022-09-01,Store_3,SKU_5,69.03,6,0,0,0,22.51
2022-09-02,Store_3,SKU_5,97.56,7,1,0,0,22.51
2022-09-03,Store_3,SKU_5,127.46,12,1,0,0,22.51
2022-09-04,Store_3,SKU_5,36.51,3,0,0,0,22.51
2022-09-05,Store_3,SKU_5,67.7,5,0,0,0,22.51
2022-09-06,Store_3,SKU_5,66.85,6,0,0,0,22.51
2022-09-07,Store_3,SKU_5,62.87,7,0,0,0,22.51
2022-09-08,Store_3,SKU_5,74.02,6,0,0,0,22.51
2022-09-09,Store_3,SKU_5,79.07,6,0,0,0,22.51
2022-09-10,Store_3,SKU_5,79.81,5,0,0,0,22.51
2022-09-11,Store_3,SKU_5,40.0,3,0,0,0,22.51
2022-09-12,Store_3,SKU_5,68.22,5,0,0,0,22.51
2022-09-13,Store_3,SKU_5,60.41,7,0,0,0,22.51
2022-09-14,Store_3,SKU_5,68.58,6,0,0,0,22.51
2022-09-15,Store_3,SKU_5,70.51,8,0,0,0,22.51
2022-09-16,Store_3,SKU_5,81.85,6,0,0,0,22.51
2022-09-17,Store_3,SKU_5,83.12,9,0,0,0,22.51
2022-09-18,Store_3,SKU_5,39.05,3,0,0,0,22.51
2022-09-19,Store_3,SKU_5,61.29,7,0,0,0,22.51
2022-09-20,Store_3,SKU_5,57.96,6,0,0,0,22.51
2022-09-21,Store_3,SKU_5,67.54,5,0,0,0,22.51
2022-09-22,Store_3,SKU_5,92.11,9,1,0,0,22.51
2022-09-23,Store_3,SKU_5,79.89,8,0,0,0,22.51
2022-09-24,Store_3,SKU_5,91.88,6,0,0,0,22.51
2022-09-25,Store_3,SKU_5,40.1,3,0,0,0,22.51
2022-09-26,Store_3,SKU_5,68.17,6,0,0,0,22.51
2022-09-27,Store_3,SKU_5,64.77,5,0,0,0,22.51
2022-09-28,Store_3,SKU_5,61.33,7,0,0,0,22.51
2022-09-29,Store_3,SKU_5,75.59,8,0,0,0,22.51
2022-09-30,Store_3,SKU_5,71.17,5,0,0,0,22.51
2022-10-01,Store_3,SKU_5,62.99,5,0,0,0,22.51
2022-10-02,Store_3,SKU_5,36.68,3,0,0,0,22.51
2022-10-03,Store_3,SKU_5,54.44,6,0,0,0,22.51
2022-10-04,Store_3,SKU_5,59.01,5,0,0,0,22.51
2022-10-05,Store_3,SKU_5,53.24,4,0,0,0,22.51
2022-10-06,Store_3,SKU_5,89.68,10,1,0,0,22.51
2022-10-07,Store_3,SKU_5,94.07,9,1,0,0,22.51
2022-10-08,Store_3,SKU_5,70.08,7,0,0,0,22.51
2022-10-09,Store_3,SKU_5,31.88,2,0,0,0,22.51
2022-10-10,Store_3,SKU_5,85.61,6,1,0,0,22.51
2022-10-11,Store_3,SKU_5,58.89,4,0,0,0,22.51
2022-10-12,Store_3,SKU_5,85.29,9,1,0,0,22.51
2022-10-13,Store_3,SKU_5,84.84,8,1,0,0,22.51
2022-10-14,Store_3,SKU_5,99.67,7,1,0,0,22.51
2022-10-15,Store_3,SKU_5,71.55,7,0,0,0,22.51
2022-10-16,Store_3,SKU_5,34.07,3,0,0,0,22.51
2022-10-17,Store_3,SKU_5,63.44,4,0,0,0,22.51
2022-10-18,Store_3,SKU_5,80.6,7,1,0,0,22.51
2022-10-19,Store_3,SKU_5,55.41,5,0,0,0,22.51
2022-10-20,Store_3,SKU_5,65.8,7,0,0,0,22.51
2022-10-21,Store_3,SKU_5,64.0,7,0,0,0,22.51
2022-10-22,Store_3,SKU_5,79.89,6,0,0,0,22.51
2022-10-23,Store_3,SKU_5,35.09,2,0,0,0,22.51
2022-10-24,Store_3,SKU_5,61.42,4,0,0,0,22.51
2022-10-25,Store_3,SKU_5,43.22,3,0,0,0,22.51
2022-10-26,Store_3,SKU_5,52.89,5,0,0,0,22.51
2022-10-27,Store_3,SKU_5,64.21,5,0,0,0,22.51
2022-10-28,Store_3,SKU_5,65.2,5,0,0,0,22.51
2022-10-29,Store_3,SKU_5,77.26,6,0,0,0,22.51
2022-10-30,Store_3,SKU_5,35.8,3,0,0,0,22.51
2022-10-31,Store_3,SKU_5,60.25,5,0,0,0,22.51
2022-11-01,Store_3,SKU_5,43.24,4,0,0,0,22.51
2022-11-02,Store_3,SKU_5,47.45,3,0,0,0,22.51
2022-11-03,Store_3,SKU_5,60.4,5,0,0,0,22.51
2022-11-04,Store_3,SKU_5,50.44,3,0,0,0,22.51
2022-11-05,Store_3,SKU_5,63.21,6,0,0,0,22.51
2022-11-06,Store_3,SKU_5,32.1,2,0,0,0,22.51
2022-11-07,Store_3,SKU_5,45.03,5,0,0,0,22.51
2022-11-08,Store_3,SKU_5,53.52,4,0,0,0,22.51
2022-11-09,Store_3,SKU_5,42.36,3,0,0,0,22.51
2022-11-10,Store_3,SKU_5,80.99,5,1,0,0,22.51
2022-11-11,Store_3,SKU_5,53.76,4,0,0,0,22.51
2022-11-12,Store_3,SKU_5,71.8,6,0,0,0,22.51
2022-11-13,Store_3,SKU_5,32.02,3,0,0,0,22.51
2022-11-14,Store_3,SKU_5,50.06,5,0,0,0,22.51
2022-11-15,Store_3,SKU_5,49.22,4,0,0,0,22.51
2022-11-16,Store_3,SKU_5,47.87,4,0,0,0,22.51
2022-11-17,Store_3,SKU_5,53.39,5,0,0,0,22.51
2022-11-18,Store_3,SKU_5,66.3,5,0,0,0,22.51
2022-11-19,Store_3,SKU_5,75.98,9,0,0,0,22.51
2022-11-20,Store_3,SKU_5,43.64,3,1,0,0,22.51
2022-11-21,Store_3,SKU_5,55.78,5,0,0,0,22.51
2022-11-22,Store_3,SKU_5,70.57,8,1,0,0,22.51
2022-11-23,Store_3,SKU_5,43.31,4,0,0,0,22.51
2022-11-24,Store_3,SKU_5,70.25,6,1,0,0,22.51
2022-11-25,Store_3,SKU_5,58.25,6,0,0,0,22.51
2022-11-26,Store_3,SKU_5,65.47,7,0,0,0,22.51
2022-11-27,Store_3,SKU_5,29.8,2,0,0,0,22.51
2022-11-28,Store_3,SKU_5,62.61,4,0,0,0,22.51
2022-11-29,Store_3,SKU_5,53.71,5,0,0,0,22.51
2022-11-30,Store_3,SKU_5,52.58,4,0,0,0,22.51
2022-12-01,Store_3,SKU_5,56.08,4,1,0,0,22.51
2022-12-02,Store_3,SKU_5,51.11,4,0,0,0,22.51
2022-12-03,Store_3,SKU_5,72.24,5,0,0,0,22.51
2022-12-04,Store_3,SKU_5,42.68,3,1,0,0,22.51
2022-12-05,Store_3,SKU_5,44.81,3,0,0,0,22.51
2022-12-06,Store_3,SKU_5,45.39,3,0,0,0,22.51
2022-12-07,Store_3,SKU_5,48.78,5,0,0,0,22.51
2022-12-08,Store_3,SKU_5,51.81,5,0,0,0,22.51
2022-12-09,Store_3,SKU_5,55.54,5,0,0,0,22.51
2022-12-10,Store_3,SKU_5,69.58,5,0,0,0,22.51
2022-12-11,Store_3,SKU_5,29.45,2,0,0,0,22.51
2022-12-12,Store_3,SKU_5,46.12,3,0,0,0,22.51
2022-12-13,Store_3,SKU_5,51.41,4,0,0,0,22.51
2022-12-14,Store_3,SKU_5,50.78,4,0,0,0,22.51
2022-12-15,Store_3,SKU_5,48.84,4,0,0,0,22.51
2022-12-16,Store_3,SKU_5,58.1,4,0,0,0,22.51
2022-12-17,Store_3,SKU_5,71.83,5,0,0,0,22.51
2022-12-18,Store_3,SKU_5,31.69,2,0,0,0,22.51
2022-12-19,Store_3,SKU_5,63.9,5,1,0,0,22.51
2022-12-20,Store_3,SKU_5,50.29,3,0,0,0,22.51
2022-12-21,Store_3,SKU_5,45.62,5,0,0,0,22.51
2022-12-22,Store_3,SKU_5,52.69,4,0,0,0,22.51
2022-12-23,Store_3,SKU_5,57.89,6,0,0,0,22.51
2022-12-24,Store_3,SKU_5,86.64,9,1,0,0,22.51
2022-12-25,Store_3,SKU_5,12.8,1,0,a,0,22.51
2022-12-26,Store_3,SKU_5,20.03,1,0,a,0,22.51
2022-12-27,Store_3,SKU_5,71.13,5,1,0,0,22.51
2022-12-28,Store_3,SKU_5,70.44,8,1,0,0,22.51
2022-12-29,Store_3,SKU_5,54.28,6,0,0,0,22.51
2022-12-30,Store_3,SKU_5,79.68,8,1,0,0,22.51
2022-12-31,Store_3,SKU_5,65.59,6,0,0,0,22.51
2023-01-01,Store_3,SKU_5,12.4,1,0,a,0,22.51
2023-01-02,Store_3,SKU_5,68.25,7,1,0,0,22.51
2023-01-03,Store_3,SKU_5,50.88,4,0,0,0,22.51
2023-01-04,Store_3,SKU_5,48.07,5,0,0,0,22.51
2023-01-05,Store_3,SKU_5,51.54,4,0,0,0,22.51
2023-01-06,Store_3,SKU_5,56.24,4,0,0,0,22.51
2023-01-07,Store_3,SKU_5,74.62,9,0,0,0,22.51
2023-01-08,Store_3,SKU_5,26.73,2,0,0,0,22.51
2023-01-09,Store_3,SKU_5,46.99,4,0,0,0,22.51
2023-01-10,Store_3,SKU_5,48.93,4,0,0,0,22.51
2023-01-11,Store_3,SKU_5,48.13,5,0,0,0,22.51
2023-01-12,Store_3,SKU_5,76.22,6,1,0,0,22.51
2023-01-13,Store_3,SKU_5,57.63,5,0,0,0,22.51
2023-01-14,Store_3,SKU_5,72.96,5,0,0,0,22.51
2023-01-15,Store_3,SKU_5,32.97,2,0,0,0,22.51
2023-01-16,Store_3,SKU_5,46.88,4,0,0,0,22.51
2023-01-17,Store_3,SKU_5,49.71,3,0,0,0,22.51
2023-01-18,Store_3,SKU_5,49.2,3,0,0,0,22.51
2023-01-19,Store_3,SKU_5,57.82,5,0,0,0,22.51
2023-01-20,Store_3,SKU_5,53.3,4,0,0,0,22.51
2023-01-21,Store_3,SKU_5,70.14,5,0,0,0,22.51
2023-01-22,Store_3,SKU_5,34.29,2,0,0,0,22.51
2023-01-23,Store_3,SKU_5,55.35,5,0,0,0,22.51
2023-01-24,Store_3,SKU_5,50.96,4,0,0,0,22.51
2023-01-25,Store_3,SKU_5,47.5,3,0,0,0,22.51
2023-01-26,Store_3,SKU_5,54.25,4,0,0,0,22.51
2023-01-27,Store_3,SKU_5,65.2,4,0,0,0,22.51
2023-01-28,Store_3,SKU_5,66.76,7,0,0,0,22.51
2023-01-29,Store_3,SKU_5,29.92,3,0,0,0,22.51
2023-01-30,Store_3,SKU_5,57.35,7,0,0,0,22.51
2023-01-31,Store_3,SKU_5,52.93,5,0,0,0,22.51
2023-02-01,Store_3,SKU_5,59.25,6,0,0,0,22.51
2023-02-02,Store_3,SKU_5,55.94,6,0,0,0,22.51
2023-02-03,Store_3,SKU_5,68.86,6,0,0,0,22.51
2023-02-04,Store_3,SKU_5,89.01,8,0,0,0,22.51
2023-02-05,Store_3,SKU_5,33.85,3,0,0,0,22.51
2023-02-06,Store_3,SKU_5,90.4,8,1,0,0,22.51
2023-02-07,Store_3,SKU_5,66.34,6,0,0,0,22.51
2023-02-08,Store_3,SKU_5,55.45,4,0,0,0,22.51
2023-02-09,Store_3,SKU_5,66.86,7,0,0,0,22.51
2023-02-10,Store_3,SKU_5,68.94,6,0,0,0,22.51
2023-02-11,Store_3,SKU_5,75.62,5,0,0,0,22.51
2023-02-12,Store_3,SKU_5,38.13,3,0,0,0,22.51
2023-02-13,Store_3,SKU_5,60.9,7,0,0,0,22.51
2023-02-14,Store_3,SKU_5,75.08,6,1,0,0,22.51
2023-02-15,Store_3,SKU_5,53.86,5,0,0,0,22.51
2023-02-16,Store_3,SKU_5,80.78,7,1,0,0,22.51
2023-02-17,Store_3,SKU_5,106.2,8,1,0,0,22.51
2023-02-18,Store_3,SKU_5,66.82,4,0,0,0,22.51
2023-02-19,Store_3,SKU_5,49.89,4,1,0,0,22.51
2023-02-20,Store_3,SKU_5,61.91,5,0,0,0,22.51
2023-02-21,Store_3,SKU_5,57.34,5,0,0,0,22.51
2023-02-22,Store_3,SKU_5,51.54,4,0,0,0,22.51
2023-02-23,Store_3,SKU_5,61.17,7,0,0,0,22.51
2023-02-24,Store_3,SKU_5,59.3,4,0,0,0,22.51
2023-02-25,Store_3,SKU_5,123.13,9,1,0,0,22.51
2023-02-26,Store_3,SKU_5,52.16,5,1,0,0,22.51
2023-02-27,Store_3,SKU_5,89.13,7,1,0,0,22.51
2023-02-28,Store_3,SKU_5,57.06,5,0,0,0,22.51
2023-03-01,Store_3,SKU_5,60.22,6,0,0,0,22.51
2023-03-02,Store_3,SKU_5,66.49,6,0,0,0,22.51
2023-03-03,Store_3,SKU_5,76.82,6,0,0,0,22.51
2023-03-04,Store_3,SKU_5,74.1,7,0,0,0,22.51
2023-03-05,Store_3,SKU_5,46.61,3,0,0,0,22.51
2023-03-06,Store_3,SKU_5,79.14,7,0,0,0,22.51
2023-03-07,Store_3,SKU_5,68.94,5,0,0,0,22.51
2023-03-08,Store_3,SKU_5,54.67,3,0,0,0,22.51
2023-03-09,Store_3,SKU_5,69.25,6,0,0,0,22.51
2023-03-10,Store_3,SKU_5,72.58,5,0,0,0,22.51
2023-03-11,Store_3,SKU_5,67.66,6,0,0,0,22.51
2023-03-12,Store_3,SKU_5,43.63,3,0,0,0,22.51
2023-03-13,Store_3,SKU_5,75.71,6,0,0,0,22.51
2023-03-14,Store_3,SKU_5,68.42,5,0,0,0,22.51
2023-03-15,Store_3,SKU_5,95.43,9,1,0,0,22.51
2023-03-16,Store_3,SKU_5,75.41,6,0,0,0,22.51
2023-03-17,Store_3,SKU_5,111.97,13,1,0,0,22.51
2023-03-18,Store_3,SKU_5,101.21,7,1,0,0,22.51
2023-03-19,Store_3,SKU_5,42.77,3,0,0,0,22.51
2023-03-20,Store_3,SKU_5,90.58,11,1,0,0,22.51
2023-03-21,Store_3,SKU_5,56.78,5,0,0,0,22.51
2023-03-22,Store_3,SKU_5,69.59,5,0,0,0,22.51
2023-03-23,Store_3,SKU_5,61.98,5,0,0,0,22.51
2023-03-24,Store_3,SKU_5,73.14,7,0,0,0,22.51
2023-03-25,Store_3,SKU_5,84.85,8,0,0,0,22.51
2023-03-26,Store_3,SKU_5,40.72,3,0,0,0,22.51
2023-03-27,Store_3,SKU_5,68.66,5,0,0,0,22.51
2023-03-28,Store_3,SKU_5,56.01,4,0,0,0,22.51
2023-03-29,Store_3,SKU_5,68.19,7,0,0,0,22.51
2023-03-30,Store_3,SKU_5,69.17,5,0,0,0,22.51
2023-03-31,Store_3,SKU_5,79.36,8,0,0,0,22.51
2023-04-01,Store_3,SKU_5,116.8,8,1,0,0,22.51
2023-04-02,Store_3,SKU_5,42.6,5,0,0,0,22.51
2023-04-03,Store_3,SKU_5,80.09,6,0,0,0,22.51
2023-04-04,Store_3,SKU_5,66.71,6,0,0,0,22.51
2023-04-05,Store_3,SKU_5,83.09,6,0,0,0,22.51
2023-04-06,Store_3,SKU_5,72.47,6,0,0,0,22.51
2023-04-07,Store_3,SKU_5,85.99,8,0,0,0,22.51
2023-04-08,Store_3,SKU_5,108.15,8,1,0,0,22.51
2023-04-09,Store_3,SKU_5,56.03,4,0,0,0,22.51
2023-04-10,Store_3,SKU_5,79.51,8,0,0,0,22.51
2023-04-11,Store_3,SKU_5,67.74,6,0,0,0,22.51
2023-04-12,Store_3,SKU_5,68.8,5,0,0,0,22.51
2023-04-13,Store_3,SKU_5,117.65,9,1,0,0,22.51
2023-04-14,Store_3,SKU_5,91.47,10,0,0,0,22.51
2023-04-15,Store_3,SKU_5,100.44,9,0,0,0,22.51
2023-04-16,Store_3,SKU_5,45.74,3,0,0,0,22.51
2023-04-17,Store_3,SKU_5,68.08,6,0,0,0,22.51
2023-04-18,Store_3,SKU_5,69.37,7,0,0,0,22.51
2023-04-19,Store_3,SKU_5,74.87,5,0,0,0,22.51
2023-04-20,Store_3,SKU_5,82.26,9,0,0,0,22.51
2023-04-21,Store_3,SKU_5,83.27,6,0,0,0,22.51
2023-04-22,Store_3,SKU_5,103.68,12,0,0,0,22.51
2023-04-23,Store_3,SKU_5,45.68,4,0,0,0,22.51
2023-04-24,Store_3,SKU_5,108.55,8,1,0,0,22.51
2023-04-25,Store_3,SKU_5,73.58,5,0,0,0,22.51
2023-04-26,Store_3,SKU_5,72.4,6,0,0,0,22.51
2023-04-27,Store_3,SKU_5,72.54,8,0,0,0,22.51
2023-04-28,Store_3,SKU_5,90.87,9,0,0,0,22.51
2023-04-29,Store_3,SKU_5,101.0,8,0,0,0,22.51
2023-04-30,Store_3,SKU_5,50.58,6,0,0,0,22.51
2023-05-01,Store_3,SKU_5,80.2,6,0,0,0,22.51
2023-05-02,Store_3,SKU_5,81.07,7,0,0,0,22.51
2023-05-03,Store_3,SKU_5,86.94,7,0,0,0,22.51
2023-05-04,Store_3,SKU_5,89.55,7,0,0,0,22.51
2023-05-05,Store_3,SKU_5,94.09,7,0,0,0,22.51
2023-05-06,Store_3,SKU_5,158.92,19,1,0,0,22.51
2023-05-07,Store_3,SKU_5,45.01,3,0,0,0,22.51
2023-05-08,Store_3,SKU_5,91.11,8,0,0,0,22.51
2023-05-09,Store_3,SKU_5,78.72,8,0,0,0,22.51
2023-05-10,Store_3,SKU_5,81.79,5,0,0,0,22.51
2023-05-11,Store_3,SKU_5,86.73,6,0,0,0,22.51
2023-05-12,Store_3,SKU_5,141.92,12,1,0,0,22.51
2023-05-13,Store_3,SKU_5,105.54,12,0,0,0,22.51
2023-05-14,Store_3,SKU_5,59.83,4,1,0,0,22.51
2023-05-15,Store_3,SKU_5,111.77,8,1,0,0,22.51
2023-05-16,Store_3,SKU_5,84.74,9,0,0,0,22.51
2023-05-17,Store_3,SKU_5,85.95,9,0,0,0,22.51
2023-05-18,Store_3,SKU_5,76.67,8,0,0,0,22.51
2023-05-19,Store_3,SKU_5,101.43,8,0,0,0,22.51
2023-05-20,Store_3,SKU_5,114.4,11,0,0,0,22.51
2023-05-21,Store_3,SKU_5,62.77,6,1,0,0,22.51
2023-05-22,Store_3,SKU_5,130.64,12,1,0,0,22.51
2023-05-23,Store_3,SKU_5,81.32,5,0,0,0,22.51
2023-05-24,Store_3,SKU_5,132.14,14,1,0,0,22.51
2023-05-25,Store_3,SKU_5,89.17,8,0,0,0,22.51
2023-05-26,Store_3,SKU_5,103.4,8,0,0,0,22.51
2023-05-27,Store_3,SKU_5,100.43,11,0,0,0,22.51
2023-05-28,Store_3,SKU_5,75.59,7,1,0,0,22.51
2023-05-29,Store_3,SKU_5,137.65,14,1,0,0,22.51
2023-05-30,Store_3,SKU_5,89.84,6,0,0,0,22.51
2023-05-31,Store_3,SKU_5,114.46,10,1,0,0,22.51
2023-06-01,Store_3,SKU_5,99.69,7,0,0,0,22.51
2023-06-02,Store_3,SKU_5,105.3,7,0,0,0,22.51
2023-06-03,Store_3,SKU_5,167.65,18,1,0,0,22.51
2023-06-04,Store_3,SKU_5,45.01,4,0,0,0,22.51
2023-06-05,Store_3,SKU_5,92.91,7,0,0,0,22.51
2023-06-06,Store_3,SKU_5,87.36,6,0,0,0,22.51
2023-06-07,Store_3,SKU_5,99.62,10,0,0,0,22.51
2023-06-08,Store_3,SKU_5,90.86,6,0,0,0,22.51
2023-06-09,Store_3,SKU_5,90.37,8,0,0,0,22.51
2023-06-10,Store_3,SKU_5,108.32,11,0,0,0,22.51
2023-06-11,Store_3,SKU_5,77.45,6,1,0,0,22.51
2023-06-12,Store_3,SKU_5,95.9,8,0,0,0,22.51
2023-06-13,Store_3,SKU_5,87.13,9,0,0,0,22.51
2023-06-14,Store_3,SKU_5,81.35,6,0,0,0,22.51
2023-06-15,Store_3,SKU_5,86.31,8,0,0,0,22.51
2023-06-16,Store_3,SKU_5,104.08,9,0,0,0,22.51
2023-06-17,Store_3,SKU_5,98.04,9,0,0,0,22.51
2023-06-18,Store_3,SKU_5,51.73,4,0,0,0,22.51
2023-06-19,Store_3,SKU_5,88.32,8,0,0,0,22.51
2023-06-20,Store_3,SKU_5,80.88,6,0,0,0,22.51
2023-06-21,Store_3,SKU_5,87.08,7,0,0,0,22.51
2023-06-22,Store_3,SKU_5,77.21,5,0,0,0,22.51
2023-06-23,Store_3,SKU_5,104.26,7,0,0,0,22.51
2023-06-24,Store_3,SKU_5,118.45,9,0,0,0,22.51
2023-06-25,Store_3,SKU_5,86.36,6,1,0,0,22.51
2023-06-26,Store_3,SKU_5,78.87,9,0,0,0,22.51
2023-06-27,Store_3,SKU_5,102.12,8,1,0,0,22.51
2023-06-28,Store_3,SKU_5,85.83,8,0,0,0,22.51
2023-06-29,Store_3,SKU_5,89.26,6,0,0,0,22.51
2023-06-30,Store_3,SKU_5,93.86,6,0,0,0,22.51
2023-07-01,Store_3,SKU_5,92.51,9,0,0,0,22.51
2023-07-02,Store_3,SKU_5,49.52,4,0,0,1,22.51
2023-07-03,Store_3,SKU_5,90.06,7,0,0,0,22.51
2023-07-04,Store_3,SKU_5,72.27,7,0,0,1,22.51
2023-07-05,Store_3,SKU_5,84.78,8,0,0,0,22.51
2023-07-06,Store_3,SKU_5,95.21,8,0,0,0,22.51
2023-07-07,Store_3,SKU_5,96.97,7,0,0,0,22.51
2023-07-08,Store_3,SKU_5,122.3,12,0,0,1,22.51
2023-07-09,Store_3,SKU_5,49.67,4,0,0,0,22.51
2023-07-10,Store_3,SKU_5,101.5,8,0,0,1,22.51
2023-07-11,Store_3,SKU_5,97.79,7,0,0,1,22.51
2023-07-12,Store_3,SKU_5,70.31,8,0,0,0,22.51
2023-07-13,Store_3,SKU_5,90.86,8,0,0,0,22.51
2023-07-14,Store_3,SKU_5,135.33,12,1,0,0,22.51
2023-07-15,Store_3,SKU_5,116.26,13,0,0,1,22.51
2023-07-16,Store_3,SKU_5,54.85,4,0,0,0,22.51
2023-07-17,Store_3,SKU_5,87.29,7,0,0,1,22.51
2023-07-18,Store_3,SKU_5,91.68,9,0,0,1,22.51
2023-07-19,Store_3,SKU_5,75.53,6,0,0,1,22.51
2023-07-20,Store_3,SKU_5,81.11,6,0,0,1,22.51
2023-07-21,Store_3,SKU_5,101.38,7,0,0,0,22.51
2023-07-22,Store_3,SKU_5,107.87,9,0,0,0,22.51
2023-07-23,Store_3,SKU_5,59.95,5,0,0,0,22.51
2023-07-24,Store_3,SKU_5,89.31,8,0,0,0,22.51
2023-07-25,Store_3,SKU_5,63.17,6,0,0,1,22.51
2023-07-26,Store_3,SKU_5,86.39,7,0,0,0,22.51
2023-07-27,Store_3,SKU_5,85.51,8,0,0,0,22.51
2023-07-28,Store_3,SKU_5,91.38,9,0,0,0,22.51
2023-07-29,Store_3,SKU_5,102.07,9,0,0,1,22.51
2023-07-30,Store_3,SKU_5,55.33,4,0,0,0,22.51
2023-07-31,Store_3,SKU_5,79.04,7,0,0,1,22.51
2023-08-01,Store_3,SKU_5,70.09,6,0,0,1,22.51
2023-08-02,Store_3,SKU_5,82.27,6,0,0,0,22.51
2023-08-03,Store_3,SKU_5,84.02,6,0,0,0,22.51
2023-08-04,Store_3,SKU_5,100.33,9,0,0,1,22.51
2023-08-05,Store_3,SKU_5,110.23,9,0,0,0,22.51
2023-08-06,Store_3,SKU_5,48.53,3,0,0,0,22.51
2023-08-07,Store_3,SKU_5,85.69,9,0,0,0,22.51
2023-08-08,Store_3,SKU_5,81.7,5,0,0,0,22.51
2023-08-09,Store_3,SKU_5,79.33,9,0,0,0,22.51
2023-08-10,Store_3,SKU_5,84.5,6,0,0,0,22.51
2023-08-11,Store_3,SKU_5,84.17,8,0,0,1,22.51
2023-08-12,Store_3,SKU_5,103.11,10,0,0,0,22.51
2023-08-13,Store_3,SKU_5,46.44,3,0,0,0,22.51
2023-08-14,Store_3,SKU_5,75.33,5,0,0,1,22.51
2023-08-15,Store_3,SKU_5,85.53,6,0,0,0,22.51
2023-08-16,Store_3,SKU_5,77.5,8,0,0,0,22.51
2023-08-17,Store_3,SKU_5,109.13,11,1,0,0,22.51
2023-08-18,Store_3,SKU_5,72.42,5,0,0,0,22.51
2023-08-19,Store_3,SKU_5,99.42,8,0,0,0,22.51
2023-08-20,Store_3,SKU_5,42.09,4,0,0,0,22.51
2023-08-21,Store_3,SKU_5,84.11,9,0,0,1,22.51
2023-08-22,Store_3,SKU_5,78.42,8,0,0,0,22.51
2023-08-23,Store_3,SKU_5,81.61,10,0,0,1,22.51
2023-08-24,Store_3,SKU_5,74.4,7,0,0,0,22.51
2023-08-25,Store_3,SKU_5,81.03,6,0,0,0,22.51
2023-08-26,Store_3,SKU_5,95.08,6,0,0,1,22.51
2023-08-27,Store_3,SKU_5,49.98,6,0,0,1,22.51
2023-08-28,Store_3,SKU_5,111.83,12,1,0,0,22.51
2023-08-29,Store_3,SKU_5,71.14,5,0,0,0,22.51
2023-08-30,Store_3,SKU_5,72.24,8,0,0,1,22.51
2023-08-31,Store_3,SKU_5,66.21,4,0,0,0,22.51
2023-09-01,Store_3,SKU_5,101.22,10,1,0,0,22.51
2023-09-02,Store_3,SKU_5,100.92,8,0,0,0,22.51
2023-09-03,Store_3,SKU_5,44.37,4,0,0,0,22.51
2023-09-04,Store_3,SKU_5,65.77,5,0,0,0,22.51
2023-09-05,Store_3,SKU_5,70.53,5,0,0,0,22.51
2023-09-06,Store_3,SKU_5,103.72,8,1,0,0,22.51
2023-09-07,Store_3,SKU_5,76.21,9,0,0,0,22.51
2023-09-08,Store_3,SKU_5,85.51,8,0,0,0,22.51
2023-09-09,Store_3,SKU_5,90.88,10,0,0,0,22.51
2023-09-10,Store_3,SKU_5,41.31,2,0,0,0,22.51
2023-09-11,Store_3,SKU_5,106.83,8,1,0,0,22.51
2023-09-12,Store_3,SKU_5,90.88,8,1,0,0,22.51
2023-09-13,Store_3,SKU_5,55.78,4,0,0,0,22.51
2023-09-14,Store_3,SKU_5,70.45,6,0,0,0,22.51
2023-09-15,Store_3,SKU_5,73.12,5,0,0,0,22.51
2023-09-16,Store_3,SKU_5,84.92,10,0,0,0,22.51
2023-09-17,Store_3,SKU_5,39.52,3,0,0,0,22.51
2023-09-18,Store_3,SKU_5,71.78,5,0,0,0,22.51
2023-09-19,Store_3,SKU_5,64.12,6,0,0,0,22.51
2023-09-20,Store_3,SKU_5,80.33,9,0,0,0,22.51
2023-09-21,Store_3,SKU_5,74.97,5,0,0,0,22.51
2023-09-22,Store_3,SKU_5,77.51,6,0,0,0,22.51
2023-09-23,Store_3,SKU_5,85.72,7,0,0,0,22.51
2023-09-24,Store_3,SKU_5,41.51,4,0,0,0,22.51
2023-09-25,Store_3,SKU_5,75.72,7,0,0,0,22.51
2023-09-26,Store_3,SKU_5,75.49,8,0,0,0,22.51
2023-09-27,Store_3,SKU_5,66.63,6,0,0,0,22.51
2023-09-28,Store_3,SKU_5,72.71,5,0,0,0,22.51
2023-09-29,Store_3,SKU_5,82.19,6,0,0,0,22.51
2023-09-30,Store_3,SKU_5,84.33,7,0,0,0,22.51
2023-10-01,Store_3,SKU_5,33.19,3,0,0,0,22.51
2023-10-02,Store_3,SKU_5,85.05,6,1,0,0,22.51
2023-10-03,Store_3,SKU_5,62.06,7,0,0,0,22.51
2023-10-04,Store_3,SKU_5,60.72,4,0,0,0,22.51
2023-10-05,Store_3,SKU_5,62.85,6,0,0,0,22.51
2023-10-06,Store_3,SKU_5,67.51,5,0,0,0,22.51
2023-10-07,Store_3,SKU_5,85.58,7,0,0,0,22.51
2023-10-08,Store_3,SKU_5,39.71,4,0,0,0,22.51
2023-10-09,Store_3,SKU_5,68.16,6,0,0,0,22.51
2023-10-10,Store_3,SKU_5,64.23,5,0,0,0,22.51
2023-10-11,Store_3,SKU_5,59.68,6,0,0,0,22.51
2023-10-12,Store_3,SKU_5,61.2,4,0,0,0,22.51
2023-10-13,Store_3,SKU_5,62.59,6,0,0,0,22.51
2023-10-14,Store_3,SKU_5,78.04,5,0,0,0,22.51
2023-10-15,Store_3,SKU_5,39.23,2,0,0,0,22.51
2023-10-16,Store_3,SKU_5,67.27,5,0,0,0,22.51
2023-10-17,Store_3,SKU_5,54.96,6,0,0,0,22.51
2023-10-18,Store_3,SKU_5,53.01,3,0,0,0,22.51
2023-10-19,Store_3,SKU_5,64.02,4,0,0,0,22.51
2023-10-20,Store_3,SKU_5,76.29,8,0,0,0,22.51
2023-10-21,Store_3,SKU_5,80.38,5,0,0,0,22.51
2023-10-22,Store_3,SKU_5,34.69,2,0,0,0,22.51
2023-10-23,Store_3,SKU_5,87.47,6,1,0,0,22.51
2023-10-24,Store_3,SKU_5,62.01,6,0,0,0,22.51
2023-10-25,Store_3,SKU_5,53.14,4,0,0,0,22.51
2023-10-26,Store_3,SKU_5,70.39,7,0,0,0,22.51
2023-10-27,Store_3,SKU_5,71.7,5,0,0,0,22.51
2023-10-28,Store_3,SKU_5,80.26,5,0,0,0,22.51
2023-10-29,Store_3,SKU_5,41.92,3,0,0,0,22.51
2023-10-30,Store_3,SKU_5,67.32,7,0,0,0,22.51
2023-10-31,Store_3,SKU_5,53.99,4,0,0,0,22.51
2023-11-01,Store_3,SKU_5,52.82,5,0,0,0,22.51
2023-11-02,Store_3,SKU_5,71.1,7,1,0,0,22.51
2023-11-03,Store_3,SKU_5,66.35,5,0,0,0,22.51
2023-11-04,Store_3,SKU_5,77.11,5,0,0,0,22.51
2023-11-05,Store_3,SKU_5,35.79,3,0,0,0,22.51
2023-11-06,Store_3,SKU_5,57.97,6,0,0,0,22.51
2023-11-07,Store_3,SKU_5,76.09,5,1,0,0,22.51
2023-11-08,Store_3,SKU_5,50.63,4,0,0,0,22.51
2023-11-09,Store_3,SKU_5,94.1,10,1,0,0,22.51
2023-11-10,Store_3,SKU_5,55.95,4,0,0,0,22.51
2023-11-11,Store_3,SKU_5,68.18,7,0,0,0,22.51
2023-11-12,Store_3,SKU_5,49.62,5,1,0,0,22.51
2023-11-13,Store_3,SKU_5,55.39,5,0,0,0,22.51
2023-11-14,Store_3,SKU_5,55.4,4,0,0,0,22.51
2023-11-15,Store_3,SKU_5,52.62,5,0,0,0,22.51
2023-11-16,Store_3,SKU_5,62.33,5,0,0,0,22.51
2023-11-17,Store_3,SKU_5,81.57,7,1,0,0,22.51
2023-11-18,Store_3,SKU_5,71.41,6,0,0,0,22.51
2023-11-19,Store_3,SKU_5,36.65,4,0,0,0,22.51
2023-11-20,Store_3,SKU_5,57.59,5,0,0,0,22.51
2023-11-21,Store_3,SKU_5,56.77,4,0,0,0,22.51
2023-11-22,Store_3,SKU_5,54.06,4,0,0,0,22.51
2023-11-23,Store_3,SKU_5,62.11,5,0,0,0,22.51
2023-11-24,Store_3,SKU_5,56.97,4,0,0,0,22.51
2023-11-25,Store_3,SKU_5,104.7,7,1,0,0,22.51
2023-11-26,Store_3,SKU_5,32.73,2,0,0,0,22.51
2023-11-27,Store_3,SKU_5,64.73,4,0,0,0,22.51
2023-11-28,Store_3,SKU_5,81.54,8,1,0,0,22.51
2023-11-29,Store_3,SKU_5,50.67,3,0,0,0,22.51
2023-11-30,Store_3,SKU_5,52.93,6,0,0,0,22.51
2023-12-01,Store_3,SKU_5,58.3,5,0,0,0,22.51
2023-12-02,Store_3,SKU_5,90.81,6,1,0,0,22.51
2023-12-03,Store_3,SKU_5,33.03,3,0,0,0,22.51
2023-12-04,Store_3,SKU_5,47.56,3,0,0,0,22.51
2023-12-05,Store_3,SKU_5,74.12,5,1,0,0,22.51
2023-12-06,Store_3,SKU_5,50.87,3,0,0,0,22.51
2023-12-07,Store_3,SKU_5,55.55,4,0,0,0,22.51
2023-12-08,Store_3,SKU_5,55.31,4,0,0,0,22.51
2023-12-09,Store_3,SKU_5,91.8,10,1,0,0,22.51
2023-12-10,Store_3,SKU_5,33.31,3,0,0,0,22.51
2023-12-11,Store_3,SKU_5,56.83,4,0,0,0,22.51
2023-12-12,Store_3,SKU_5,47.58,3,0,0,0,22.51
2023-12-13,Store_3,SKU_5,50.49,5,0,0,0,22.51
2023-12-14,Store_3,SKU_5,68.69,5,0,0,0,22.51
2023-12-15,Store_3,SKU_5,67.59,6,0,0,0,22.51
2023-12-16,Store_3,SKU_5,69.19,7,0,0,0,22.51
2023-12-17,Store_3,SKU_5,37.37,4,0,0,0,22.51
2023-12-18,Store_3,SKU_5,63.06,4,0,0,0,22.51
2023-12-19,Store_3,SKU_5,53.81,6,0,0,0,22.51
2023-12-20,Store_3,SKU_5,46.51,3,0,0,0,22.51
2023-12-21,Store_3,SKU_5,61.38,7,0,0,0,22.51
2023-12-22,Store_3,SKU_5,59.64,4,0,0,0,22.51
2023-12-23,Store_3,SKU_5,62.58,5,0,0,0,22.51
2023-12-24,Store_3,SKU_5,34.24,2,0,0,0,22.51
2023-12-25,Store_3,SKU_5,21.46,2,0,a,0,22.51
2023-12-26,Store_3,SKU_5,28.84,2,1,a,0,22.51
2023-12-27,Store_3,SKU_5,54.96,5,0,0,0,22.51
2023-12-28,Store_3,SKU_5,50.8,5,0,0,0,22.51
2023-12-29,Store_3,SKU_5,57.52,6,0,0,0,22.51
2023-12-30,Store_3,SKU_5,70.95,7,0,0,0,22.51
2023-12-31,Store_3,SKU_5,30.83,2,0,0,0,22.51
2024-01-01,Store_3,SKU_5,30.16,2,1,a,0,22.51
2024-01-02,Store_3,SKU_5,60.2,4,0,0,0,22.51
2024-01-03,Store_3,SKU_5,54.61,4,0,0,0,22.51
2024-01-04,Store_3,SKU_5,56.39,5,0,0,0,22.51
2024-01-05,Store_3,SKU_5,62.98,4,0,0,0,22.51
2024-01-06,Store_3,SKU_5,77.76,6,0,0,0,22.51
2024-01-07,Store_3,SKU_5,51.54,5,1,0,0,22.51
2024-01-08,Store_3,SKU_5,77.18,6,1,0,0,22.51
2024-01-09,Store_3,SKU_5,55.07,4,0,0,0,22.51
2024-01-10,Store_3,SKU_5,54.92,4,0,0,0,22.51
2024-01-11,Store_3,SKU_5,61.27,7,0,0,0,22.51
2024-01-12,Store_3,SKU_5,65.71,7,0,0,0,22.51
2024-01-13,Store_3,SKU_5,66.81,5,0,0,0,22.51
2024-01-14,Store_3,SKU_5,37.42,3,0,0,0,22.51
2024-01-15,Store_3,SKU_5,55.38,5,0,0,0,22.51
2024-01-16,Store_3,SKU_5,57.14,4,0,0,0,22.51
2024-01-17,Store_3,SKU_5,55.45,5,0,0,0,22.51
2024-01-18,Store_3,SKU_5,54.9,5,0,0,0,22.51
2024-01-19,Store_3,SKU_5,63.66,6,0,0,0,22.51
2024-01-20,Store_3,SKU_5,96.65,10,1,0,0,22.51
2024-01-21,Store_3,SKU_5,35.83,4,0,0,0,22.51
2024-01-22,Store_3,SKU_5,57.44,4,0,0,0,22.51
2024-01-23,Store_3,SKU_5,57.99,5,0,0,0,22.51
2024-01-24,Store_3,SKU_5,52.68,5,0,0,0,22.51
2024-01-25,Store_3,SKU_5,56.52,4,0,0,0,22.51
2024-01-26,Store_3,SKU_5,62.4,7,0,0,0,22.51
2024-01-27,Store_3,SKU_5,73.36,5,0,0,0,22.51
2024-01-28,Store_3,SKU_5,29.78,2,0,0,0,22.51
2024-01-29,Store_3,SKU_5,56.28,4,0,0,0,22.51
2024-01-30,Store_3,SKU_5,45.44,4,0,0,0,22.51
2024-01-31,Store_3,SKU_5,73.39,5,1,0,0,22.51
2024-02-01,Store_3,SKU_5,65.7,4,0,0,0,22.51
2024-02-02,Store_3,SKU_5,65.9,6,0,0,0,22.51
2024-02-03,Store_3,SKU_5,87.8,10,0,0,0,22.51
2024-02-04,Store_3,SKU_5,41.63,3,0,0,0,22.51
2024-02-05,Store_3,SKU_5,62.83,4,0,0,0,22.51
2024-02-06,Store_3,SKU_5,63.48,5,0,0,0,22.51
2024-02-07,Store_3,SKU_5,62.73,6,0,0,0,22.51
2024-02-08,Store_3,SKU_5,64.57,5,0,0,0,22.51
2024-02-09,Store_3,SKU_5,63.17,6,0,0,0,22.51
2024-02-10,Store_3,SKU_5,82.1,6,0,0,0,22.51
2024-02-11,Store_3,SKU_5,38.6,3,0,0,0,22.51
2024-02-12,Store_3,SKU_5,88.55,7,1,0,0,22.51
2024-02-13,Store_3,SKU_5,55.65,6,0,0,0,22.51
2024-02-14,Store_3,SKU_5,64.25,7,0,0,0,22.51
2024-02-15,Store_3,SKU_5,61.38,5,0,0,0,22.51
2024-02-16,Store_3,SKU_5,104.89,7,1,0,0,22.51
2024-02-17,Store_3,SKU_5,79.6,8,0,0,0,22.51
2024-02-18,Store_3,SKU_5,38.55,3,0,0,0,22.51
2024-02-19,Store_3,SKU_5,67.08,5,0,0,0,22.51
2024-02-20,Store_3,SKU_5,63.33,6,0,0,0,22.51
2024-02-21,Store_3,SKU_5,66.7,7,0,0,0,22.51
2024-02-22,Store_3,SKU_5,92.48,7,1,0,0,22.51
2024-02-23,Store_3,SKU_5,74.33,7,0,0,0,22.51
2024-02-24,Store_3,SKU_5,102.6,8,1,0,0,22.51
2024-02-25,Store_3,SKU_5,36.82,2,0,0,0,22.51
2024-02-26,Store_3,SKU_5,63.78,7,0,0,0,22.51
2024-02-27,Store_3,SKU_5,65.94,6,0,0,0,22.51
2024-02-28,Store_3,SKU_5,64.19,6,0,0,0,22.51
2024-02-29,Store_3,SKU_5,67.68,5,0,0,0,22.51
2024-03-01,Store_3,SKU_5,84.83,6,0,0,0,22.51
2024-03-02,Store_3,SKU_5,120.76,12,1,0,0,22.51
2024-03-03,Store_3,SKU_5,63.46,4,1,0,0,22.51
2024-03-04,Store_3,SKU_5,78.24,8,0,0,0,22.51
2024-03-05,Store_3,SKU_5,75.81,5,0,0,0,22.51
2024-03-06,Store_3,SKU_5,88.23,8,1,0,0,22.51
2024-03-07,Store_3,SKU_5,81.25,8,0,0,0,22.51
2024-03-08,Store_3,SKU_5,94.19,7,0,0,0,22.51
2024-03-09,Store_3,SKU_5,88.6,6,0,0,0,22.51
2024-03-10,Store_3,SKU_5,44.13,4,0,0,0,22.51
2024-03-11,Store_3,SKU_5,68.25,7,0,0,0,22.51
2024-03-12,Store_3,SKU_5,71.41,8,0,0,0,22.51
2024-03-13,Store_3,SKU_5,79.18,8,0,0,0,22.51
2024-03-14,Store_3,SKU_5,84.76,6,0,0,0,22.51
2024-03-15,Store_3,SKU_5,117.06,13,1,0,0,22.51
2024-03-16,Store_3,SKU_5,151.29,15,1,0,0,22.51
2024-03-17,Store_3,SKU_5,59.35,6,1,0,0,22.51
2024-03-18,Store_3,SKU_5,84.5,10,0,0,0,22.51
2024-03-19,Store_3,SKU_5,75.31,6,0,0,0,22.51
2024-03-20,Store_3,SKU_5,79.42,6,0,0,0,22.51
2024-03-21,Store_3,SKU_5,81.9,6,0,0,0,22.51
2024-03-22,Store_3,SKU_5,110.3,9,1,0,0,22.51
2024-03-23,Store_3,SKU_5,109.25,10,0,0,0,22.51
2024-03-24,Store_3,SKU_5,44.13,4,0,0,0,22.51
2024-03-25,Store_3,SKU_5,74.84,6,0,0,0,22.51
2024-03-26,Store_3,SKU_5,66.02,7,0,0,0,22.51
2024-03-27,Store_3,SKU_5,78.03,5,0,0,0,22.51
2024-03-28,Store_3,SKU_5,74.76,8,0,0,0,22.51
2024-03-29,Store_3,SKU_5,86.38,7,0,0,0,22.51
2024-03-30,Store_3,SKU_5,91.48,8,0,0,0,22.51
2024-03-31,Store_3,SKU_5,63.91,5,1,0,0,22.51
2024-04-01,Store_3,SKU_5,77.15,8,0,0,0,22.51
2024-04-02,Store_3,SKU_5,74.5,5,0,0,0,22.51
2024-04-03,Store_3,SKU_5,111.85,10,1,0,0,22.51
2024-04-04,Store_3,SKU_5,85.02,8,0,0,0,22.51
2024-04-05,Store_3,SKU_5,105.68,12,0,0,0,22.51
2024-04-06,Store_3,SKU_5,100.7,10,0,0,0,22.51
2024-04-07,Store_3,SKU_5,42.72,3,0,0,0,22.51
2024-04-08,Store_3,SKU_5,88.55,9,0,0,0,22.51
2024-04-09,Store_3,SKU_5,119.96,13,1,0,0,22.51
2024-04-10,Store_3,SKU_5,73.56,6,0,0,0,22.51
2024-04-11,Store_3,SKU_5,86.01,6,0,0,0,22.51
2024-04-12,Store_3,SKU_5,86.54,7,0,0,0,22.51
2024-04-13,Store_3,SKU_5,135.0,10,1,0,0,22.51
2024-04-14,Store_3,SKU_5,75.11,5,1,0,0,22.51
2024-04-15,Store_3,SKU_5,125.88,11,1,0,0,22.51
2024-04-16,Store_3,SKU_5,116.26,8,1,0,0,22.51
2024-04-17,Store_3,SKU_5,69.22,5,0,0,0,22.51
2024-04-18,Store_3,SKU_5,85.78,10,0,0,0,22.51
2024-04-19,Store_3,SKU_5,118.68,12,1,0,0,22.51
2024-04-20,Store_3,SKU_5,93.77,6,0,0,0,22.51
2024-04-21,Store_3,SKU_5,55.32,5,0,0,0,22.51
2024-04-22,Store_3,SKU_5,84.21,10,0,0,0,22.51
2024-04-23,Store_3,SKU_5,81.89,6,0,0,0,22.51
2024-04-24,Store_3,SKU_5,105.54,12,1,0,0,22.51
2024-04-25,Store_3,SKU_5,93.6,8,0,0,0,22.51
2024-04-26,Store_3,SKU_5,132.97,13,1,0,0,22.51
2024-04-27,Store_3,SKU_5,165.35,18,1,0,0,22.51
2024-04-28,Store_3,SKU_5,47.96,3,0,0,0,22.51
2024-04-29,Store_3,SKU_5,83.81,7,0,0,0,22.51
2024-04-30,Store_3,SKU_5,119.92,9,1,0,0,22.51
2024-05-01,Store_3,SKU_5,85.97,6,0,0,0,22.51
2024-05-02,Store_3,SKU_5,92.42,9,0,0,0,22.51
2024-05-03,Store_3,SKU_5,75.99,8,0,0,0,22.51
2024-05-04,Store_3,SKU_5,109.98,12,0,0,0,22.51
2024-05-05,Store_3,SKU_5,75.86,6,1,0,0,22.51
2024-05-06,Store_3,SKU_5,82.18,6,0,0,0,22.51
2024-05-07,Store_3,SKU_5,97.56,8,0,0,0,22.51
2024-05-08,Store_3,SKU_5,76.32,6,0,0,0,22.51
2024-05-09,Store_3,SKU_5,139.68,13,1,0,0,22.51
2024-05-10,Store_3,SKU_5,96.46,8,0,0,0,22.51
2024-05-11,Store_3,SKU_5,105.54,10,0,0,0,22.51
2024-05-12,Store_3,SKU_5,54.86,6,0,0,0,22.51
2024-05-13,Store_3,SKU_5,95.71,8,0,0,0,22.51
2024-05-14,Store_3,SKU_5,85.89,10,0,0,0,22.51
2024-05-15,Store_3,SKU_5,87.5,8,0,0,0,22.51
2024-05-16,Store_3,SKU_5,86.33,6,0,0,0,22.51
2024-05-17,Store_3,SKU_5,97.83,7,0,0,0,22.51
2024-05-18,Store_3,SKU_5,96.19,8,0,0,0,22.51
2024-05-19,Store_3,SKU_5,59.74,4,0,0,0,22.51
2024-05-20,Store_3,SKU_5,100.76,8,0,0,0,22.51
2024-05-21,Store_3,SKU_5,83.78,7,0,0,0,22.51
2024-05-22,Store_3,SKU_5,86.42,7,0,0,0,22.51
2024-05-23,Store_3,SKU_5,105.43,10,0,0,0,22.51
2024-05-24,Store_3,SKU_5,118.45,10,0,0,0,22.51
2024-05-25,Store_3,SKU_5,113.45,10,0,0,0,22.51
2024-05-26,Store_3,SKU_5,59.14,4,0,0,0,22.51
2024-05-27,Store_3,SKU_5,95.68,7,0,0,0,22.51
2024-05-28,Store_3,SKU_5,86.87,6,0,0,0,22.51
2024-05-29,Store_3,SKU_5,84.83,6,0,0,0,22.51
2024-05-30,Store_3,SKU_5,79.54,6,0,0,0,22.51
2024-05-31,Store_3,SKU_5,127.59,9,0,0,0,22.51
2024-06-01,Store_3,SKU_5,119.57,8,0,0,0,22.51
2024-06-02,Store_3,SKU_5,51.78,4,0,0,0,22.51
2024-06-03,Store_3,SKU_5,79.15,7,0,0,0,22.51
2024-06-04,Store_3,SKU_5,131.31,13,1,0,0,22.51
2024-06-05,Store_3,SKU_5,91.17,10,0,0,0,22.51
2024-06-06,Store_3,SKU_5,111.46,10,0,0,0,22.51
2024-06-07,Store_3,SKU_5,118.54,10,0,0,0,22.51
2024-06-08,Store_3,SKU_5,113.19,10,0,0,0,22.51
2024-06-09,Store_3,SKU_5,60.65,6,0,0,0,22.51
2024-06-10,Store_3,SKU_5,90.94,8,0,0,0,22.51
2024-06-11,Store_3,SKU_5,89.56,9,0,0,0,22.51
2024-06-12,Store_3,SKU_5,76.9,8,0,0,0,22.51
2024-06-13,Store_3,SKU_5,99.35,8,0,0,0,22.51
2024-06-14,Store_3,SKU_5,107.64,12,0,0,0,22.51
2024-06-15,Store_3,SKU_5,178.37,13,1,0,0,22.51
2024-06-16,Store_3,SKU_5,56.43,4,0,0,0,22.51
2024-06-17,Store_3,SKU_5,98.54,9,0,0,0,22.51
2024-06-18,Store_3,SKU_5,93.47,7,0,0,0,22.51
2024-06-19,Store_3,SKU_5,90.35,7,0,0,0,22.51
2024-06-20,Store_3,SKU_5,98.64,9,0,0,0,22.51
2024-06-21,Store_3,SKU_5,97.23,7,0,0,0,22.51
2024-06-22,Store_3,SKU_5,118.07,10,0,0,0,22.51
2024-06-23,Store_3,SKU_5,72.47,8,1,0,0,22.51
2024-06-24,Store_3,SKU_5,90.33,8,0,0,0,22.51
2024-06-25,Store_3,SKU_5,90.52,9,0,0,0,22.51
2024-06-26,Store_3,SKU_5,72.67,5,0,0,0,22.51
2024-06-27,Store_3,SKU_5,97.04,10,0,0,0,22.51
2024-06-28,Store_3,SKU_5,106.09,13,0,0,0,22.51
2024-06-29,Store_3,SKU_5,127.56,9,0,0,0,22.51
2024-06-30,Store_3,SKU_5,57.93,5,0,0,0,22.51
2024-07-01,Store_3,SKU_5,97.6,12,0,0,1,22.51
2024-07-02,Store_3,SKU_5,83.5,7,0,0,0,22.51
2024-07-03,Store_3,SKU_5,70.56,5,0,0,1,22.51
2024-07-04,Store_3,SKU_5,83.86,6,0,0,0,22.51
2024-07-05,Store_3,SKU_5,94.32,6,0,0,0,22.51
2024-07-06,Store_3,SKU_5,113.02,8,0,0,0,22.51
2024-07-07,Store_3,SKU_5,61.92,6,0,0,0,22.51
2024-07-08,Store_3,SKU_5,87.77,7,0,0,0,22.51
2024-07-09,Store_3,SKU_5,87.57,8,0,0,1,22.51
2024-07-10,Store_3,SKU_5,83.28,9,0,0,1,22.51
2024-07-11,Store_3,SKU_5,95.68,7,0,0,0,22.51
2024-07-12,Store_3,SKU_5,99.27,7,0,0,1,22.51
2024-07-13,Store_3,SKU_5,157.53,14,1,0,0,22.51
2024-07-14,Store_3,SKU_5,63.09,5,0,0,0,22.51
2024-07-15,Store_3,SKU_5,90.12,10,0,0,0,22.51
2024-07-16,Store_3,SKU_5,78.74,6,0,0,0,22.51
2024-07-17,Store_3,SKU_5,82.69,7,0,0,0,22.51
2024-07-18,Store_3,SKU_5,97.06,7,0,0,0,22.51
2024-07-19,Store_3,SKU_5,112.22,11,0,0,0,22.51
2024-07-20,Store_3,SKU_5,90.21,6,0,0,0,22.51
2024-07-21,Store_3,SKU_5,52.68,5,0,0,1,22.51
2024-07-22,Store_3,SKU_5,92.63,9,0,0,0,22.51
2024-07-23,Store_3,SKU_5,80.65,6,0,0,0,22.51
2024-07-24,Store_3,SKU_5,88.3,8,0,0,0,22.51
2024-07-25,Store_3,SKU_5,90.66,9,0,0,1,22.51
2024-07-26,Store_3,SKU_5,107.94,10,0,0,0,22.51
2024-07-27,Store_3,SKU_5,120.1,8,0,0,0,22.51
2024-07-28,Store_3,SKU_5,54.67,4,0,0,0,22.51
2024-07-29,Store_3,SKU_5,89.98,8,0,0,0,22.51
2024-07-30,Store_3,SKU_5,92.11,8,0,0,0,22.51
2024-07-31,Store_3,SKU_5,94.56,6,0,0,0,22.51
2024-08-01,Store_3,SKU_5,90.75,6,0,0,1,22.51
2024-08-02,Store_3,SKU_5,118.98,10,1,0,0,22.51
2024-08-03,Store_3,SKU_5,103.02,11,0,0,0,22.51
2024-08-04,Store_3,SKU_5,58.54,4,0,0,0,22.51
2024-08-05,Store_3,SKU_5,76.89,5,0,0,1,22.51
2024-08-06,Store_3,SKU_5,78.37,8,0,0,0,22.51
2024-08-07,Store_3,SKU_5,86.98,9,0,0,1,22.51
2024-08-08,Store_3,SKU_5,83.43,6,0,0,1,22.51
2024-08-09,Store_3,SKU_5,89.96,8,0,0,0,22.51
2024-08-10,Store_3,SKU_5,112.23,11,0,0,0,22.51
2024-08-11,Store_3,SKU_5,47.46,4,0,0,0,22.51
2024-08-12,Store_3,SKU_5,93.21,7,0,0,1,22.51
2024-08-13,Store_3,SKU_5,74.29,6,0,0,0,22.51
2024-08-14,Store_3,SKU_5,85.35,6,0,0,0,22.51
2024-08-15,Store_3,SKU_5,86.3,7,0,0,0,22.51
2024-08-16,Store_3,SKU_5,95.73,9,0,0,0,22.51
2024-08-17,Store_3,SKU_5,100.85,9,0,0,0,22.51
2024-08-18,Store_3,SKU_5,48.52,3,0,0,0,22.51
2024-08-19,Store_3,SKU_5,88.9,9,0,0,0,22.51
2024-08-20,Store_3,SKU_5,84.33,9,0,0,0,22.51
2024-08-21,Store_3,SKU_5,80.5,7,0,0,0,22.51
2024-08-22,Store_3,SKU_5,121.55,9,1,0,1,22.51
2024-08-23,Store_3,SKU_5,97.72,12,0,0,0,22.51
2024-08-24,Store_3,SKU_5,120.01,12,0,0,0,22.51
2024-08-25,Store_3,SKU_5,51.66,6,0,0,1,22.51
2024-08-26,Store_3,SKU_5,116.76,8,1,0,0,22.51
2024-08-27,Store_3,SKU_5,102.94,11,0,0,0,22.51
2024-08-28,Store_3,SKU_5,118.56,14,1,0,1,22.51
2024-08-29,Store_3,SKU_5,89.52,8,0,0,1,22.51
2024-08-30,Store_3,SKU_5,97.45,7,0,0,1,22.51
2024-08-31,Store_3,SKU_5,126.51,9,0,0,0,22.51
2024-09-01,Store_3,SKU_5,50.12,5,0,0,0,22.51
2024-09-02,Store_3,SKU_5,75.72,7,0,0,0,22.51
2024-09-03,Store_3,SKU_5,65.55,4,0,0,0,22.51
2024-09-04,Store_3,SKU_5,70.64,7,0,0,0,22.51
2024-09-05,Store_3,SKU_5,66.74,5,0,0,0,22.51
2024-09-06,Store_3,SKU_5,113.99,10,1,0,0,22.51
2024-09-07,Store_3,SKU_5,85.42,10,0,0,0,22.51
2024-09-08,Store_3,SKU_5,51.07,4,0,0,0,22.51
2024-09-09,Store_3,SKU_5,105.32,11,1,0,0,22.51
2024-09-10,Store_3,SKU_5,71.63,8,0,0,0,22.51
2024-09-11,Store_3,SKU_5,81.15,7,0,0,0,22.51
2024-09-12,Store_3,SKU_5,76.5,6,0,0,0,22.51
2024-09-13,Store_3,SKU_5,81.35,6,0,0,0,22.51
2024-09-14,Store_3,SKU_5,93.48,9,0,0,0,22.51
2024-09-15,Store_3,SKU_5,41.31,3,0,0,0,22.51
2024-09-16,Store_3,SKU_5,80.31,7,0,0,0,22.51
2024-09-17,Store_3,SKU_5,67.73,5,0,0,0,22.51
2024-09-18,Store_3,SKU_5,57.04,5,0,0,0,22.51
2024-09-19,Store_3,SKU_5,76.75,6,0,0,0,22.51
2024-09-20,Store_3,SKU_5,76.17,9,0,0,0,22.51
2024-09-21,Store_3,SKU_5,105.93,10,0,0,0,22.51
2024-09-22,Store_3,SKU_5,43.51,4,0,0,0,22.51
2024-09-23,Store_3,SKU_5,67.19,7,0,0,0,22.51
2024-09-24,Store_3,SKU_5,72.4,8,0,0,0,22.51
2024-09-25,Store_3,SKU_5,72.99,5,0,0,0,22.51
2024-09-26,Store_3,SKU_5,68.24,7,0,0,0,22.51
2024-09-27,Store_3,SKU_5,81.38,6,0,0,0,22.51
2024-09-28,Store_3,SKU_5,133.35,11,1,0,0,22.51
2024-09-29,Store_3,SKU_5,44.14,3,0,0,0,22.51
2024-09-30,Store_3,SKU_5,81.75,6,0,0,0,22.51
2024-10-01,Store_3,SKU_5,60.79,5,0,0,0,22.51
2024-10-02,Store_3,SKU_5,62.54,4,0,0,0,22.51
2024-10-03,Store_3,SKU_5,74.94,6,0,0,0,22.51
2024-10-04,Store_3,SKU_5,82.29,10,0,0,0,22.51
2024-10-05,Store_3,SKU_5,83.64,6,0,0,0,22.51
2024-10-06,Store_3,SKU_5,39.92,4,0,0,0,22.51
2024-10-07,Store_3,SKU_5,73.0,6,0,0,0,22.51
2024-10-08,Store_3,SKU_5,54.82,4,0,0,0,22.51
2024-10-09,Store_3,SKU_5,69.2,8,0,0,0,22.51
2024-10-10,Store_3,SKU_5,88.65,6,1,0,0,22.51
2024-10-11,Store_3,SKU_5,73.06,6,0,0,0,22.51
2024-10-12,Store_3,SKU_5,82.89,6,0,0,0,22.51
2024-10-13,Store_3,SKU_5,40.54,3,0,0,0,22.51
2024-10-14,Store_3,SKU_5,63.85,5,0,0,0,22.51
2024-10-15,Store_3,SKU_5,67.42,7,0,0,0,22.51
2024-10-16,Store_3,SKU_5,62.71,7,0,0,0,22.51
2024-10-17,Store_3,SKU_5,68.36,6,0,0,0,22.51
2024-10-18,Store_3,SKU_5,73.7,7,0,0,0,22.51
2024-10-19,Store_3,SKU_5,120.76,9,1,0,0,22.51
2024-10-20,Store_3,SKU_5,53.84,5,1,0,0,22.51
2024-10-21,Store_3,SKU_5,93.59,9,1,0,0,22.51
2024-10-22,Store_3,SKU_5,70.23,6,0,0,0,22.51
2024-10-23,Store_3,SKU_5,92.91,10,1,0,0,22.51
2024-10-24,Store_3,SKU_5,101.99,10,1,0,0,22.51
2024-10-25,Store_3,SKU_5,108.62,9,1,0,0,22.51
2024-10-26,Store_3,SKU_5,81.63,6,0,0,0,22.51
2024-10-27,Store_3,SKU_5,41.42,3,0,0,0,22.51
2024-10-28,Store_3,SKU_5,60.44,5,0,0,0,22.51
2024-10-29,Store_3,SKU_5,66.31,6,0,0,0,22.51
2024-10-30,Store_3,SKU_5,60.98,5,0,0,0,22.51
2024-10-31,Store_3,SKU_5,71.74,7,0,0,0,22.51
2024-11-01,Store_3,SKU_5,68.27,6,0,0,0,22.51
2024-11-02,Store_3,SKU_5,87.25,7,0,0,0,22.51
2024-11-03,Store_3,SKU_5,38.74,3,0,0,0,22.51
2024-11-04,Store_3,SKU_5,51.64,4,0,0,0,22.51
2024-11-05,Store_3,SKU_5,55.59,5,0,0,0,22.51
2024-11-06,Store_3,SKU_5,65.85,7,0,0,0,22.51
2024-11-07,Store_3,SKU_5,57.94,4,0,0,0,22.51
2024-11-08,Store_3,SKU_5,62.31,4,0,0,0,22.51
2024-11-09,Store_3,SKU_5,82.39,7,0,0,0,22.51
2024-11-10,Store_3,SKU_5,37.2,4,0,0,0,22.51
2024-11-11,Store_3,SKU_5,65.42,5,0,0,0,22.51
2024-11-12,Store_3,SKU_5,59.67,4,0,0,0,22.51
2024-11-13,Store_3,SKU_5,81.06,8,1,0,0,22.51
2024-11-14,Store_3,SKU_5,68.04,6,0,0,0,22.51
2024-11-15,Store_3,SKU_5,97.28,7,1,0,0,22.51
2024-11-16,Store_3,SKU_5,73.21,6,0,0,0,22.51
2024-11-17,Store_3,SKU_5,39.54,3,0,0,0,22.51
2024-11-18,Store_3,SKU_5,60.89,5,0,0,0,22.51
2024-11-19,Store_3,SKU_5,59.55,4,0,0,0,22.51
2024-11-20,Store_3,SKU_5,60.08,5,0,0,0,22.51
2024-11-21,Store_3,SKU_5,55.68,6,0,0,0,22.51
2024-11-22,Store_3,SKU_5,73.04,6,0,0,0,22.51
2024-11-23,Store_3,SKU_5,75.22,6,0,0,0,22.51
2024-11-24,Store_3,SKU_5,35.63,2,0,0,0,22.51
2024-11-25,Store_3,SKU_5,50.12,4,0,0,0,22.51
2024-11-26,Store_3,SKU_5,63.49,5,0,0,0,22.51
2024-11-27,Store_3,SKU_5,62.41,4,0,0,0,22.51
2024-11-28,Store_3,SKU_5,71.42,8,1,0,0,22.51
2024-11-29,Store_3,SKU_5,91.95,8,1,0,0,22.51
2024-11-30,Store_3,SKU_5,70.42,5,0,0,0,22.51
2024-12-01,Store_3,SKU_5,36.43,3,0,0,0,22.51
2024-12-02,Store_3,SKU_5,57.89,5,0,0,0,22.51
2024-12-03,Store_3,SKU_5,52.02,5,0,0,0,22.51
2024-12-04,Store_3,SKU_5,57.45,6,0,0,0,22.51
2024-12-05,Store_3,SKU_5,64.05,7,0,0,0,22.51
2024-12-06,Store_3,SKU_5,64.72,6,0,0,0,22.51
2024-12-07,Store_3,SKU_5,74.48,6,0,0,0,22.51
2024-12-08,Store_3,SKU_5,36.89,3,0,0,0,22.51
2024-12-09,Store_3,SKU_5,59.36,4,0,0,0,22.51
2024-12-10,Store_3,SKU_5,57.36,5,0,0,0,22.51
2024-12-11,Store_3,SKU_5,85.03,7,1,0,0,22.51
2024-12-12,Store_3,SKU_5,65.15,5,0,0,0,22.51
2024-12-13,Store_3,SKU_5,63.09,5,0,0,0,22.51
2024-12-14,Store_3,SKU_5,75.73,8,0,0,0,22.51
2024-12-15,Store_3,SKU_5,35.52,2,0,0,0,22.51
2024-12-16,Store_3,SKU_5,58.87,4,0,0,0,22.51
2024-12-17,Store_3,SKU_5,52.11,4,0,0,0,22.51
2024-12-18,Store_3,SKU_5,55.06,4,0,0,0,22.51
2024-12-19,Store_3,SKU_5,55.03,6,0,0,0,22.51
2024-12-20,Store_3,SKU_5,99.32,10,1,0,0,22.51
2024-12-21,Store_3,SKU_5,78.64,8,0,0,0,22.51
2024-12-22,Store_3,SKU_5,32.89,3,0,0,0,22.51
2024-12-23,Store_3,SKU_5,78.16,5,1,0,0,22.51
2024-12-24,Store_3,SKU_5,58.95,6,0,0,0,22.51
2024-12-25,Store_3,SKU_5,33.65,3,1,a,0,22.51
2024-12-26,Store_3,SKU_5,26.45,2,0,a,0,22.51
2024-12-27,Store_3,SKU_5,66.5,5,0,0,0,22.51
2024-12-28,Store_3,SKU_5,74.02,9,0,0,0,22.51
2024-12-29,Store_3,SKU_5,32.24,2,0,0,0,22.51
2024-12-30,Store_3,SKU_5,60.44,6,0,0,0,22.51
2024-12-31,Store_3,SKU_5,58.75,5,0,0,0,22.51
2022-01-01,Store_4,SKU_1,21.61,1,0,a,0,15.08
2022-01-02,Store_4,SKU_1,31.86,3,0,0,0,15.08
2022-01-03,Store_4,SKU_1,61.93,7,1,0,0,15.08
2022-01-04,Store_4,SKU_1,43.33,3,0,0,0,15.08
2022-01-05,Store_4,SKU_1,45.52,3,0,0,0,15.08
2022-01-06,Store_4,SKU_1,41.56,4,0,0,0,15.08
2022-01-07,Store_4,SKU_1,46.22,3,0,0,0,15.08
2022-01-08,Store_4,SKU_1,50.4,4,0,0,0,15.08
2022-01-09,Store_4,SKU_1,30.09,2,0,0,0,15.08
2022-01-10,Store_4,SKU_1,34.77,2,0,0,0,15.08
2022-01-11,Store_4,SKU_1,45.62,4,0,0,0,15.08
2022-01-12,Store_4,SKU_1,52.62,5,0,0,0,15.08
2022-01-13,Store_4,SKU_1,59.21,5,1,0,0,15.08
2022-01-14,Store_4,SKU_1,48.83,3,0,0,0,15.08
2022-01-15,Store_4,SKU_1,60.49,4,0,0,0,15.08
2022-01-16,Store_4,SKU_1,25.47,2,0,0,0,15.08
2022-01-17,Store_4,SKU_1,48.79,3,0,0,0,15.08
2022-01-18,Store_4,SKU_1,46.77,4,0,0,0,15.08
2022-01-19,Store_4,SKU_1,44.06,4,0,0,0,15.08
2022-01-20,Store_4,SKU_1,42.71,3,0,0,0,15.08
2022-01-21,Store_4,SKU_1,52.55,4,0,0,0,15.08
2022-01-22,Store_4,SKU_1,52.63,4,0,0,0,15.08
2022-01-23,Store_4,SKU_1,27.59,2,0,0,0,15.08
2022-01-24,Store_4,SKU_1,44.43,3,0,0,0,15.08
2022-01-25,Store_4,SKU_1,43.46,3,0,0,0,15.08
2022-01-26,Store_4,SKU_1,60.53,5,1,0,0,15.08
2022-01-27,Store_4,SKU_1,49.48,5,0,0,0,15.08
2022-01-28,Store_4,SKU_1,57.0,6,0,0,0,15.08
2022-01-29,Store_4,SKU_1,59.63,6,0,0,0,15.08
2022-01-30,Store_4,SKU_1,34.54,3,0,0,0,15.08
2022-01-31,Store_4,SKU_1,49.44,4,0,0,0,15.08
2022-02-01,Store_4,SKU_1,45.46,5,0,0,0,15.08
2022-02-02,Store_4,SKU_1,41.21,3,0,0,0,15.08
2022-02-03,Store_4,SKU_1,54.53,4,0,0,0,15.08
2022-02-04,Store_4,SKU_1,52.87,5,0,0,0,15.08
2022-02-05,Store_4,SKU_1,59.02,4,0,0,0,15.08
2022-02-06,Store_4,SKU_1,42.33,3,1,0,0,15.08
2022-02-07,Store_4,SKU_1,53.44,4,0,0,0,15.08
2022-02-08,Store_4,SKU_1,47.74,3,0,0,0,15.08
2022-02-09,Store_4,SKU_1,53.52,4,0,0,0,15.08
2022-02-10,Store_4,SKU_1,60.13,4,0,0,0,15.08
2022-02-11,Store_4,SKU_1,54.89,6,0,0,0,15.08
2022-02-12,Store_4,SKU_1,61.39,5,0,0,0,15.08
2022-02-13,Store_4,SKU_1,29.03,2,0,0,0,15.08
2022-02-14,Store_4,SKU_1,49.98,3,0,0,0,15.08
2022-02-15,Store_4,SKU_1,56.48,4,0,0,0,15.08
2022-02-16,Store_4,SKU_1,56.37,4,0,0,0,15.08
2022-02-17,Store_4,SKU_1,57.87,6,0,0,0,15.08
2022-02-18,Store_4,SKU_1,58.16,6,0,0,0,15.08
2022-02-19,Store_4,SKU_1,79.15,6,0,0,0,15.08
2022-02-20,Store_4,SKU_1,31.72,3,0,0,0,15.08
2022-02-21,Store_4,SKU_1,53.68,4,0,0,0,15.08
2022-02-22,Store_4,SKU_1,49.9,4,0,0,0,15.08
2022-02-23,Store_4,SKU_1,51.54,6,0,0,0,15.08
2022-02-24,Store_4,SKU_1,75.85,6,1,0,0,15.08
2022-02-25,Store_4,SKU_1,57.49,4,0,0,0,15.08
2022-02-26,Store_4,SKU_1,65.28,7,0,0,0,15.08
2022-02-27,Store_4,SKU_1,30.53,3,0,0,0,15.08
2022-02-28,Store_4,SKU_1,52.92,4,0,0,0,15.08
2022-03-01,Store_4,SKU_1,57.14,4,0,0,0,15.08
2022-03-02,Store_4,SKU_1,53.05,5,0,0,0,15.08
2022-03-03,Store_4,SKU_1,62.34,6,0,0,0,15.08
2022-03-04,Store_4,SKU_1,72.42,7,0,0,0,15.08
2022-03-05,Store_4,SKU_1,80.5,7,0,0,0,15.08
2022-03-06,Store_4,SKU_1,31.35,3,0,0,0,15.08
2022-03-07,Store_4,SKU_1,57.06,4,0,0,0,15.08
2022-03-08,Store_4,SKU_1,55.29,4,0,0,0,15.08
2022-03-09,Store_4,SKU_1,50.89,5,0,0,0,15.08
2022-03-10,Store_4,SKU_1,70.2,6,0,0,0,15.08
2022-03-11,Store_4,SKU_1,63.98,5,0,0,0,15.08
2022-03-12,Store_4,SKU_1,79.01,5,0,0,0,15.08
2022-03-13,Store_4,SKU_1,39.99,2,0,0,0,15.08
2022-03-14,Store_4,SKU_1,98.52,11,1,0,0,15.08
2022-03-15,Store_4,SKU_1,52.25,3,0,0,0,15.08
2022-03-16,Store_4,SKU_1,85.95,6,1,0,0,15.08
2022-03-17,Store_4,SKU_1,54.95,5,0,0,0,15.08
2022-03-18,Store_4,SKU_1,53.26,4,0,0,0,15.08
2022-03-19,Store_4,SKU_1,84.71,7,0,0,0,15.08
2022-03-20,Store_4,SKU_1,37.71,3,0,0,0,15.08
2022-03-21,Store_4,SKU_1,83.99,6,1,0,0,15.08
2022-03-22,Store_4,SKU_1,55.31,4,0,0,0,15.08
2022-03-23,Store_4,SKU_1,64.21,7,0,0,0,15.08
2022-03-24,Store_4,SKU_1,59.28,5,0,0,0,15.08
2022-03-25,Store_4,SKU_1,58.29,7,0,0,0,15.08
2022-03-26,Store_4,SKU_1,77.68,5,0,0,0,15.08
2022-03-27,Store_4,SKU_1,35.95,3,0,0,0,15.08
2022-03-28,Store_4,SKU_1,61.22,4,0,0,0,15.08
2022-03-29,Store_4,SKU_1,62.95,5,0,0,0,15.08
2022-03-30,Store_4,SKU_1,57.67,6,0,0,0,15.08
2022-03-31,Store_4,SKU_1,85.78,6,1,0,0,15.08
2022-04-01,Store_4,SKU_1,68.41,8,0,0,0,15.08
2022-04-02,Store_4,SKU_1,85.96,9,0,0,0,15.08
2022-04-03,Store_4,SKU_1,41.92,3,0,0,0,15.08
2022-04-04,Store_4,SKU_1,69.85,6,0,0,0,15.08
2022-04-05,Store_4,SKU_1,56.62,4,0,0,0,15.08
2022-04-06,Store_4,SKU_1,62.42,4,0,0,0,15.08
2022-04-07,Store_4,SKU_1,76.77,5,0,0,0,15.08
2022-04-08,Store_4,SKU_1,71.49,6,0,0,0,15.08
2022-04-09,Store_4,SKU_1,122.1,9,1,0,0,15.08
2022-04-10,Store_4,SKU_1,37.91,3,0,0,0,15.08
2022-04-11,Store_4,SKU_1,69.29,7,0,0,0,15.08
2022-04-12,Store_4,SKU_1,62.56,4,0,0,0,15.08
2022-04-13,Store_4,SKU_1,63.88,5,0,0,0,15.08
2022-04-14,Store_4,SKU_1,69.24,5,0,0,0,15.08
2022-04-15,Store_4,SKU_1,77.67,6,0,0,0,15.08
2022-04-16,Store_4,SKU_1,89.82,8,0,0,0,15.08
2022-04-17,Store_4,SKU_1,42.87,3,0,0,0,15.08
2022-04-18,Store_4,SKU_1,58.96,4,0,0,0,15.08
2022-04-19,Store_4,SKU_1,67.77,7,0,0,0,15.08
2022-04-20,Store_4,SKU_1,65.65,7,0,0,0,15.08
2022-04-21,Store_4,SKU_1,96.45,9,1,0,0,15.08
2022-04-22,Store_4,SKU_1,74.01,7,0,0,0,15.08
2022-04-23,Store_4,SKU_1,134.07,14,1,0,0,15.08
2022-04-24,Store_4,SKU_1,59.0,6,1,0,0,15.08
2022-04-25,Store_4,SKU_1,69.12,5,0,0,0,15.08
2022-04-26,Store_4,SKU_1,65.31,5,0,0,0,15.08
2022-04-27,Store_4,SKU_1,72.67,6,0,0,0,15.08
2022-04-28,Store_4,SKU_1,73.12,8,0,0,0,15.08
2022-04-29,Store_4,SKU_1,74.33,6,0,0,0,15.08
2022-04-30,Store_4,SKU_1,84.01,8,0,0,0,15.08
2022-05-01,Store_4,SKU_1,50.54,4,0,0,0,15.08
2022-05-02,Store_4,SKU_1,86.2,7,0,0,0,15.08
2022-05-03,Store_4,SKU_1,60.65,7,0,0,0,15.08
2022-05-04,Store_4,SKU_1,73.91,7,0,0,0,15.08
2022-05-05,Store_4,SKU_1,79.21,7,0,0,0,15.08
2022-05-06,Store_4,SKU_1,81.2,9,0,0,0,15.08
2022-05-07,Store_4,SKU_1,93.55,9,0,0,0,15.08
2022-05-08,Store_4,SKU_1,38.74,2,0,0,0,15.08
2022-05-09,Store_4,SKU_1,71.95,5,0,0,0,15.08
2022-05-10,Store_4,SKU_1,69.81,7,0,0,0,15.08
2022-05-11,Store_4,SKU_1,105.67,9,1,0,0,15.08
2022-05-12,Store_4,SKU_1,110.81,8,1,0,0,15.08
2022-05-13,Store_4,SKU_1,83.5,9,0,0,0,15.08
2022-05-14,Store_4,SKU_1,86.37,8,0,0,0,15.08
2022-05-15,Store_4,SKU_1,45.95,3,0,0,0,15.08
2022-05-16,Store_4,SKU_1,81.36,8,0,0,0,15.08
2022-05-17,Store_4,SKU_1,76.05,5,0,0,0,15.08
2022-05-18,Store_4,SKU_1,65.24,4,0,0,0,15.08
2022-05-19,Store_4,SKU_1,62.67,7,0,0,0,15.08
2022-05-20,Store_4,SKU_1,79.65,8,0,0,0,15.08
2022-05-21,Store_4,SKU_1,153.21,17,1,0,0,15.08
2022-05-22,Store_4,SKU_1,41.19,3,0,0,0,15.08
2022-05-23,Store_4,SKU_1,112.26,11,1,0,0,15.08
2022-05-24,Store_4,SKU_1,60.81,4,0,0,0,15.08
2022-05-25,Store_4,SKU_1,75.39,8,0,0,0,15.08
2022-05-26,Store_4,SKU_1,73.3,9,0,0,0,15.08
2022-05-27,Store_4,SKU_1,77.12,6,0,0,0,15.08
2022-05-28,Store_4,SKU_1,147.22,17,1,0,0,15.08
2022-05-29,Store_4,SKU_1,40.12,4,0,0,0,15.08
2022-05-30,Store_4,SKU_1,74.23,5,0,0,0,15.08
2022-05-31,Store_4,SKU_1,66.26,5,0,0,0,15.08
2022-06-01,Store_4,SKU_1,80.35,7,0,0,0,15.08
2022-06-02,Store_4,SKU_1,72.33,8,0,0,0,15.08
2022-06-03,Store_4,SKU_1,82.1,9,0,0,0,15.08
2022-06-04,Store_4,SKU_1,94.38,10,0,0,0,15.08
2022-06-05,Store_4,SKU_1,40.68,3,0,0,0,15.08
2022-06-06,Store_4,SKU_1,77.27,5,0,0,0,15.08
2022-06-07,Store_4,SKU_1,73.32,5,0,0,0,15.08
2022-06-08,Store_4,SKU_1,104.53,9,1,0,0,15.08
2022-06-09,Store_4,SKU_1,86.93,8,0,0,0,15.08
2022-06-10,Store_4,SKU_1,80.37,8,0,0,0,15.08
2022-06-11,Store_4,SKU_1,95.23,8,0,0,0,15.08
2022-06-12,Store_4,SKU_1,46.55,3,0,0,0,15.08
2022-06-13,Store_4,SKU_1,74.54,6,0,0,0,15.08
2022-06-14,Store_4,SKU_1,91.82,9,1,0,0,15.08
2022-06-15,Store_4,SKU_1,100.3,10,1,0,0,15.08
2022-06-16,Store_4,SKU_1,72.12,5,0,0,0,15.08
2022-06-17,Store_4,SKU_1,83.39,5,0,0,0,15.08
2022-06-18,Store_4,SKU_1,96.15,9,0,0,0,15.08
2022-06-19,Store_4,SKU_1,43.89,3,0,0,0,15.08
2022-06-20,Store_4,SKU_1,79.39,6,0,0,0,15.08
2022-06-21,Store_4,SKU_1,83.82,7,0,0,0,15.08
2022-06-22,Store_4,SKU_1,72.68,7,0,0,0,15.08
2022-06-23,Store_4,SKU_1,100.92,9,1,0,0,15.08
2022-06-24,Store_4,SKU_1,86.46,8,0,0,0,15.08
2022-06-25,Store_4,SKU_1,91.97,8,0,0,0,15.08
2022-06-26,Store_4,SKU_1,45.38,4,0,0,0,15.08
2022-06-27,Store_4,SKU_1,66.4,4,0,0,0,15.08
2022-06-28,Store_4,SKU_1,105.96,8,1,0,0,15.08
2022-06-29,Store_4,SKU_1,71.26,6,0,0,0,15.08
2022-06-30,Store_4,SKU_1,104.23,8,1,0,0,15.08
2022-07-01,Store_4,SKU_1,90.43,8,0,0,0,15.08
2022-07-02,Store_4,SKU_1,83.89,9,0,0,1,15.08
2022-07-03,Store_4,SKU_1,63.85,6,1,0,1,15.08
2022-07-04,Store_4,SKU_1,71.64,7,0,0,0,15.08
2022-07-05,Store_4,SKU_1,111.0,10,1,0,0,15.08
2022-07-06,Store_4,SKU_1,95.25,6,1,0,0,15.08
2022-07-07,Store_4,SKU_1,74.57,6,0,0,1,15.08
2022-07-08,Store_4,SKU_1,110.8,13,1,0,1,15.08
2022-07-09,Store_4,SKU_1,87.67,6,0,0,0,15.08
2022-07-10,Store_4,SKU_1,47.43,4,0,0,0,15.08
2022-07-11,Store_4,SKU_1,75.87,6,0,0,0,15.08
2022-07-12,Store_4,SKU_1,76.22,7,0,0,1,15.08
2022-07-13,Store_4,SKU_1,72.72,6,0,0,0,15.08
2022-07-14,Store_4,SKU_1,84.16,7,0,0,0,15.08
2022-07-15,Store_4,SKU_1,84.61,7,0,0,1,15.08
2022-07-16,Store_4,SKU_1,89.02,6,0,0,0,15.08
2022-07-17,Store_4,SKU_1,47.73,5,0,0,1,15.08
2022-07-18,Store_4,SKU_1,64.61,4,0,0,1,15.08
2022-07-19,Store_4,SKU_1,73.1,6,0,0,1,15.08
2022-07-20,Store_4,SKU_1,72.0,6,0,0,0,15.08
2022-07-21,Store_4,SKU_1,66.79,7,0,0,1,15.08
2022-07-22,Store_4,SKU_1,82.79,9,0,0,0,15.08
2022-07-23,Store_4,SKU_1,98.06,8,0,0,0,15.08
2022-07-24,Store_4,SKU_1,42.23,3,0,0,0,15.08
2022-07-25,Store_4,SKU_1,67.94,6,0,0,0,15.08
2022-07-26,Store_4,SKU_1,75.52,7,0,0,1,15.08
2022-07-27,Store_4,SKU_1,67.15,7,0,0,0,15.08
2022-07-28,Store_4,SKU_1,84.55,7,0,0,1,15.08
2022-07-29,Store_4,SKU_1,113.22,8,1,0,0,15.08
2022-07-30,Store_4,SKU_1,93.85,9,0,0,0,15.08
2022-07-31,Store_4,SKU_1,40.97,4,0,0,0,15.08
2022-08-01,Store_4,SKU_1,72.26,7,0,0,1,15.08
2022-08-02,Store_4,SKU_1,70.09,8,0,0,0,15.08
2022-08-03,Store_4,SKU_1,58.69,6,0,0,1,15.08
2022-08-04,Store_4,SKU_1,73.12,7,0,0,0,15.08
2022-08-05,Store_4,SKU_1,68.83,5,0,0,0,15.08
2022-08-06,Store_4,SKU_1,81.65,8,0,0,1,15.08
2022-08-07,Store_4,SKU_1,44.4,5,0,0,1,15.08
2022-08-08,Store_4,SKU_1,68.76,7,0,0,0,15.08
2022-08-09,Store_4,SKU_1,63.61,5,0,0,1,15.08
2022-08-10,Store_4,SKU_1,77.68,6,0,0,0,15.08
2022-08-11,Store_4,SKU_1,66.37,6,0,0,1,15.08
2022-08-12,Store_4,SKU_1,73.18,5,0,0,0,15.08
2022-08-13,Store_4,SKU_1,84.93,9,0,0,0,15.08
2022-08-14,Store_4,SKU_1,38.49,3,0,0,0,15.08
2022-08-15,Store_4,SKU_1,74.5,6,0,0,0,15.08
2022-08-16,Store_4,SKU_1,64.95,5,0,0,1,15.08
2022-08-17,Store_4,SKU_1,60.38,4,0,0,0,15.08
2022-08-18,Store_4,SKU_1,74.52,6,0,0,0,15.08
2022-08-19,Store_4,SKU_1,83.09,6,0,0,1,15.08
2022-08-20,Store_4,SKU_1,72.21,5,0,0,1,15.08
2022-08-21,Store_4,SKU_1,45.86,4,0,0,0,15.08
2022-08-22,Store_4,SKU_1,75.95,9,0,0,0,15.08
2022-08-23,Store_4,SKU_1,69.25,7,0,0,0,15.08
2022-08-24,Store_4,SKU_1,96.07,7,1,0,1,15.08
2022-08-25,Store_4,SKU_1,113.96,11,1,0,1,15.08
2022-08-26,Store_4,SKU_1,74.96,6,0,0,0,15.08
2022-08-27,Store_4,SKU_1,116.7,9,1,0,1,15.08
2022-08-28,Store_4,SKU_1,41.33,3,0,0,0,15.08
2022-08-29,Store_4,SKU_1,75.28,8,0,0,1,15.08
2022-08-30,Store_4,SKU_1,67.24,8,0,0,1,15.08
2022-08-31,Store_4,SKU_1,63.48,5,0,0,0,15.08
2022-09-01,Store_4,SKU_1,60.13,4,0,0,0,15.08
2022-09-02,Store_4,SKU_1,76.97,8,0,0,0,15.08
2022-09-03,Store_4,SKU_1,73.49,5,0,0,0,15.08
2022-09-04,Store_4,SKU_1,40.13,3,0,0,0,15.08
2022-09-05,Store_4,SKU_1,85.44,6,1,0,0,15.08
2022-09-06,Store_4,SKU_1,63.11,7,0,0,0,15.08
2022-09-07,Store_4,SKU_1,56.09,4,0,0,0,15.08
2022-09-08,Store_4,SKU_1,64.21,6,0,0,0,15.08
2022-09-09,Store_4,SKU_1,73.32,5,0,0,0,15.08
2022-09-10,Store_4,SKU_1,72.64,5,0,0,0,15.08
2022-09-11,Store_4,SKU_1,46.5,5,1,0,0,15.08
2022-09-12,Store_4,SKU_1,66.36,6,0,0,0,15.08
2022-09-13,Store_4,SKU_1,58.26,6,0,0,0,15.08
2022-09-14,Store_4,SKU_1,61.67,6,0,0,0,15.08
2022-09-15,Store_4,SKU_1,60.04,5,0,0,0,15.08
2022-09-16,Store_4,SKU_1,67.13,4,0,0,0,15.08
2022-09-17,Store_4,SKU_1,73.02,6,0,0,0,15.08
2022-09-18,Store_4,SKU_1,36.57,3,0,0,0,15.08
2022-09-19,Store_4,SKU_1,58.9,5,0,0,0,15.08
2022-09-20,Store_4,SKU_1,62.24,5,0,0,0,15.08
2022-09-21,Store_4,SKU_1,56.87,4,0,0,0,15.08
2022-09-22,Store_4,SKU_1,61.31,6,0,0,0,15.08
2022-09-23,Store_4,SKU_1,94.51,11,1,0,0,15.08
2022-09-24,Store_4,SKU_1,78.92,9,0,0,0,15.08
2022-09-25,Store_4,SKU_1,35.66,4,0,0,0,15.08
2022-09-26,Store_4,SKU_1,75.29,9,1,0,0,15.08
2022-09-27,Store_4,SKU_1,79.23,6,1,0,0,15.08
2022-09-28,Store_4,SKU_1,53.08,3,0,0,0,15.08
2022-09-29,Store_4,SKU_1,93.93,11,1,0,0,15.08
2022-09-30,Store_4,SKU_1,69.38,7,0,0,0,15.08
2022-10-01,Store_4,SKU_1,66.65,5,0,0,0,15.08
2022-10-02,Store_4,SKU_1,28.66,3,0,0,0,15.08
2022-10-03,Store_4,SKU_1,57.02,4,0,0,0,15.08
2022-10-04,Store_4,SKU_1,50.36,4,0,0,0,15.08
2022-10-05,Store_4,SKU_1,52.28,5,0,0,0,15.08
2022-10-06,Store_4,SKU_1,53.45,3,0,0,0,15.08
2022-10-07,Store_4,SKU_1,54.42,4,0,0,0,15.08
2022-10-08,Store_4,SKU_1,73.8,5,0,0,0,15.08
2022-10-09,Store_4,SKU_1,34.08,4,0,0,0,15.08
2022-10-10,Store_4,SKU_1,59.77,7,0,0,0,15.08
2022-10-11,Store_4,SKU_1,49.81,5,0,0,0,15.08
2022-10-12,Store_4,SKU_1,45.85,5,0,0,0,15.08
2022-10-13,Store_4,SKU_1,47.87,5,0,0,0,15.08
2022-10-14,Store_4,SKU_1,69.53,5,0,0,0,15.08
2022-10-15,Store_4,SKU_1,57.08,6,0,0,0,15.08
2022-10-16,Store_4,SKU_1,34.05,3,0,0,0,15.08
2022-10-17,Store_4,SKU_1,58.77,5,0,0,0,15.08
2022-10-18,Store_4,SKU_1,79.64,7,1,0,0,15.08
2022-10-19,Store_4,SKU_1,45.53,4,0,0,0,15.08
2022-10-20,Store_4,SKU_1,54.74,6,0,0,0,15.08
2022-10-21,Store_4,SKU_1,62.3,4,0,0,0,15.08
2022-10-22,Store_4,SKU_1,66.34,8,0,0,0,15.08
2022-10-23,Store_4,SKU_1,34.49,3,0,0,0,15.08
2022-10-24,Store_4,SKU_1,82.12,8,1,0,0,15.08
2022-10-25,Store_4,SKU_1,51.51,5,0,0,0,15.08
2022-10-26,Store_4,SKU_1,56.7,4,0,0,0,15.08
2022-10-27,Store_4,SKU_1,59.16,5,0,0,0,15.08
2022-10-28,Store_4,SKU_1,66.66,4,0,0,0,15.08
2022-10-29,Store_4,SKU_1,66.42,5,0,0,0,15.08
2022-10-30,Store_4,SKU_1,30.04,2,0,0,0,15.08
2022-10-31,Store_4,SKU_1,63.2,5,0,0,0,15.08
2022-11-01,Store_4,SKU_1,39.88,4,0,0,0,15.08
2022-11-02,Store_4,SKU_1,47.96,5,0,0,0,15.08
2022-11-03,Store_4,SKU_1,43.44,3,0,0,0,15.08
2022-11-04,Store_4,SKU_1,51.66,5,0,0,0,15.08
2022-11-05,Store_4,SKU_1,58.32,5,0,0,0,15.08
2022-11-06,Store_4,SKU_1,34.41,4,0,0,0,15.08
2022-11-07,Store_4,SKU_1,52.51,4,0,0,0,15.08
2022-11-08,Store_4,SKU_1,46.13,3,0,0,0,15.08
2022-11-09,Store_4,SKU_1,47.97,3,0,0,0,15.08
2022-11-10,Store_4,SKU_1,52.8,5,0,0,0,15.08
2022-11-11,Store_4,SKU_1,57.85,5,0,0,0,15.08
2022-11-12,Store_4,SKU_1,53.52,5,0,0,0,15.08
2022-11-13,Store_4,SKU_1,29.82,3,0,0,0,15.08
2022-11-14,Store_4,SKU_1,52.15,4,0,0,0,15.08
2022-11-15,Store_4,SKU_1,50.14,5,0,0,0,15.08
2022-11-16,Store_4,SKU_1,41.17,4,0,0,0,15.08
2022-11-17,Store_4,SKU_1,55.0,4,0,0,0,15.08
2022-11-18,Store_4,SKU_1,55.98,4,0,0,0,15.08
2022-11-19,Store_4,SKU_1,60.02,5,0,0,0,15.08
2022-11-20,Store_4,SKU_1,28.38,2,0,0,0,15.08
2022-11-21,Store_4,SKU_1,65.91,4,1,0,0,15.08
2022-11-22,Store_4,SKU_1,46.73,3,0,0,0,15.08
2022-11-23,Store_4,SKU_1,46.64,3,0,0,0,15.08
2022-11-24,Store_4,SKU_1,44.37,3,0,0,0,15.08
2022-11-25,Store_4,SKU_1,47.99,3,0,0,0,15.08
2022-11-26,Store_4,SKU_1,63.38,4,0,0,0,15.08
2022-11-27,Store_4,SKU_1,29.77,2,0,0,0,15.08
2022-11-28,Store_4,SKU_1,47.88,4,0,0,0,15.08
2022-11-29,Store_4,SKU_1,50.55,3,0,0,0,15.08
2022-11-30,Store_4,SKU_1,51.62,6,0,0,0,15.08
2022-12-01,Store_4,SKU_1,46.64,4,0,0,0,15.08
2022-12-02,Store_4,SKU_1,48.36,4,0,0,0,15.08
2022-12-03,Store_4,SKU_1,53.51,4,0,0,0,15.08
2022-12-04,Store_4,SKU_1,39.39,3,1,0,0,15.08
2022-12-05,Store_4,SKU_1,44.59,3,0,0,0,15.08
2022-12-06,Store_4,SKU_1,48.05,3,0,0,0,15.08
2022-12-07,Store_4,SKU_1,47.39,3,0,0,0,15.08
2022-12-08,Store_4,SKU_1,49.05,4,0,0,0,15.08
2022-12-09,Store_4,SKU_1,48.71,5,0,0,0,15.08
2022-12-10,Store_4,SKU_1,79.53,8,1,0,0,15.08
2022-12-11,Store_4,SKU_1,39.07,3,1,0,0,15.08
2022-12-12,Store_4,SKU_1,42.07,3,0,0,0,15.08
2022-12-13,Store_4,SKU_1,46.32,3,0,0,0,15.08
2022-12-14,Store_4,SKU_1,49.3,3,0,0,0,15.08
2022-12-15,Store_4,SKU_1,44.53,3,0,0,0,15.08
2022-12-16,Store_4,SKU_1,50.28,3,0,0,0,15.08
2022-12-17,Store_4,SKU_1,66.71,6,0,0,0,15.08
2022-12-18,Store_4,SKU_1,28.23,2,0,0,0,15.08
2022-12-19,Store_4,SKU_1,63.46,6,1,0,0,15.08
2022-12-20,Store_4,SKU_1,48.95,4,0,0,0,15.08
2022-12-21,Store_4,SKU_1,49.09,4,0,0,0,15.08
2022-12-22,Store_4,SKU_1,44.93,3,0,0,0,15.08
2022-12-23,Store_4,SKU_1,53.02,5,0,0,0,15.08
2022-12-24,Store_4,SKU_1,92.57,7,1,0,0,15.08
2022-12-25,Store_4,SKU_1,12.58,0,0,a,0,15.08
2022-12-26,Store_4,SKU_1,29.59,3,1,a,0,15.08
2022-12-27,Store_4,SKU_1,43.44,3,0,0,0,15.08
2022-12-28,Store_4,SKU_1,44.94,4,0,0,0,15.08
2022-12-29,Store_4,SKU_1,47.69,5,0,0,0,15.08
2022-12-30,Store_4,SKU_1,57.48,4,0,0,0,15.08
2022-12-31,Store_4,SKU_1,61.59,5,0,0,0,15.08
2023-01-01,Store_4,SKU_1,11.7,0,0,a,0,15.08
2023-01-02,Store_4,SKU_1,49.36,3,0,0,0,15.08
2023-01-03,Store_4,SKU_1,72.33,6,1,0,0,15.08
2023-01-04,Store_4,SKU_1,45.89,4,0,0,0,15.08
2023-01-05,Store_4,SKU_1,54.1,5,0,0,0,15.08
2023-01-06,Store_4,SKU_1,56.25,4,0,0,0,15.08
2023-01-07,Store_4,SKU_1,94.38,9,1,0,0,15.08
2023-01-08,Store_4,SKU_1,29.87,2,0,0,0,15.08
2023-01-09,Store_4,SKU_1,69.77,7,1,0,0,15.08
2023-01-10,Store_4,SKU_1,51.59,4,0,0,0,15.08
2023-01-11,Store_4,SKU_1,55.45,5,0,0,0,15.08
2023-01-12,Store_4,SKU_1,54.01,5,0,0,0,15.08
2023-01-13,Store_4,SKU_1,52.28,4,0,0,0,15.08
2023-01-14,Store_4,SKU_1,59.44,6,0,0,0,15.08
2023-01-15,Store_4,SKU_1,25.44,1,0,0,0,15.08
2023-01-16,Store_4,SKU_1,53.35,5,0,0,0,15.08
2023-01-17,Store_4,SKU_1,45.01,4,0,0,0,15.08
2023-01-18,Store_4,SKU_1,51.9,3,0,0,0,15.08
2023-01-19,Store_4,SKU_1,51.75,4,0,0,0,15.08
2023-01-20,Store_4,SKU_1,62.32,5,0,0,0,15.08
2023-01-21,Store_4,SKU_1,63.09,7,0,0,0,15.08
2023-01-22,Store_4,SKU_1,28.7,3,0,0,0,15.08
2023-01-23,Store_4,SKU_1,69.96,7,1,0,0,15.08
2023-01-24,Store_4,SKU_1,42.19,3,0,0,0,15.08
2023-01-25,Store_4,SKU_1,69.43,5,1,0,0,15.08
2023-01-26,Store_4,SKU_1,49.26,3,0,0,0,15.08
2023-01-27,Store_4,SKU_1,53.97,4,0,0,0,15.08
2023-01-28,Store_4,SKU_1,62.41,4,0,0,0,15.08
2023-01-29,Store_4,SKU_1,32.56,3,0,0,0,15.08
2023-01-30,Store_4,SKU_1,50.1,5,0,0,0,15.08
2023-01-31,Store_4,SKU_1,45.81,4,0,0,0,15.08
2023-02-01,Store_4,SKU_1,54.5,4,0,0,0,15.08
2023-02-02,Store_4,SKU_1,58.12,6,0,0,0,15.08
2023-02-03,Store_4,SKU_1,70.05,6,0,0,0,15.08
2023-02-04,Store_4,SKU_1,73.77,9,0,0,0,15.08
2023-02-05,Store_4,SKU_1,33.1,3,0,0,0,15.08
2023-02-06,Store_4,SKU_1,63.34,7,0,0,0,15.08
2023-02-07,Store_4,SKU_1,53.35,4,0,0,0,15.08
2023-02-08,Store_4,SKU_1,47.98,4,0,0,0,15.08
2023-02-09,Store_4,SKU_1,77.73,6,1,0,0,15.08
2023-02-10,Store_4,SKU_1,102.63,11,1,0,0,15.08
2023-02-11,Store_4,SKU_1,72.47,5,0,0,0,15.08
2023-02-12,Store_4,SKU_1,35.52,3,0,0,0,15.08
2023-02-13,Store_4,SKU_1,59.21,7,0,0,0,15.08
2023-02-14,Store_4,SKU_1,60.94,5,0,0,0,15.08
2023-02-15,Store_4,SKU_1,62.75,4,0,0,0,15.08
2023-02-16,Store_4,SKU_1,57.58,5,0,0,0,15.08
2023-02-17,Store_4,SKU_1,66.11,4,0,0,0,15.08
2023-02-18,Store_4,SKU_1,69.38,5,0,0,0,15.08
2023-02-19,Store_4,SKU_1,35.17,4,0,0,0,15.08
2023-02-20,Store_4,SKU_1,50.58,4,0,0,0,15.08
2023-02-21,Store_4,SKU_1,49.18,4,0,0,0,15.08
2023-02-22,Store_4,SKU_1,54.57,4,0,0,0,15.08
2023-02-23,Store_4,SKU_1,80.04,6,1,0,0,15.08
2023-02-24,Store_4,SKU_1,57.01,4,0,0,0,15.08
2023-02-25,Store_4,SKU_1,70.51,5,0,0,0,15.08
2023-02-26,Store_4,SKU_1,36.58,3,0,0,0,15.08
2023-02-27,Store_4,SKU_1,54.89,5,0,0,0,15.08
2023-02-28,Store_4,SKU_1,56.94,4,0,0,0,15.08
2023-03-01,Store_4,SKU_1,83.59,5,1,0,0,15.08
2023-03-02,Store_4,SKU_1,54.24,3,0,0,0,15.08
2023-03-03,Store_4,SKU_1,66.21,5,0,0,0,15.08
2023-03-04,Store_4,SKU_1,74.94,6,0,0,0,15.08
2023-03-05,Store_4,SKU_1,36.54,3,0,0,0,15.08
2023-03-06,Store_4,SKU_1,61.66,7,0,0,0,15.08
2023-03-07,Store_4,SKU_1,59.0,4,0,0,0,15.08
2023-03-08,Store_4,SKU_1,54.02,4,0,0,0,15.08
2023-03-09,Store_4,SKU_1,86.96,6,1,0,0,15.08
2023-03-10,Store_4,SKU_1,64.98,5,0,0,0,15.08
2023-03-11,Store_4,SKU_1,94.72,7,0,0,0,15.08
2023-03-12,Store_4,SKU_1,41.69,4,0,0,0,15.08
2023-03-13,Store_4,SKU_1,69.08,7,0,0,0,15.08
2023-03-14,Store_4,SKU_1,64.88,4,0,0,0,15.08
2023-03-15,Store_4,SKU_1,62.46,4,0,0,0,15.08
2023-03-16,Store_4,SKU_1,99.09,8,1,0,0,15.08
2023-03-17,Store_4,SKU_1,60.66,7,0,0,0,15.08
2023-03-18,Store_4,SKU_1,83.29,9,0,0,0,15.08
2023-03-19,Store_4,SKU_1,49.71,4,1,0,0,15.08
2023-03-20,Store_4,SKU_1,69.77,6,0,0,0,15.08
2023-03-21,Store_4,SKU_1,69.56,7,0,0,0,15.08
2023-03-22,Store_4,SKU_1,61.8,4,0,0,0,15.08
2023-03-23,Store_4,SKU_1,94.36,7,1,0,0,15.08
2023-03-24,Store_4,SKU_1,103.39,10,1,0,0,15.08
2023-03-25,Store_4,SKU_1,90.59,10,0,0,0,15.08
2023-03-26,Store_4,SKU_1,38.73,2,0,0,0,15.08
2023-03-27,Store_4,SKU_1,69.06,7,0,0,0,15.08
2023-03-28,Store_4,SKU_1,66.36,8,0,0,0,15.08
2023-03-29,Store_4,SKU_1,57.95,5,0,0,0,15.08
2023-03-30,Store_4,SKU_1,64.21,6,0,0,0,15.08
2023-03-31,Store_4,SKU_1,89.33,7,1,0,0,15.08
2023-04-01,Store_4,SKU_1,91.71,6,0,0,0,15.08
2023-04-02,Store_4,SKU_1,45.81,3,0,0,0,15.08
2023-04-03,Store_4,SKU_1,73.78,8,0,0,0,15.08
2023-04-04,Store_4,SKU_1,68.45,7,0,0,0,15.08
2023-04-05,Store_4,SKU_1,66.51,7,0,0,0,15.08
2023-04-06,Store_4,SKU_1,96.9,9,1,0,0,15.08
2023-04-07,Store_4,SKU_1,86.9,6,0,0,0,15.08
2023-04-08,Store_4,SKU_1,93.23,7,0,0,0,15.08
2023-04-09,Store_4,SKU_1,43.28,5,0,0,0,15.08
2023-04-10,Store_4,SKU_1,77.55,5,0,0,0,15.08
2023-04-11,Store_4,SKU_1,83.86,6,1,0,0,15.08
2023-04-12,Store_4,SKU_1,69.76,6,0,0,0,15.08
2023-04-13,Store_4,SKU_1,80.47,7,0,0,0,15.08
2023-04-14,Store_4,SKU_1,83.16,7,0,0,0,15.08
2023-04-15,Store_4,SKU_1,95.59,8,0,0,0,15.08
2023-04-16,Store_4,SKU_1,46.23,4,0,0,0,15.08
2023-04-17,Store_4,SKU_1,74.91,6,0,0,0,15.08
2023-04-18,Store_4,SKU_1,65.7,7,0,0,0,15.08
2023-04-19,Store_4,SKU_1,72.15,5,0,0,0,15.08
2023-04-20,Store_4,SKU_1,77.0,7,0,0,0,15.08
2023-04-21,Store_4,SKU_1,85.14,7,0,0,0,15.08
2023-04-22,Store_4,SKU_1,93.68,9,0,0,0,15.08
2023-04-23,Store_4,SKU_1,44.58,5,0,0,0,15.08
2023-04-24,Store_4,SKU_1,71.68,5,0,0,0,15.08
2023-04-25,Store_4,SKU_1,73.05,7,0,0,0,15.08
2023-04-26,Store_4,SKU_1,71.75,5,0,0,0,15.08
2023-04-27,Store_4,SKU_1,82.57,8,0,0,0,15.08
2023-04-28,Store_4,SKU_1,82.07,6,0,0,0,15.08
2023-04-29,Store_4,SKU_1,91.04,7,0,0,0,15.08
2023-04-30,Store_4,SKU_1,40.12,2,0,0,0,15.08
2023-05-01,Store_4,SKU_1,81.7,6,0,0,0,15.08
2023-05-02,Store_4,SKU_1,73.9,5,0,0,0,15.08
2023-05-03,Store_4,SKU_1,69.79,5,0,0,0,15.08
2023-05-04,Store_4,SKU_1,81.59,8,0,0,0,15.08
2023-05-05,Store_4,SKU_1,77.36,9,0,0,0,15.08
2023-05-06,Store_4,SKU_1,97.01,10,0,0,0,15.08
2023-05-07,Store_4,SKU_1,58.29,6,1,0,0,15.08
2023-05-08,Store_4,SKU_1,82.69,7,0,0,0,15.08
2023-05-09,Store_4,SKU_1,113.61,14,1,0,0,15.08
2023-05-10,Store_4,SKU_1,62.99,6,0,0,0,15.08
2023-05-11,Store_4,SKU_1,84.2,6,0,0,0,15.08
2023-05-12,Store_4,SKU_1,119.02,12,1,0,0,15.08
2023-05-13,Store_4,SKU_1,97.21,11,0,0,0,15.08
2023-05-14,Store_4,SKU_1,51.77,4,0,0,0,15.08
2023-05-15,Store_4,SKU_1,71.89,6,0,0,0,15.08
2023-05-16,Store_4,SKU_1,121.7,9,1,0,0,15.08
2023-05-17,Store_4,SKU_1,115.13,8,1,0,0,15.08
2023-05-18,Store_4,SKU_1,82.47,6,0,0,0,15.08
2023-05-19,Store_4,SKU_1,121.94,10,1,0,0,15.08
2023-05-20,Store_4,SKU_1,104.97,7,0,0,0,15.08
2023-05-21,Store_4,SKU_1,44.45,3,0,0,0,15.08
2023-05-22,Store_4,SKU_1,85.91,6,0,0,0,15.08
2023-05-23,Store_4,SKU_1,77.98,9,0,0,0,15.08
2023-05-24,Store_4,SKU_1,76.66,7,0,0,0,15.08
2023-05-25,Store_4,SKU_1,76.64,6,0,0,0,15.08
2023-05-26,Store_4,SKU_1,109.27,8,1,0,0,15.08
2023-05-27,Store_4,SKU_1,111.86,13,0,0,0,15.08
2023-05-28,Store_4,SKU_1,49.3,4,0,0,0,15.08
2023-05-29,Store_4,SKU_1,73.91,7,0,0,0,15.08
2023-05-30,Store_4,SKU_1,72.34,5,0,0,0,15.08
2023-05-31,Store_4,SKU_1,73.65,9,0,0,0,15.08
2023-06-01,Store_4,SKU_1,75.62,8,0,0,0,15.08
2023-06-02,Store_4,SKU_1,92.58,8,0,0,0,15.08
2023-06-03,Store_4,SKU_1,137.44,13,1,0,0,15.08
2023-06-04,Store_4,SKU_1,49.58,4,0,0,0,15.08
2023-06-05,Store_4,SKU_1,78.78,6,0,0,0,15.08
2023-06-06,Store_4,SKU_1,88.81,6,0,0,0,15.08
2023-06-07,Store_4,SKU_1,75.9,8,0,0,0,15.08
2023-06-08,Store_4,SKU_1,79.43,6,0,0,0,15.08
2023-06-09,Store_4,SKU_1,140.08,11,1,0,0,15.08
2023-06-10,Store_4,SKU_1,96.3,7,0,0,0,15.08
2023-06-11,Store_4,SKU_1,72.07,5,1,0,0,15.08
2023-06-12,Store_4,SKU_1,86.24,6,0,0,0,15.08
2023-06-13,Store_4,SKU_1,79.82,7,0,0,0,15.08
2023-06-14,Store_4,SKU_1,80.86,5,0,0,0,15.08
2023-06-15,Store_4,SKU_1,81.15,9,0,0,0,15.08
2023-06-16,Store_4,SKU_1,115.58,13,1,0,0,15.08
2023-06-17,Store_4,SKU_1,100.95,9,0,0,0,15.08
2023-06-18,Store_4,SKU_1,43.07,4,0,0,0,15.08
2023-06-19,Store_4,SKU_1,84.32,8,0,0,0,15.08
2023-06-20,Store_4,SKU_1,76.05,8,0,0,0,15.08
2023-06-21,Store_4,SKU_1,77.38,9,0,0,0,15.08
2023-06-22,Store_4,SKU_1,79.67,6,0,0,0,15.08
2023-06-23,Store_4,SKU_1,85.03,6,0,0,0,15.08
2023-06-24,Store_4,SKU_1,118.0,10,0,0,0,15.08
2023-06-25,Store_4,SKU_1,46.68,4,0,0,0,15.08
2023-06-26,Store_4,SKU_1,70.94,8,0,0,0,15.08
2023-06-27,Store_4,SKU_1,70.03,6,0,0,0,15.08
2023-06-28,Store_4,SKU_1,77.4,7,0,0,0,15.08
2023-06-29,Store_4,SKU_1,76.74,8,0,0,0,15.08
2023-06-30,Store_4,SKU_1,90.57,10,0,0,0,15.08
2023-07-01,Store_4,SKU_1,94.96,6,0,0,1,15.08
2023-07-02,Store_4,SKU_1,42.88,3,0,0,1,15.08
2023-07-03,Store_4,SKU_1,76.22,6,0,0,1,15.08
2023-07-04,Store_4,SKU_1,115.43,9,1,0,1,15.08
2023-07-05,Store_4,SKU_1,79.33,6,0,0,1,15.08
2023-07-06,Store_4,SKU_1,80.8,8,0,0,0,15.08
2023-07-07,Store_4,SKU_1,91.27,9,0,0,0,15.08
2023-07-08,Store_4,SKU_1,100.17,9,0,0,1,15.08
2023-07-09,Store_4,SKU_1,54.89,4,0,0,0,15.08
2023-07-10,Store_4,SKU_1,85.95,9,0,0,1,15.08
2023-07-11,Store_4,SKU_1,83.76,7,0,0,1,15.08
2023-07-12,Store_4,SKU_1,74.2,6,0,0,0,15.08
2023-07-13,Store_4,SKU_1,84.71,9,0,0,0,15.08
2023-07-14,Store_4,SKU_1,92.9,9,0,0,0,15.08
2023-07-15,Store_4,SKU_1,106.42,8,0,0,0,15.08
2023-07-16,Store_4,SKU_1,47.47,5,0,0,0,15.08
2023-07-17,Store_4,SKU_1,83.75,6,0,0,1,15.08
2023-07-18,Store_4,SKU_1,65.71,5,0,0,1,15.08
2023-07-19,Store_4,SKU_1,74.54,9,0,0,0,15.08
2023-07-20,Store_4,SKU_1,88.13,9,0,0,0,15.08
2023-07-21,Store_4,SKU_1,93.8,7,0,0,1,15.08
2023-07-22,Store_4,SKU_1,147.9,16,1,0,1,15.08
2023-07-23,Store_4,SKU_1,48.21,3,0,0,0,15.08
2023-07-24,Store_4,SKU_1,81.44,9,0,0,0,15.08
2023-07-25,Store_4,SKU_1,75.71,6,0,0,0,15.08
2023-07-26,Store_4,SKU_1,76.56,8,0,0,0,15.08
2023-07-27,Store_4,SKU_1,79.08,8,0,0,1,15.08
2023-07-28,Store_4,SKU_1,84.58,6,0,0,0,15.08
2023-07-29,Store_4,SKU_1,102.01,10,0,0,1,15.08
2023-07-30,Store_4,SKU_1,43.8,3,0,0,0,15.08
2023-07-31,Store_4,SKU_1,84.08,8,0,0,1,15.08
2023-08-01,Store_4,SKU_1,68.67,7,0,0,1,15.08
2023-08-02,Store_4,SKU_1,65.98,7,0,0,1,15.08
2023-08-03,Store_4,SKU_1,117.0,9,1,0,0,15.08
2023-08-04,Store_4,SKU_1,80.74,6,0,0,0,15.08
2023-08-05,Store_4,SKU_1,86.41,9,0,0,0,15.08
2023-08-06,Store_4,SKU_1,43.96,4,0,0,1,15.08
2023-08-07,Store_4,SKU_1,79.93,8,0,0,0,15.08
2023-08-08,Store_4,SKU_1,68.79,7,0,0,1,15.08
2023-08-09,Store_4,SKU_1,67.17,6,0,0,0,15.08
2023-08-10,Store_4,SKU_1,84.5,6,0,0,1,15.08
2023-08-11,Store_4,SKU_1,82.75,8,0,0,0,15.08
2023-08-12,Store_4,SKU_1,106.11,9,0,0,1,15.08
2023-08-13,Store_4,SKU_1,59.89,4,1,0,0,15.08
2023-08-14,Store_4,SKU_1,75.33,8,0,0,0,15.08
2023-08-15,Store_4,SKU_1,73.73,6,0,0,1,15.08
2023-08-16,Store_4,SKU_1,63.52,5,0,0,0,15.08
2023-08-17,Store_4,SKU_1,121.18,8,1,0,1,15.08
2023-08-18,Store_4,SKU_1,87.17,8,0,0,0,15.08
2023-08-19,Store_4,SKU_1,86.4,6,0,0,1,15.08
2023-08-20,Store_4,SKU_1,60.2,7,1,0,0,15.08
2023-08-21,Store_4,SKU_1,74.34,7,0,0,0,15.08
2023-08-22,Store_4,SKU_1,66.51,7,0,0,1,15.08
2023-08-23,Store_4,SKU_1,71.92,8,0,0,0,15.08
2023-08-24,Store_4,SKU_1,81.52,7,0,0,0,15.08
2023-08-25,Store_4,SKU_1,90.53,9,0,0,0,15.08
2023-08-26,Store_4,SKU_1,91.91,10,0,0,0,15.08
2023-08-27,Store_4,SKU_1,44.75,4,0,0,0,15.08
2023-08-28,Store_4,SKU_1,77.75,6,0,0,0,15.08
2023-08-29,Store_4,SKU_1,67.4,6,0,0,0,15.08
2023-08-30,Store_4,SKU_1,69.85,6,0,0,1,15.08
2023-08-31,Store_4,SKU_1,99.35,7,1,0,0,15.08
2023-09-01,Store_4,SKU_1,73.51,5,0,0,0,15.08
2023-09-02,Store_4,SKU_1,117.66,11,1,0,0,15.08
2023-09-03,Store_4,SKU_1,38.61,2,0,0,0,15.08
2023-09-04,Store_4,SKU_1,76.28,7,0,0,0,15.08
2023-09-05,Store_4,SKU_1,68.69,5,0,0,0,15.08
2023-09-06,Store_4,SKU_1,63.25,5,0,0,0,15.08
2023-09-07,Store_4,SKU_1,61.35,4,0,0,0,15.08
2023-09-08,Store_4,SKU_1,70.96,5,0,0,0,15.08
2023-09-09,Store_4,SKU_1,87.06,7,0,0,0,15.08
2023-09-10,Store_4,SKU_1,58.24,5,1,0,0,15.08
2023-09-11,Store_4,SKU_1,68.84,6,0,0,0,15.08
2023-09-12,Store_4,SKU_1,62.81,7,0,0,0,15.08
2023-09-13,Store_4,SKU_1,59.81,4,0,0,0,15.08
2023-09-14,Store_4,SKU_1,65.14,5,0,0,0,15.08
2023-09-15,Store_4,SKU_1,108.34,10,1,0,0,15.08
2023-09-16,Store_4,SKU_1,83.33,7,0,0,0,15.08
2023-09-17,Store_4,SKU_1,35.45,2,0,0,0,15.08
2023-09-18,Store_4,SKU_1,64.04,7,0,0,0,15.08
2023-09-19,Store_4,SKU_1,61.43,4,0,0,0,15.08
2023-09-20,Store_4,SKU_1,57.22,5,0,0,0,15.08
2023-09-21,Store_4,SKU_1,63.83,5,0,0,0,15.08
2023-09-22,Store_4,SKU_1,71.91,6,0,0,0,15.08
2023-09-23,Store_4,SKU_1,114.79,9,1,0,0,15.08
2023-09-24,Store_4,SKU_1,48.66,4,1,0,0,15.08
2023-09-25,Store_4,SKU_1,66.9,5,0,0,0,15.08
2023-09-26,Store_4,SKU_1,65.3,6,0,0,0,15.08
2023-09-27,Store_4,SKU_1,68.61,4,0,0,0,15.08
2023-09-28,Store_4,SKU_1,62.89,4,0,0,0,15.08
2023-09-29,Store_4,SKU_1,70.31,5,0,0,0,15.08
2023-09-30,Store_4,SKU_1,114.39,12,1,0,0,15.08
2023-10-01,Store_4,SKU_1,38.16,3,0,0,0,15.08
2023-10-02,Store_4,SKU_1,54.87,4,0,0,0,15.08
2023-10-03,Store_4,SKU_1,52.98,4,0,0,0,15.08
2023-10-04,Store_4,SKU_1,49.79,3,0,0,0,15.08
2023-10-05,Store_4,SKU_1,59.22,5,0,0,0,15.08
2023-10-06,Store_4,SKU_1,61.31,4,0,0,0,15.08
2023-10-07,Store_4,SKU_1,99.63,7,1,0,0,15.08
2023-10-08,Store_4,SKU_1,42.42,4,0,0,0,15.08
2023-10-09,Store_4,SKU_1,63.75,4,0,0,0,15.08
2023-10-10,Store_4,SKU_1,59.61,6,0,0,0,15.08
2023-10-11,Store_4,SKU_1,58.07,4,0,0,0,15.08
2023-10-12,Store_4,SKU_1,60.52,6,0,0,0,15.08
2023-10-13,Store_4,SKU_1,71.11,8,0,0,0,15.08
2023-10-14,Store_4,SKU_1,70.48,5,0,0,0,15.08
2023-10-15,Store_4,SKU_1,36.96,3,0,0,0,15.08
2023-10-16,Store_4,SKU_1,54.75,4,0,0,0,15.08
2023-10-17,Store_4,SKU_1,62.76,7,0,0,0,15.08
2023-10-18,Store_4,SKU_1,48.27,3,0,0,0,15.08
2023-10-19,Store_4,SKU_1,47.3,4,0,0,0,15.08
2023-10-20,Store_4,SKU_1,64.68,5,0,0,0,15.08
2023-10-21,Store_4,SKU_1,63.86,5,0,0,0,15.08
2023-10-22,Store_4,SKU_1,34.5,2,0,0,0,15.08
2023-10-23,Store_4,SKU_1,59.61,6,0,0,0,15.08
2023-10-24,Store_4,SKU_1,73.95,7,1,0,0,15.08
2023-10-25,Store_4,SKU_1,58.37,4,0,0,0,15.08
2023-10-26,Store_4,SKU_1,66.98,6,0,0,0,15.08
2023-10-27,Store_4,SKU_1,64.55,5,0,0,0,15.08
2023-10-28,Store_4,SKU_1,80.64,8,0,0,0,15.08
2023-10-29,Store_4,SKU_1,34.1,3,0,0,0,15.08
2023-10-30,Store_4,SKU_1,64.54,4,0,0,0,15.08
2023-10-31,Store_4,SKU_1,50.96,4,0,0,0,15.08
2023-11-01,Store_4,SKU_1,58.98,4,1,0,0,15.08
2023-11-02,Store_4,SKU_1,59.85,5,0,0,0,15.08
2023-11-03,Store_4,SKU_1,58.86,4,0,0,0,15.08
2023-11-04,Store_4,SKU_1,60.14,4,0,0,0,15.08
2023-11-05,Store_4,SKU_1,32.37,2,0,0,0,15.08
2023-11-06,Store_4,SKU_1,46.56,5,0,0,0,15.08
2023-11-07,Store_4,SKU_1,52.58,4,0,0,0,15.08
2023-11-08,Store_4,SKU_1,55.73,4,0,0,0,15.08
2023-11-09,Store_4,SKU_1,50.75,5,0,0,0,15.08
2023-11-10,Store_4,SKU_1,63.48,5,0,0,0,15.08
2023-11-11,Store_4,SKU_1,72.79,7,0,0,0,15.08
2023-11-12,Store_4,SKU_1,36.67,2,0,0,0,15.08
2023-11-13,Store_4,SKU_1,52.78,5,0,0,0,15.08
2023-11-14,Store_4,SKU_1,41.28,3,0,0,0,15.08
2023-11-15,Store_4,SKU_1,48.72,4,0,0,0,15.08
2023-11-16,Store_4,SKU_1,51.68,3,0,0,0,15.08
2023-11-17,Store_4,SKU_1,87.62,9,1,0,0,15.08
2023-11-18,Store_4,SKU_1,65.84,4,0,0,0,15.08
2023-11-19,Store_4,SKU_1,31.6,2,0,0,0,15.08
2023-11-20,Store_4,SKU_1,52.74,5,0,0,0,15.08
2023-11-21,Store_4,SKU_1,52.89,6,0,0,0,15.08
2023-11-22,Store_4,SKU_1,44.64,5,0,0,0,15.08
2023-11-23,Store_4,SKU_1,79.03,6,1,0,0,15.08
2023-11-24,Store_4,SKU_1,89.01,9,1,0,0,15.08
2023-11-25,Store_4,SKU_1,68.9,7,0,0,0,15.08
2023-11-26,Store_4,SKU_1,34.15,3,0,0,0,15.08
2023-11-27,Store_4,SKU_1,55.26,4,0,0,0,15.08
2023-11-28,Store_4,SKU_1,54.67,5,0,0,0,15.08
2023-11-29,Store_4,SKU_1,46.47,4,0,0,0,15.08
2023-11-30,Store_4,SKU_1,55.89,5,0,0,0,15.08
2023-12-01,Store_4,SKU_1,54.37,5,0,0,0,15.08
2023-12-02,Store_4,SKU_1,80.51,6,1,0,0,15.08
2023-12-03,Store_4,SKU_1,43.45,4,1,0,0,15.08
2023-12-04,Store_4,SKU_1,51.84,3,0,0,0,15.08
2023-12-05,Store_4,SKU_1,67.5,4,1,0,0,15.08
2023-12-06,Store_4,SKU_1,42.41,4,0,0,0,15.08
2023-12-07,Store_4,SKU_1,42.01,3,0,0,0,15.08
2023-12-08,Store_4,SKU_1,56.79,4,0,0,0,15.08
2023-12-09,Store_4,SKU_1,56.45,5,0,0,0,15.08
2023-12-10,Store_4,SKU_1,36.56,3,0,0,0,15.08
2023-12-11,Store_4,SKU_1,53.24,6,0,0,0,15.08
2023-12-12,Store_4,SKU_1,44.37,4,0,0,0,15.08
2023-12-13,Store_4,SKU_1,52.7,3,0,0,0,15.08
2023-12-14,Store_4,SKU_1,49.45,4,0,0,0,15.08
2023-12-15,Store_4,SKU_1,57.87,4,0,0,0,15.08
2023-12-16,Store_4,SKU_1,60.51,4,0,0,0,15.08
2023-12-17,Store_4,SKU_1,30.05,2,0,0,0,15.08
2023-12-18,Store_4,SKU_1,49.67,3,0,0,0,15.08
2023-12-19,Store_4,SKU_1,43.28,4,0,0,0,15.08
2023-12-20,Store_4,SKU_1,46.62,4,0,0,0,15.08
2023-12-21,Store_4,SKU_1,69.06,7,1,0,0,15.08
2023-12-22,Store_4,SKU_1,56.61,5,0,0,0,15.08
2023-12-23,Store_4,SKU_1,70.28,7,0,0,0,15.08
2023-12-24,Store_4,SKU_1,30.13,3,0,0,0,15.08
2023-12-25,Store_4,SKU_1,20.21,2,0,a,0,15.08
2023-12-26,Store_4,SKU_1,19.81,1,0,a,0,15.08
2023-12-27,Store_4,SKU_1,49.18,4,0,0,0,15.08
2023-12-28,Store_4,SKU_1,48.18,4,0,0,0,15.08
2023-12-29,Store_4,SKU_1,83.85,8,1,0,0,15.08
2023-12-30,Store_4,SKU_1,55.66,5,0,0,0,15.08
2023-12-31,Store_4,SKU_1,28.8,3,0,0,0,15.08
2024-01-01,Store_4,SKU_1,19.93,1,0,a,0,15.08
2024-01-02,Store_4,SKU_1,41.98,5,0,0,0,15.08
2024-01-03,Store_4,SKU_1,50.97,4,0,0,0,15.08
2024-01-04,Store_4,SKU_1,52.58,4,0,0,0,15.08
2024-01-05,Store_4,SKU_1,58.9,5,0,0,0,15.08
2024-01-06,Store_4,SKU_1,74.08,5,0,0,0,15.08
2024-01-07,Store_4,SKU_1,31.07,3,0,0,0,15.08
2024-01-08,Store_4,SKU_1,57.28,4,0,0,0,15.08
2024-01-09,Store_4,SKU_1,55.79,5,0,0,0,15.08
2024-01-10,Store_4,SKU_1,52.04,6,0,0,0,15.08
2024-01-11,Store_4,SKU_1,51.07,5,0,0,0,15.08
2024-01-12,Store_4,SKU_1,52.71,4,0,0,0,15.08
2024-01-13,Store_4,SKU_1,59.26,4,0,0,0,15.08
2024-01-14,Store_4,SKU_1,41.45,4,1,0,0,15.08
2024-01-15,Store_4,SKU_1,57.54,5,0,0,0,15.08
2024-01-16,Store_4,SKU_1,55.23,6,0,0,0,15.08
2024-01-17,Store_4,SKU_1,77.43,6,1,0,0,15.08
2024-01-18,Store_4,SKU_1,42.95,4,0,0,0,15.08
2024-01-19,Store_4,SKU_1,57.4,6,0,0,0,15.08
2024-01-20,Store_4,SKU_1,69.26,6,0,0,0,15.08
2024-01-21,Store_4,SKU_1,45.66,4,1,0,0,15.08
2024-01-22,Store_4,SKU_1,70.7,5,1,0,0,15.08
2024-01-23,Store_4,SKU_1,44.32,3,0,0,0,15.08
2024-01-24,Store_4,SKU_1,48.78,3,0,0,0,15.08
2024-01-25,Store_4,SKU_1,50.2,5,0,0,0,15.08
2024-01-26,Store_4,SKU_1,59.5,5,0,0,0,15.08
2024-01-27,Store_4,SKU_1,69.67,8,0,0,0,15.08
2024-01-28,Store_4,SKU_1,49.66,4,1,0,0,15.08
2024-01-29,Store_4,SKU_1,59.85,5,0,0,0,15.08
2024-01-30,Store_4,SKU_1,49.52,4,0,0,0,15.08
2024-01-31,Store_4,SKU_1,49.29,4,0,0,0,15.08
2024-02-01,Store_4,SKU_1,94.59,9,1,0,0,15.08
2024-02-02,Store_4,SKU_1,64.86,5,0,0,0,15.08
2024-02-03,Store_4,SKU_1,82.78,6,0,0,0,15.08
2024-02-04,Store_4,SKU_1,50.89,4,1,0,0,15.08
2024-02-05,Store_4,SKU_1,67.97,6,0,0,0,15.08
2024-02-06,Store_4,SKU_1,63.97,6,0,0,0,15.08
2024-02-07,Store_4,SKU_1,60.09,5,0,0,0,15.08
2024-02-08,Store_4,SKU_1,54.53,4,0,0,0,15.08
2024-02-09,Store_4,SKU_1,64.91,6,0,0,0,15.08
2024-02-10,Store_4,SKU_1,76.01,5,0,0,0,15.08
2024-02-11,Store_4,SKU_1,43.68,4,1,0,0,15.08
2024-02-12,Store_4,SKU_1,60.13,5,0,0,0,15.08
2024-02-13,Store_4,SKU_1,57.4,4,0,0,0,15.08
2024-02-14,Store_4,SKU_1,55.3,6,0,0,0,15.08
2024-02-15,Store_4,SKU_1,56.41,5,0,0,0,15.08
2024-02-16,Store_4,SKU_1,67.08,5,0,0,0,15.08
2024-02-17,Store_4,SKU_1,77.92,9,0,0,0,15.08
2024-02-18,Store_4,SKU_1,55.62,4,1,0,0,15.08
2024-02-19,Store_4,SKU_1,58.62,5,0,0,0,15.08
2024-02-20,Store_4,SKU_1,62.84,6,0,0,0,15.08
2024-02-21,Store_4,SKU_1,58.78,7,0,0,0,15.08
2024-02-22,Store_4,SKU_1,55.09,6,0,0,0,15.08
2024-02-23,Store_4,SKU_1,89.92,7,1,0,0,15.08
2024-02-24,Store_4,SKU_1,74.89,9,0,0,0,15.08
2024-02-25,Store_4,SKU_1,40.47,3,0,0,0,15.08
2024-02-26,Store_4,SKU_1,72.77,5,1,0,0,15.08
2024-02-27,Store_4,SKU_1,61.48,5,0,0,0,15.08
2024-02-28,Store_4,SKU_1,86.9,7,1,0,0,15.08
2024-02-29,Store_4,SKU_1,56.06,4,0,0,0,15.08
2024-03-01,Store_4,SKU_1,79.55,6,0,0,0,15.08
2024-03-02,Store_4,SKU_1,79.36,7,0,0,0,15.08
2024-03-03,Store_4,SKU_1,38.29,3,0,0,0,15.08
2024-03-04,Store_4,SKU_1,97.93,7,1,0,0,15.08
2024-03-05,Store_4,SKU_1,61.28,7,0,0,0,15.08
2024-03-06,Store_4,SKU_1,66.57,8,0,0,0,15.08
2024-03-07,Store_4,SKU_1,65.63,5,0,0,0,15.08
2024-03-08,Store_4,SKU_1,71.87,7,0,0,0,15.08
2024-03-09,Store_4,SKU_1,91.34,11,0,0,0,15.08
2024-03-10,Store_4,SKU_1,57.62,4,1,0,0,15.08
2024-03-11,Store_4,SKU_1,63.35,4,0,0,0,15.08
2024-03-12,Store_4,SKU_1,64.39,6,0,0,0,15.08
2024-03-13,Store_4,SKU_1,59.81,6,0,0,0,15.08
2024-03-14,Store_4,SKU_1,73.29,9,0,0,0,15.08
2024-03-15,Store_4,SKU_1,71.52,6,0,0,0,15.08
2024-03-16,Store_4,SKU_1,75.78,7,0,0,0,15.08
2024-03-17,Store_4,SKU_1,39.98,4,0,0,0,15.08
2024-03-18,Store_4,SKU_1,71.55,6,0,0,0,15.08
2024-03-19,Store_4,SKU_1,71.76,8,0,0,0,15.08
2024-03-20,Store_4,SKU_1,70.01,6,0,0,0,15.08
2024-03-21,Store_4,SKU_1,60.11,6,0,0,0,15.08
2024-03-22,Store_4,SKU_1,74.74,6,0,0,0,15.08
2024-03-23,Store_4,SKU_1,87.45,6,0,0,0,15.08
2024-03-24,Store_4,SKU_1,57.05,4,1,0,0,15.08
2024-03-25,Store_4,SKU_1,83.97,9,1,0,0,15.08
2024-03-26,Store_4,SKU_1,67.42,7,0,0,0,15.08
2024-03-27,Store_4,SKU_1,86.33,7,1,0,0,15.08
2024-03-28,Store_4,SKU_1,63.42,7,0,0,0,15.08
2024-03-29,Store_4,SKU_1,68.17,5,0,0,0,15.08
2024-03-30,Store_4,SKU_1,94.73,9,0,0,0,15.08
2024-03-31,Store_4,SKU_1,53.36,6,1,0,0,15.08
2024-04-01,Store_4,SKU_1,71.55,5,0,0,0,15.08
2024-04-02,Store_4,SKU_1,76.59,6,0,0,0,15.08
2024-04-03,Store_4,SKU_1,69.57,5,0,0,0,15.08
2024-04-04,Store_4,SKU_1,108.74,13,1,0,0,15.08
2024-04-05,Store_4,SKU_1,83.51,7,0,0,0,15.08
2024-04-06,Store_4,SKU_1,103.23,7,0,0,0,15.08
2024-04-07,Store_4,SKU_1,46.98,3,0,0,0,15.08
2024-04-08,Store_4,SKU_1,73.01,8,0,0,0,15.08
2024-04-09,Store_4,SKU_1,69.56,6,0,0,0,15.08
2024-04-10,Store_4,SKU_1,108.48,11,1,0,0,15.08
2024-04-11,Store_4,SKU_1,79.69,9,0,0,0,15.08
2024-04-12,Store_4,SKU_1,80.32,6,0,0,0,15.08
2024-04-13,Store_4,SKU_1,142.32,11,1,0,0,15.08
2024-04-14,Store_4,SKU_1,47.37,3,0,0,0,15.08
2024-04-15,Store_4,SKU_1,78.77,6,0,0,0,15.08
2024-04-16,Store_4,SKU_1,78.9,5,0,0,0,15.08
2024-04-17,Store_4,SKU_1,93.27,10,1,0,0,15.08
2024-04-18,Store_4,SKU_1,79.14,5,0,0,0,15.08
2024-04-19,Store_4,SKU_1,77.08,6,0,0,0,15.08
2024-04-20,Store_4,SKU_1,101.52,10,0,0,0,15.08
2024-04-21,Store_4,SKU_1,70.43,5,1,0,0,15.08
2024-04-22,Store_4,SKU_1,78.23,6,0,0,0,15.08
2024-04-23,Store_4,SKU_1,84.13,7,0,0,0,15.08
2024-04-24,Store_4,SKU_1,103.43,11,1,0,0,15.08
2024-04-25,Store_4,SKU_1,74.75,7,0,0,0,15.08
2024-04-26,Store_4,SKU_1,94.68,6,0,0,0,15.08
2024-04-27,Store_4,SKU_1,94.86,10,0,0,0,15.08
2024-04-28,Store_4,SKU_1,52.0,4,0,0,0,15.08
2024-04-29,Store_4,SKU_1,72.0,7,0,0,0,15.08
2024-04-30,Store_4,SKU_1,79.51,8,0,0,0,15.08
2024-05-01,Store_4,SKU_1,73.35,6,0,0,0,15.08
2024-05-02,Store_4,SKU_1,85.57,8,0,0,0,15.08
2024-05-03,Store_4,SKU_1,123.92,13,1,0,0,15.08
2024-05-04,Store_4,SKU_1,112.49,8,0,0,0,15.08
2024-05-05,Store_4,SKU_1,76.33,7,1,0,0,15.08
2024-05-06,Store_4,SKU_1,73.87,8,0,0,0,15.08
2024-05-07,Store_4,SKU_1,108.31,13,1,0,0,15.08
2024-05-08,Store_4,SKU_1,86.65,7,0,0,0,15.08
2024-05-09,Store_4,SKU_1,92.81,9,0,0,0,15.08
2024-05-10,Store_4,SKU_1,77.44,7,0,0,0,15.08
2024-05-11,Store_4,SKU_1,89.87,8,0,0,0,15.08
2024-05-12,Store_4,SKU_1,52.71,5,0,0,0,15.08
2024-05-13,Store_4,SKU_1,96.32,8,0,0,0,15.08
2024-05-14,Store_4,SKU_1,68.36,6,0,0,0,15.08
2024-05-15,Store_4,SKU_1,71.75,6,0,0,0,15.08
2024-05-16,Store_4,SKU_1,73.87,7,0,0,0,15.08
2024-05-17,Store_4,SKU_1,92.99,7,0,0,0,15.08
2024-05-18,Store_4,SKU_1,113.79,8,0,0,0,15.08
2024-05-19,Store_4,SKU_1,47.89,5,0,0,0,15.08
2024-05-20,Store_4,SKU_1,84.49,7,0,0,0,15.08
2024-05-21,Store_4,SKU_1,81.56,7,0,0,0,15.08
2024-05-22,Store_4,SKU_1,71.35,6,0,0,0,15.08
2024-05-23,Store_4,SKU_1,87.72,7,0,0,0,15.08
2024-05-24,Store_4,SKU_1,129.65,11,1,0,0,15.08
2024-05-25,Store_4,SKU_1,101.41,8,0,0,0,15.08
2024-05-26,Store_4,SKU_1,69.82,6,1,0,0,15.08
2024-05-27,Store_4,SKU_1,76.38,5,0,0,0,15.08
2024-05-28,Store_4,SKU_1,73.43,8,0,0,0,15.08
2024-05-29,Store_4,SKU_1,74.29,7,0,0,0,15.08
2024-05-30,Store_4,SKU_1,83.14,9,0,0,0,15.08
2024-05-31,Store_4,SKU_1,105.33,9,0,0,0,15.08
2024-06-01,Store_4,SKU_1,98.01,7,0,0,0,15.08
2024-06-02,Store_4,SKU_1,52.48,4,0,0,0,15.08
2024-06-03,Store_4,SKU_1,72.75,7,0,0,0,15.08
2024-06-04,Store_4,SKU_1,64.25,5,0,0,0,15.08
2024-06-05,Store_4,SKU_1,88.01,6,0,0,0,15.08
2024-06-06,Store_4,SKU_1,88.88,7,0,0,0,15.08
2024-06-07,Store_4,SKU_1,147.24,14,1,0,0,15.08
2024-06-08,Store_4,SKU_1,118.62,9,0,0,0,15.08
2024-06-09,Store_4,SKU_1,51.07,4,0,0,0,15.08
2024-06-10,Store_4,SKU_1,94.14,11,0,0,0,15.08
2024-06-11,Store_4,SKU_1,81.68,6,0,0,0,15.08
2024-06-12,Store_4,SKU_1,72.86,5,0,0,0,15.08
2024-06-13,Store_4,SKU_1,88.54,10,0,0,0,15.08
2024-06-14,Store_4,SKU_1,104.18,8,0,0,0,15.08
2024-06-15,Store_4,SKU_1,168.83,16,1,0,0,15.08
2024-06-16,Store_4,SKU_1,50.35,3,0,0,0,15.08
2024-06-17,Store_4,SKU_1,79.27,7,0,0,0,15.08
2024-06-18,Store_4,SKU_1,82.1,6,0,0,0,15.08
2024-06-19,Store_4,SKU_1,82.32,9,0,0,0,15.08
2024-06-20,Store_4,SKU_1,116.7,12,1,0,0,15.08
2024-06-21,Store_4,SKU_1,117.57,9,0,0,0,15.08
2024-06-22,Store_4,SKU_1,102.99,8,0,0,0,15.08
2024-06-23,Store_4,SKU_1,57.97,5,0,0,0,15.08
2024-06-24,Store_4,SKU_1,129.04,9,1,0,0,15.08
2024-06-25,Store_4,SKU_1,84.93,8,0,0,0,15.08
2024-06-26,Store_4,SKU_1,78.89,7,0,0,0,15.08
2024-06-27,Store_4,SKU_1,90.84,6,0,0,0,15.08
2024-06-28,Store_4,SKU_1,102.64,12,0,0,0,15.08
2024-06-29,Store_4,SKU_1,150.64,12,1,0,0,15.08
2024-06-30,Store_4,SKU_1,54.87,4,0,0,0,15.08
2024-07-01,Store_4,SKU_1,95.44,10,0,0,0,15.08
2024-07-02,Store_4,SKU_1,83.43,7,0,0,1,15.08
2024-07-03,Store_4,SKU_1,89.28,7,1,0,1,15.08
2024-07-04,Store_4,SKU_1,79.3,6,0,0,0,15.08
2024-07-05,Store_4,SKU_1,103.44,7,0,0,0,15.08
2024-07-06,Store_4,SKU_1,107.45,12,0,0,0,15.08
2024-07-07,Store_4,SKU_1,51.45,4,0,0,0,15.08
2024-07-08,Store_4,SKU_1,85.14,8,0,0,0,15.08
2024-07-09,Store_4,SKU_1,75.44,7,0,0,0,15.08
2024-07-10,Store_4,SKU_1,82.3,5,0,0,0,15.08
2024-07-11,Store_4,SKU_1,128.37,10,1,0,0,15.08
2024-07-12,Store_4,SKU_1,92.07,9,0,0,0,15.08
2024-07-13,Store_4,SKU_1,115.55,10,0,0,0,15.08
2024-07-14,Store_4,SKU_1,42.09,4,0,0,0,15.08
2024-07-15,Store_4,SKU_1,93.82,10,0,0,0,15.08
2024-07-16,Store_4,SKU_1,99.9,8,1,0,0,15.08
2024-07-17,Store_4,SKU_1,74.11,6,0,0,1,15.08
2024-07-18,Store_4,SKU_1,85.61,10,0,0,0,15.08
2024-07-19,Store_4,SKU_1,125.38,11,1,0,1,15.08
2024-07-20,Store_4,SKU_1,110.79,11,0,0,1,15.08
2024-07-21,Store_4,SKU_1,47.33,5,0,0,0,15.08
2024-07-22,Store_4,SKU_1,82.77,6,0,0,1,15.08
2024-07-23,Store_4,SKU_1,114.18,8,1,0,0,15.08
2024-07-24,Store_4,SKU_1,90.35,6,1,0,0,15.08
2024-07-25,Store_4,SKU_1,82.05,6,0,0,0,15.08
2024-07-26,Store_4,SKU_1,81.52,5,0,0,0,15.08
2024-07-27,Store_4,SKU_1,136.69,12,1,0,0,15.08
2024-07-28,Store_4,SKU_1,58.54,4,0,0,1,15.08
2024-07-29,Store_4,SKU_1,82.51,5,0,0,0,15.08
2024-07-30,Store_4,SKU_1,80.53,7,0,0,0,15.08
2024-07-31,Store_4,SKU_1,81.46,6,0,0,0,15.08
2024-08-01,Store_4,SKU_1,97.66,8,1,0,0,15.08
2024-08-02,Store_4,SKU_1,87.25,7,0,0,0,15.08
2024-08-03,Store_4,SKU_1,114.29,11,0,0,1,15.08
2024-08-04,Store_4,SKU_1,63.02,6,1,0,0,15.08
2024-08-05,Store_4,SKU_1,86.83,8,0,0,1,15.08
2024-08-06,Store_4,SKU_1,76.17,5,0,0,0,15.08
2024-08-07,Store_4,SKU_1,77.57,6,0,0,0,15.08
2024-08-08,Store_4,SKU_1,83.06,7,0,0,0,15.08
2024-08-09,Store_4,SKU_1,90.78,7,0,0,0,15.08
2024-08-10,Store_4,SKU_1,102.43,7,0,0,0,15.08
2024-08-11,Store_4,SKU_1,38.27,3,0,0,0,15.08
2024-08-12,Store_4,SKU_1,72.04,5,0,0,0,15.08
2024-08-13,Store_4,SKU_1,82.93,7,0,0,0,15.08
2024-08-14,Store_4,SKU_1,75.41,6,0,0,0,15.08
2024-08-15,Store_4,SKU_1,78.2,5,0,0,1,15.08
2024-08-16,Store_4,SKU_1,92.0,10,0,0,0,15.08
2024-08-17,Store_4,SKU_1,109.73,12,0,0,1,15.08
2024-08-18,Store_4,SKU_1,71.33,7,1,0,1,15.08
2024-08-19,Store_4,SKU_1,78.61,6,0,0,0,15.08
2024-08-20,Store_4,SKU_1,75.69,6,0,0,0,15.08
2024-08-21,Store_4,SKU_1,73.21,5,0,0,1,15.08
2024-08-22,Store_4,SKU_1,78.59,5,0,0,0,15.08
2024-08-23,Store_4,SKU_1,138.55,13,1,0,0,15.08
2024-08-24,Store_4,SKU_1,100.38,11,0,0,0,15.08
2024-08-25,Store_4,SKU_1,45.47,3,0,0,0,15.08
2024-08-26,Store_4,SKU_1,103.72,11,1,0,0,15.08
2024-08-27,Store_4,SKU_1,75.94,8,0,0,1,15.08
2024-08-28,Store_4,SKU_1,65.44,5,0,0,0,15.08
2024-08-29,Store_4,SKU_1,74.45,8,0,0,1,15.08
2024-08-30,Store_4,SKU_1,84.76,7,0,0,0,15.08
2024-08-31,Store_4,SKU_1,92.07,6,0,0,0,15.08
2024-09-01,Store_4,SKU_1,41.39,4,0,0,0,15.08
2024-09-02,Store_4,SKU_1,68.97,6,0,0,0,15.08
2024-09-03,Store_4,SKU_1,71.01,7,0,0,0,15.08
2024-09-04,Store_4,SKU_1,77.01,6,0,0,0,15.08
2024-09-05,Store_4,SKU_1,62.4,6,0,0,0,15.08
2024-09-06,Store_4,SKU_1,108.11,9,1,0,0,15.08
2024-09-07,Store_4,SKU_1,114.26,11,1,0,0,15.08
2024-09-08,Store_4,SKU_1,36.43,2,0,0,0,15.08
2024-09-09,Store_4,SKU_1,66.53,5,0,0,0,15.08
2024-09-10,Store_4,SKU_1,61.82,6,0,0,0,15.08
2024-09-11,Store_4,SKU_1,69.43,6,0,0,0,15.08
2024-09-12,Store_4,SKU_1,74.51,7,0,0,0,15.08
2024-09-13,Store_4,SKU_1,82.11,6,0,0,0,15.08
2024-09-14,Store_4,SKU_1,120.52,13,1,0,0,15.08
2024-09-15,Store_4,SKU_1,48.91,4,0,0,0,15.08
2024-09-16,Store_4,SKU_1,72.45,5,0,0,0,15.08
2024-09-17,Store_4,SKU_1,71.51,7,0,0,0,15.08
2024-09-18,Store_4,SKU_1,68.21,7,0,0,0,15.08
2024-09-19,Store_4,SKU_1,68.18,7,0,0,0,15.08
2024-09-20,Store_4,SKU_1,102.83,10,1,0,0,15.08
2024-09-21,Store_4,SKU_1,97.44,9,0,0,0,15.08
2024-09-22,Store_4,SKU_1,57.88,4,1,0,0,15.08
2024-09-23,Store_4,SKU_1,68.4,5,0,0,0,15.08
2024-09-24,Store_4,SKU_1,76.48,6,0,0,0,15.08
2024-09-25,Store_4,SKU_1,66.51,5,0,0,0,15.08
2024-09-26,Store_4,SKU_1,66.56,5,0,0,0,15.08
2024-09-27,Store_4,SKU_1,72.76,6,0,0,0,15.08
2024-09-28,Store_4,SKU_1,86.44,9,0,0,0,15.08
2024-09-29,Store_4,SKU_1,39.4,3,0,0,0,15.08
2024-09-30,Store_4,SKU_1,73.06,7,0,0,0,15.08
2024-10-01,Store_4,SKU_1,57.28,5,0,0,0,15.08
2024-10-02,Store_4,SKU_1,57.51,6,0,0,0,15.08
2024-10-03,Store_4,SKU_1,55.22,6,0,0,0,15.08
2024-10-04,Store_4,SKU_1,67.46,7,0,0,0,15.08
2024-10-05,Store_4,SKU_1,72.96,5,0,0,0,15.08
2024-10-06,Store_4,SKU_1,34.94,3,0,0,0,15.08
2024-10-07,Store_4,SKU_1,57.49,5,0,0,0,15.08
2024-10-08,Store_4,SKU_1,55.07,5,0,0,0,15.08
2024-10-09,Store_4,SKU_1,58.71,7,0,0,0,15.08
2024-10-10,Store_4,SKU_1,61.96,7,0,0,0,15.08
2024-10-11,Store_4,SKU_1,94.4,6,1,0,0,15.08
2024-10-12,Store_4,SKU_1,76.36,5,0,0,0,15.08
2024-10-13,Store_4,SKU_1,35.17,4,0,0,0,15.08
2024-10-14,Store_4,SKU_1,57.28,4,0,0,0,15.08
2024-10-15,Store_4,SKU_1,85.54,10,1,0,0,15.08
2024-10-16,Store_4,SKU_1,70.94,6,0,0,0,15.08
2024-10-17,Store_4,SKU_1,64.65,4,0,0,0,15.08
2024-10-18,Store_4,SKU_1,95.52,11,1,0,0,15.08
2024-10-19,Store_4,SKU_1,111.68,13,1,0,0,15.08
2024-10-20,Store_4,SKU_1,36.59,2,0,0,0,15.08
2024-10-21,Store_4,SKU_1,77.38,6,1,0,0,15.08
2024-10-22,Store_4,SKU_1,62.93,6,0,0,0,15.08
2024-10-23,Store_4,SKU_1,82.84,7,1,0,0,15.08
2024-10-24,Store_4,SKU_1,56.52,4,0,0,0,15.08
2024-10-25,Store_4,SKU_1,69.89,5,0,0,0,15.08
2024-10-26,Store_4,SKU_1,109.89,9,1,0,0,15.08
2024-10-27,Store_4,SKU_1,27.98,2,0,0,0,15.08
2024-10-28,Store_4,SKU_1,60.47,5,0,0,0,15.08
2024-10-29,Store_4,SKU_1,64.19,7,0,0,0,15.08
2024-10-30,Store_4,SKU_1,57.88,5,0,0,0,15.08
2024-10-31,Store_4,SKU_1,86.23,7,1,0,0,15.08
2024-11-01,Store_4,SKU_1,84.45,6,1,0,0,15.08
2024-11-02,Store_4,SKU_1,101.69,7,1,0,0,15.08
2024-11-03,Store_4,SKU_1,46.24,3,1,0,0,15.08
2024-11-04,Store_4,SKU_1,51.63,3,0,0,0,15.08
2024-11-05,Store_4,SKU_1,70.86,8,1,0,0,15.08
2024-11-06,Store_4,SKU_1,54.9,4,0,0,0,15.08
2024-11-07,Store_4,SKU_1,59.36,4,0,0,0,15.08
2024-11-08,Store_4,SKU_1,60.96,6,0,0,0,15.08
2024-11-09,Store_4,SKU_1,94.95,7,1,0,0,15.08
2024-11-10,Store_4,SKU_1,34.33,2,0,0,0,15.08
2024-11-11,Store_4,SKU_1,60.01,4,0,0,0,15.08
2024-11-12,Store_4,SKU_1,55.08,6,0,0,0,15.08
2024-11-13,Store_4,SKU_1,46.06,3,0,0,0,15.08
2024-11-14,Store_4,SKU_1,63.38,6,0,0,0,15.08
2024-11-15,Store_4,SKU_1,63.0,4,0,0,0,15.08
2024-11-16,Store_4,SKU_1,71.6,7,0,0,0,15.08
2024-11-17,Store_4,SKU_1,33.39,2,0,0,0,15.08
2024-11-18,Store_4,SKU_1,47.1,4,0,0,0,15.08
2024-11-19,Store_4,SKU_1,51.26,5,0,0,0,15.08
2024-11-20,Store_4,SKU_1,59.25,4,0,0,0,15.08
2024-11-21,Store_4,SKU_1,49.27,4,0,0,0,15.08
2024-11-22,Store_4,SKU_1,61.85,4,0,0,0,15.08
2024-11-23,Store_4,SKU_1,65.71,7,0,0,0,15.08
2024-11-24,Store_4,SKU_1,28.93,3,0,0,0,15.08
2024-11-25,Store_4,SKU_1,49.51,4,0,0,0,15.08
2024-11-26,Store_4,SKU_1,53.43,4,0,0,0,15.08
2024-11-27,Store_4,SKU_1,52.14,3,0,0,0,15.08
2024-11-28,Store_4,SKU_1,48.76,3,0,0,0,15.08
2024-11-29,Store_4,SKU_1,53.96,6,0,0,0,15.08
2024-11-30,Store_4,SKU_1,69.98,5,0,0,0,15.08
2024-12-01,Store_4,SKU_1,33.69,4,0,0,0,15.08
2024-12-02,Store_4,SKU_1,52.61,4,0,0,0,15.08
2024-12-03,Store_4,SKU_1,43.76,3,0,0,0,15.08
2024-12-04,Store_4,SKU_1,49.04,3,0,0,0,15.08
2024-12-05,Store_4,SKU_1,47.5,5,0,0,0,15.08
2024-12-06,Store_4,SKU_1,51.64,4,0,0,0,15.08
2024-12-07,Store_4,SKU_1,67.2,5,0,0,0,15.08
2024-12-08,Store_4,SKU_1,33.25,3,0,0,0,15.08
2024-12-09,Store_4,SKU_1,49.88,4,0,0,0,15.08
2024-12-10,Store_4,SKU_1,47.42,3,0,0,0,15.08
2024-12-11,Store_4,SKU_1,51.39,4,0,0,0,15.08
2024-12-12,Store_4,SKU_1,55.61,6,0,0,0,15.08
2024-12-13,Store_4,SKU_1,62.29,6,0,0,0,15.08
2024-12-14,Store_4,SKU_1,76.57,7,0,0,0,15.08
2024-12-15,Store_4,SKU_1,32.78,3,0,0,0,15.08
2024-12-16,Store_4,SKU_1,63.44,6,1,0,0,15.08
2024-12-17,Store_4,SKU_1,55.29,4,0,0,0,15.08
2024-12-18,Store_4,SKU_1,52.1,4,0,0,0,15.08
2024-12-19,Store_4,SKU_1,71.3,8,1,0,0,15.08
2024-12-20,Store_4,SKU_1,57.24,6,0,0,0,15.08
2024-12-21,Store_4,SKU_1,62.37,4,0,0,0,15.08
2024-12-22,Store_4,SKU_1,31.96,3,0,0,0,15.08
2024-12-23,Store_4,SKU_1,56.56,5,0,0,0,15.08
2024-12-24,Store_4,SKU_1,53.12,4,0,0,0,15.08
2024-12-25,Store_4,SKU_1,20.86,2,0,a,0,15.08
2024-12-26,Store_4,SKU_1,34.47,2,1,a,0,15.08
2024-12-27,Store_4,SKU_1,60.43,5,0,0,0,15.08
2024-12-28,Store_4,SKU_1,76.19,6,0,0,0,15.08
2024-12-29,Store_4,SKU_1,28.98,2,0,0,0,15.08
2024-12-30,Store_4,SKU_1,69.93,8,1,0,0,15.08
2024-12-31,Store_4,SKU_1,50.11,5,0,0,0,15.08
2022-01-01,Store_4,SKU_2,21.32,1,0,a,0,13.71
2022-01-02,Store_4,SKU_2,41.35,4,1,0,0,13.71
2022-01-03,Store_4,SKU_2,43.72,3,0,0,0,13.71
2022-01-04,Store_4,SKU_2,50.08,5,0,0,0,13.71
2022-01-05,Store_4,SKU_2,46.32,3,0,0,0,13.71
2022-01-06,Store_4,SKU_2,58.25,5,0,0,0,13.71
2022-01-07,Store_4,SKU_2,52.35,4,0,0,0,13.71
2022-01-08,Store_4,SKU_2,61.45,4,0,0,0,13.71
2022-01-09,Store_4,SKU_2,27.81,2,0,0,0,13.71
2022-01-10,Store_4,SKU_2,56.51,4,0,0,0,13.71
2022-01-11,Store_4,SKU_2,66.92,4,1,0,0,13.71
2022-01-12,Store_4,SKU_2,41.45,2,0,0,0,13.71
2022-01-13,Store_4,SKU_2,43.99,4,0,0,0,13.71
2022-01-14,Store_4,SKU_2,69.9,8,1,0,0,13.71
2022-01-15,Store_4,SKU_2,58.03,4,0,0,0,13.71
2022-01-16,Store_4,SKU_2,32.51,2,0,0,0,13.71
2022-01-17,Store_4,SKU_2,46.52,3,0,0,0,13.71
2022-01-18,Store_4,SKU_2,67.34,8,1,0,0,13.71
2022-01-19,Store_4,SKU_2,42.86,3,0,0,0,13.71
2022-01-20,Store_4,SKU_2,50.59,4,0,0,0,13.71
2022-01-21,Store_4,SKU_2,48.9,3,0,0,0,13.71
2022-01-22,Store_4,SKU_2,60.39,7,0,0,0,13.71
2022-01-23,Store_4,SKU_2,35.37,2,1,0,0,13.71
2022-01-24,Store_4,SKU_2,53.63,4,0,0,0,13.71
2022-01-25,Store_4,SKU_2,47.56,4,0,0,0,13.71
2022-01-26,Store_4,SKU_2,51.02,3,0,0,0,13.71
2022-01-27,Store_4,SKU_2,53.17,5,0,0,0,13.71
2022-01-28,Store_4,SKU_2,75.94,8,1,0,0,13.71
2022-01-29,Store_4,SKU_2,60.33,4,0,0,0,13.71
2022-01-30,Store_4,SKU_2,31.62,2,0,0,0,13.71
2022-01-31,Store_4,SKU_2,52.31,5,0,0,0,13.71
2022-02-01,Store_4,SKU_2,46.74,3,0,0,0,13.71
2022-02-02,Store_4,SKU_2,52.9,3,0,0,0,13.71
2022-02-03,Store_4,SKU_2,56.49,4,0,0,0,13.71
2022-02-04,Store_4,SKU_2,65.44,6,0,0,0,13.71
2022-02-05,Store_4,SKU_2,65.79,6,0,0,0,13.71
2022-02-06,Store_4,SKU_2,36.26,4,0,0,0,13.71
2022-02-07,Store_4,SKU_2,83.42,6,1,0,0,13.71
2022-02-08,Store_4,SKU_2,54.64,5,0,0,0,13.71
2022-02-09,Store_4,SKU_2,52.23,4,0,0,0,13.71
2022-02-10,Store_4,SKU_2,59.12,6,0,0,0,13.71
2022-02-11,Store_4,SKU_2,54.85,4,0,0,0,13.71
2022-02-12,Store_4,SKU_2,95.12,7,1,0,0,13.71
2022-02-13,Store_4,SKU_2,47.61,4,1,0,0,13.71
2022-02-14,Store_4,SKU_2,53.02,4,0,0,0,13.71
2022-02-15,Store_4,SKU_2,55.55,5,0,0,0,13.71
2022-02-16,Store_4,SKU_2,55.89,5,0,0,0,13.71
2022-02-17,Store_4,SKU_2,70.34,5,1,0,0,13.71
2022-02-18,Store_4,SKU_2,57.67,7,0,0,0,13.71
2022-02-19,Store_4,SKU_2,60.2,6,0,0,0,13.71
2022-02-20,Store_4,SKU_2,36.03,3,0,0,0,13.71
2022-02-21,Store_4,SKU_2,59.48,5,0,0,0,13.71
2022-02-22,Store_4,SKU_2,46.22,5,0,0,0,13.71
2022-02-23,Store_4,SKU_2,54.56,4,0,0,0,13.71
2022-02-24,Store_4,SKU_2,58.49,5,0,0,0,13.71
2022-02-25,Store_4,SKU_2,58.66,4,0,0,0,13.71
2022-02-26,Store_4,SKU_2,72.24,8,0,0,0,13.71
2022-02-27,Store_4,SKU_2,30.57,2,0,0,0,13.71
2022-02-28,Store_4,SKU_2,57.32,4,0,0,0,13.71
2022-03-01,Store_4,SKU_2,56.54,4,0,0,0,13.71
2022-03-02,Store_4,SKU_2,75.73,6,1,0,0,13.71
2022-03-03,Store_4,SKU_2,64.8,5,0,0,0,13.71
2022-03-04,Store_4,SKU_2,104.59,8,1,0,0,13.71
2022-03-05,Store_4,SKU_2,73.23,5,0,0,0,13.71
2022-03-06,Store_4,SKU_2,36.51,4,0,0,0,13.71
2022-03-07,Store_4,SKU_2,58.48,5,0,0,0,13.71
2022-03-08,Store_4,SKU_2,60.85,6,0,0,0,13.71
2022-03-09,Store_4,SKU_2,65.06,6,0,0,0,13.71
2022-03-10,Store_4,SKU_2,63.96,5,0,0,0,13.71
2022-03-11,Store_4,SKU_2,69.72,5,0,0,0,13.71
2022-03-12,Store_4,SKU_2,77.18,6,0,0,0,13.71
2022-03-13,Store_4,SKU_2,35.58,3,0,0,0,13.71
2022-03-14,Store_4,SKU_2,67.1,5,0,0,0,13.71
2022-03-15,Store_4,SKU_2,65.85,5,0,0,0,13.71
2022-03-16,Store_4,SKU_2,59.89,4,0,0,0,13.71
2022-03-17,Store_4,SKU_2,60.95,6,0,0,0,13.71
2022-03-18,Store_4,SKU_2,67.67,8,0,0,0,13.71
2022-03-19,Store_4,SKU_2,75.34,7,0,0,0,13.71
2022-03-20,Store_4,SKU_2,34.42,2,0,0,0,13.71
2022-03-21,Store_4,SKU_2,55.42,4,0,0,0,13.71
2022-03-22,Store_4,SKU_2,57.51,5,0,0,0,13.71
2022-03-23,Store_4,SKU_2,63.64,5,0,0,0,13.71
2022-03-24,Store_4,SKU_2,87.93,7,1,0,0,13.71
2022-03-25,Store_4,SKU_2,74.94,8,0,0,0,13.71
2022-03-26,Store_4,SKU_2,81.62,8,0,0,0,13.71
2022-03-27,Store_4,SKU_2,37.0,4,0,0,0,13.71
2022-03-28,Store_4,SKU_2,68.09,6,0,0,0,13.71
2022-03-29,Store_4,SKU_2,57.46,4,0,0,0,13.71
2022-03-30,Store_4,SKU_2,56.93,4,0,0,0,13.71
2022-03-31,Store_4,SKU_2,64.48,4,0,0,0,13.71
2022-04-01,Store_4,SKU_2,74.57,6,0,0,0,13.71
2022-04-02,Store_4,SKU_2,90.09,7,0,0,0,13.71
2022-04-03,Store_4,SKU_2,42.38,4,0,0,0,13.71
2022-04-04,Store_4,SKU_2,70.71,5,0,0,0,13.71
2022-04-05,Store_4,SKU_2,111.09,12,1,0,0,13.71
2022-04-06,Store_4,SKU_2,93.76,8,1,0,0,13.71
2022-04-07,Store_4,SKU_2,79.83,7,0,0,0,13.71
2022-04-08,Store_4,SKU_2,81.34,6,0,0,0,13.71
2022-04-09,Store_4,SKU_2,87.25,6,0,0,0,13.71
2022-04-10,Store_4,SKU_2,69.2,5,1,0,0,13.71
2022-04-11,Store_4,SKU_2,68.63,5,0,0,0,13.71
2022-04-12,Store_4,SKU_2,70.13,8,0,0,0,13.71
2022-04-13,Store_4,SKU_2,74.73,5,0,0,0,13.71
2022-04-14,Store_4,SKU_2,64.1,5,0,0,0,13.71
2022-04-15,Store_4,SKU_2,82.83,9,0,0,0,13.71
2022-04-16,Store_4,SKU_2,92.35,10,0,0,0,13.71
2022-04-17,Store_4,SKU_2,48.54,4,0,0,0,13.71
2022-04-18,Store_4,SKU_2,58.3,6,0,0,0,13.71
2022-04-19,Store_4,SKU_2,74.52,6,0,0,0,13.71
2022-04-20,Store_4,SKU_2,59.58,4,0,0,0,13.71
2022-04-21,Store_4,SKU_2,110.82,9,1,0,0,13.71
2022-04-22,Store_4,SKU_2,92.02,7,0,0,0,13.71
2022-04-23,Store_4,SKU_2,80.4,8,0,0,0,13.71
2022-04-24,Store_4,SKU_2,42.73,3,0,0,0,13.71
2022-04-25,Store_4,SKU_2,74.01,5,0,0,0,13.71
2022-04-26,Store_4,SKU_2,64.16,5,0,0,0,13.71
2022-04-27,Store_4,SKU_2,75.7,6,0,0,0,13.71
2022-04-28,Store_4,SKU_2,75.66,6,0,0,0,13.71
2022-04-29,Store_4,SKU_2,74.97,6,0,0,0,13.71
2022-04-30,Store_4,SKU_2,98.07,8,0,0,0,13.71
2022-05-01,Store_4,SKU_2,46.27,3,0,0,0,13.71
2022-05-02,Store_4,SKU_2,102.28,8,1,0,0,13.71
2022-05-03,Store_4,SKU_2,106.21,8,1,0,0,13.71
2022-05-04,Store_4,SKU_2,80.19,6,0,0,0,13.71
2022-05-05,Store_4,SKU_2,68.28,8,0,0,0,13.71
2022-05-06,Store_4,SKU_2,85.67,8,0,0,0,13.71
2022-05-07,Store_4,SKU_2,96.35,11,0,0,0,13.71
2022-05-08,Store_4,SKU_2,69.21,8,1,0,0,13.71
2022-05-09,Store_4,SKU_2,75.73,7,0,0,0,13.71
2022-05-10,Store_4,SKU_2,75.27,7,0,0,0,13.71
2022-05-11,Store_4,SKU_2,79.09,8,0,0,0,13.71
2022-05-12,Store_4,SKU_2,85.98,6,0,0,0,13.71
2022-05-13,Store_4,SKU_2,86.18,7,0,0,0,13.71
2022-05-14,Store_4,SKU_2,97.23,10,0,0,0,13.71
2022-05-15,Store_4,SKU_2,43.75,3,0,0,0,13.71
2022-05-16,Store_4,SKU_2,106.31,9,1,0,0,13.71
2022-05-17,Store_4,SKU_2,74.53,5,0,0,0,13.71
2022-05-18,Store_4,SKU_2,63.66,6,0,0,0,13.71
2022-05-19,Store_4,SKU_2,77.28,7,0,0,0,13.71
2022-05-20,Store_4,SKU_2,97.65,7,0,0,0,13.71
2022-05-21,Store_4,SKU_2,99.95,7,0,0,0,13.71
2022-05-22,Store_4,SKU_2,49.27,5,0,0,0,13.71
2022-05-23,Store_4,SKU_2,57.7,6,0,0,0,13.71
2022-05-24,Store_4,SKU_2,92.73,6,1,0,0,13.71
2022-05-25,Store_4,SKU_2,64.98,4,0,0,0,13.71
2022-05-26,Store_4,SKU_2,72.16,5,0,0,0,13.71
2022-05-27,Store_4,SKU_2,86.73,7,0,0,0,13.71
2022-05-28,Store_4,SKU_2,103.62,12,0,0,0,13.71
2022-05-29,Store_4,SKU_2,52.07,4,0,0,0,13.71
2022-05-30,Store_4,SKU_2,117.13,12,1,0,0,13.71
2022-05-31,Store_4,SKU_2,67.42,6,0,0,0,13.71
2022-06-01,Store_4,SKU_2,106.42,10,1,0,0,13.71
2022-06-02,Store_4,SKU_2,69.03,6,0,0,0,13.71
2022-06-03,Store_4,SKU_2,82.4,8,0,0,0,13.71
2022-06-04,Store_4,SKU_2,100.2,9,0,0,0,13.71
2022-06-05,Store_4,SKU_2,56.72,6,0,0,0,13.71
2022-06-06,Store_4,SKU_2,77.76,6,0,0,0,13.71
2022-06-07,Store_4,SKU_2,78.81,7,0,0,0,13.71
2022-06-08,Store_4,SKU_2,104.67,11,1,0,0,13.71
2022-06-09,Store_4,SKU_2,74.87,9,0,0,0,13.71
2022-06-10,Store_4,SKU_2,94.83,7,0,0,0,13.71
2022-06-11,Store_4,SKU_2,95.28,9,0,0,0,13.71
2022-06-12,Store_4,SKU_2,48.03,3,0,0,0,13.71
2022-06-13,Store_4,SKU_2,75.69,5,0,0,0,13.71
2022-06-14,Store_4,SKU_2,83.49,6,0,0,0,13.71
2022-06-15,Store_4,SKU_2,84.23,8,0,0,0,13.71
2022-06-16,Store_4,SKU_2,119.86,9,1,0,0,13.71
2022-06-17,Store_4,SKU_2,89.9,7,0,0,0,13.71
2022-06-18,Store_4,SKU_2,130.36,15,1,0,0,13.71
2022-06-19,Store_4,SKU_2,69.5,5,1,0,0,13.71
2022-06-20,Store_4,SKU_2,92.28,6,0,0,0,13.71
2022-06-21,Store_4,SKU_2,77.07,7,0,0,0,13.71
2022-06-22,Store_4,SKU_2,82.07,8,0,0,0,13.71
2022-06-23,Store_4,SKU_2,76.58,6,0,0,0,13.71
2022-06-24,Store_4,SKU_2,120.51,8,1,0,0,13.71
2022-06-25,Store_4,SKU_2,107.83,11,0,0,0,13.71
2022-06-26,Store_4,SKU_2,43.09,3,0,0,0,13.71
2022-06-27,Store_4,SKU_2,73.15,7,0,0,0,13.71
2022-06-28,Store_4,SKU_2,101.54,7,1,0,0,13.71
2022-06-29,Store_4,SKU_2,109.31,10,1,0,0,13.71
2022-06-30,Store_4,SKU_2,84.82,6,0,0,0,13.71
2022-07-01,Store_4,SKU_2,92.29,8,0,0,1,13.71
2022-07-02,Store_4,SKU_2,140.76,11,1,0,1,13.71
2022-07-03,Store_4,SKU_2,41.99,4,0,0,0,13.71
2022-07-04,Store_4,SKU_2,75.93,9,0,0,0,13.71
2022-07-05,Store_4,SKU_2,79.62,7,0,0,0,13.71
2022-07-06,Store_4,SKU_2,71.12,5,0,0,0,13.71
2022-07-07,Store_4,SKU_2,79.83,6,0,0,0,13.71
2022-07-08,Store_4,SKU_2,79.05,6,0,0,0,13.71
2022-07-09,Store_4,SKU_2,97.12,7,0,0,1,13.71
2022-07-10,Store_4,SKU_2,42.78,3,0,0,0,13.71
2022-07-11,Store_4,SKU_2,84.76,10,0,0,0,13.71
2022-07-12,Store_4,SKU_2,70.34,8,0,0,0,13.71
2022-07-13,Store_4,SKU_2,72.45,5,0,0,1,13.71
2022-07-14,Store_4,SKU_2,77.93,7,0,0,0,13.71
2022-07-15,Store_4,SKU_2,88.68,10,0,0,1,13.71
2022-07-16,Store_4,SKU_2,87.07,8,0,0,0,13.71
2022-07-17,Store_4,SKU_2,70.45,5,1,0,0,13.71
2022-07-18,Store_4,SKU_2,75.66,5,0,0,1,13.71
2022-07-19,Store_4,SKU_2,83.64,6,0,0,0,13.71
2022-07-20,Store_4,SKU_2,87.01,8,0,0,1,13.71
2022-07-21,Store_4,SKU_2,75.99,8,0,0,1,13.71
2022-07-22,Store_4,SKU_2,90.54,7,0,0,0,13.71
2022-07-23,Store_4,SKU_2,89.53,9,0,0,1,13.71
2022-07-24,Store_4,SKU_2,45.59,3,0,0,0,13.71
2022-07-25,Store_4,SKU_2,84.84,6,0,0,0,13.71
2022-07-26,Store_4,SKU_2,109.23,11,1,0,0,13.71
2022-07-27,Store_4,SKU_2,73.64,6,0,0,1,13.71
2022-07-28,Store_4,SKU_2,72.78,7,0,0,0,13.71
2022-07-29,Store_4,SKU_2,92.58,10,0,0,0,13.71
2022-07-30,Store_4,SKU_2,90.43,7,0,0,0,13.71
2022-07-31,Store_4,SKU_2,43.5,3,0,0,0,13.71
2022-08-01,Store_4,SKU_2,111.31,13,1,0,1,13.71
2022-08-02,Store_4,SKU_2,70.36,5,0,0,1,13.71
2022-08-03,Store_4,SKU_2,107.74,8,1,0,0,13.71
2022-08-04,Store_4,SKU_2,74.82,6,0,0,0,13.71
2022-08-05,Store_4,SKU_2,74.26,5,0,0,0,13.71
2022-08-06,Store_4,SKU_2,83.0,6,0,0,0,13.71
2022-08-07,Store_4,SKU_2,58.16,7,1,0,1,13.71
2022-08-08,Store_4,SKU_2,83.85,6,0,0,1,13.71
2022-08-09,Store_4,SKU_2,74.05,5,0,0,0,13.71
2022-08-10,Store_4,SKU_2,72.13,5,0,0,0,13.71
2022-08-11,Store_4,SKU_2,70.06,6,0,0,1,13.71
2022-08-12,Store_4,SKU_2,97.53,9,1,0,1,13.71
2022-08-13,Store_4,SKU_2,92.25,10,0,0,0,13.71
2022-08-14,Store_4,SKU_2,40.28,4,0,0,1,13.71
2022-08-15,Store_4,SKU_2,70.54,8,0,0,1,13.71
2022-08-16,Store_4,SKU_2,74.74,5,0,0,0,13.71
2022-08-17,Store_4,SKU_2,77.87,5,0,0,0,13.71
2022-08-18,Store_4,SKU_2,76.47,7,0,0,0,13.71
2022-08-19,Store_4,SKU_2,80.24,7,0,0,0,13.71
2022-08-20,Store_4,SKU_2,105.08,9,0,0,0,13.71
2022-08-21,Store_4,SKU_2,42.56,4,0,0,0,13.71
2022-08-22,Store_4,SKU_2,79.92,5,0,0,0,13.71
2022-08-23,Store_4,SKU_2,71.46,5,0,0,0,13.71
2022-08-24,Store_4,SKU_2,76.17,9,0,0,0,13.71
2022-08-25,Store_4,SKU_2,71.61,8,0,0,1,13.71
2022-08-26,Store_4,SKU_2,127.68,11,1,0,1,13.71
2022-08-27,Store_4,SKU_2,103.16,9,0,0,0,13.71
2022-08-28,Store_4,SKU_2,46.74,3,0,0,0,13.71
2022-08-29,Store_4,SKU_2,113.47,9,1,0,0,13.71
2022-08-30,Store_4,SKU_2,72.4,7,0,0,0,13.71
2022-08-31,Store_4,SKU_2,71.42,8,0,0,0,13.71
2022-09-01,Store_4,SKU_2,81.14,7,1,0,0,13.71
2022-09-02,Store_4,SKU_2,82.91,5,0,0,0,13.71
2022-09-03,Store_4,SKU_2,74.52,8,0,0,0,13.71
2022-09-04,Store_4,SKU_2,35.09,3,0,0,0,13.71
2022-09-05,Store_4,SKU_2,69.96,7,0,0,0,13.71
2022-09-06,Store_4,SKU_2,71.75,7,0,0,0,13.71
2022-09-07,Store_4,SKU_2,85.83,7,1,0,0,13.71
2022-09-08,Store_4,SKU_2,59.51,5,0,0,0,13.71
2022-09-09,Store_4,SKU_2,70.02,5,0,0,0,13.71
2022-09-10,Store_4,SKU_2,83.67,8,0,0,0,13.71
2022-09-11,Store_4,SKU_2,59.4,6,1,0,0,13.71
2022-09-12,Store_4,SKU_2,68.69,6,0,0,0,13.71
2022-09-13,Store_4,SKU_2,64.32,7,0,0,0,13.71
2022-09-14,Store_4,SKU_2,90.89,10,1,0,0,13.71
2022-09-15,Store_4,SKU_2,66.47,5,0,0,0,13.71
2022-09-16,Store_4,SKU_2,67.96,4,0,0,0,13.71
2022-09-17,Store_4,SKU_2,82.33,7,0,0,0,13.71
2022-09-18,Store_4,SKU_2,40.5,3,0,0,0,13.71
2022-09-19,Store_4,SKU_2,72.57,5,0,0,0,13.71
2022-09-20,Store_4,SKU_2,57.69,6,0,0,0,13.71
2022-09-21,Store_4,SKU_2,55.65,4,0,0,0,13.71
2022-09-22,Store_4,SKU_2,92.59,10,1,0,0,13.71
2022-09-23,Store_4,SKU_2,61.07,6,0,0,0,13.71
2022-09-24,Store_4,SKU_2,117.5,12,1,0,0,13.71
2022-09-25,Store_4,SKU_2,56.71,6,1,0,0,13.71
2022-09-26,Store_4,SKU_2,65.0,5,0,0,0,13.71
2022-09-27,Store_4,SKU_2,64.37,5,0,0,0,13.71
2022-09-28,Store_4,SKU_2,64.23,6,0,0,0,13.71
2022-09-29,Store_4,SKU_2,73.43,8,0,0,0,13.71
2022-09-30,Store_4,SKU_2,61.85,5,0,0,0,13.71
2022-10-01,Store_4,SKU_2,66.69,4,0,0,0,13.71
2022-10-02,Store_4,SKU_2,34.02,2,0,0,0,13.71
2022-10-03,Store_4,SKU_2,64.95,6,0,0,0,13.71
2022-10-04,Store_4,SKU_2,78.13,6,1,0,0,13.71
2022-10-05,Store_4,SKU_2,53.17,3,0,0,0,13.71
2022-10-06,Store_4,SKU_2,51.24,4,0,0,0,13.71
2022-10-07,Store_4,SKU_2,61.44,6,0,0,0,13.71
2022-10-08,Store_4,SKU_2,70.77,6,0,0,0,13.71
2022-10-09,Store_4,SKU_2,40.77,3,0,0,0,13.71
2022-10-10,Store_4,SKU_2,53.64,5,0,0,0,13.71
2022-10-11,Store_4,SKU_2,56.16,5,0,0,0,13.71
2022-10-12,Store_4,SKU_2,51.81,3,0,0,0,13.71
2022-10-13,Store_4,SKU_2,61.6,7,0,0,0,13.71
2022-10-14,Store_4,SKU_2,58.32,4,0,0,0,13.71
2022-10-15,Store_4,SKU_2,92.49,8,1,0,0,13.71
2022-10-16,Store_4,SKU_2,37.68,3,0,0,0,13.71
2022-10-17,Store_4,SKU_2,54.79,4,0,0,0,13.71
2022-10-18,Store_4,SKU_2,81.04,6,1,0,0,13.71
2022-10-19,Store_4,SKU_2,53.54,4,0,0,0,13.71
2022-10-20,Store_4,SKU_2,60.65,4,0,0,0,13.71
2022-10-21,Store_4,SKU_2,66.72,4,0,0,0,13.71
2022-10-22,Store_4,SKU_2,67.38,6,0,0,0,13.71
2022-10-23,Store_4,SKU_2,35.14,4,0,0,0,13.71
2022-10-24,Store_4,SKU_2,64.76,6,0,0,0,13.71
2022-10-25,Store_4,SKU_2,79.23,6,1,0,0,13.71
2022-10-26,Store_4,SKU_2,54.27,5,0,0,0,13.71
2022-10-27,Store_4,SKU_2,65.32,5,0,0,0,13.71
2022-10-28,Store_4,SKU_2,60.51,6,0,0,0,13.71
2022-10-29,Store_4,SKU_2,76.08,5,0,0,0,13.71
2022-10-30,Store_4,SKU_2,36.29,2,0,0,0,13.71
2022-10-31,Store_4,SKU_2,89.71,9,1,0,0,13.71
2022-11-01,Store_4,SKU_2,64.01,6,1,0,0,13.71
2022-11-02,Store_4,SKU_2,49.73,6,0,0,0,13.71
2022-11-03,Store_4,SKU_2,56.52,6,0,0,0,13.71
2022-11-04,Store_4,SKU_2,61.45,6,0,0,0,13.71
2022-11-05,Store_4,SKU_2,67.56,4,0,0,0,13.71
2022-11-06,Store_4,SKU_2,30.63,2,0,0,0,13.71
2022-11-07,Store_4,SKU_2,52.68,5,0,0,0,13.71
2022-11-08,Store_4,SKU_2,53.23,5,0,0,0,13.71
2022-11-09,Store_4,SKU_2,50.12,5,0,0,0,13.71
2022-11-10,Store_4,SKU_2,54.08,4,0,0,0,13.71
2022-11-11,Store_4,SKU_2,50.5,5,0,0,0,13.71
2022-11-12,Store_4,SKU_2,61.23,4,0,0,0,13.71
2022-11-13,Store_4,SKU_2,31.88,2,0,0,0,13.71
2022-11-14,Store_4,SKU_2,55.0,6,0,0,0,13.71
2022-11-15,Store_4,SKU_2,74.5,8,1,0,0,13.71
2022-11-16,Store_4,SKU_2,56.15,5,0,0,0,13.71
2022-11-17,Store_4,SKU_2,49.77,4,0,0,0,13.71
2022-11-18,Store_4,SKU_2,55.75,4,0,0,0,13.71
2022-11-19,Store_4,SKU_2,67.6,6,0,0,0,13.71
2022-11-20,Store_4,SKU_2,29.55,2,0,0,0,13.71
2022-11-21,Store_4,SKU_2,54.79,5,0,0,0,13.71
2022-11-22,Store_4,SKU_2,70.77,5,1,0,0,13.71
2022-11-23,Store_4,SKU_2,55.53,4,0,0,0,13.71
2022-11-24,Store_4,SKU_2,80.57,6,1,0,0,13.71
2022-11-25,Store_4,SKU_2,53.23,4,0,0,0,13.71
2022-11-26,Store_4,SKU_2,57.67,6,0,0,0,13.71
2022-11-27,Store_4,SKU_2,33.0,2,0,0,0,13.71
2022-11-28,Store_4,SKU_2,51.96,5,0,0,0,13.71
2022-11-29,Store_4,SKU_2,53.41,3,0,0,0,13.71
2022-11-30,Store_4,SKU_2,55.02,4,0,0,0,13.71
2022-12-01,Store_4,SKU_2,51.29,4,0,0,0,13.71
2022-12-02,Store_4,SKU_2,59.08,4,0,0,0,13.71
2022-12-03,Store_4,SKU_2,56.45,4,0,0,0,13.71
2022-12-04,Store_4,SKU_2,30.95,2,0,0,0,13.71
2022-12-05,Store_4,SKU_2,45.99,4,0,0,0,13.71
2022-12-06,Store_4,SKU_2,51.37,4,0,0,0,13.71
2022-12-07,Store_4,SKU_2,46.56,3,0,0,0,13.71
2022-12-08,Store_4,SKU_2,43.78,3,0,0,0,13.71
2022-12-09,Store_4,SKU_2,50.16,4,0,0,0,13.71
2022-12-10,Store_4,SKU_2,61.13,4,0,0,0,13.71
2022-12-11,Store_4,SKU_2,31.7,3,0,0,0,13.71
2022-12-12,Store_4,SKU_2,46.59,4,0,0,0,13.71
2022-12-13,Store_4,SKU_2,48.84,5,0,0,0,13.71
2022-12-14,Store_4,SKU_2,70.46,7,1,0,0,13.71
2022-12-15,Store_4,SKU_2,55.51,6,0,0,0,13.71
2022-12-16,Store_4,SKU_2,55.96,5,0,0,0,13.71
2022-12-17,Store_4,SKU_2,93.21,7,1,0,0,13.71
2022-12-18,Store_4,SKU_2,35.27,3,0,0,0,13.71
2022-12-19,Store_4,SKU_2,49.51,4,0,0,0,13.71
2022-12-20,Store_4,SKU_2,43.44,3,0,0,0,13.71
2022-12-21,Store_4,SKU_2,50.76,5,0,0,0,13.71
2022-12-22,Store_4,SKU_2,58.73,4,0,0,0,13.71
2022-12-23,Store_4,SKU_2,58.36,5,0,0,0,13.71
2022-12-24,Store_4,SKU_2,55.89,4,0,0,0,13.71
2022-12-25,Store_4,SKU_2,11.62,0,0,a,0,13.71
2022-12-26,Store_4,SKU_2,18.58,1,0,a,0,13.71
2022-12-27,Store_4,SKU_2,46.99,4,0,0,0,13.71
2022-12-28,Store_4,SKU_2,47.37,3,0,0,0,13.71
2022-12-29,Store_4,SKU_2,54.58,4,0,0,0,13.71
2022-12-30,Store_4,SKU_2,51.52,4,0,0,0,13.71
2022-12-31,Store_4,SKU_2,66.68,6,0,0,0,13.71
2023-01-01,Store_4,SKU_2,13.81,1,0,a,0,13.71
2023-01-02,Store_4,SKU_2,49.81,3,0,0,0,13.71
2023-01-03,Store_4,SKU_2,46.12,3,0,0,0,13.71
2023-01-04,Store_4,SKU_2,43.7,4,0,0,0,13.71
2023-01-05,Store_4,SKU_2,51.42,4,0,0,0,13.71
2023-01-06,Store_4,SKU_2,53.26,4,0,0,0,13.71
2023-01-07,Store_4,SKU_2,67.98,5,0,0,0,13.71
2023-01-08,Store_4,SKU_2,34.53,2,0,0,0,13.71
2023-01-09,Store_4,SKU_2,57.31,5,0,0,0,13.71
2023-01-10,Store_4,SKU_2,48.44,4,0,0,0,13.71
2023-01-11,Store_4,SKU_2,50.39,4,0,0,0,13.71
2023-01-12,Store_4,SKU_2,49.99,4,0,0,0,13.71
2023-01-13,Store_4,SKU_2,53.01,4,0,0,0,13.71
2023-01-14,Store_4,SKU_2,60.84,5,0,0,0,13.71
2023-01-15,Store_4,SKU_2,29.54,2,0,0,0,13.71
2023-01-16,Store_4,SKU_2,53.21,4,0,0,0,13.71
2023-01-17,Store_4,SKU_2,53.62,6,0,0,0,13.71
2023-01-18,Store_4,SKU_2,76.04,6,1,0,0,13.71
2023-01-19,Store_4,SKU_2,54.93,6,0,0,0,13.71
2023-01-20,Store_4,SKU_2,50.72,5,0,0,0,13.71
2023-01-21,Store_4,SKU_2,60.45,5,0,0,0,13.71
2023-01-22,Store_4,SKU_2,46.75,3,1,0,0,13.71
2023-01-23,Store_4,SKU_2,50.14,5,0,0,0,13.71
2023-01-24,Store_4,SKU_2,77.34,8,1,0,0,13.71
2023-01-25,Store_4,SKU_2,49.76,4,0,0,0,13.71
2023-01-26,Store_4,SKU_2,51.75,3,0,0,0,13.71
2023-01-27,Store_4,SKU_2,56.87,5,0,0,0,13.71
2023-01-28,Store_4,SKU_2,62.31,5,0,0,0,13.71
2023-01-29,Store_4,SKU_2,28.75,2,0,0,0,13.71
2023-01-30,Store_4,SKU_2,54.6,4,0,0,0,13.71
2023-01-31,Store_4,SKU_2,49.91,4,0,0,0,13.71
2023-02-01,Store_4,SKU_2,49.66,3,0,0,0,13.71
2023-02-02,Store_4,SKU_2,59.8,6,0,0,0,13.71
2023-02-03,Store_4,SKU_2,67.61,4,0,0,0,13.71
2023-02-04,Store_4,SKU_2,103.84,10,1,0,0,13.71
2023-02-05,Store_4,SKU_2,31.09,3,0,0,0,13.71
2023-02-06,Store_4,SKU_2,51.25,4,0,0,0,13.71
2023-02-07,Store_4,SKU_2,77.81,6,1,0,0,13.71
2023-02-08,Store_4,SKU_2,93.67,6,1,0,0,13.71
2023-02-09,Store_4,SKU_2,82.89,8,1,0,0,13.71
2023-02-10,Store_4,SKU_2,60.77,5,0,0,0,13.71
2023-02-11,Store_4,SKU_2,70.45,7,0,0,0,13.71
2023-02-12,Store_4,SKU_2,30.42,3,0,0,0,13.71
2023-02-13,Store_4,SKU_2,72.65,7,1,0,0,13.71
2023-02-14,Store_4,SKU_2,59.4,4,0,0,0,13.71
2023-02-15,Store_4,SKU_2,54.33,6,0,0,0,13.71
2023-02-16,Store_4,SKU_2,88.61,7,1,0,0,13.71
2023-02-17,Store_4,SKU_2,61.97,6,0,0,0,13.71
2023-02-18,Store_4,SKU_2,65.88,5,0,0,0,13.71
2023-02-19,Store_4,SKU_2,37.89,3,0,0,0,13.71
2023-02-20,Store_4,SKU_2,62.74,7,0,0,0,13.71
2023-02-21,Store_4,SKU_2,57.61,6,0,0,0,13.71
2023-02-22,Store_4,SKU_2,54.57,3,0,0,0,13.71
2023-02-23,Store_4,SKU_2,53.64,4,0,0,0,13.71
2023-02-24,Store_4,SKU_2,62.74,6,0,0,0,13.71
2023-02-25,Store_4,SKU_2,80.06,6,0,0,0,13.71
2023-02-26,Store_4,SKU_2,33.47,4,0,0,0,13.71
2023-02-27,Store_4,SKU_2,92.21,7,1,0,0,13.71
2023-02-28,Store_4,SKU_2,55.71,4,0,0,0,13.71
2023-03-01,Store_4,SKU_2,64.31,4,0,0,0,13.71
2023-03-02,Store_4,SKU_2,99.84,8,1,0,0,13.71
2023-03-03,Store_4,SKU_2,102.99,11,1,0,0,13.71
2023-03-04,Store_4,SKU_2,92.04,6,0,0,0,13.71
2023-03-05,Store_4,SKU_2,41.39,3,0,0,0,13.71
2023-03-06,Store_4,SKU_2,74.74,6,0,0,0,13.71
2023-03-07,Store_4,SKU_2,74.26,7,0,0,0,13.71
2023-03-08,Store_4,SKU_2,70.53,7,0,0,0,13.71
2023-03-09,Store_4,SKU_2,63.26,6,0,0,0,13.71
2023-03-10,Store_4,SKU_2,105.72,12,1,0,0,13.71
2023-03-11,Store_4,SKU_2,80.85,9,0,0,0,13.71
2023-03-12,Store_4,SKU_2,38.91,3,0,0,0,13.71
2023-03-13,Store_4,SKU_2,66.08,5,0,0,0,13.71
2023-03-14,Store_4,SKU_2,72.43,5,0,0,0,13.71
2023-03-15,Store_4,SKU_2,66.01,6,0,0,0,13.71
2023-03-16,Store_4,SKU_2,67.17,5,0,0,0,13.71
2023-03-17,Store_4,SKU_2,76.14,6,0,0,0,13.71
2023-03-18,Store_4,SKU_2,94.32,11,0,0,0,13.71
2023-03-19,Store_4,SKU_2,42.32,3,0,0,0,13.71
2023-03-20,Store_4,SKU_2,65.29,6,0,0,0,13.71
2023-03-21,Store_4,SKU_2,62.23,4,0,0,0,13.71
2023-03-22,Store_4,SKU_2,59.58,5,0,0,0,13.71
2023-03-23,Store_4,SKU_2,68.67,6,0,0,0,13.71
2023-03-24,Store_4,SKU_2,86.7,8,0,0,0,13.71
2023-03-25,Store_4,SKU_2,83.1,8,0,0,0,13.71
2023-03-26,Store_4,SKU_2,41.7,5,0,0,0,13.71
2023-03-27,Store_4,SKU_2,64.6,4,0,0,0,13.71
2023-03-28,Store_4,SKU_2,84.34,9,1,0,0,13.71
2023-03-29,Store_4,SKU_2,64.12,6,0,0,0,13.71
2023-03-30,Store_4,SKU_2,65.53,7,0,0,0,13.71
2023-03-31,Store_4,SKU_2,76.65,6,0,0,0,13.71
2023-04-01,Store_4,SKU_2,97.42,7,0,0,0,13.71
2023-04-02,Store_4,SKU_2,46.6,5,0,0,0,13.71
2023-04-03,Store_4,SKU_2,78.31,7,0,0,0,13.71
2023-04-04,Store_4,SKU_2,68.78,5,0,0,0,13.71
2023-04-05,Store_4,SKU_2,94.41,7,1,0,0,13.71
2023-04-06,Store_4,SKU_2,79.56,5,0,0,0,13.71
2023-04-07,Store_4,SKU_2,85.55,6,0,0,0,13.71
2023-04-08,Store_4,SKU_2,94.15,8,0,0,0,13.71
2023-04-09,Store_4,SKU_2,48.81,4,0,0,0,13.71
2023-04-10,Store_4,SKU_2,84.56,7,0,0,0,13.71
2023-04-11,Store_4,SKU_2,72.08,6,0,0,0,13.71
2023-04-12,Store_4,SKU_2,75.91,6,0,0,0,13.71
2023-04-13,Store_4,SKU_2,97.22,11,1,0,0,13.71
2023-04-14,Store_4,SKU_2,82.85,7,0,0,0,13.71
2023-04-15,Store_4,SKU_2,83.09,8,0,0,0,13.71
2023-04-16,Store_4,SKU_2,47.11,3,0,0,0,13.71
2023-04-17,Store_4,SKU_2,77.99,8,0,0,0,13.71
2023-04-18,Store_4,SKU_2,93.1,6,1,0,0,13.71
2023-04-19,Store_4,SKU_2,81.87,7,0,0,0,13.71
2023-04-20,Store_4,SKU_2,73.08,5,0,0,0,13.71
2023-04-21,Store_4,SKU_2,77.06,6,0,0,0,13.71
2023-04-22,Store_4,SKU_2,93.56,7,0,0,0,13.71
2023-04-23,Store_4,SKU_2,42.73,3,0,0,0,13.71
2023-04-24,Store_4,SKU_2,102.65,8,1,0,0,13.71
2023-04-25,Store_4,SKU_2,97.1,9,1,0,0,13.71
2023-04-26,Store_4,SKU_2,75.2,5,0,0,0,13.71
2023-04-27,Store_4,SKU_2,73.06,6,0,0,0,13.71
2023-04-28,Store_4,SKU_2,85.1,6,0,0,0,13.71
2023-04-29,Store_4,SKU_2,141.79,14,1,0,0,13.71
2023-04-30,Store_4,SKU_2,44.39,3,0,0,0,13.71
2023-05-01,Store_4,SKU_2,89.46,7,0,0,0,13.71
2023-05-02,Store_4,SKU_2,83.65,8,0,0,0,13.71
2023-05-03,Store_4,SKU_2,80.58,9,0,0,0,13.71
2023-05-04,Store_4,SKU_2,80.71,7,0,0,0,13.71
2023-05-05,Store_4,SKU_2,89.89,7,0,0,0,13.71
2023-05-06,Store_4,SKU_2,92.6,6,0,0,0,13.71
2023-05-07,Store_4,SKU_2,75.39,6,1,0,0,13.71
2023-05-08,Store_4,SKU_2,82.69,8,0,0,0,13.71
2023-05-09,Store_4,SKU_2,81.97,6,0,0,0,13.71
2023-05-10,Store_4,SKU_2,78.76,6,0,0,0,13.71
2023-05-11,Store_4,SKU_2,105.17,7,1,0,0,13.71
2023-05-12,Store_4,SKU_2,92.14,7,0,0,0,13.71
2023-05-13,Store_4,SKU_2,149.0,16,1,0,0,13.71
2023-05-14,Store_4,SKU_2,52.9,5,0,0,0,13.71
2023-05-15,Store_4,SKU_2,85.34,6,0,0,0,13.71
2023-05-16,Store_4,SKU_2,74.12,7,0,0,0,13.71
2023-05-17,Store_4,SKU_2,77.13,6,0,0,0,13.71
2023-05-18,Store_4,SKU_2,83.96,6,0,0,0,13.71
2023-05-19,Store_4,SKU_2,97.57,12,0,0,0,13.71
2023-05-20,Store_4,SKU_2,105.74,12,0,0,0,13.71
2023-05-21,Store_4,SKU_2,55.76,4,0,0,0,13.71
2023-05-22,Store_4,SKU_2,78.68,7,0,0,0,13.71
2023-05-23,Store_4,SKU_2,82.04,8,0,0,0,13.71
2023-05-24,Store_4,SKU_2,72.8,7,0,0,0,13.71
2023-05-25,Store_4,SKU_2,88.19,10,0,0,0,13.71
2023-05-26,Store_4,SKU_2,139.27,14,1,0,0,13.71
2023-05-27,Store_4,SKU_2,98.69,8,0,0,0,13.71
2023-05-28,Store_4,SKU_2,71.62,5,1,0,0,13.71
2023-05-29,Store_4,SKU_2,86.67,9,0,0,0,13.71
2023-05-30,Store_4,SKU_2,69.81,7,0,0,0,13.71
2023-05-31,Store_4,SKU_2,67.37,7,0,0,0,13.71
2023-06-01,Store_4,SKU_2,85.63,8,0,0,0,13.71
2023-06-02,Store_4,SKU_2,139.27,14,1,0,0,13.71
2023-06-03,Store_4,SKU_2,109.5,8,0,0,0,13.71
2023-06-04,Store_4,SKU_2,43.66,5,0,0,0,13.71
2023-06-05,Store_4,SKU_2,94.35,9,0,0,0,13.71
2023-06-06,Store_4,SKU_2,85.9,10,0,0,0,13.71
2023-06-07,Store_4,SKU_2,70.31,7,0,0,0,13.71
2023-06-08,Store_4,SKU_2,76.57,6,0,0,0,13.71
2023-06-09,Store_4,SKU_2,85.14,7,0,0,0,13.71
2023-06-10,Store_4,SKU_2,107.44,7,0,0,0,13.71
2023-06-11,Store_4,SKU_2,72.09,6,1,0,0,13.71
2023-06-12,Store_4,SKU_2,76.19,8,0,0,0,13.71
2023-06-13,Store_4,SKU_2,80.77,7,0,0,0,13.71
2023-06-14,Store_4,SKU_2,85.03,8,0,0,0,13.71
2023-06-15,Store_4,SKU_2,98.44,7,0,0,0,13.71
2023-06-16,Store_4,SKU_2,138.17,14,1,0,0,13.71
2023-06-17,Store_4,SKU_2,105.12,9,0,0,0,13.71
2023-06-18,Store_4,SKU_2,48.79,5,0,0,0,13.71
2023-06-19,Store_4,SKU_2,89.21,8,0,0,0,13.71
2023-06-20,Store_4,SKU_2,80.73,5,0,0,0,13.71
2023-06-21,Store_4,SKU_2,74.03,5,0,0,0,13.71
2023-06-22,Store_4,SKU_2,77.44,6,0,0,0,13.71
2023-06-23,Store_4,SKU_2,84.36,8,0,0,0,13.71
2023-06-24,Store_4,SKU_2,142.06,14,1,0,0,13.71
2023-06-25,Store_4,SKU_2,76.55,7,1,0,0,13.71
2023-06-26,Store_4,SKU_2,87.92,9,0,0,0,13.71
2023-06-27,Store_4,SKU_2,82.57,6,0,0,0,13.71
2023-06-28,Store_4,SKU_2,75.58,7,0,0,0,13.71
2023-06-29,Store_4,SKU_2,95.14,6,0,0,0,13.71
2023-06-30,Store_4,SKU_2,154.46,18,1,0,0,13.71
2023-07-01,Store_4,SKU_2,105.22,12,0,0,1,13.71
2023-07-02,Store_4,SKU_2,57.58,4,0,0,0,13.71
2023-07-03,Store_4,SKU_2,66.48,6,0,0,1,13.71
2023-07-04,Store_4,SKU_2,86.19,6,0,0,0,13.71
2023-07-05,Store_4,SKU_2,81.82,6,0,0,0,13.71
2023-07-06,Store_4,SKU_2,114.12,11,1,0,0,13.71
2023-07-07,Store_4,SKU_2,89.73,6,0,0,0,13.71
2023-07-08,Store_4,SKU_2,111.75,10,0,0,1,13.71
2023-07-09,Store_4,SKU_2,50.01,6,0,0,0,13.71
2023-07-10,Store_4,SKU_2,71.49,5,0,0,1,13.71
2023-07-11,Store_4,SKU_2,92.18,9,0,0,0,13.71
2023-07-12,Store_4,SKU_2,82.07,5,0,0,0,13.71
2023-07-13,Store_4,SKU_2,80.68,9,0,0,1,13.71
2023-07-14,Store_4,SKU_2,138.0,12,1,0,1,13.71
2023-07-15,Store_4,SKU_2,109.38,8,0,0,1,13.71
2023-07-16,Store_4,SKU_2,43.5,5,0,0,1,13.71
2023-07-17,Store_4,SKU_2,86.71,8,0,0,0,13.71
2023-07-18,Store_4,SKU_2,78.91,9,0,0,0,13.71
2023-07-19,Store_4,SKU_2,78.09,6,0,0,0,13.71
2023-07-20,Store_4,SKU_2,72.28,6,0,0,1,13.71
2023-07-21,Store_4,SKU_2,99.66,8,0,0,0,13.71
2023-07-22,Store_4,SKU_2,97.76,11,0,0,0,13.71
2023-07-23,Store_4,SKU_2,47.82,4,0,0,1,13.71
2023-07-24,Store_4,SKU_2,78.45,9,0,0,0,13.71
2023-07-25,Store_4,SKU_2,77.1,7,0,0,1,13.71
2023-07-26,Store_4,SKU_2,120.8,11,1,0,1,13.71
2023-07-27,Store_4,SKU_2,73.8,6,0,0,0,13.71
2023-07-28,Store_4,SKU_2,119.05,10,0,0,0,13.71
2023-07-29,Store_4,SKU_2,105.27,10,0,0,1,13.71
2023-07-30,Store_4,SKU_2,52.03,5,0,0,0,13.71
2023-07-31,Store_4,SKU_2,95.55,9,0,0,1,13.71
2023-08-01,Store_4,SKU_2,74.76,7,0,0,0,13.71
2023-08-02,Store_4,SKU_2,75.65,6,0,0,1,13.71
2023-08-03,Store_4,SKU_2,79.97,9,0,0,0,13.71
2023-08-04,Store_4,SKU_2,132.53,12,1,0,1,13.71
2023-08-05,Store_4,SKU_2,92.89,9,0,0,1,13.71
2023-08-06,Store_4,SKU_2,44.57,4,0,0,1,13.71
2023-08-07,Store_4,SKU_2,100.82,7,1,0,1,13.71
2023-08-08,Store_4,SKU_2,76.62,5,0,0,0,13.71
2023-08-09,Store_4,SKU_2,79.32,5,0,0,0,13.71
2023-08-10,Store_4,SKU_2,85.91,7,0,0,1,13.71
2023-08-11,Store_4,SKU_2,94.33,7,0,0,0,13.71
2023-08-12,Store_4,SKU_2,116.51,10,0,0,0,13.71
2023-08-13,Store_4,SKU_2,50.03,3,0,0,0,13.71
2023-08-14,Store_4,SKU_2,64.33,7,0,0,0,13.71
2023-08-15,Store_4,SKU_2,81.58,6,0,0,1,13.71
2023-08-16,Store_4,SKU_2,71.61,6,0,0,1,13.71
2023-08-17,Store_4,SKU_2,74.15,7,0,0,1,13.71
2023-08-18,Store_4,SKU_2,136.09,13,1,0,0,13.71
2023-08-19,Store_4,SKU_2,99.81,10,0,0,0,13.71
2023-08-20,Store_4,SKU_2,54.1,4,0,0,1,13.71
2023-08-21,Store_4,SKU_2,90.43,8,0,0,1,13.71
2023-08-22,Store_4,SKU_2,72.62,6,0,0,1,13.71
2023-08-23,Store_4,SKU_2,64.71,5,0,0,0,13.71
2023-08-24,Store_4,SKU_2,76.64,6,0,0,0,13.71
2023-08-25,Store_4,SKU_2,87.79,10,0,0,0,13.71
2023-08-26,Store_4,SKU_2,153.3,11,1,0,0,13.71
2023-08-27,Store_4,SKU_2,40.07,3,0,0,0,13.71
2023-08-28,Store_4,SKU_2,86.61,9,0,0,1,13.71
2023-08-29,Store_4,SKU_2,79.15,7,0,0,1,13.71
2023-08-30,Store_4,SKU_2,81.26,6,0,0,0,13.71
2023-08-31,Store_4,SKU_2,80.29,6,0,0,0,13.71
2023-09-01,Store_4,SKU_2,103.08,8,1,0,0,13.71
2023-09-02,Store_4,SKU_2,88.03,9,0,0,0,13.71
2023-09-03,Store_4,SKU_2,53.4,5,1,0,0,13.71
2023-09-04,Store_4,SKU_2,73.36,8,0,0,0,13.71
2023-09-05,Store_4,SKU_2,84.9,7,1,0,0,13.71
2023-09-06,Store_4,SKU_2,59.93,6,0,0,0,13.71
2023-09-07,Store_4,SKU_2,66.61,6,0,0,0,13.71
2023-09-08,Store_4,SKU_2,81.66,10,0,0,0,13.71
2023-09-09,Store_4,SKU_2,87.58,8,0,0,0,13.71
2023-09-10,Store_4,SKU_2,34.13,3,0,0,0,13.71
2023-09-11,Store_4,SKU_2,73.45,8,0,0,0,13.71
2023-09-12,Store_4,SKU_2,74.85,6,0,0,0,13.71
2023-09-13,Store_4,SKU_2,100.11,10,1,0,0,13.71
2023-09-14,Store_4,SKU_2,111.63,8,1,0,0,13.71
2023-09-15,Store_4,SKU_2,120.48,12,1,0,0,13.71
2023-09-16,Store_4,SKU_2,97.34,10,0,0,0,13.71
2023-09-17,Store_4,SKU_2,42.17,3,0,0,0,13.71
2023-09-18,Store_4,SKU_2,70.27,5,0,0,0,13.71
2023-09-19,Store_4,SKU_2,61.75,4,0,0,0,13.71
2023-09-20,Store_4,SKU_2,74.92,7,0,0,0,13.71
2023-09-21,Store_4,SKU_2,72.98,8,0,0,0,13.71
2023-09-22,Store_4,SKU_2,72.58,5,0,0,0,13.71
2023-09-23,Store_4,SKU_2,90.27,7,0,0,0,13.71
2023-09-24,Store_4,SKU_2,40.95,3,0,0,0,13.71
2023-09-25,Store_4,SKU_2,73.7,7,0,0,0,13.71
2023-09-26,Store_4,SKU_2,65.95,5,0,0,0,13.71
2023-09-27,Store_4,SKU_2,63.18,7,0,0,0,13.71
2023-09-28,Store_4,SKU_2,63.34,6,0,0,0,13.71
2023-09-29,Store_4,SKU_2,82.36,8,0,0,0,13.71
2023-09-30,Store_4,SKU_2,97.07,9,0,0,0,13.71
2023-10-01,Store_4,SKU_2,41.11,4,0,0,0,13.71
2023-10-02,Store_4,SKU_2,65.66,5,0,0,0,13.71
2023-10-03,Store_4,SKU_2,55.19,5,0,0,0,13.71
2023-10-04,Store_4,SKU_2,78.25,6,1,0,0,13.71
2023-10-05,Store_4,SKU_2,52.69,4,0,0,0,13.71
2023-10-06,Store_4,SKU_2,76.6,6,0,0,0,13.71
2023-10-07,Store_4,SKU_2,70.48,5,0,0,0,13.71
2023-10-08,Store_4,SKU_2,38.86,3,0,0,0,13.71
2023-10-09,Store_4,SKU_2,64.46,7,0,0,0,13.71
2023-10-10,Store_4,SKU_2,59.49,4,0,0,0,13.71
2023-10-11,Store_4,SKU_2,55.58,4,0,0,0,13.71
2023-10-12,Store_4,SKU_2,60.81,6,0,0,0,13.71
2023-10-13,Store_4,SKU_2,67.76,6,0,0,0,13.71
2023-10-14,Store_4,SKU_2,74.54,8,0,0,0,13.71
2023-10-15,Store_4,SKU_2,49.06,4,1,0,0,13.71
2023-10-16,Store_4,SKU_2,63.26,6,0,0,0,13.71
2023-10-17,Store_4,SKU_2,57.01,6,0,0,0,13.71
2023-10-18,Store_4,SKU_2,63.0,5,0,0,0,13.71
2023-10-19,Store_4,SKU_2,58.35,5,0,0,0,13.71
2023-10-20,Store_4,SKU_2,100.58,8,1,0,0,13.71
2023-10-21,Store_4,SKU_2,92.54,8,0,0,0,13.71
2023-10-22,Store_4,SKU_2,41.57,3,0,0,0,13.71
2023-10-23,Store_4,SKU_2,53.61,4,0,0,0,13.71
2023-10-24,Store_4,SKU_2,83.16,9,1,0,0,13.71
2023-10-25,Store_4,SKU_2,62.7,5,0,0,0,13.71
2023-10-26,Store_4,SKU_2,69.77,8,1,0,0,13.71
2023-10-27,Store_4,SKU_2,72.31,8,0,0,0,13.71
2023-10-28,Store_4,SKU_2,77.65,6,0,0,0,13.71
2023-10-29,Store_4,SKU_2,34.55,2,0,0,0,13.71
2023-10-30,Store_4,SKU_2,53.89,4,0,0,0,13.71
2023-10-31,Store_4,SKU_2,58.55,7,0,0,0,13.71
2023-11-01,Store_4,SKU_2,53.65,5,0,0,0,13.71
2023-11-02,Store_4,SKU_2,74.38,6,1,0,0,13.71
2023-11-03,Store_4,SKU_2,56.79,4,0,0,0,13.71
2023-11-04,Store_4,SKU_2,61.9,6,0,0,0,13.71
2023-11-05,Store_4,SKU_2,27.3,1,0,0,0,13.71
2023-11-06,Store_4,SKU_2,53.45,4,0,0,0,13.71
2023-11-07,Store_4,SKU_2,70.61,6,1,0,0,13.71
2023-11-08,Store_4,SKU_2,54.59,4,0,0,0,13.71
2023-11-09,Store_4,SKU_2,51.59,5,0,0,0,13.71
2023-11-10,Store_4,SKU_2,60.03,7,0,0,0,13.71
2023-11-11,Store_4,SKU_2,71.23,7,0,0,0,13.71
2023-11-12,Store_4,SKU_2,32.38,3,0,0,0,13.71
2023-11-13,Store_4,SKU_2,54.37,4,0,0,0,13.71
2023-11-14,Store_4,SKU_2,53.21,5,0,0,0,13.71
2023-11-15,Store_4,SKU_2,56.63,4,0,0,0,13.71
2023-11-16,Store_4,SKU_2,64.9,6,0,0,0,13.71
2023-11-17,Store_4,SKU_2,67.42,7,0,0,0,13.71
2023-11-18,Store_4,SKU_2,68.75,5,0,0,0,13.71
2023-11-19,Store_4,SKU_2,31.98,2,0,0,0,13.71
2023-11-20,Store_4,SKU_2,78.49,5,1,0,0,13.71
2023-11-21,Store_4,SKU_2,56.19,5,0,0,0,13.71
2023-11-22,Store_4,SKU_2,48.35,3,0,0,0,13.71
2023-11-23,Store_4,SKU_2,54.74,4,0,0,0,13.71
2023-11-24,Store_4,SKU_2,68.3,8,0,0,0,13.71
2023-11-25,Store_4,SKU_2,73.24,5,0,0,0,13.71
2023-11-26,Store_4,SKU_2,31.76,2,0,0,0,13.71
2023-11-27,Store_4,SKU_2,50.44,3,0,0,0,13.71
2023-11-28,Store_4,SKU_2,76.8,8,1,0,0,13.71
2023-11-29,Store_4,SKU_2,59.71,6,0,0,0,13.71
2023-11-30,Store_4,SKU_2,56.11,4,0,0,0,13.71
2023-12-01,Store_4,SKU_2,58.07,6,0,0,0,13.71
2023-12-02,Store_4,SKU_2,71.77,5,0,0,0,13.71
2023-12-03,Store_4,SKU_2,35.67,3,0,0,0,13.71
2023-12-04,Store_4,SKU_2,67.03,7,1,0,0,13.71
2023-12-05,Store_4,SKU_2,48.78,4,0,0,0,13.71
2023-12-06,Store_4,SKU_2,58.9,4,0,0,0,13.71
2023-12-07,Store_4,SKU_2,74.46,5,1,0,0,13.71
2023-12-08,Store_4,SKU_2,51.22,3,0,0,0,13.71
2023-12-09,Store_4,SKU_2,71.79,7,0,0,0,13.71
2023-12-10,Store_4,SKU_2,32.2,2,0,0,0,13.71
2023-12-11,Store_4,SKU_2,53.39,3,0,0,0,13.71
2023-12-12,Store_4,SKU_2,53.46,4,0,0,0,13.71
2023-12-13,Store_4,SKU_2,70.53,8,1,0,0,13.71
2023-12-14,Store_4,SKU_2,54.53,5,0,0,0,13.71
2023-12-15,Store_4,SKU_2,63.41,7,0,0,0,13.71
2023-12-16,Store_4,SKU_2,62.31,4,0,0,0,13.71
2023-12-17,Store_4,SKU_2,30.61,2,0,0,0,13.71
2023-12-18,Store_4,SKU_2,75.32,5,1,0,0,13.71
2023-12-19,Store_4,SKU_2,46.86,4,0,0,0,13.71
2023-12-20,Store_4,SKU_2,78.61,5,1,0,0,13.71
2023-12-21,Store_4,SKU_2,53.66,5,0,0,0,13.71
2023-12-22,Store_4,SKU_2,52.17,4,0,0,0,13.71
2023-12-23,Store_4,SKU_2,62.58,5,0,0,0,13.71
2023-12-24,Store_4,SKU_2,29.97,2,0,0,0,13.71
2023-12-25,Store_4,SKU_2,23.2,1,0,a,0,13.71
2023-12-26,Store_4,SKU_2,23.74,1,0,a,0,13.71
2023-12-27,Store_4,SKU_2,44.46,3,0,0,0,13.71
2023-12-28,Store_4,SKU_2,59.11,4,0,0,0,13.71
2023-12-29,Store_4,SKU_2,59.99,5,0,0,0,13.71
2023-12-30,Store_4,SKU_2,68.35,5,0,0,0,13.71
2023-12-31,Store_4,SKU_2,33.65,3,0,0,0,13.71
2024-01-01,Store_4,SKU_2,22.3,2,0,a,0,13.71
2024-01-02,Store_4,SKU_2,51.26,5,0,0,0,13.71
2024-01-03,Store_4,SKU_2,54.78,6,0,0,0,13.71
2024-01-04,Store_4,SKU_2,64.48,4,0,0,0,13.71
2024-01-05,Store_4,SKU_2,57.51,6,0,0,0,13.71
2024-01-06,Store_4,SKU_2,69.1,6,0,0,0,13.71
2024-01-07,Store_4,SKU_2,32.79,3,0,0,0,13.71
2024-01-08,Store_4,SKU_2,75.95,5,1,0,0,13.71
2024-01-09,Store_4,SKU_2,58.44,5,0,0,0,13.71
2024-01-10,Store_4,SKU_2,57.28,5,0,0,0,13.71
2024-01-11,Store_4,SKU_2,75.92,5,1,0,0,13.71
2024-01-12,Store_4,SKU_2,58.65,4,0,0,0,13.71
2024-01-13,Store_4,SKU_2,62.9,7,0,0,0,13.71
2024-01-14,Store_4,SKU_2,32.68,3,0,0,0,13.71
2024-01-15,Store_4,SKU_2,55.63,4,0,0,0,13.71
2024-01-16,Store_4,SKU_2,54.94,5,0,0,0,13.71
2024-01-17,Store_4,SKU_2,50.46,6,0,0,0,13.71
2024-01-18,Store_4,SKU_2,51.71,5,0,0,0,13.71
2024-01-19,Store_4,SKU_2,56.45,4,0,0,0,13.71
2024-01-20,Store_4,SKU_2,61.81,4,0,0,0,13.71
2024-01-21,Store_4,SKU_2,32.47,3,0,0,0,13.71
2024-01-22,Store_4,SKU_2,57.91,6,0,0,0,13.71
2024-01-23,Store_4,SKU_2,52.31,5,0,0,0,13.71
2024-01-24,Store_4,SKU_2,63.32,7,0,0,0,13.71
2024-01-25,Store_4,SKU_2,66.68,4,0,0,0,13.71
2024-01-26,Store_4,SKU_2,94.78,9,1,0,0,13.71
2024-01-27,Store_4,SKU_2,75.22,8,0,0,0,13.71
2024-01-28,Store_4,SKU_2,33.38,3,0,0,0,13.71
2024-01-29,Store_4,SKU_2,57.13,5,0,0,0,13.71
2024-01-30,Store_4,SKU_2,47.34,5,0,0,0,13.71
2024-01-31,Store_4,SKU_2,74.7,5,1,0,0,13.71
2024-02-01,Store_4,SKU_2,68.14,6,0,0,0,13.71
2024-02-02,Store_4,SKU_2,76.01,6,0,0,0,13.71
2024-02-03,Store_4,SKU_2,81.89,6,0,0,0,13.71
2024-02-04,Store_4,SKU_2,40.12,4,0,0,0,13.71
2024-02-05,Store_4,SKU_2,109.82,8,1,0,0,13.71
2024-02-06,Store_4,SKU_2,57.46,6,0,0,0,13.71
2024-02-07,Store_4,SKU_2,77.73,5,1,0,0,13.71
2024-02-08,Store_4,SKU_2,72.39,7,0,0,0,13.71
2024-02-09,Store_4,SKU_2,69.18,6,0,0,0,13.71
2024-02-10,Store_4,SKU_2,77.83,8,0,0,0,13.71
2024-02-11,Store_4,SKU_2,50.59,3,1,0,0,13.71
2024-02-12,Store_4,SKU_2,64.2,7,0,0,0,13.71
2024-02-13,Store_4,SKU_2,56.5,5,0,0,0,13.71
2024-02-14,Store_4,SKU_2,63.92,5,0,0,0,13.71
2024-02-15,Store_4,SKU_2,68.63,5,0,0,0,13.71
2024-02-16,Store_4,SKU_2,74.1,6,0,0,0,13.71
2024-02-17,Store_4,SKU_2,72.11,5,0,0,0,13.71
2024-02-18,Store_4,SKU_2,41.31,3,0,0,0,13.71
2024-02-19,Store_4,SKU_2,100.79,7,1,0,0,13.71
2024-02-20,Store_4,SKU_2,54.27,6,0,0,0,13.71
2024-02-21,Store_4,SKU_2,53.5,4,0,0,0,13.71
2024-02-22,Store_4,SKU_2,63.6,7,0,0,0,13.71
2024-02-23,Store_4,SKU_2,79.01,8,0,0,0,13.71
2024-02-24,Store_4,SKU_2,73.05,7,0,0,0,13.71
2024-02-25,Store_4,SKU_2,51.23,4,1,0,0,13.71
2024-02-26,Store_4,SKU_2,68.66,8,0,0,0,13.71
2024-02-27,Store_4,SKU_2,91.57,6,1,0,0,13.71
2024-02-28,Store_4,SKU_2,56.16,5,0,0,0,13.71
2024-02-29,Store_4,SKU_2,56.59,4,0,0,0,13.71
2024-03-01,Store_4,SKU_2,71.78,5,0,0,0,13.71
2024-03-02,Store_4,SKU_2,76.84,8,0,0,0,13.71
2024-03-03,Store_4,SKU_2,37.42,3,0,0,0,13.71
2024-03-04,Store_4,SKU_2,73.48,5,0,0,0,13.71
2024-03-05,Store_4,SKU_2,68.74,7,0,0,0,13.71
2024-03-06,Store_4,SKU_2,77.95,6,0,0,0,13.71
2024-03-07,Store_4,SKU_2,72.02,5,0,0,0,13.71
2024-03-08,Store_4,SKU_2,113.99,11,1,0,0,13.71
2024-03-09,Store_4,SKU_2,97.3,7,0,0,0,13.71
2024-03-10,Store_4,SKU_2,44.02,5,0,0,0,13.71
2024-03-11,Store_4,SKU_2,66.73,5,0,0,0,13.71
2024-03-12,Store_4,SKU_2,68.26,6,0,0,0,13.71
2024-03-13,Store_4,SKU_2,71.83,7,0,0,0,13.71
2024-03-14,Store_4,SKU_2,101.17,9,1,0,0,13.71
2024-03-15,Store_4,SKU_2,92.8,6,0,0,0,13.71
2024-03-16,Store_4,SKU_2,85.92,7,0,0,0,13.71
2024-03-17,Store_4,SKU_2,41.11,3,0,0,0,13.71
2024-03-18,Store_4,SKU_2,67.83,5,0,0,0,13.71
2024-03-19,Store_4,SKU_2,71.28,8,0,0,0,13.71
2024-03-20,Store_4,SKU_2,69.69,6,0,0,0,13.71
2024-03-21,Store_4,SKU_2,68.13,6,0,0,0,13.71
2024-03-22,Store_4,SKU_2,86.66,7,0,0,0,13.71
2024-03-23,Store_4,SKU_2,97.75,9,0,0,0,13.71
2024-03-24,Store_4,SKU_2,55.92,4,1,0,0,13.71
2024-03-25,Store_4,SKU_2,85.66,8,0,0,0,13.71
2024-03-26,Store_4,SKU_2,66.5,6,0,0,0,13.71
2024-03-27,Store_4,SKU_2,70.36,6,0,0,0,13.71
2024-03-28,Store_4,SKU_2,74.51,8,0,0,0,13.71
2024-03-29,Store_4,SKU_2,91.31,10,0,0,0,13.71
2024-03-30,Store_4,SKU_2,82.54,6,0,0,0,13.71
2024-03-31,Store_4,SKU_2,41.81,4,0,0,0,13.71
2024-04-01,Store_4,SKU_2,118.91,9,1,0,0,13.71
2024-04-02,Store_4,SKU_2,86.32,7,0,0,0,13.71
2024-04-03,Store_4,SKU_2,117.86,8,1,0,0,13.71
2024-04-04,Store_4,SKU_2,107.04,8,1,0,0,13.71
2024-04-05,Store_4,SKU_2,108.52,11,0,0,0,13.71
2024-04-06,Store_4,SKU_2,101.11,8,0,0,0,13.71
2024-04-07,Store_4,SKU_2,53.61,5,0,0,0,13.71
2024-04-08,Store_4,SKU_2,78.3,8,0,0,0,13.71
2024-04-09,Store_4,SKU_2,83.63,6,0,0,0,13.71
2024-04-10,Store_4,SKU_2,81.8,6,0,0,0,13.71
2024-04-11,Store_4,SKU_2,89.02,7,0,0,0,13.71
2024-04-12,Store_4,SKU_2,85.64,7,0,0,0,13.71
2024-04-13,Store_4,SKU_2,104.38,12,0,0,0,13.71
2024-04-14,Store_4,SKU_2,52.37,3,0,0,0,13.71
2024-04-15,Store_4,SKU_2,106.29,10,1,0,0,13.71
2024-04-16,Store_4,SKU_2,78.14,5,0,0,0,13.71
2024-04-17,Store_4,SKU_2,72.71,8,0,0,0,13.71
2024-04-18,Store_4,SKU_2,114.06,12,1,0,0,13.71
2024-04-19,Store_4,SKU_2,93.24,10,0,0,0,13.71
2024-04-20,Store_4,SKU_2,91.45,7,0,0,0,13.71
2024-04-21,Store_4,SKU_2,53.26,4,0,0,0,13.71
2024-04-22,Store_4,SKU_2,115.82,10,1,0,0,13.71
2024-04-23,Store_4,SKU_2,80.36,8,0,0,0,13.71
2024-04-24,Store_4,SKU_2,87.92,9,0,0,0,13.71
2024-04-25,Store_4,SKU_2,95.11,7,0,0,0,13.71
2024-04-26,Store_4,SKU_2,89.12,10,0,0,0,13.71
2024-04-27,Store_4,SKU_2,115.51,10,0,0,0,13.71
2024-04-28,Store_4,SKU_2,52.79,4,0,0,0,13.71
2024-04-29,Store_4,SKU_2,83.44,9,0,0,0,13.71
2024-04-30,Store_4,SKU_2,76.79,7,0,0,0,13.71
2024-05-01,Store_4,SKU_2,97.24,11,0,0,0,13.71
2024-05-02,Store_4,SKU_2,82.45,7,0,0,0,13.71
2024-05-03,Store_4,SKU_2,100.18,9,0,0,0,13.71
2024-05-04,Store_4,SKU_2,102.47,7,0,0,0,13.71
2024-05-05,Store_4,SKU_2,74.29,5,1,0,0,13.71
2024-05-06,Store_4,SKU_2,105.11,8,0,0,0,13.71
2024-05-07,Store_4,SKU_2,86.76,7,0,0,0,13.71
2024-05-08,Store_4,SKU_2,93.79,10,0,0,0,13.71
2024-05-09,Store_4,SKU_2,92.18,7,0,0,0,13.71
2024-05-10,Store_4,SKU_2,97.12,7,0,0,0,13.71
2024-05-11,Store_4,SKU_2,108.9,8,0,0,0,13.71
2024-05-12,Store_4,SKU_2,79.65,7,1,0,0,13.71
2024-05-13,Store_4,SKU_2,93.34,8,0,0,0,13.71
2024-05-14,Store_4,SKU_2,88.52,7,0,0,0,13.71
2024-05-15,Store_4,SKU_2,80.05,6,0,0,0,13.71
2024-05-16,Store_4,SKU_2,91.9,9,0,0,0,13.71
2024-05-17,Store_4,SKU_2,143.33,11,1,0,0,13.71
2024-05-18,Store_4,SKU_2,119.18,14,0,0,0,13.71
2024-05-19,Store_4,SKU_2,55.58,5,0,0,0,13.71
2024-05-20,Store_4,SKU_2,98.46,8,0,0,0,13.71
2024-05-21,Store_4,SKU_2,80.05,8,0,0,0,13.71
2024-05-22,Store_4,SKU_2,88.85,9,0,0,0,13.71
2024-05-23,Store_4,SKU_2,91.89,7,0,0,0,13.71
2024-05-24,Store_4,SKU_2,86.24,7,0,0,0,13.71
2024-05-25,Store_4,SKU_2,120.71,14,0,0,0,13.71
2024-05-26,Store_4,SKU_2,79.53,7,1,0,0,13.71
2024-05-27,Store_4,SKU_2,84.98,7,0,0,0,13.71
2024-05-28,Store_4,SKU_2,80.42,8,0,0,0,13.71
2024-05-29,Store_4,SKU_2,102.27,12,1,0,0,13.71
2024-05-30,Store_4,SKU_2,90.26,9,0,0,0,13.71
2024-05-31,Store_4,SKU_2,96.45,8,0,0,0,13.71
2024-06-01,Store_4,SKU_2,113.76,13,0,0,0,13.71
2024-06-02,Store_4,SKU_2,45.42,3,0,0,0,13.71
2024-06-03,Store_4,SKU_2,86.82,7,0,0,0,13.71
2024-06-04,Store_4,SKU_2,86.11,7,0,0,0,13.71
2024-06-05,Store_4,SKU_2,94.9,8,0,0,0,13.71
2024-06-06,Store_4,SKU_2,85.28,8,0,0,0,13.71
2024-06-07,Store_4,SKU_2,100.49,8,0,0,0,13.71
2024-06-08,Store_4,SKU_2,105.82,12,0,0,0,13.71
2024-06-09,Store_4,SKU_2,49.52,3,0,0,0,13.71
2024-06-10,Store_4,SKU_2,93.16,11,0,0,0,13.71
2024-06-11,Store_4,SKU_2,88.86,9,1,0,0,13.71
2024-06-12,Store_4,SKU_2,86.0,6,0,0,0,13.71
2024-06-13,Store_4,SKU_2,86.28,9,0,0,0,13.71
2024-06-14,Store_4,SKU_2,106.89,8,0,0,0,13.71
2024-06-15,Store_4,SKU_2,123.74,12,0,0,0,13.71
2024-06-16,Store_4,SKU_2,42.73,3,0,0,0,13.71
2024-06-17,Store_4,SKU_2,123.46,10,1,0,0,13.71
2024-06-18,Store_4,SKU_2,127.2,11,1,0,0,13.71
2024-06-19,Store_4,SKU_2,79.52,6,0,0,0,13.71
2024-06-20,Store_4,SKU_2,89.24,8,0,0,0,13.71
2024-06-21,Store_4,SKU_2,91.98,9,0,0,0,13.71
2024-06-22,Store_4,SKU_2,109.71,8,0,0,0,13.71
2024-06-23,Store_4,SKU_2,56.43,5,0,0,0,13.71
2024-06-24,Store_4,SKU_2,97.67,8,0,0,0,13.71
2024-06-25,Store_4,SKU_2,75.77,6,0,0,0,13.71
2024-06-26,Store_4,SKU_2,85.86,6,0,0,0,13.71
2024-06-27,Store_4,SKU_2,94.01,9,0,0,0,13.71
2024-06-28,Store_4,SKU_2,101.52,11,0,0,0,13.71
2024-06-29,Store_4,SKU_2,95.97,7,0,0,0,13.71
2024-06-30,Store_4,SKU_2,55.02,4,0,0,0,13.71
2024-07-01,Store_4,SKU_2,77.43,8,0,0,1,13.71
2024-07-02,Store_4,SKU_2,99.02,8,0,0,0,13.71
2024-07-03,Store_4,SKU_2,137.07,13,1,0,0,13.71
2024-07-04,Store_4,SKU_2,98.4,8,0,0,0,13.71
2024-07-05,Store_4,SKU_2,95.94,8,0,0,1,13.71
2024-07-06,Store_4,SKU_2,178.39,19,1,0,0,13.71
2024-07-07,Store_4,SKU_2,41.96,5,0,0,0,13.71
2024-07-08,Store_4,SKU_2,82.52,7,0,0,1,13.71
2024-07-09,Store_4,SKU_2,96.58,7,0,0,0,13.71
2024-07-10,Store_4,SKU_2,80.2,6,0,0,0,13.71
2024-07-11,Store_4,SKU_2,90.06,8,0,0,0,13.71
2024-07-12,Store_4,SKU_2,98.82,7,0,0,1,13.71
2024-07-13,Store_4,SKU_2,109.65,8,0,0,1,13.71
2024-07-14,Store_4,SKU_2,48.21,5,0,0,0,13.71
2024-07-15,Store_4,SKU_2,82.65,8,0,0,1,13.71
2024-07-16,Store_4,SKU_2,84.01,6,0,0,0,13.71
2024-07-17,Store_4,SKU_2,87.94,6,0,0,0,13.71
2024-07-18,Store_4,SKU_2,91.29,7,0,0,0,13.71
2024-07-19,Store_4,SKU_2,96.27,9,0,0,1,13.71
2024-07-20,Store_4,SKU_2,113.89,8,0,0,0,13.71
2024-07-21,Store_4,SKU_2,69.97,6,1,0,0,13.71
2024-07-22,Store_4,SKU_2,73.05,8,0,0,0,13.71
2024-07-23,Store_4,SKU_2,79.0,6,0,0,1,13.71
2024-07-24,Store_4,SKU_2,89.29,9,0,0,1,13.71
2024-07-25,Store_4,SKU_2,94.61,7,0,0,1,13.71
2024-07-26,Store_4,SKU_2,105.12,8,0,0,1,13.71
2024-07-27,Store_4,SKU_2,115.18,9,0,0,1,13.71
2024-07-28,Store_4,SKU_2,68.08,6,1,0,1,13.71
2024-07-29,Store_4,SKU_2,77.99,7,0,0,0,13.71
2024-07-30,Store_4,SKU_2,75.12,7,0,0,1,13.71
2024-07-31,Store_4,SKU_2,78.63,7,0,0,0,13.71
2024-08-01,Store_4,SKU_2,92.31,7,0,0,0,13.71
2024-08-02,Store_4,SKU_2,73.25,5,0,0,1,13.71
2024-08-03,Store_4,SKU_2,97.98,10,0,0,1,13.71
2024-08-04,Store_4,SKU_2,55.51,4,0,0,0,13.71
2024-08-05,Store_4,SKU_2,139.32,17,1,0,0,13.71
2024-08-06,Store_4,SKU_2,85.87,6,0,0,0,13.71
2024-08-07,Store_4,SKU_2,68.52,7,0,0,1,13.71
2024-08-08,Store_4,SKU_2,85.34,6,0,0,0,13.71
2024-08-09,Store_4,SKU_2,97.57,8,0,0,1,13.71
2024-08-10,Store_4,SKU_2,104.34,9,0,0,1,13.71
2024-08-11,Store_4,SKU_2,49.59,5,0,0,1,13.71
2024-08-12,Store_4,SKU_2,82.83,6,0,0,0,13.71
2024-08-13,Store_4,SKU_2,91.01,6,0,0,0,13.71
2024-08-14,Store_4,SKU_2,77.02,8,0,0,1,13.71
2024-08-15,Store_4,SKU_2,85.7,7,0,0,0,13.71
2024-08-16,Store_4,SKU_2,91.8,7,0,0,0,13.71
2024-08-17,Store_4,SKU_2,107.22,9,0,0,1,13.71
2024-08-18,Store_4,SKU_2,48.77,5,0,0,1,13.71
2024-08-19,Store_4,SKU_2,95.54,6,0,0,0,13.71
2024-08-20,Store_4,SKU_2,99.06,7,0,0,0,13.71
2024-08-21,Store_4,SKU_2,77.46,6,0,0,1,13.71
2024-08-22,Store_4,SKU_2,88.47,7,0,0,0,13.71
2024-08-23,Store_4,SKU_2,90.71,10,0,0,0,13.71
2024-08-24,Store_4,SKU_2,110.22,10,0,0,0,13.71
2024-08-25,Store_4,SKU_2,46.97,3,0,0,0,13.71
2024-08-26,Store_4,SKU_2,100.41,7,0,0,1,13.71
2024-08-27,Store_4,SKU_2,80.87,8,0,0,1,13.71
2024-08-28,Store_4,SKU_2,73.52,7,0,0,0,13.71
2024-08-29,Store_4,SKU_2,74.52,7,0,0,0,13.71
2024-08-30,Store_4,SKU_2,86.11,7,0,0,1,13.71
2024-08-31,Store_4,SKU_2,108.43,12,0,0,0,13.71
2024-09-01,Store_4,SKU_2,46.14,4,0,0,0,13.71
2024-09-02,Store_4,SKU_2,68.83,6,0,0,0,13.71
2024-09-03,Store_4,SKU_2,65.9,4,0,0,0,13.71
2024-09-04,Store_4,SKU_2,68.47,6,0,0,0,13.71
2024-09-05,Store_4,SKU_2,82.14,7,0,0,0,13.71
2024-09-06,Store_4,SKU_2,84.67,9,0,0,0,13.71
2024-09-07,Store_4,SKU_2,89.54,10,0,0,0,13.71
2024-09-08,Store_4,SKU_2,41.93,3,0,0,0,13.71
2024-09-09,Store_4,SKU_2,74.89,6,0,0,0,13.71
2024-09-10,Store_4,SKU_2,77.35,6,0,0,0,13.71
2024-09-11,Store_4,SKU_2,60.56,6,0,0,0,13.71
2024-09-12,Store_4,SKU_2,82.85,7,0,0,0,13.71
2024-09-13,Store_4,SKU_2,118.08,10,1,0,0,13.71
2024-09-14,Store_4,SKU_2,87.27,9,0,0,0,13.71
2024-09-15,Store_4,SKU_2,64.38,5,1,0,0,13.71
2024-09-16,Store_4,SKU_2,77.5,6,0,0,0,13.71
2024-09-17,Store_4,SKU_2,66.44,4,0,0,0,13.71
2024-09-18,Store_4,SKU_2,68.0,7,0,0,0,13.71
2024-09-19,Store_4,SKU_2,72.08,8,0,0,0,13.71
2024-09-20,Store_4,SKU_2,81.94,5,0,0,0,13.71
2024-09-21,Store_4,SKU_2,94.53,6,0,0,0,13.71
2024-09-22,Store_4,SKU_2,48.88,4,0,0,0,13.71
2024-09-23,Store_4,SKU_2,69.41,5,0,0,0,13.71
2024-09-24,Store_4,SKU_2,75.47,5,0,0,0,13.71
2024-09-25,Store_4,SKU_2,91.45,9,1,0,0,13.71
2024-09-26,Store_4,SKU_2,67.63,5,0,0,0,13.71
2024-09-27,Store_4,SKU_2,78.9,9,0,0,0,13.71
2024-09-28,Store_4,SKU_2,146.21,14,1,0,0,13.71
2024-09-29,Store_4,SKU_2,42.42,3,0,0,0,13.71
2024-09-30,Store_4,SKU_2,66.81,6,0,0,0,13.71
2024-10-01,Store_4,SKU_2,63.67,4,0,0,0,13.71
2024-10-02,Store_4,SKU_2,73.58,5,0,0,0,13.71
2024-10-03,Store_4,SKU_2,62.85,5,0,0,0,13.71
2024-10-04,Store_4,SKU_2,81.77,6,0,0,0,13.71
2024-10-05,Store_4,SKU_2,79.43,8,0,0,0,13.71
2024-10-06,Store_4,SKU_2,41.28,4,0,0,0,13.71
2024-10-07,Store_4,SKU_2,69.59,5,0,0,0,13.71
2024-10-08,Store_4,SKU_2,70.66,7,0,0,0,13.71
2024-10-09,Store_4,SKU_2,61.32,6,0,0,0,13.71
2024-10-10,Store_4,SKU_2,63.99,7,0,0,0,13.71
2024-10-11,Store_4,SKU_2,64.8,4,0,0,0,13.71
2024-10-12,Store_4,SKU_2,80.91,6,0,0,0,13.71
2024-10-13,Store_4,SKU_2,37.42,2,0,0,0,13.71
2024-10-14,Store_4,SKU_2,62.67,6,0,0,0,13.71
2024-10-15,Store_4,SKU_2,61.66,4,0,0,0,13.71
2024-10-16,Store_4,SKU_2,62.41,5,0,0,0,13.71
2024-10-17,Store_4,SKU_2,64.27,6,0,0,0,13.71
2024-10-18,Store_4,SKU_2,68.58,7,0,0,0,13.71
2024-10-19,Store_4,SKU_2,71.12,8,0,0,0,13.71
2024-10-20,Store_4,SKU_2,43.07,3,0,0,0,13.71
2024-10-21,Store_4,SKU_2,87.53,6,1,0,0,13.71
2024-10-22,Store_4,SKU_2,68.05,5,0,0,0,13.71
2024-10-23,Store_4,SKU_2,54.21,6,0,0,0,13.71
2024-10-24,Store_4,SKU_2,66.16,6,0,0,0,13.71
2024-10-25,Store_4,SKU_2,76.24,6,0,0,0,13.71
2024-10-26,Store_4,SKU_2,86.23,7,0,0,0,13.71
2024-10-27,Store_4,SKU_2,40.83,3,0,0,0,13.71
2024-10-28,Store_4,SKU_2,72.91,7,0,0,0,13.71
2024-10-29,Store_4,SKU_2,62.82,4,0,0,0,13.71
2024-10-30,Store_4,SKU_2,61.91,6,0,0,0,13.71
2024-10-31,Store_4,SKU_2,92.27,8,1,0,0,13.71
2024-11-01,Store_4,SKU_2,93.97,10,1,0,0,13.71
2024-11-02,Store_4,SKU_2,78.99,9,0,0,0,13.71
2024-11-03,Store_4,SKU_2,52.6,4,1,0,0,13.71
2024-11-04,Store_4,SKU_2,60.28,6,0,0,0,13.71
2024-11-05,Store_4,SKU_2,53.91,4,0,0,0,13.71
2024-11-06,Store_4,SKU_2,57.58,5,0,0,0,13.71
2024-11-07,Store_4,SKU_2,59.74,6,0,0,0,13.71
2024-11-08,Store_4,SKU_2,88.1,6,1,0,0,13.71
2024-11-09,Store_4,SKU_2,70.95,5,0,0,0,13.71
2024-11-10,Store_4,SKU_2,32.02,3,0,0,0,13.71
2024-11-11,Store_4,SKU_2,60.37,5,0,0,0,13.71
2024-11-12,Store_4,SKU_2,84.93,8,1,0,0,13.71
2024-11-13,Store_4,SKU_2,76.05,6,1,0,0,13.71
2024-11-14,Store_4,SKU_2,57.72,6,0,0,0,13.71
2024-11-15,Store_4,SKU_2,58.84,6,0,0,0,13.71
2024-11-16,Store_4,SKU_2,67.0,5,0,0,0,13.71
2024-11-17,Store_4,SKU_2,39.96,3,0,0,0,13.71
2024-11-18,Store_4,SKU_2,60.27,6,0,0,0,13.71
2024-11-19,Store_4,SKU_2,56.46,4,0,0,0,13.71
2024-11-20,Store_4,SKU_2,56.6,6,0,0,0,13.71
2024-11-21,Store_4,SKU_2,53.56,3,0,0,0,13.71
2024-11-22,Store_4,SKU_2,61.22,5,0,0,0,13.71
2024-11-23,Store_4,SKU_2,75.88,7,0,0,0,13.71
2024-11-24,Store_4,SKU_2,34.68,4,0,0,0,13.71
2024-11-25,Store_4,SKU_2,61.72,5,0,0,0,13.71
2024-11-26,Store_4,SKU_2,69.22,6,0,0,0,13.71
2024-11-27,Store_4,SKU_2,57.96,4,0,0,0,13.71
2024-11-28,Store_4,SKU_2,58.57,6,0,0,0,13.71
2024-11-29,Store_4,SKU_2,65.35,7,0,0,0,13.71
2024-11-30,Store_4,SKU_2,77.95,7,0,0,0,13.71
2024-12-01,Store_4,SKU_2,45.74,3,1,0,0,13.71
2024-12-02,Store_4,SKU_2,50.73,5,0,0,0,13.71
2024-12-03,Store_4,SKU_2,52.11,5,0,0,0,13.71
2024-12-04,Store_4,SKU_2,54.68,5,0,0,0,13.71
2024-12-05,Store_4,SKU_2,55.1,4,0,0,0,13.71
2024-12-06,Store_4,SKU_2,60.85,5,0,0,0,13.71
2024-12-07,Store_4,SKU_2,67.31,6,0,0,0,13.71
2024-12-08,Store_4,SKU_2,34.66,4,0,0,0,13.71
2024-12-09,Store_4,SKU_2,59.06,5,0,0,0,13.71
2024-12-10,Store_4,SKU_2,61.85,6,0,0,0,13.71
2024-12-11,Store_4,SKU_2,59.36,4,0,0,0,13.71
2024-12-12,Store_4,SKU_2,55.6,4,0,0,0,13.71
2024-12-13,Store_4,SKU_2,64.95,5,0,0,0,13.71
2024-12-14,Store_4,SKU_2,64.85,6,0,0,0,13.71
2024-12-15,Store_4,SKU_2,27.76,2,0,0,0,13.71
2024-12-16,Store_4,SKU_2,51.4,6,0,0,0,13.71
2024-12-17,Store_4,SKU_2,51.95,4,0,0,0,13.71
2024-12-18,Store_4,SKU_2,48.46,4,0,0,0,13.71
2024-12-19,Store_4,SKU_2,57.61,4,0,0,0,13.71
2024-12-20,Store_4,SKU_2,65.5,5,0,0,0,13.71
2024-12-21,Store_4,SKU_2,74.47,5,0,0,0,13.71
2024-12-22,Store_4,SKU_2,37.18,4,0,0,0,13.71
2024-12-23,Store_4,SKU_2,60.96,5,0,0,0,13.71
2024-12-24,Store_4,SKU_2,65.77,6,1,0,0,13.71
2024-12-25,Store_4,SKU_2,22.63,2,0,a,0,13.71
2024-12-26,Store_4,SKU_2,21.95,1,0,a,0,13.71
2024-12-27,Store_4,SKU_2,63.57,6,0,0,0,13.71
2024-12-28,Store_4,SKU_2,81.88,6,0,0,0,13.71
2024-12-29,Store_4,SKU_2,41.07,3,0,0,0,13.71
2024-12-30,Store_4,SKU_2,50.19,4,0,0,0,13.71
2024-12-31,Store_4,SKU_2,49.42,4,0,0,0,13.71
2022-01-01,Store_4,SKU_3,51.37,5,0,a,0,12.86
2022-01-02,Store_4,SKU_3,63.55,6,0,0,0,12.86
2022-01-03,Store_4,SKU_3,102.08,11,0,0,0,12.86
2022-01-04,Store_4,SKU_3,94.7,6,0,0,0,12.86
2022-01-05,Store_4,SKU_3,97.0,7,0,0,0,12.86
2022-01-06,Store_4,SKU_3,93.55,8,0,0,0,12.86
2022-01-07,Store_4,SKU_3,96.75,8,0,0,0,12.86
2022-01-08,Store_4,SKU_3,117.61,9,0,0,0,12.86
2022-01-09,Store_4,SKU_3,62.93,7,0,0,0,12.86
2022-01-10,Store_4,SKU_3,92.81,8,0,0,0,12.86
2022-01-11,Store_4,SKU_3,92.62,10,0,0,0,12.86
2022-01-12,Store_4,SKU_3,119.91,14,1,0,0,12.86
2022-01-13,Store_4,SKU_3,94.88,11,0,0,0,12.86
2022-01-14,Store_4,SKU_3,171.22,17,1,0,0,12.86
2022-01-15,Store_4,SKU_3,138.73,11,0,0,0,12.86
2022-01-16,Store_4,SKU_3,49.23,3,0,0,0,12.86
2022-01-17,Store_4,SKU_3,152.13,12,1,0,0,12.86
2022-01-18,Store_4,SKU_3,101.0,10,0,0,0,12.86
2022-01-19,Store_4,SKU_3,80.14,7,0,0,0,12.86
2022-01-20,Store_4,SKU_3,75.72,8,0,0,0,12.86
2022-01-21,Store_4,SKU_3,96.01,9,0,0,0,12.86
2022-01-22,Store_4,SKU_3,188.59,17,1,0,0,12.86
2022-01-23,Store_4,SKU_3,56.96,4,0,0,0,12.86
2022-01-24,Store_4,SKU_3,88.09,6,0,0,0,12.86
2022-01-25,Store_4,SKU_3,86.39,9,0,0,0,12.86
2022-01-26,Store_4,SKU_3,103.27,10,0,0,0,12.86
2022-01-27,Store_4,SKU_3,87.85,7,0,0,0,12.86
2022-01-28,Store_4,SKU_3,104.08,10,0,0,0,12.86
2022-01-29,Store_4,SKU_3,117.66,8,0,0,0,12.86
2022-01-30,Store_4,SKU_3,52.42,4,0,0,0,12.86
2022-01-31,Store_4,SKU_3,95.9,7,0,0,0,12.86
2022-02-01,Store_4,SKU_3,94.11,8,0,0,0,12.86
2022-02-02,Store_4,SKU_3,95.93,7,0,0,0,12.86
2022-02-03,Store_4,SKU_3,118.83,11,0,0,0,12.86
2022-02-04,Store_4,SKU_3,111.2,12,0,0,0,12.86
2022-02-05,Store_4,SKU_3,166.01,12,0,0,0,12.86
2022-02-06,Store_4,SKU_3,81.37,8,1,0,0,12.86
2022-02-07,Store_4,SKU_3,113.43,10,0,0,0,12.86
2022-02-08,Store_4,SKU_3,99.48,7,0,0,0,12.86
2022-02-09,Store_4,SKU_3,115.27,14,0,0,0,12.86
2022-02-10,Store_4,SKU_3,114.33,9,0,0,0,12.86
2022-02-11,Store_4,SKU_3,197.72,21,1,0,0,12.86
2022-02-12,Store_4,SKU_3,134.66,11,0,0,0,12.86
2022-02-13,Store_4,SKU_3,65.77,5,0,0,0,12.86
2022-02-14,Store_4,SKU_3,140.58,15,1,0,0,12.86
2022-02-15,Store_4,SKU_3,149.81,16,1,0,0,12.86
2022-02-16,Store_4,SKU_3,103.17,8,0,0,0,12.86
2022-02-17,Store_4,SKU_3,107.47,9,0,0,0,12.86
2022-02-18,Store_4,SKU_3,113.82,8,0,0,0,12.86
2022-02-19,Store_4,SKU_3,202.56,18,1,0,0,12.86
2022-02-20,Store_4,SKU_3,64.9,4,0,0,0,12.86
2022-02-21,Store_4,SKU_3,125.58,10,0,0,0,12.86
2022-02-22,Store_4,SKU_3,155.33,17,1,0,0,12.86
2022-02-23,Store_4,SKU_3,107.55,7,0,0,0,12.86
2022-02-24,Store_4,SKU_3,104.71,11,0,0,0,12.86
2022-02-25,Store_4,SKU_3,130.07,12,0,0,0,12.86
2022-02-26,Store_4,SKU_3,174.74,17,1,0,0,12.86
2022-02-27,Store_4,SKU_3,70.43,6,0,0,0,12.86
2022-02-28,Store_4,SKU_3,114.04,12,0,0,0,12.86
2022-03-01,Store_4,SKU_3,134.61,14,0,0,0,12.86
2022-03-02,Store_4,SKU_3,108.13,9,0,0,0,12.86
2022-03-03,Store_4,SKU_3,162.81,12,1,0,0,12.86
2022-03-04,Store_4,SKU_3,142.17,17,0,0,0,12.86
2022-03-05,Store_4,SKU_3,147.09,14,0,0,0,12.86
2022-03-06,Store_4,SKU_3,79.39,6,0,0,0,12.86
2022-03-07,Store_4,SKU_3,133.98,11,0,0,0,12.86
2022-03-08,Store_4,SKU_3,117.35,10,0,0,0,12.86
2022-03-09,Store_4,SKU_3,95.9,8,0,0,0,12.86
2022-03-10,Store_4,SKU_3,116.41,8,0,0,0,12.86
2022-03-11,Store_4,SKU_3,201.38,17,1,0,0,12.86
2022-03-12,Store_4,SKU_3,215.85,17,1,0,0,12.86
2022-03-13,Store_4,SKU_3,78.4,6,0,0,0,12.86
2022-03-14,Store_4,SKU_3,124.85,11,0,0,0,12.86
2022-03-15,Store_4,SKU_3,111.27,11,0,0,0,12.86
2022-03-16,Store_4,SKU_3,133.04,16,0,0,0,12.86
2022-03-17,Store_4,SKU_3,196.94,22,1,0,0,12.86
2022-03-18,Store_4,SKU_3,154.05,18,0,0,0,12.86
2022-03-19,Store_4,SKU_3,141.35,11,0,0,0,12.86
2022-03-20,Store_4,SKU_3,73.51,9,0,0,0,12.86
2022-03-21,Store_4,SKU_3,139.9,10,0,0,0,12.86
2022-03-22,Store_4,SKU_3,134.04,15,0,0,0,12.86
2022-03-23,Store_4,SKU_3,106.85,10,0,0,0,12.86
2022-03-24,Store_4,SKU_3,124.54,12,0,0,0,12.86
2022-03-25,Store_4,SKU_3,142.99,17,0,0,0,12.86
2022-03-26,Store_4,SKU_3,145.31,11,0,0,0,12.86
2022-03-27,Store_4,SKU_3,68.22,6,0,0,0,12.86
2022-03-28,Store_4,SKU_3,141.48,11,0,0,0,12.86
2022-03-29,Store_4,SKU_3,127.91,9,0,0,0,12.86
2022-03-30,Store_4,SKU_3,115.84,11,0,0,0,12.86
2022-03-31,Store_4,SKU_3,135.21,10,0,0,0,12.86
2022-04-01,Store_4,SKU_3,166.86,17,0,0,0,12.86
2022-04-02,Store_4,SKU_3,162.57,11,0,0,0,12.86
2022-04-03,Store_4,SKU_3,89.99,7,0,0,0,12.86
2022-04-04,Store_4,SKU_3,140.55,13,0,0,0,12.86
2022-04-05,Store_4,SKU_3,135.54,11,0,0,0,12.86
2022-04-06,Store_4,SKU_3,122.77,9,0,0,0,12.86
2022-04-07,Store_4,SKU_3,141.78,14,0,0,0,12.86
2022-04-08,Store_4,SKU_3,209.72,20,1,0,0,12.86
2022-04-09,Store_4,SKU_3,169.69,13,0,0,0,12.86
2022-04-10,Store_4,SKU_3,84.63,8,0,0,0,12.86
2022-04-11,Store_4,SKU_3,143.26,14,0,0,0,12.86
2022-04-12,Store_4,SKU_3,200.83,14,1,0,0,12.86
2022-04-13,Store_4,SKU_3,183.08,21,1,0,0,12.86
2022-04-14,Store_4,SKU_3,207.58,15,1,0,0,12.86
2022-04-15,Store_4,SKU_3,144.4,11,0,0,0,12.86
2022-04-16,Store_4,SKU_3,145.81,15,0,0,0,12.86
2022-04-17,Store_4,SKU_3,130.22,11,1,0,0,12.86
2022-04-18,Store_4,SKU_3,130.1,14,0,0,0,12.86
2022-04-19,Store_4,SKU_3,124.3,9,0,0,0,12.86
2022-04-20,Store_4,SKU_3,136.99,11,0,0,0,12.86
2022-04-21,Store_4,SKU_3,128.63,11,0,0,0,12.86
2022-04-22,Store_4,SKU_3,212.18,19,1,0,0,12.86
2022-04-23,Store_4,SKU_3,169.49,13,0,0,0,12.86
2022-04-24,Store_4,SKU_3,96.33,9,0,0,0,12.86
2022-04-25,Store_4,SKU_3,123.07,10,0,0,0,12.86
2022-04-26,Store_4,SKU_3,161.08,11,0,0,0,12.86
2022-04-27,Store_4,SKU_3,135.71,14,0,0,0,12.86
2022-04-28,Store_4,SKU_3,133.96,10,0,0,0,12.86
2022-04-29,Store_4,SKU_3,236.81,17,1,0,0,12.86
2022-04-30,Store_4,SKU_3,169.31,13,0,0,0,12.86
2022-05-01,Store_4,SKU_3,136.95,10,1,0,0,12.86
2022-05-02,Store_4,SKU_3,216.0,16,1,0,0,12.86
2022-05-03,Store_4,SKU_3,147.96,11,0,0,0,12.86
2022-05-04,Store_4,SKU_3,137.45,14,0,0,0,12.86
2022-05-05,Store_4,SKU_3,169.96,19,0,0,0,12.86
2022-05-06,Store_4,SKU_3,166.53,12,0,0,0,12.86
2022-05-07,Store_4,SKU_3,224.61,26,0,0,0,12.86
2022-05-08,Store_4,SKU_3,134.15,11,1,0,0,12.86
2022-05-09,Store_4,SKU_3,250.6,23,1,0,0,12.86
2022-05-10,Store_4,SKU_3,149.47,12,0,0,0,12.86
2022-05-11,Store_4,SKU_3,142.74,11,0,0,0,12.86
2022-05-12,Store_4,SKU_3,148.28,17,0,0,0,12.86
2022-05-13,Store_4,SKU_3,199.91,20,0,0,0,12.86
2022-05-14,Store_4,SKU_3,222.45,22,0,0,0,12.86
2022-05-15,Store_4,SKU_3,89.45,7,0,0,0,12.86
2022-05-16,Store_4,SKU_3,149.2,10,0,0,0,12.86
2022-05-17,Store_4,SKU_3,206.47,25,1,0,0,12.86
2022-05-18,Store_4,SKU_3,163.86,17,0,0,0,12.86
2022-05-19,Store_4,SKU_3,153.64,17,0,0,0,12.86
2022-05-20,Store_4,SKU_3,172.28,17,0,0,0,12.86
2022-05-21,Store_4,SKU_3,190.89,14,0,0,0,12.86
2022-05-22,Store_4,SKU_3,92.83,8,0,0,0,12.86
2022-05-23,Store_4,SKU_3,184.94,16,0,0,0,12.86
2022-05-24,Store_4,SKU_3,152.83,17,0,0,0,12.86
2022-05-25,Store_4,SKU_3,155.3,13,0,0,0,12.86
2022-05-26,Store_4,SKU_3,165.28,19,0,0,0,12.86
2022-05-27,Store_4,SKU_3,170.17,16,0,0,0,12.86
2022-05-28,Store_4,SKU_3,200.67,14,0,0,0,12.86
2022-05-29,Store_4,SKU_3,141.16,17,1,0,0,12.86
2022-05-30,Store_4,SKU_3,162.34,19,0,0,0,12.86
2022-05-31,Store_4,SKU_3,166.68,15,0,0,0,12.86
2022-06-01,Store_4,SKU_3,142.29,11,0,0,0,12.86
2022-06-02,Store_4,SKU_3,241.39,24,1,0,0,12.86
2022-06-03,Store_4,SKU_3,169.19,19,0,0,0,12.86
2022-06-04,Store_4,SKU_3,184.04,16,0,0,0,12.86
2022-06-05,Store_4,SKU_3,93.42,8,0,0,0,12.86
2022-06-06,Store_4,SKU_3,243.78,22,1,0,0,12.86
2022-06-07,Store_4,SKU_3,131.08,11,0,0,0,12.86
2022-06-08,Store_4,SKU_3,155.75,18,0,0,0,12.86
2022-06-09,Store_4,SKU_3,149.57,14,0,0,0,12.86
2022-06-10,Store_4,SKU_3,262.28,21,1,0,0,12.86
2022-06-11,Store_4,SKU_3,182.42,16,0,0,0,12.86
2022-06-12,Store_4,SKU_3,85.83,6,0,0,0,12.86
2022-06-13,Store_4,SKU_3,204.9,21,0,0,0,12.86
2022-06-14,Store_4,SKU_3,158.26,16,0,0,0,12.86
2022-06-15,Store_4,SKU_3,139.54,11,0,0,0,12.86
2022-06-16,Store_4,SKU_3,166.99,13,0,0,0,12.86
2022-06-17,Store_4,SKU_3,191.65,15,0,0,0,12.86
2022-06-18,Store_4,SKU_3,237.49,26,1,0,0,12.86
2022-06-19,Store_4,SKU_3,98.41,8,0,0,0,12.86
2022-06-20,Store_4,SKU_3,162.95,11,0,0,0,12.86
2022-06-21,Store_4,SKU_3,166.7,15,0,0,0,12.86
2022-06-22,Store_4,SKU_3,165.28,20,0,0,0,12.86
2022-06-23,Store_4,SKU_3,155.05,12,0,0,0,12.86
2022-06-24,Store_4,SKU_3,175.03,13,0,0,0,12.86
2022-06-25,Store_4,SKU_3,289.67,22,1,0,0,12.86
2022-06-26,Store_4,SKU_3,101.9,7,0,0,0,12.86
2022-06-27,Store_4,SKU_3,149.87,11,0,0,0,12.86
2022-06-28,Store_4,SKU_3,226.23,27,1,0,0,12.86
2022-06-29,Store_4,SKU_3,150.23,13,0,0,0,12.86
2022-06-30,Store_4,SKU_3,178.21,13,0,0,0,12.86
2022-07-01,Store_4,SKU_3,175.59,13,0,0,0,12.86
2022-07-02,Store_4,SKU_3,183.65,16,0,0,1,12.86
2022-07-03,Store_4,SKU_3,104.81,9,0,0,1,12.86
2022-07-04,Store_4,SKU_3,168.67,12,0,0,0,12.86
2022-07-05,Store_4,SKU_3,155.66,11,0,0,0,12.86
2022-07-06,Store_4,SKU_3,167.24,12,0,0,1,12.86
2022-07-07,Store_4,SKU_3,160.82,18,0,0,0,12.86
2022-07-08,Store_4,SKU_3,213.61,18,1,0,0,12.86
2022-07-09,Store_4,SKU_3,208.3,15,0,0,1,12.86
2022-07-10,Store_4,SKU_3,93.84,10,0,0,0,12.86
2022-07-11,Store_4,SKU_3,149.85,10,0,0,1,12.86
2022-07-12,Store_4,SKU_3,143.86,13,0,0,0,12.86
2022-07-13,Store_4,SKU_3,123.39,13,0,0,1,12.86
2022-07-14,Store_4,SKU_3,220.06,26,1,0,0,12.86
2022-07-15,Store_4,SKU_3,181.34,18,0,0,1,12.86
2022-07-16,Store_4,SKU_3,192.14,19,0,0,0,12.86
2022-07-17,Store_4,SKU_3,91.95,9,0,0,0,12.86
2022-07-18,Store_4,SKU_3,154.23,14,0,0,1,12.86
2022-07-19,Store_4,SKU_3,168.05,17,0,0,0,12.86
2022-07-20,Store_4,SKU_3,196.94,23,1,0,1,12.86
2022-07-21,Store_4,SKU_3,166.54,13,0,0,0,12.86
2022-07-22,Store_4,SKU_3,181.16,20,0,0,0,12.86
2022-07-23,Store_4,SKU_3,190.1,23,0,0,0,12.86
2022-07-24,Store_4,SKU_3,94.26,9,0,0,0,12.86
2022-07-25,Store_4,SKU_3,158.7,13,0,0,1,12.86
2022-07-26,Store_4,SKU_3,178.31,16,0,0,1,12.86
2022-07-27,Store_4,SKU_3,136.26,10,0,0,0,12.86
2022-07-28,Store_4,SKU_3,157.95,14,0,0,0,12.86
2022-07-29,Store_4,SKU_3,172.05,13,0,0,0,12.86
2022-07-30,Store_4,SKU_3,263.93,26,1,0,0,12.86
2022-07-31,Store_4,SKU_3,100.82,7,0,0,0,12.86
2022-08-01,Store_4,SKU_3,139.53,16,0,0,1,12.86
2022-08-02,Store_4,SKU_3,133.21,10,0,0,0,12.86
2022-08-03,Store_4,SKU_3,138.82,11,0,0,0,12.86
2022-08-04,Store_4,SKU_3,149.94,12,0,0,0,12.86
2022-08-05,Store_4,SKU_3,153.6,14,0,0,1,12.86
2022-08-06,Store_4,SKU_3,184.47,14,0,0,0,12.86
2022-08-07,Store_4,SKU_3,78.38,7,0,0,1,12.86
2022-08-08,Store_4,SKU_3,117.16,13,0,0,1,12.86
2022-08-09,Store_4,SKU_3,142.24,10,0,0,0,12.86
2022-08-10,Store_4,SKU_3,132.26,10,0,0,1,12.86
2022-08-11,Store_4,SKU_3,146.03,15,0,0,0,12.86
2022-08-12,Store_4,SKU_3,152.3,13,0,0,0,12.86
2022-08-13,Store_4,SKU_3,184.12,18,0,0,1,12.86
2022-08-14,Store_4,SKU_3,88.71,8,0,0,0,12.86
2022-08-15,Store_4,SKU_3,148.67,11,0,0,0,12.86
2022-08-16,Store_4,SKU_3,132.23,11,0,0,0,12.86
2022-08-17,Store_4,SKU_3,123.38,14,0,0,0,12.86
2022-08-18,Store_4,SKU_3,130.06,10,0,0,1,12.86
2022-08-19,Store_4,SKU_3,225.27,25,1,0,1,12.86
2022-08-20,Store_4,SKU_3,160.41,12,0,0,1,12.86
2022-08-21,Store_4,SKU_3,95.39,11,0,0,0,12.86
2022-08-22,Store_4,SKU_3,148.62,14,0,0,0,12.86
2022-08-23,Store_4,SKU_3,154.96,13,0,0,0,12.86
2022-08-24,Store_4,SKU_3,138.23,11,0,0,0,12.86
2022-08-25,Store_4,SKU_3,185.26,15,1,0,1,12.86
2022-08-26,Store_4,SKU_3,141.78,10,0,0,1,12.86
2022-08-27,Store_4,SKU_3,165.64,20,0,0,0,12.86
2022-08-28,Store_4,SKU_3,95.31,10,0,0,0,12.86
2022-08-29,Store_4,SKU_3,157.94,11,0,0,1,12.86
2022-08-30,Store_4,SKU_3,131.55,13,0,0,1,12.86
2022-08-31,Store_4,SKU_3,134.6,9,0,0,1,12.86
2022-09-01,Store_4,SKU_3,140.52,11,0,0,0,12.86
2022-09-02,Store_4,SKU_3,136.91,12,0,0,0,12.86
2022-09-03,Store_4,SKU_3,147.31,13,0,0,0,12.86
2022-09-04,Store_4,SKU_3,69.71,6,0,0,0,12.86
2022-09-05,Store_4,SKU_3,173.92,18,1,0,0,12.86
2022-09-06,Store_4,SKU_3,137.06,11,0,0,0,12.86
2022-09-07,Store_4,SKU_3,121.45,8,0,0,0,12.86
2022-09-08,Store_4,SKU_3,125.8,9,0,0,0,12.86
2022-09-09,Store_4,SKU_3,159.44,17,0,0,0,12.86
2022-09-10,Store_4,SKU_3,168.34,18,0,0,0,12.86
2022-09-11,Store_4,SKU_3,86.79,7,0,0,0,12.86
2022-09-12,Store_4,SKU_3,142.97,11,0,0,0,12.86
2022-09-13,Store_4,SKU_3,124.88,10,0,0,0,12.86
2022-09-14,Store_4,SKU_3,126.49,12,0,0,0,12.86
2022-09-15,Store_4,SKU_3,137.03,14,0,0,0,12.86
2022-09-16,Store_4,SKU_3,129.58,9,0,0,0,12.86
2022-09-17,Store_4,SKU_3,194.0,16,0,0,0,12.86
2022-09-18,Store_4,SKU_3,77.78,8,0,0,0,12.86
2022-09-19,Store_4,SKU_3,138.81,11,0,0,0,12.86
2022-09-20,Store_4,SKU_3,135.4,12,0,0,0,12.86
2022-09-21,Store_4,SKU_3,125.12,11,0,0,0,12.86
2022-09-22,Store_4,SKU_3,160.26,14,1,0,0,12.86
2022-09-23,Store_4,SKU_3,147.19,18,0,0,0,12.86
2022-09-24,Store_4,SKU_3,135.75,13,0,0,0,12.86
2022-09-25,Store_4,SKU_3,67.76,5,0,0,0,12.86
2022-09-26,Store_4,SKU_3,138.04,10,0,0,0,12.86
2022-09-27,Store_4,SKU_3,184.61,18,1,0,0,12.86
2022-09-28,Store_4,SKU_3,125.78,13,0,0,0,12.86
2022-09-29,Store_4,SKU_3,121.88,8,0,0,0,12.86
2022-09-30,Store_4,SKU_3,148.94,14,0,0,0,12.86
2022-10-01,Store_4,SKU_3,157.65,14,0,0,0,12.86
2022-10-02,Store_4,SKU_3,74.51,7,0,0,0,12.86
2022-10-03,Store_4,SKU_3,122.3,12,0,0,0,12.86
2022-10-04,Store_4,SKU_3,107.43,10,0,0,0,12.86
2022-10-05,Store_4,SKU_3,113.92,11,0,0,0,12.86
2022-10-06,Store_4,SKU_3,109.37,11,0,0,0,12.86
2022-10-07,Store_4,SKU_3,127.8,9,0,0,0,12.86
2022-10-08,Store_4,SKU_3,134.46,9,0,0,0,12.86
2022-10-09,Store_4,SKU_3,61.26,5,0,0,0,12.86
2022-10-10,Store_4,SKU_3,181.86,14,1,0,0,12.86
2022-10-11,Store_4,SKU_3,99.23,9,0,0,0,12.86
2022-10-12,Store_4,SKU_3,109.79,9,0,0,0,12.86
2022-10-13,Store_4,SKU_3,109.43,10,0,0,0,12.86
2022-10-14,Store_4,SKU_3,127.6,9,0,0,0,12.86
2022-10-15,Store_4,SKU_3,141.13,12,0,0,0,12.86
2022-10-16,Store_4,SKU_3,63.92,4,0,0,0,12.86
2022-10-17,Store_4,SKU_3,97.17,6,0,0,0,12.86
2022-10-18,Store_4,SKU_3,100.5,7,0,0,0,12.86
2022-10-19,Store_4,SKU_3,108.26,13,0,0,0,12.86
2022-10-20,Store_4,SKU_3,116.06,9,0,0,0,12.86
2022-10-21,Store_4,SKU_3,130.12,15,0,0,0,12.86
2022-10-22,Store_4,SKU_3,138.52,11,0,0,0,12.86
2022-10-23,Store_4,SKU_3,75.07,5,0,0,0,12.86
2022-10-24,Store_4,SKU_3,115.64,8,0,0,0,12.86
2022-10-25,Store_4,SKU_3,106.63,8,0,0,0,12.86
2022-10-26,Store_4,SKU_3,107.02,12,0,0,0,12.86
2022-10-27,Store_4,SKU_3,124.67,12,0,0,0,12.86
2022-10-28,Store_4,SKU_3,215.19,20,1,0,0,12.86
2022-10-29,Store_4,SKU_3,153.25,11,0,0,0,12.86
2022-10-30,Store_4,SKU_3,63.35,6,0,0,0,12.86
2022-10-31,Store_4,SKU_3,121.43,14,0,0,0,12.86
2022-11-01,Store_4,SKU_3,101.48,10,0,0,0,12.86
2022-11-02,Store_4,SKU_3,101.57,8,0,0,0,12.86
2022-11-03,Store_4,SKU_3,137.39,16,1,0,0,12.86
2022-11-04,Store_4,SKU_3,103.17,10,0,0,0,12.86
2022-11-05,Store_4,SKU_3,136.62,11,0,0,0,12.86
2022-11-06,Store_4,SKU_3,63.07,5,0,0,0,12.86
2022-11-07,Store_4,SKU_3,107.86,10,0,0,0,12.86
2022-11-08,Store_4,SKU_3,88.34,11,0,0,0,12.86
2022-11-09,Store_4,SKU_3,105.52,8,0,0,0,12.86
2022-11-10,Store_4,SKU_3,111.93,12,0,0,0,12.86
2022-11-11,Store_4,SKU_3,121.44,14,0,0,0,12.86
2022-11-12,Store_4,SKU_3,127.4,13,0,0,0,12.86
2022-11-13,Store_4,SKU_3,66.52,7,0,0,0,12.86
2022-11-14,Store_4,SKU_3,99.79,11,0,0,0,12.86
2022-11-15,Store_4,SKU_3,93.78,8,0,0,0,12.86
2022-11-16,Store_4,SKU_3,101.55,10,0,0,0,12.86
2022-11-17,Store_4,SKU_3,94.02,7,0,0,0,12.86
2022-11-18,Store_4,SKU_3,102.34,9,0,0,0,12.86
2022-11-19,Store_4,SKU_3,132.27,13,0,0,0,12.86
2022-11-20,Store_4,SKU_3,55.09,4,0,0,0,12.86
2022-11-21,Store_4,SKU_3,112.16,10,0,0,0,12.86
2022-11-22,Store_4,SKU_3,97.14,11,0,0,0,12.86
2022-11-23,Store_4,SKU_3,97.84,10,0,0,0,12.86
2022-11-24,Store_4,SKU_3,112.5,8,0,0,0,12.86
2022-11-25,Store_4,SKU_3,105.19,7,0,0,0,12.86
2022-11-26,Store_4,SKU_3,131.78,15,0,0,0,12.86
2022-11-27,Store_4,SKU_3,95.15,7,1,0,0,12.86
2022-11-28,Store_4,SKU_3,84.76,9,0,0,0,12.86
2022-11-29,Store_4,SKU_3,111.03,9,0,0,0,12.86
2022-11-30,Store_4,SKU_3,91.39,9,0,0,0,12.86
2022-12-01,Store_4,SKU_3,112.29,8,0,0,0,12.86
2022-12-02,Store_4,SKU_3,118.71,8,0,0,0,12.86
2022-12-03,Store_4,SKU_3,113.19,10,0,0,0,12.86
2022-12-04,Store_4,SKU_3,69.78,6,1,0,0,12.86
2022-12-05,Store_4,SKU_3,89.26,9,0,0,0,12.86
2022-12-06,Store_4,SKU_3,103.47,7,0,0,0,12.86
2022-12-07,Store_4,SKU_3,96.36,7,0,0,0,12.86
2022-12-08,Store_4,SKU_3,96.86,7,0,0,0,12.86
2022-12-09,Store_4,SKU_3,95.28,8,0,0,0,12.86
2022-12-10,Store_4,SKU_3,173.71,14,1,0,0,12.86
2022-12-11,Store_4,SKU_3,87.89,7,1,0,0,12.86
2022-12-12,Store_4,SKU_3,89.94,7,0,0,0,12.86
2022-12-13,Store_4,SKU_3,92.53,7,0,0,0,12.86
2022-12-14,Store_4,SKU_3,93.89,9,0,0,0,12.86
2022-12-15,Store_4,SKU_3,109.58,8,0,0,0,12.86
2022-12-16,Store_4,SKU_3,117.19,8,0,0,0,12.86
2022-12-17,Store_4,SKU_3,125.13,11,0,0,0,12.86
2022-12-18,Store_4,SKU_3,74.09,8,0,0,0,12.86
2022-12-19,Store_4,SKU_3,94.71,7,0,0,0,12.86
2022-12-20,Store_4,SKU_3,93.25,7,0,0,0,12.86
2022-12-21,Store_4,SKU_3,130.51,11,1,0,0,12.86
2022-12-22,Store_4,SKU_3,93.73,10,0,0,0,12.86
2022-12-23,Store_4,SKU_3,110.6,12,0,0,0,12.86
2022-12-24,Store_4,SKU_3,125.41,15,0,0,0,12.86
2022-12-25,Store_4,SKU_3,23.08,1,0,a,0,12.86
2022-12-26,Store_4,SKU_3,42.98,3,0,a,0,12.86
2022-12-27,Store_4,SKU_3,90.17,8,0,0,0,12.86
2022-12-28,Store_4,SKU_3,120.23,12,1,0,0,12.86
2022-12-29,Store_4,SKU_3,101.22,10,0,0,0,12.86
2022-12-30,Store_4,SKU_3,107.02,10,0,0,0,12.86
2022-12-31,Store_4,SKU_3,149.32,13,1,0,0,12.86
2023-01-01,Store_4,SKU_3,27.51,2,0,a,0,12.86
2023-01-02,Store_4,SKU_3,116.57,14,0,0,0,12.86
2023-01-03,Store_4,SKU_3,107.78,9,0,0,0,12.86
2023-01-04,Store_4,SKU_3,117.98,9,0,0,0,12.86
2023-01-05,Store_4,SKU_3,129.8,10,1,0,0,12.86
2023-01-06,Store_4,SKU_3,109.01,9,0,0,0,12.86
2023-01-07,Store_4,SKU_3,135.34,13,0,0,0,12.86
2023-01-08,Store_4,SKU_3,84.11,6,1,0,0,12.86
2023-01-09,Store_4,SKU_3,108.53,8,0,0,0,12.86
2023-01-10,Store_4,SKU_3,103.12,8,0,0,0,12.86
2023-01-11,Store_4,SKU_3,97.79,10,0,0,0,12.86
2023-01-12,Store_4,SKU_3,99.47,9,0,0,0,12.86
2023-01-13,Store_4,SKU_3,176.66,20,1,0,0,12.86
2023-01-14,Store_4,SKU_3,143.61,16,0,0,0,12.86
2023-01-15,Store_4,SKU_3,61.21,4,0,0,0,12.86
2023-01-16,Store_4,SKU_3,106.29,13,0,0,0,12.86
2023-01-17,Store_4,SKU_3,112.91,12,0,0,0,12.86
2023-01-18,Store_4,SKU_3,156.08,18,1,0,0,12.86
2023-01-19,Store_4,SKU_3,112.58,8,0,0,0,12.86
2023-01-20,Store_4,SKU_3,166.3,15,1,0,0,12.86
2023-01-21,Store_4,SKU_3,119.61,9,0,0,0,12.86
2023-01-22,Store_4,SKU_3,59.61,5,0,0,0,12.86
2023-01-23,Store_4,SKU_3,105.63,11,0,0,0,12.86
2023-01-24,Store_4,SKU_3,102.63,8,0,0,0,12.86
2023-01-25,Store_4,SKU_3,110.16,11,0,0,0,12.86
2023-01-26,Store_4,SKU_3,149.2,10,1,0,0,12.86
2023-01-27,Store_4,SKU_3,115.52,9,0,0,0,12.86
2023-01-28,Store_4,SKU_3,140.75,12,0,0,0,12.86
2023-01-29,Store_4,SKU_3,60.87,4,0,0,0,12.86
2023-01-30,Store_4,SKU_3,98.64,7,0,0,0,12.86
2023-01-31,Store_4,SKU_3,109.66,10,0,0,0,12.86
2023-02-01,Store_4,SKU_3,118.43,11,0,0,0,12.86
2023-02-02,Store_4,SKU_3,128.89,12,0,0,0,12.86
2023-02-03,Store_4,SKU_3,111.02,12,0,0,0,12.86
2023-02-04,Store_4,SKU_3,218.02,18,1,0,0,12.86
2023-02-05,Store_4,SKU_3,102.75,8,1,0,0,12.86
2023-02-06,Store_4,SKU_3,116.77,10,0,0,0,12.86
2023-02-07,Store_4,SKU_3,121.85,9,0,0,0,12.86
2023-02-08,Store_4,SKU_3,101.04,8,0,0,0,12.86
2023-02-09,Store_4,SKU_3,151.47,17,1,0,0,12.86
2023-02-10,Store_4,SKU_3,121.18,13,0,0,0,12.86
2023-02-11,Store_4,SKU_3,150.56,15,0,0,0,12.86
2023-02-12,Store_4,SKU_3,70.57,7,0,0,0,12.86
2023-02-13,Store_4,SKU_3,141.76,15,0,0,0,12.86
2023-02-14,Store_4,SKU_3,113.83,9,0,0,0,12.86
2023-02-15,Store_4,SKU_3,92.98,10,0,0,0,12.86
2023-02-16,Store_4,SKU_3,125.29,12,0,0,0,12.86
2023-02-17,Store_4,SKU_3,127.47,15,0,0,0,12.86
2023-02-18,Store_4,SKU_3,167.14,12,0,0,0,12.86
2023-02-19,Store_4,SKU_3,102.0,10,1,0,0,12.86
2023-02-20,Store_4,SKU_3,113.44,10,0,0,0,12.86
2023-02-21,Store_4,SKU_3,104.82,11,0,0,0,12.86
2023-02-22,Store_4,SKU_3,109.49,9,0,0,0,12.86
2023-02-23,Store_4,SKU_3,126.86,12,0,0,0,12.86
2023-02-24,Store_4,SKU_3,122.53,11,0,0,0,12.86
2023-02-25,Store_4,SKU_3,138.3,12,0,0,0,12.86
2023-02-26,Store_4,SKU_3,70.2,5,0,0,0,12.86
2023-02-27,Store_4,SKU_3,109.75,9,0,0,0,12.86
2023-02-28,Store_4,SKU_3,115.55,13,0,0,0,12.86
2023-03-01,Store_4,SKU_3,133.33,10,0,0,0,12.86
2023-03-02,Store_4,SKU_3,135.87,9,0,0,0,12.86
2023-03-03,Store_4,SKU_3,139.97,17,0,0,0,12.86
2023-03-04,Store_4,SKU_3,185.4,20,0,0,0,12.86
2023-03-05,Store_4,SKU_3,84.63,7,0,0,0,12.86
2023-03-06,Store_4,SKU_3,121.99,9,0,0,0,12.86
2023-03-07,Store_4,SKU_3,124.93,15,0,0,0,12.86
2023-03-08,Store_4,SKU_3,109.95,8,0,0,0,12.86
2023-03-09,Store_4,SKU_3,129.46,14,0,0,0,12.86
2023-03-10,Store_4,SKU_3,141.83,13,0,0,0,12.86
2023-03-11,Store_4,SKU_3,166.21,19,0,0,0,12.86
2023-03-12,Store_4,SKU_3,100.78,9,0,0,0,12.86
2023-03-13,Store_4,SKU_3,185.23,14,1,0,0,12.86
2023-03-14,Store_4,SKU_3,123.82,11,0,0,0,12.86
2023-03-15,Store_4,SKU_3,123.49,12,0,0,0,12.86
2023-03-16,Store_4,SKU_3,146.02,12,0,0,0,12.86
2023-03-17,Store_4,SKU_3,205.22,19,1,0,0,12.86
2023-03-18,Store_4,SKU_3,178.12,13,0,0,0,12.86
2023-03-19,Store_4,SKU_3,81.33,8,0,0,0,12.86
2023-03-20,Store_4,SKU_3,135.27,12,0,0,0,12.86
2023-03-21,Store_4,SKU_3,130.84,14,0,0,0,12.86
2023-03-22,Store_4,SKU_3,126.09,11,0,0,0,12.86
2023-03-23,Store_4,SKU_3,141.71,14,0,0,0,12.86
2023-03-24,Store_4,SKU_3,153.89,12,0,0,0,12.86
2023-03-25,Store_4,SKU_3,151.4,16,0,0,0,12.86
2023-03-26,Store_4,SKU_3,80.24,7,0,0,0,12.86
2023-03-27,Store_4,SKU_3,120.5,9,0,0,0,12.86
2023-03-28,Store_4,SKU_3,122.63,10,0,0,0,12.86
2023-03-29,Store_4,SKU_3,127.79,9,0,0,0,12.86
2023-03-30,Store_4,SKU_3,133.18,16,0,0,0,12.86
2023-03-31,Store_4,SKU_3,141.92,10,0,0,0,12.86
2023-04-01,Store_4,SKU_3,176.3,17,0,0,0,12.86
2023-04-02,Store_4,SKU_3,108.43,11,1,0,0,12.86
2023-04-03,Store_4,SKU_3,148.82,11,0,0,0,12.86
2023-04-04,Store_4,SKU_3,206.96,16,1,0,0,12.86
2023-04-05,Store_4,SKU_3,208.75,19,1,0,0,12.86
2023-04-06,Store_4,SKU_3,149.21,11,0,0,0,12.86
2023-04-07,Store_4,SKU_3,152.84,11,0,0,0,12.86
2023-04-08,Store_4,SKU_3,230.03,17,1,0,0,12.86
2023-04-09,Store_4,SKU_3,93.42,11,0,0,0,12.86
2023-04-10,Store_4,SKU_3,190.59,22,1,0,0,12.86
2023-04-11,Store_4,SKU_3,136.48,9,0,0,0,12.86
2023-04-12,Store_4,SKU_3,143.89,15,0,0,0,12.86
2023-04-13,Store_4,SKU_3,247.08,19,1,0,0,12.86
2023-04-14,Store_4,SKU_3,214.32,24,1,0,0,12.86
2023-04-15,Store_4,SKU_3,205.07,15,0,0,0,12.86
2023-04-16,Store_4,SKU_3,96.52,8,0,0,0,12.86
2023-04-17,Store_4,SKU_3,137.05,13,0,0,0,12.86
2023-04-18,Store_4,SKU_3,141.45,11,0,0,0,12.86
2023-04-19,Store_4,SKU_3,145.23,10,0,0,0,12.86
2023-04-20,Store_4,SKU_3,169.16,12,0,0,0,12.86
2023-04-21,Store_4,SKU_3,225.12,26,1,0,0,12.86
2023-04-22,Store_4,SKU_3,181.95,13,0,0,0,12.86
2023-04-23,Store_4,SKU_3,78.62,5,0,0,0,12.86
2023-04-24,Store_4,SKU_3,151.56,16,0,0,0,12.86
2023-04-25,Store_4,SKU_3,145.31,14,0,0,0,12.86
2023-04-26,Store_4,SKU_3,132.7,13,0,0,0,12.86
2023-04-27,Store_4,SKU_3,216.78,16,1,0,0,12.86
2023-04-28,Store_4,SKU_3,151.44,11,0,0,0,12.86
2023-04-29,Store_4,SKU_3,211.89,23,0,0,0,12.86
2023-04-30,Store_4,SKU_3,89.81,7,0,0,0,12.86
2023-05-01,Store_4,SKU_3,147.49,15,0,0,0,12.86
2023-05-02,Store_4,SKU_3,155.32,18,0,0,0,12.86
2023-05-03,Store_4,SKU_3,161.3,13,0,0,0,12.86
2023-05-04,Store_4,SKU_3,237.39,18,1,0,0,12.86
2023-05-05,Store_4,SKU_3,201.7,15,0,0,0,12.86
2023-05-06,Store_4,SKU_3,230.74,21,0,0,0,12.86
2023-05-07,Store_4,SKU_3,106.47,10,0,0,0,12.86
2023-05-08,Store_4,SKU_3,174.62,16,0,0,0,12.86
2023-05-09,Store_4,SKU_3,153.18,12,0,0,0,12.86
2023-05-10,Store_4,SKU_3,143.79,12,0,0,0,12.86
2023-05-11,Store_4,SKU_3,166.4,13,0,0,0,12.86
2023-05-12,Store_4,SKU_3,174.4,14,0,0,0,12.86
2023-05-13,Store_4,SKU_3,199.94,21,0,0,0,12.86
2023-05-14,Store_4,SKU_3,104.26,9,0,0,0,12.86
2023-05-15,Store_4,SKU_3,184.3,17,0,0,0,12.86
2023-05-16,Store_4,SKU_3,214.66,18,1,0,0,12.86
2023-05-17,Store_4,SKU_3,138.62,11,0,0,0,12.86
2023-05-18,Store_4,SKU_3,165.17,12,0,0,0,12.86
2023-05-19,Store_4,SKU_3,174.29,19,0,0,0,12.86
2023-05-20,Store_4,SKU_3,211.08,23,0,0,0,12.86
2023-05-21,Store_4,SKU_3,111.16,12,0,0,0,12.86
2023-05-22,Store_4,SKU_3,169.85,14,0,0,0,12.86
2023-05-23,Store_4,SKU_3,160.21,13,0,0,0,12.86
2023-05-24,Store_4,SKU_3,161.85,15,0,0,0,12.86
2023-05-25,Store_4,SKU_3,159.25,13,0,0,0,12.86
2023-05-26,Store_4,SKU_3,231.25,20,1,0,0,12.86
2023-05-27,Store_4,SKU_3,179.49,16,0,0,0,12.86
2023-05-28,Store_4,SKU_3,103.18,8,0,0,0,12.86
2023-05-29,Store_4,SKU_3,138.51,16,0,0,0,12.86
2023-05-30,Store_4,SKU_3,155.91,16,0,0,0,12.86
2023-05-31,Store_4,SKU_3,231.72,18,1,0,0,12.86
2023-06-01,Store_4,SKU_3,168.64,14,0,0,0,12.86
2023-06-02,Store_4,SKU_3,197.07,15,0,0,0,12.86
2023-06-03,Store_4,SKU_3,206.23,20,0,0,0,12.86
2023-06-04,Store_4,SKU_3,105.83,11,0,0,0,12.86
2023-06-05,Store_4,SKU_3,167.96,12,0,0,0,12.86
2023-06-06,Store_4,SKU_3,196.2,17,0,0,0,12.86
2023-06-07,Store_4,SKU_3,157.16,15,0,0,0,12.86
2023-06-08,Store_4,SKU_3,172.8,14,0,0,0,12.86
2023-06-09,Store_4,SKU_3,201.9,16,0,0,0,12.86
2023-06-10,Store_4,SKU_3,230.04,21,0,0,0,12.86
2023-06-11,Store_4,SKU_3,98.46,9,0,0,0,12.86
2023-06-12,Store_4,SKU_3,290.89,22,1,0,0,12.86
2023-06-13,Store_4,SKU_3,165.05,12,0,0,0,12.86
2023-06-14,Store_4,SKU_3,175.08,19,0,0,0,12.86
2023-06-15,Store_4,SKU_3,175.85,16,0,0,0,12.86
2023-06-16,Store_4,SKU_3,188.99,22,0,0,0,12.86
2023-06-17,Store_4,SKU_3,204.04,19,0,0,0,12.86
2023-06-18,Store_4,SKU_3,86.33,6,0,0,0,12.86
2023-06-19,Store_4,SKU_3,169.13,13,0,0,0,12.86
2023-06-20,Store_4,SKU_3,169.52,20,0,0,0,12.86
2023-06-21,Store_4,SKU_3,157.41,15,0,0,0,12.86
2023-06-22,Store_4,SKU_3,179.37,17,0,0,0,12.86
2023-06-23,Store_4,SKU_3,181.74,15,0,0,0,12.86
2023-06-24,Store_4,SKU_3,312.73,37,1,0,0,12.86
2023-06-25,Store_4,SKU_3,94.91,11,0,0,0,12.86
2023-06-26,Store_4,SKU_3,177.98,16,0,0,0,12.86
2023-06-27,Store_4,SKU_3,147.15,11,0,0,0,12.86
2023-06-28,Store_4,SKU_3,167.44,12,0,0,0,12.86
2023-06-29,Store_4,SKU_3,154.69,12,0,0,0,12.86
2023-06-30,Store_4,SKU_3,207.34,20,0,0,0,12.86
2023-07-01,Store_4,SKU_3,291.15,25,1,0,0,12.86
2023-07-02,Store_4,SKU_3,100.31,11,0,0,1,12.86
2023-07-03,Store_4,SKU_3,216.67,16,1,0,1,12.86
2023-07-04,Store_4,SKU_3,233.96,19,1,0,1,12.86
2023-07-05,Store_4,SKU_3,175.12,12,0,0,1,12.86
2023-07-06,Store_4,SKU_3,169.69,16,0,0,0,12.86
2023-07-07,Store_4,SKU_3,149.33,15,0,0,0,12.86
2023-07-08,Store_4,SKU_3,198.87,22,0,0,0,12.86
2023-07-09,Store_4,SKU_3,91.95,6,0,0,0,12.86
2023-07-10,Store_4,SKU_3,187.72,15,0,0,1,12.86
2023-07-11,Store_4,SKU_3,179.88,17,0,0,1,12.86
2023-07-12,Store_4,SKU_3,165.51,17,0,0,1,12.86
2023-07-13,Store_4,SKU_3,185.39,14,0,0,1,12.86
2023-07-14,Store_4,SKU_3,193.52,20,0,0,0,12.86
2023-07-15,Store_4,SKU_3,224.05,17,0,0,0,12.86
2023-07-16,Store_4,SKU_3,93.02,7,0,0,0,12.86
2023-07-17,Store_4,SKU_3,176.48,14,0,0,0,12.86
2023-07-18,Store_4,SKU_3,162.92,16,0,0,0,12.86
2023-07-19,Store_4,SKU_3,161.69,14,0,0,1,12.86
2023-07-20,Store_4,SKU_3,170.2,13,0,0,0,12.86
2023-07-21,Store_4,SKU_3,194.53,24,0,0,0,12.86
2023-07-22,Store_4,SKU_3,211.19,23,0,0,0,12.86
2023-07-23,Store_4,SKU_3,110.44,9,0,0,1,12.86
2023-07-24,Store_4,SKU_3,154.64,12,0,0,0,12.86
2023-07-25,Store_4,SKU_3,150.94,12,0,0,0,12.86
2023-07-26,Store_4,SKU_3,144.7,11,0,0,0,12.86
2023-07-27,Store_4,SKU_3,158.72,13,0,0,0,12.86
2023-07-28,Store_4,SKU_3,183.95,17,0,0,1,12.86
2023-07-29,Store_4,SKU_3,299.44,29,1,0,0,12.86
2023-07-30,Store_4,SKU_3,112.7,13,0,0,0,12.86
2023-07-31,Store_4,SKU_3,157.9,17,0,0,1,12.86
2023-08-01,Store_4,SKU_3,137.08,12,0,0,0,12.86
2023-08-02,Store_4,SKU_3,169.36,12,0,0,1,12.86
2023-08-03,Store_4,SKU_3,154.06,13,0,0,1,12.86
2023-08-04,Store_4,SKU_3,163.73,20,0,0,1,12.86
2023-08-05,Store_4,SKU_3,201.02,17,0,0,1,12.86
2023-08-06,Store_4,SKU_3,87.55,10,0,0,0,12.86
2023-08-07,Store_4,SKU_3,183.74,15,0,0,1,12.86
2023-08-08,Store_4,SKU_3,139.93,12,0,0,1,12.86
2023-08-09,Store_4,SKU_3,152.83,15,0,0,0,12.86
2023-08-10,Store_4,SKU_3,137.6,10,0,0,1,12.86
2023-08-11,Store_4,SKU_3,175.02,14,0,0,1,12.86
2023-08-12,Store_4,SKU_3,193.5,14,0,0,0,12.86
2023-08-13,Store_4,SKU_3,103.17,8,0,0,1,12.86
2023-08-14,Store_4,SKU_3,153.88,19,0,0,0,12.86
2023-08-15,Store_4,SKU_3,229.25,20,1,0,0,12.86
2023-08-16,Store_4,SKU_3,190.17,20,1,0,0,12.86
2023-08-17,Store_4,SKU_3,164.13,11,0,0,1,12.86
2023-08-18,Store_4,SKU_3,159.33,14,0,0,0,12.86
2023-08-19,Store_4,SKU_3,243.23,21,1,0,1,12.86
2023-08-20,Store_4,SKU_3,128.61,9,1,0,0,12.86
2023-08-21,Store_4,SKU_3,197.34,17,1,0,0,12.86
2023-08-22,Store_4,SKU_3,142.22,12,0,0,0,12.86
2023-08-23,Store_4,SKU_3,142.32,16,0,0,0,12.86
2023-08-24,Store_4,SKU_3,160.79,16,0,0,0,12.86
2023-08-25,Store_4,SKU_3,182.96,17,0,0,0,12.86
2023-08-26,Store_4,SKU_3,214.03,22,0,0,1,12.86
2023-08-27,Store_4,SKU_3,98.62,7,0,0,0,12.86
2023-08-28,Store_4,SKU_3,181.71,14,1,0,0,12.86
2023-08-29,Store_4,SKU_3,146.98,14,0,0,0,12.86
2023-08-30,Store_4,SKU_3,165.29,17,0,0,0,12.86
2023-08-31,Store_4,SKU_3,144.59,11,0,0,0,12.86
2023-09-01,Store_4,SKU_3,151.89,15,0,0,0,12.86
2023-09-02,Store_4,SKU_3,173.6,12,0,0,0,12.86
2023-09-03,Store_4,SKU_3,83.99,9,0,0,0,12.86
2023-09-04,Store_4,SKU_3,143.12,15,0,0,0,12.86
2023-09-05,Store_4,SKU_3,137.12,11,0,0,0,12.86
2023-09-06,Store_4,SKU_3,171.7,14,1,0,0,12.86
2023-09-07,Store_4,SKU_3,132.69,13,0,0,0,12.86
2023-09-08,Store_4,SKU_3,172.28,12,0,0,0,12.86
2023-09-09,Store_4,SKU_3,167.37,15,0,0,0,12.86
2023-09-10,Store_4,SKU_3,84.94,9,0,0,0,12.86
2023-09-11,Store_4,SKU_3,160.4,13,0,0,0,12.86
2023-09-12,Store_4,SKU_3,120.51,9,0,0,0,12.86
2023-09-13,Store_4,SKU_3,123.37,12,0,0,0,12.86
2023-09-14,Store_4,SKU_3,136.51,9,0,0,0,12.86
2023-09-15,Store_4,SKU_3,166.79,17,0,0,0,12.86
2023-09-16,Store_4,SKU_3,165.64,14,0,0,0,12.86
2023-09-17,Store_4,SKU_3,88.32,7,0,0,0,12.86
2023-09-18,Store_4,SKU_3,141.15,12,0,0,0,12.86
2023-09-19,Store_4,SKU_3,131.32,9,0,0,0,12.86
2023-09-20,Store_4,SKU_3,134.61,10,0,0,0,12.86
2023-09-21,Store_4,SKU_3,128.69,10,0,0,0,12.86
2023-09-22,Store_4,SKU_3,149.24,14,0,0,0,12.86
2023-09-23,Store_4,SKU_3,183.28,19,0,0,0,12.86
2023-09-24,Store_4,SKU_3,89.4,8,0,0,0,12.86
2023-09-25,Store_4,SKU_3,199.16,17,1,0,0,12.86
2023-09-26,Store_4,SKU_3,144.83,14,0,0,0,12.86
2023-09-27,Store_4,SKU_3,211.11,25,1,0,0,12.86
2023-09-28,Store_4,SKU_3,145.98,13,0,0,0,12.86
2023-09-29,Store_4,SKU_3,146.97,14,0,0,0,12.86
2023-09-30,Store_4,SKU_3,168.02,12,0,0,0,12.86
2023-10-01,Store_4,SKU_3,87.09,9,0,0,0,12.86
2023-10-02,Store_4,SKU_3,121.04,13,0,0,0,12.86
2023-10-03,Store_4,SKU_3,117.53,10,0,0,0,12.86
2023-10-04,Store_4,SKU_3,108.96,11,0,0,0,12.86
2023-10-05,Store_4,SKU_3,114.26,10,0,0,0,12.86
2023-10-06,Store_4,SKU_3,136.65,12,0,0,0,12.86
2023-10-07,Store_4,SKU_3,187.6,19,1,0,0,12.86
2023-10-08,Store_4,SKU_3,72.95,6,0,0,0,12.86
2023-10-09,Store_4,SKU_3,119.27,14,0,0,0,12.86
2023-10-10,Store_4,SKU_3,107.94,8,0,0,0,12.86
2023-10-11,Store_4,SKU_3,106.09,9,0,0,0,12.86
2023-10-12,Store_4,SKU_3,123.7,12,0,0,0,12.86
2023-10-13,Store_4,SKU_3,133.79,11,0,0,0,12.86
2023-10-14,Store_4,SKU_3,153.98,18,0,0,0,12.86
2023-10-15,Store_4,SKU_3,58.78,4,0,0,0,12.86
2023-10-16,Store_4,SKU_3,164.07,14,1,0,0,12.86
2023-10-17,Store_4,SKU_3,113.02,9,0,0,0,12.86
2023-10-18,Store_4,SKU_3,111.61,8,0,0,0,12.86
2023-10-19,Store_4,SKU_3,133.86,14,0,0,0,12.86
2023-10-20,Store_4,SKU_3,127.49,10,0,0,0,12.86
2023-10-21,Store_4,SKU_3,135.83,13,0,0,0,12.86
2023-10-22,Store_4,SKU_3,79.16,9,0,0,0,12.86
2023-10-23,Store_4,SKU_3,122.19,11,0,0,0,12.86
2023-10-24,Store_4,SKU_3,102.12,11,0,0,0,12.86
2023-10-25,Store_4,SKU_3,92.11,10,0,0,0,12.86
2023-10-26,Store_4,SKU_3,112.49,10,0,0,0,12.86
2023-10-27,Store_4,SKU_3,144.55,12,0,0,0,12.86
2023-10-28,Store_4,SKU_3,128.88,12,0,0,0,12.86
2023-10-29,Store_4,SKU_3,70.01,5,0,0,0,12.86
2023-10-30,Store_4,SKU_3,159.23,15,1,0,0,12.86
2023-10-31,Store_4,SKU_3,120.5,13,0,0,0,12.86
2023-11-01,Store_4,SKU_3,127.47,10,1,0,0,12.86
2023-11-02,Store_4,SKU_3,100.33,7,0,0,0,12.86
2023-11-03,Store_4,SKU_3,126.69,14,0,0,0,12.86
2023-11-04,Store_4,SKU_3,126.19,10,0,0,0,12.86
2023-11-05,Store_4,SKU_3,64.6,5,0,0,0,12.86
2023-11-06,Store_4,SKU_3,130.09,16,0,0,0,12.86
2023-11-07,Store_4,SKU_3,110.81,9,0,0,0,12.86
2023-11-08,Store_4,SKU_3,110.9,10,0,0,0,12.86
2023-11-09,Store_4,SKU_3,98.88,12,0,0,0,12.86
2023-11-10,Store_4,SKU_3,132.79,10,0,0,0,12.86
2023-11-11,Store_4,SKU_3,112.54,11,0,0,0,12.86
2023-11-12,Store_4,SKU_3,77.86,9,0,0,0,12.86
2023-11-13,Store_4,SKU_3,154.19,13,1,0,0,12.86
2023-11-14,Store_4,SKU_3,95.81,10,0,0,0,12.86
2023-11-15,Store_4,SKU_3,101.45,8,0,0,0,12.86
2023-11-16,Store_4,SKU_3,112.81,11,0,0,0,12.86
2023-11-17,Store_4,SKU_3,114.26,11,0,0,0,12.86
2023-11-18,Store_4,SKU_3,142.02,15,0,0,0,12.86
2023-11-19,Store_4,SKU_3,62.27,6,0,0,0,12.86
2023-11-20,Store_4,SKU_3,104.93,11,0,0,0,12.86
2023-11-21,Store_4,SKU_3,95.27,11,0,0,0,12.86
2023-11-22,Store_4,SKU_3,101.95,7,0,0,0,12.86
2023-11-23,Store_4,SKU_3,118.8,13,0,0,0,12.86
2023-11-24,Store_4,SKU_3,154.44,13,1,0,0,12.86
2023-11-25,Store_4,SKU_3,155.25,17,0,0,0,12.86
2023-11-26,Store_4,SKU_3,96.64,8,1,0,0,12.86
2023-11-27,Store_4,SKU_3,147.23,11,1,0,0,12.86
2023-11-28,Store_4,SKU_3,112.83,9,0,0,0,12.86
2023-11-29,Store_4,SKU_3,107.28,8,0,0,0,12.86
2023-11-30,Store_4,SKU_3,95.78,7,0,0,0,12.86
2023-12-01,Store_4,SKU_3,138.54,11,0,0,0,12.86
2023-12-02,Store_4,SKU_3,123.91,10,0,0,0,12.86
2023-12-03,Store_4,SKU_3,58.89,4,0,0,0,12.86
2023-12-04,Store_4,SKU_3,161.81,13,1,0,0,12.86
2023-12-05,Store_4,SKU_3,94.59,8,0,0,0,12.86
2023-12-06,Store_4,SKU_3,93.66,8,0,0,0,12.86
2023-12-07,Store_4,SKU_3,111.26,8,0,0,0,12.86
2023-12-08,Store_4,SKU_3,165.82,14,1,0,0,12.86
2023-12-09,Store_4,SKU_3,142.71,10,0,0,0,12.86
2023-12-10,Store_4,SKU_3,60.12,4,0,0,0,12.86
2023-12-11,Store_4,SKU_3,144.68,11,1,0,0,12.86
2023-12-12,Store_4,SKU_3,101.5,10,0,0,0,12.86
2023-12-13,Store_4,SKU_3,97.89,7,0,0,0,12.86
2023-12-14,Store_4,SKU_3,96.44,11,0,0,0,12.86
2023-12-15,Store_4,SKU_3,114.74,12,0,0,0,12.86
2023-12-16,Store_4,SKU_3,114.81,8,0,0,0,12.86
2023-12-17,Store_4,SKU_3,69.31,7,0,0,0,12.86
2023-12-18,Store_4,SKU_3,115.15,9,0,0,0,12.86
2023-12-19,Store_4,SKU_3,108.48,9,0,0,0,12.86
2023-12-20,Store_4,SKU_3,107.15,9,0,0,0,12.86
2023-12-21,Store_4,SKU_3,109.45,11,0,0,0,12.86
2023-12-22,Store_4,SKU_3,120.87,13,0,0,0,12.86
2023-12-23,Store_4,SKU_3,147.47,14,0,0,0,12.86
2023-12-24,Store_4,SKU_3,81.1,6,1,0,0,12.86
2023-12-25,Store_4,SKU_3,35.1,2,0,a,0,12.86
2023-12-26,Store_4,SKU_3,37.83,3,0,a,0,12.86
2023-12-27,Store_4,SKU_3,101.75,12,0,0,0,12.86
2023-12-28,Store_4,SKU_3,113.38,10,0,0,0,12.86
2023-12-29,Store_4,SKU_3,118.3,9,0,0,0,12.86
2023-12-30,Store_4,SKU_3,134.17,15,0,0,0,12.86
2023-12-31,Store_4,SKU_3,63.34,6,0,0,0,12.86
2024-01-01,Store_4,SKU_3,49.77,5,0,a,0,12.86
2024-01-02,Store_4,SKU_3,103.35,11,0,0,0,12.86
2024-01-03,Store_4,SKU_3,136.33,11,1,0,0,12.86
2024-01-04,Store_4,SKU_3,155.43,13,1,0,0,12.86
2024-01-05,Store_4,SKU_3,121.95,9,0,0,0,12.86
2024-01-06,Store_4,SKU_3,131.86,12,0,0,0,12.86
2024-01-07,Store_4,SKU_3,57.38,4,0,0,0,12.86
2024-01-08,Store_4,SKU_3,109.85,10,0,0,0,12.86
2024-01-09,Store_4,SKU_3,122.45,10,0,0,0,12.86
2024-01-10,Store_4,SKU_3,97.1,6,0,0,0,12.86
2024-01-11,Store_4,SKU_3,104.57,12,0,0,0,12.86
2024-01-12,Store_4,SKU_3,126.35,10,0,0,0,12.86
2024-01-13,Store_4,SKU_3,124.03,14,0,0,0,12.86
2024-01-14,Store_4,SKU_3,70.08,7,0,0,0,12.86
2024-01-15,Store_4,SKU_3,122.24,10,0,0,0,12.86
2024-01-16,Store_4,SKU_3,104.08,12,0,0,0,12.86
2024-01-17,Store_4,SKU_3,102.14,7,0,0,0,12.86
2024-01-18,Store_4,SKU_3,111.92,8,0,0,0,12.86
2024-01-19,Store_4,SKU_3,138.25,14,0,0,0,12.86
2024-01-20,Store_4,SKU_3,211.99,16,1,0,0,12.86
2024-01-21,Store_4,SKU_3,62.61,4,0,0,0,12.86
2024-01-22,Store_4,SKU_3,122.35,15,0,0,0,12.86
2024-01-23,Store_4,SKU_3,110.23,11,0,0,0,12.86
2024-01-24,Store_4,SKU_3,98.75,9,0,0,0,12.86
2024-01-25,Store_4,SKU_3,111.15,10,0,0,0,12.86
2024-01-26,Store_4,SKU_3,130.21,9,0,0,0,12.86
2024-01-27,Store_4,SKU_3,135.74,11,0,0,0,12.86
2024-01-28,Store_4,SKU_3,66.89,7,0,0,0,12.86
2024-01-29,Store_4,SKU_3,159.58,18,1,0,0,12.86
2024-01-30,Store_4,SKU_3,98.56,8,0,0,0,12.86
2024-01-31,Store_4,SKU_3,135.93,15,1,0,0,12.86
2024-02-01,Store_4,SKU_3,118.17,10,0,0,0,12.86
2024-02-02,Store_4,SKU_3,147.2,10,0,0,0,12.86
2024-02-03,Store_4,SKU_3,156.93,15,0,0,0,12.86
2024-02-04,Store_4,SKU_3,80.66,6,0,0,0,12.86
2024-02-05,Store_4,SKU_3,127.81,14,0,0,0,12.86
2024-02-06,Store_4,SKU_3,126.46,11,0,0,0,12.86
2024-02-07,Store_4,SKU_3,119.49,13,0,0,0,12.86
2024-02-08,Store_4,SKU_3,126.3,14,0,0,0,12.86
2024-02-09,Store_4,SKU_3,124.2,13,0,0,0,12.86
2024-02-10,Store_4,SKU_3,161.7,11,0,0,0,12.86
2024-02-11,Store_4,SKU_3,95.02,10,1,0,0,12.86
2024-02-12,Store_4,SKU_3,132.19,14,0,0,0,12.86
2024-02-13,Store_4,SKU_3,117.61,8,0,0,0,12.86
2024-02-14,Store_4,SKU_3,110.71,9,0,0,0,12.86
2024-02-15,Store_4,SKU_3,103.6,8,0,0,0,12.86
2024-02-16,Store_4,SKU_3,149.01,18,0,0,0,12.86
2024-02-17,Store_4,SKU_3,148.7,10,0,0,0,12.86
2024-02-18,Store_4,SKU_3,80.29,7,0,0,0,12.86
2024-02-19,Store_4,SKU_3,120.12,11,0,0,0,12.86
2024-02-20,Store_4,SKU_3,125.57,10,0,0,0,12.86
2024-02-21,Store_4,SKU_3,128.84,12,0,0,0,12.86
2024-02-22,Store_4,SKU_3,116.08,13,0,0,0,12.86
2024-02-23,Store_4,SKU_3,134.13,9,0,0,0,12.86
2024-02-24,Store_4,SKU_3,145.63,14,0,0,0,12.86
2024-02-25,Store_4,SKU_3,83.33,8,0,0,0,12.86
2024-02-26,Store_4,SKU_3,122.24,9,0,0,0,12.86
2024-02-27,Store_4,SKU_3,137.83,10,0,0,0,12.86
2024-02-28,Store_4,SKU_3,120.4,9,0,0,0,12.86
2024-02-29,Store_4,SKU_3,142.45,11,0,0,0,12.86
2024-03-01,Store_4,SKU_3,164.08,14,0,0,0,12.86
2024-03-02,Store_4,SKU_3,180.05,12,0,0,0,12.86
2024-03-03,Store_4,SKU_3,100.06,9,0,0,0,12.86
2024-03-04,Store_4,SKU_3,151.61,14,0,0,0,12.86
2024-03-05,Store_4,SKU_3,135.26,12,0,0,0,12.86
2024-03-06,Store_4,SKU_3,135.23,12,0,0,0,12.86
2024-03-07,Store_4,SKU_3,155.48,14,0,0,0,12.86
2024-03-08,Store_4,SKU_3,153.71,14,0,0,0,12.86
2024-03-09,Store_4,SKU_3,156.95,15,0,0,0,12.86
2024-03-10,Store_4,SKU_3,82.27,6,0,0,0,12.86
2024-03-11,Store_4,SKU_3,125.0,12,0,0,0,12.86
2024-03-12,Store_4,SKU_3,152.17,15,0,0,0,12.86
2024-03-13,Store_4,SKU_3,160.93,12,0,0,0,12.86
2024-03-14,Store_4,SKU_3,158.43,13,0,0,0,12.86
2024-03-15,Store_4,SKU_3,170.31,14,0,0,0,12.86
2024-03-16,Store_4,SKU_3,194.9,16,0,0,0,12.86
2024-03-17,Store_4,SKU_3,117.67,13,1,0,0,12.86
2024-03-18,Store_4,SKU_3,148.5,12,0,0,0,12.86
2024-03-19,Store_4,SKU_3,136.81,10,0,0,0,12.86
2024-03-20,Store_4,SKU_3,141.31,10,0,0,0,12.86
2024-03-21,Store_4,SKU_3,155.61,14,0,0,0,12.86
2024-03-22,Store_4,SKU_3,146.01,10,0,0,0,12.86
2024-03-23,Store_4,SKU_3,216.15,16,1,0,0,12.86
2024-03-24,Store_4,SKU_3,85.33,7,0,0,0,12.86
2024-03-25,Store_4,SKU_3,208.46,15,1,0,0,12.86
2024-03-26,Store_4,SKU_3,134.62,15,0,0,0,12.86
2024-03-27,Store_4,SKU_3,128.03,15,0,0,0,12.86
2024-03-28,Store_4,SKU_3,143.93,10,0,0,0,12.86
2024-03-29,Store_4,SKU_3,169.24,12,0,0,0,12.86
2024-03-30,Store_4,SKU_3,171.48,16,0,0,0,12.86
2024-03-31,Store_4,SKU_3,97.89,10,0,0,0,12.86
2024-04-01,Store_4,SKU_3,176.92,15,0,0,0,12.86
2024-04-02,Store_4,SKU_3,145.36,12,0,0,0,12.86
2024-04-03,Store_4,SKU_3,133.7,16,0,0,0,12.86
2024-04-04,Store_4,SKU_3,169.88,19,0,0,0,12.86
2024-04-05,Store_4,SKU_3,175.82,14,0,0,0,12.86
2024-04-06,Store_4,SKU_3,221.42,19,0,0,0,12.86
2024-04-07,Store_4,SKU_3,137.42,15,1,0,0,12.86
2024-04-08,Store_4,SKU_3,182.71,17,0,0,0,12.86
2024-04-09,Store_4,SKU_3,140.36,17,0,0,0,12.86
2024-04-10,Store_4,SKU_3,216.5,26,1,0,0,12.86
2024-04-11,Store_4,SKU_3,159.48,15,0,0,0,12.86
2024-04-12,Store_4,SKU_3,197.95,16,0,0,0,12.86
2024-04-13,Store_4,SKU_3,212.58,15,0,0,0,12.86
2024-04-14,Store_4,SKU_3,81.76,6,0,0,0,12.86
2024-04-15,Store_4,SKU_3,150.49,16,0,0,0,12.86
2024-04-16,Store_4,SKU_3,141.63,10,0,0,0,12.86
2024-04-17,Store_4,SKU_3,139.8,13,0,0,0,12.86
2024-04-18,Store_4,SKU_3,163.08,16,0,0,0,12.86
2024-04-19,Store_4,SKU_3,184.8,14,0,0,0,12.86
2024-04-20,Store_4,SKU_3,298.63,37,1,0,0,12.86
2024-04-21,Store_4,SKU_3,81.4,7,0,0,0,12.86
2024-04-22,Store_4,SKU_3,176.92,13,0,0,0,12.86
2024-04-23,Store_4,SKU_3,162.27,13,0,0,0,12.86
2024-04-24,Store_4,SKU_3,130.57,14,0,0,0,12.86
2024-04-25,Store_4,SKU_3,182.31,20,0,0,0,12.86
2024-04-26,Store_4,SKU_3,177.72,21,0,0,0,12.86
2024-04-27,Store_4,SKU_3,216.79,24,0,0,0,12.86
2024-04-28,Store_4,SKU_3,95.58,7,0,0,0,12.86
2024-04-29,Store_4,SKU_3,149.83,12,0,0,0,12.86
2024-04-30,Store_4,SKU_3,161.93,12,0,0,0,12.86
2024-05-01,Store_4,SKU_3,198.98,15,0,0,0,12.86
2024-05-02,Store_4,SKU_3,181.03,19,0,0,0,12.86
2024-05-03,Store_4,SKU_3,209.66,16,0,0,0,12.86
2024-05-04,Store_4,SKU_3,365.3,34,1,0,0,12.86
2024-05-05,Store_4,SKU_3,108.3,8,0,0,0,12.86
2024-05-06,Store_4,SKU_3,176.28,15,0,0,0,12.86
2024-05-07,Store_4,SKU_3,169.89,15,0,0,0,12.86
2024-05-08,Store_4,SKU_3,178.44,19,0,0,0,12.86
2024-05-09,Store_4,SKU_3,162.29,17,0,0,0,12.86
2024-05-10,Store_4,SKU_3,198.85,24,0,0,0,12.86
2024-05-11,Store_4,SKU_3,230.01,18,0,0,0,12.86
2024-05-12,Store_4,SKU_3,97.39,7,0,0,0,12.86
2024-05-13,Store_4,SKU_3,145.18,15,0,0,0,12.86
2024-05-14,Store_4,SKU_3,226.54,20,1,0,0,12.86
2024-05-15,Store_4,SKU_3,180.93,22,0,0,0,12.86
2024-05-16,Store_4,SKU_3,187.56,18,0,0,0,12.86
2024-05-17,Store_4,SKU_3,166.26,13,0,0,0,12.86
2024-05-18,Store_4,SKU_3,215.17,17,0,0,0,12.86
2024-05-19,Store_4,SKU_3,106.42,11,0,0,0,12.86
2024-05-20,Store_4,SKU_3,174.35,16,0,0,0,12.86
2024-05-21,Store_4,SKU_3,170.98,14,0,0,0,12.86
2024-05-22,Store_4,SKU_3,173.42,12,0,0,0,12.86
2024-05-23,Store_4,SKU_3,236.0,19,1,0,0,12.86
2024-05-24,Store_4,SKU_3,169.32,19,0,0,0,12.86
2024-05-25,Store_4,SKU_3,215.53,18,0,0,0,12.86
2024-05-26,Store_4,SKU_3,106.0,8,0,0,0,12.86
2024-05-27,Store_4,SKU_3,192.27,18,0,0,0,12.86
2024-05-28,Store_4,SKU_3,142.21,10,0,0,0,12.86
2024-05-29,Store_4,SKU_3,177.45,15,0,0,0,12.86
2024-05-30,Store_4,SKU_3,176.64,20,0,0,0,12.86
2024-05-31,Store_4,SKU_3,290.87,24,1,0,0,12.86
2024-06-01,Store_4,SKU_3,204.59,15,0,0,0,12.86
2024-06-02,Store_4,SKU_3,107.86,12,0,0,0,12.86
2024-06-03,Store_4,SKU_3,182.66,21,0,0,0,12.86
2024-06-04,Store_4,SKU_3,195.34,17,0,0,0,12.86
2024-06-05,Store_4,SKU_3,185.83,15,0,0,0,12.86
2024-06-06,Store_4,SKU_3,255.35,26,1,0,0,12.86
2024-06-07,Store_4,SKU_3,210.29,16,0,0,0,12.86
2024-06-08,Store_4,SKU_3,210.33,21,0,0,0,12.86
2024-06-09,Store_4,SKU_3,117.68,9,0,0,0,12.86
2024-06-10,Store_4,SKU_3,202.38,16,0,0,0,12.86
2024-06-11,Store_4,SKU_3,234.87,20,1,0,0,12.86
2024-06-12,Store_4,SKU_3,181.23,18,0,0,0,12.86
2024-06-13,Store_4,SKU_3,160.55,11,0,0,0,12.86
2024-06-14,Store_4,SKU_3,202.98,16,0,0,0,12.86
2024-06-15,Store_4,SKU_3,323.51,26,1,0,0,12.86
2024-06-16,Store_4,SKU_3,99.85,8,0,0,0,12.86
2024-06-17,Store_4,SKU_3,171.24,20,0,0,0,12.86
2024-06-18,Store_4,SKU_3,194.18,17,0,0,0,12.86
2024-06-19,Store_4,SKU_3,249.03,19,1,0,0,12.86
2024-06-20,Store_4,SKU_3,262.49,20,1,0,0,12.86
2024-06-21,Store_4,SKU_3,211.45,17,0,0,0,12.86
2024-06-22,Store_4,SKU_3,337.48,40,1,0,0,12.86
2024-06-23,Store_4,SKU_3,105.21,12,0,0,0,12.86
2024-06-24,Store_4,SKU_3,190.41,20,0,0,0,12.86
2024-06-25,Store_4,SKU_3,183.57,16,0,0,0,12.86
2024-06-26,Store_4,SKU_3,175.3,19,0,0,0,12.86
2024-06-27,Store_4,SKU_3,182.14,14,0,0,0,12.86
2024-06-28,Store_4,SKU_3,233.92,26,0,0,0,12.86
2024-06-29,Store_4,SKU_3,254.17,24,0,0,0,12.86
2024-06-30,Store_4,SKU_3,111.1,9,0,0,0,12.86
2024-07-01,Store_4,SKU_3,163.25,15,0,0,1,12.86
2024-07-02,Store_4,SKU_3,189.83,21,0,0,0,12.86
2024-07-03,Store_4,SKU_3,166.25,18,0,0,0,12.86
2024-07-04,Store_4,SKU_3,262.26,21,1,0,1,12.86
2024-07-05,Store_4,SKU_3,218.87,17,0,0,0,12.86
2024-07-06,Store_4,SKU_3,214.6,18,0,0,1,12.86
2024-07-07,Store_4,SKU_3,115.22,10,0,0,0,12.86
2024-07-08,Store_4,SKU_3,192.29,17,0,0,1,12.86
2024-07-09,Store_4,SKU_3,135.73,14,0,0,0,12.86
2024-07-10,Store_4,SKU_3,175.32,19,0,0,1,12.86
2024-07-11,Store_4,SKU_3,174.59,17,0,0,0,12.86
2024-07-12,Store_4,SKU_3,179.22,12,0,0,0,12.86
2024-07-13,Store_4,SKU_3,250.0,20,0,0,0,12.86
2024-07-14,Store_4,SKU_3,104.06,9,0,0,1,12.86
2024-07-15,Store_4,SKU_3,170.12,14,0,0,0,12.86
2024-07-16,Store_4,SKU_3,157.65,13,0,0,1,12.86
2024-07-17,Store_4,SKU_3,133.73,11,0,0,0,12.86
2024-07-18,Store_4,SKU_3,187.3,15,0,0,0,12.86
2024-07-19,Store_4,SKU_3,170.11,15,0,0,1,12.86
2024-07-20,Store_4,SKU_3,209.65,18,0,0,0,12.86
2024-07-21,Store_4,SKU_3,114.3,9,0,0,1,12.86
2024-07-22,Store_4,SKU_3,254.44,25,1,0,0,12.86
2024-07-23,Store_4,SKU_3,181.82,20,0,0,0,12.86
2024-07-24,Store_4,SKU_3,187.76,16,0,0,0,12.86
2024-07-25,Store_4,SKU_3,181.17,22,0,0,1,12.86
2024-07-26,Store_4,SKU_3,181.7,16,0,0,1,12.86
2024-07-27,Store_4,SKU_3,220.71,16,0,0,0,12.86
2024-07-28,Store_4,SKU_3,109.64,8,0,0,0,12.86
2024-07-29,Store_4,SKU_3,179.62,19,0,0,0,12.86
2024-07-30,Store_4,SKU_3,202.32,21,0,0,1,12.86
2024-07-31,Store_4,SKU_3,204.81,16,0,0,1,12.86
2024-08-01,Store_4,SKU_3,174.54,13,0,0,1,12.86
2024-08-02,Store_4,SKU_3,148.42,17,0,0,0,12.86
2024-08-03,Store_4,SKU_3,193.5,19,0,0,0,12.86
2024-08-04,Store_4,SKU_3,97.84,7,0,0,0,12.86
2024-08-05,Store_4,SKU_3,178.0,19,0,0,0,12.86
2024-08-06,Store_4,SKU_3,169.03,14,0,0,1,12.86
2024-08-07,Store_4,SKU_3,172.64,13,0,0,1,12.86
2024-08-08,Store_4,SKU_3,172.67,19,0,0,1,12.86
2024-08-09,Store_4,SKU_3,195.67,17,0,0,0,12.86
2024-08-10,Store_4,SKU_3,204.33,15,0,0,1,12.86
2024-08-11,Store_4,SKU_3,135.75,10,1,0,0,12.86
2024-08-12,Store_4,SKU_3,172.32,16,0,0,0,12.86
2024-08-13,Store_4,SKU_3,142.84,10,0,0,1,12.86
2024-08-14,Store_4,SKU_3,156.85,11,0,0,1,12.86
2024-08-15,Store_4,SKU_3,181.23,16,0,0,1,12.86
2024-08-16,Store_4,SKU_3,211.38,17,0,0,1,12.86
2024-08-17,Store_4,SKU_3,309.57,25,1,0,0,12.86
2024-08-18,Store_4,SKU_3,94.98,7,0,0,0,12.86
2024-08-19,Store_4,SKU_3,186.08,17,0,0,0,12.86
2024-08-20,Store_4,SKU_3,148.5,12,0,0,0,12.86
2024-08-21,Store_4,SKU_3,148.53,14,0,0,0,12.86
2024-08-22,Store_4,SKU_3,151.49,15,0,0,1,12.86
2024-08-23,Store_4,SKU_3,191.76,23,0,0,0,12.86
2024-08-24,Store_4,SKU_3,187.84,22,0,0,1,12.86
2024-08-25,Store_4,SKU_3,138.33,14,1,0,0,12.86
2024-08-26,Store_4,SKU_3,158.99,15,0,0,0,12.86
2024-08-27,Store_4,SKU_3,167.01,15,0,0,0,12.86
2024-08-28,Store_4,SKU_3,131.07,16,0,0,0,12.86
2024-08-29,Store_4,SKU_3,159.9,16,0,0,1,12.86
2024-08-30,Store_4,SKU_3,171.71,14,0,0,1,12.86
2024-08-31,Store_4,SKU_3,234.94,23,0,0,0,12.86
2024-09-01,Store_4,SKU_3,130.47,10,1,0,0,12.86
2024-09-02,Store_4,SKU_3,146.16,16,0,0,0,12.86
2024-09-03,Store_4,SKU_3,129.04,10,0,0,0,12.86
2024-09-04,Store_4,SKU_3,136.05,9,0,0,0,12.86
2024-09-05,Store_4,SKU_3,217.5,23,1,0,0,12.86
2024-09-06,Store_4,SKU_3,163.78,15,0,0,0,12.86
2024-09-07,Store_4,SKU_3,235.14,28,1,0,0,12.86
2024-09-08,Store_4,SKU_3,88.31,6,0,0,0,12.86
2024-09-09,Store_4,SKU_3,151.86,15,0,0,0,12.86
2024-09-10,Store_4,SKU_3,194.55,16,1,0,0,12.86
2024-09-11,Store_4,SKU_3,195.76,22,1,0,0,12.86
2024-09-12,Store_4,SKU_3,205.2,19,1,0,0,12.86
2024-09-13,Store_4,SKU_3,157.06,13,0,0,0,12.86
2024-09-14,Store_4,SKU_3,174.05,15,0,0,0,12.86
2024-09-15,Store_4,SKU_3,89.32,8,0,0,0,12.86
2024-09-16,Store_4,SKU_3,149.2,15,0,0,0,12.86
2024-09-17,Store_4,SKU_3,145.44,11,0,0,0,12.86
2024-09-18,Store_4,SKU_3,138.9,10,0,0,0,12.86
2024-09-19,Store_4,SKU_3,191.5,17,1,0,0,12.86
2024-09-20,Store_4,SKU_3,153.84,12,0,0,0,12.86
2024-09-21,Store_4,SKU_3,193.87,13,0,0,0,12.86
2024-09-22,Store_4,SKU_3,90.42,9,0,0,0,12.86
2024-09-23,Store_4,SKU_3,130.67,12,0,0,0,12.86
2024-09-24,Store_4,SKU_3,140.16,16,0,0,0,12.86
2024-09-25,Store_4,SKU_3,141.5,16,0,0,0,12.86
2024-09-26,Store_4,SKU_3,140.26,10,0,0,0,12.86
2024-09-27,Store_4,SKU_3,187.18,13,0,0,0,12.86
2024-09-28,Store_4,SKU_3,190.59,13,0,0,0,12.86
2024-09-29,Store_4,SKU_3,98.49,8,0,0,0,12.86
2024-09-30,Store_4,SKU_3,134.97,12,0,0,0,12.86
2024-10-01,Store_4,SKU_3,142.99,13,0,0,0,12.86
2024-10-02,Store_4,SKU_3,135.93,10,0,0,0,12.86
2024-10-03,Store_4,SKU_3,120.31,9,0,0,0,12.86
2024-10-04,Store_4,SKU_3,131.51,10,0,0,0,12.86
2024-10-05,Store_4,SKU_3,172.96,12,0,0,0,12.86
2024-10-06,Store_4,SKU_3,131.59,12,1,0,0,12.86
2024-10-07,Store_4,SKU_3,145.5,17,0,0,0,12.86
2024-10-08,Store_4,SKU_3,118.69,13,0,0,0,12.86
2024-10-09,Store_4,SKU_3,135.27,11,0,0,0,12.86
2024-10-10,Store_4,SKU_3,129.79,15,0,0,0,12.86
2024-10-11,Store_4,SKU_3,137.48,9,0,0,0,12.86
2024-10-12,Store_4,SKU_3,159.57,16,0,0,0,12.86
2024-10-13,Store_4,SKU_3,83.66,8,0,0,0,12.86
2024-10-14,Store_4,SKU_3,127.91,12,0,0,0,12.86
2024-10-15,Store_4,SKU_3,124.23,9,0,0,0,12.86
2024-10-16,Store_4,SKU_3,133.8,15,0,0,0,12.86
2024-10-17,Store_4,SKU_3,139.27,14,0,0,0,12.86
2024-10-18,Store_4,SKU_3,152.05,15,0,0,0,12.86
2024-10-19,Store_4,SKU_3,149.1,11,0,0,0,12.86
2024-10-20,Store_4,SKU_3,80.21,7,0,0,0,12.86
2024-10-21,Store_4,SKU_3,188.84,22,1,0,0,12.86
2024-10-22,Store_4,SKU_3,184.38,16,1,0,0,12.86
2024-10-23,Store_4,SKU_3,125.99,9,0,0,0,12.86
2024-10-24,Store_4,SKU_3,103.91,8,0,0,0,12.86
2024-10-25,Store_4,SKU_3,148.69,11,0,0,0,12.86
2024-10-26,Store_4,SKU_3,142.73,10,0,0,0,12.86
2024-10-27,Store_4,SKU_3,81.41,9,0,0,0,12.86
2024-10-28,Store_4,SKU_3,121.83,14,0,0,0,12.86
2024-10-29,Store_4,SKU_3,126.43,9,0,0,0,12.86
2024-10-30,Store_4,SKU_3,113.67,12,0,0,0,12.86
2024-10-31,Store_4,SKU_3,124.36,12,0,0,0,12.86
2024-11-01,Store_4,SKU_3,120.79,14,0,0,0,12.86
2024-11-02,Store_4,SKU_3,143.2,13,0,0,0,12.86
2024-11-03,Store_4,SKU_3,60.46,5,0,0,0,12.86
2024-11-04,Store_4,SKU_3,118.11,9,0,0,0,12.86
2024-11-05,Store_4,SKU_3,107.28,10,0,0,0,12.86
2024-11-06,Store_4,SKU_3,104.35,10,0,0,0,12.86
2024-11-07,Store_4,SKU_3,126.69,9,0,0,0,12.86
2024-11-08,Store_4,SKU_3,126.46,10,0,0,0,12.86
2024-11-09,Store_4,SKU_3,226.9,28,1,0,0,12.86
2024-11-10,Store_4,SKU_3,69.23,5,0,0,0,12.86
2024-11-11,Store_4,SKU_3,114.67,9,0,0,0,12.86
2024-11-12,Store_4,SKU_3,109.83,9,0,0,0,12.86
2024-11-13,Store_4,SKU_3,108.14,10,0,0,0,12.86
2024-11-14,Store_4,SKU_3,116.67,11,0,0,0,12.86
2024-11-15,Store_4,SKU_3,118.88,8,0,0,0,12.86
2024-11-16,Store_4,SKU_3,128.59,9,0,0,0,12.86
2024-11-17,Store_4,SKU_3,72.06,6,0,0,0,12.86
2024-11-18,Store_4,SKU_3,117.3,11,0,0,0,12.86
2024-11-19,Store_4,SKU_3,117.29,10,0,0,0,12.86
2024-11-20,Store_4,SKU_3,112.26,10,0,0,0,12.86
2024-11-21,Store_4,SKU_3,109.35,8,0,0,0,12.86
2024-11-22,Store_4,SKU_3,124.47,12,0,0,0,12.86
2024-11-23,Store_4,SKU_3,149.38,12,0,0,0,12.86
2024-11-24,Store_4,SKU_3,74.49,7,0,0,0,12.86
2024-11-25,Store_4,SKU_3,114.33,10,0,0,0,12.86
2024-11-26,Store_4,SKU_3,154.37,15,1,0,0,12.86
2024-11-27,Store_4,SKU_3,129.65,14,0,0,0,12.86
2024-11-28,Store_4,SKU_3,106.23,9,0,0,0,12.86
2024-11-29,Store_4,SKU_3,120.07,9,0,0,0,12.86
2024-11-30,Store_4,SKU_3,158.04,14,0,0,0,12.86
2024-12-01,Store_4,SKU_3,70.83,7,0,0,0,12.86
2024-12-02,Store_4,SKU_3,138.54,13,1,0,0,12.86
2024-12-03,Store_4,SKU_3,105.69,12,0,0,0,12.86
2024-12-04,Store_4,SKU_3,105.03,12,0,0,0,12.86
2024-12-05,Store_4,SKU_3,111.78,11,0,0,0,12.86
2024-12-06,Store_4,SKU_3,119.59,10,0,0,0,12.86
2024-12-07,Store_4,SKU_3,157.39,17,0,0,0,12.86
2024-12-08,Store_4,SKU_3,62.42,4,0,0,0,12.86
2024-12-09,Store_4,SKU_3,109.12,10,0,0,0,12.86
2024-12-10,Store_4,SKU_3,94.89,11,0,0,0,12.86
2024-12-11,Store_4,SKU_3,122.01,12,0,0,0,12.86
2024-12-12,Store_4,SKU_3,107.3,9,0,0,0,12.86
2024-12-13,Store_4,SKU_3,113.48,10,0,0,0,12.86
2024-12-14,Store_4,SKU_3,148.64,14,0,0,0,12.86
2024-12-15,Store_4,SKU_3,63.21,7,0,0,0,12.86
2024-12-16,Store_4,SKU_3,108.01,8,0,0,0,12.86
2024-12-17,Store_4,SKU_3,157.91,14,1,0,0,12.86
2024-12-18,Store_4,SKU_3,111.4,9,0,0,0,12.86
2024-12-19,Store_4,SKU_3,119.34,9,0,0,0,12.86
2024-12-20,Store_4,SKU_3,167.3,17,1,0,0,12.86
2024-12-21,Store_4,SKU_3,127.85,12,0,0,0,12.86
2024-12-22,Store_4,SKU_3,65.54,6,0,0,0,12.86
2024-12-23,Store_4,SKU_3,120.94,8,0,0,0,12.86
2024-12-24,Store_4,SKU_3,110.55,8,0,0,0,12.86
2024-12-25,Store_4,SKU_3,42.78,3,0,a,0,12.86
2024-12-26,Store_4,SKU_3,66.18,5,1,a,0,12.86
2024-12-27,Store_4,SKU_3,148.74,13,0,0,0,12.86
2024-12-28,Store_4,SKU_3,127.0,12,0,0,0,12.86
2024-12-29,Store_4,SKU_3,78.87,6,0,0,0,12.86
2024-12-30,Store_4,SKU_3,106.01,8,0,0,0,12.86
2024-12-31,Store_4,SKU_3,110.96,8,0,0,0,12.86
2022-01-01,Store_4,SKU_4,25.99,2,0,a,0,13.7
2022-01-02,Store_4,SKU_4,31.37,2,0,0,0,13.7
2022-01-03,Store_4,SKU_4,48.91,5,0,0,0,13.7
2022-01-04,Store_4,SKU_4,45.04,4,0,0,0,13.7
2022-01-05,Store_4,SKU_4,37.33,3,0,0,0,13.7
2022-01-06,Store_4,SKU_4,40.35,3,0,0,0,13.7
2022-01-07,Store_4,SKU_4,77.1,7,1,0,0,13.7
2022-01-08,Store_4,SKU_4,61.11,5,0,0,0,13.7
2022-01-09,Store_4,SKU_4,28.51,2,0,0,0,13.7
2022-01-10,Store_4,SKU_4,51.49,4,0,0,0,13.7
2022-01-11,Store_4,SKU_4,43.81,3,0,0,0,13.7
2022-01-12,Store_4,SKU_4,48.58,4,0,0,0,13.7
2022-01-13,Store_4,SKU_4,65.21,4,1,0,0,13.7
2022-01-14,Store_4,SKU_4,53.97,6,0,0,0,13.7
2022-01-15,Store_4,SKU_4,91.51,9,1,0,0,13.7
2022-01-16,Store_4,SKU_4,29.46,2,0,0,0,13.7
2022-01-17,Store_4,SKU_4,46.88,4,0,0,0,13.7
2022-01-18,Store_4,SKU_4,42.59,3,0,0,0,13.7
2022-01-19,Store_4,SKU_4,51.03,3,0,0,0,13.7
2022-01-20,Store_4,SKU_4,66.79,6,1,0,0,13.7
2022-01-21,Store_4,SKU_4,52.67,4,0,0,0,13.7
2022-01-22,Store_4,SKU_4,55.37,4,0,0,0,13.7
2022-01-23,Store_4,SKU_4,30.27,2,0,0,0,13.7
2022-01-24,Store_4,SKU_4,53.22,5,0,0,0,13.7
2022-01-25,Store_4,SKU_4,44.43,5,0,0,0,13.7
2022-01-26,Store_4,SKU_4,42.33,4,0,0,0,13.7
2022-01-27,Store_4,SKU_4,45.61,3,0,0,0,13.7
2022-01-28,Store_4,SKU_4,49.27,4,0,0,0,13.7
2022-01-29,Store_4,SKU_4,61.74,7,0,0,0,13.7
2022-01-30,Store_4,SKU_4,26.25,3,0,0,0,13.7
2022-01-31,Store_4,SKU_4,61.37,7,1,0,0,13.7
2022-02-01,Store_4,SKU_4,51.74,4,0,0,0,13.7
2022-02-02,Store_4,SKU_4,48.4,4,0,0,0,13.7
2022-02-03,Store_4,SKU_4,46.6,4,0,0,0,13.7
2022-02-04,Store_4,SKU_4,60.44,4,0,0,0,13.7
2022-02-05,Store_4,SKU_4,62.91,5,0,0,0,13.7
2022-02-06,Store_4,SKU_4,27.56,2,0,0,0,13.7
2022-02-07,Store_4,SKU_4,51.83,5,0,0,0,13.7
2022-02-08,Store_4,SKU_4,47.65,3,0,0,0,13.7
2022-02-09,Store_4,SKU_4,67.54,5,1,0,0,13.7
2022-02-10,Store_4,SKU_4,51.22,3,0,0,0,13.7
2022-02-11,Store_4,SKU_4,86.79,6,1,0,0,13.7
2022-02-12,Store_4,SKU_4,59.88,4,0,0,0,13.7
2022-02-13,Store_4,SKU_4,33.14,4,0,0,0,13.7
2022-02-14,Store_4,SKU_4,51.28,3,0,0,0,13.7
2022-02-15,Store_4,SKU_4,49.57,3,0,0,0,13.7
2022-02-16,Store_4,SKU_4,58.25,4,0,0,0,13.7
2022-02-17,Store_4,SKU_4,54.09,5,0,0,0,13.7
2022-02-18,Store_4,SKU_4,87.8,6,1,0,0,13.7
2022-02-19,Store_4,SKU_4,87.44,10,1,0,0,13.7
2022-02-20,Store_4,SKU_4,29.01,3,0,0,0,13.7
2022-02-21,Store_4,SKU_4,51.26,3,0,0,0,13.7
2022-02-22,Store_4,SKU_4,50.33,3,0,0,0,13.7
2022-02-23,Store_4,SKU_4,75.74,9,1,0,0,13.7
2022-02-24,Store_4,SKU_4,51.99,3,0,0,0,13.7
2022-02-25,Store_4,SKU_4,55.99,5,0,0,0,13.7
2022-02-26,Store_4,SKU_4,70.76,7,0,0,0,13.7
2022-02-27,Store_4,SKU_4,47.45,3,1,0,0,13.7
2022-02-28,Store_4,SKU_4,49.09,3,0,0,0,13.7
2022-03-01,Store_4,SKU_4,60.37,7,0,0,0,13.7
2022-03-02,Store_4,SKU_4,56.82,6,0,0,0,13.7
2022-03-03,Store_4,SKU_4,57.38,6,0,0,0,13.7
2022-03-04,Store_4,SKU_4,61.3,5,0,0,0,13.7
2022-03-05,Store_4,SKU_4,78.55,6,0,0,0,13.7
2022-03-06,Store_4,SKU_4,33.5,3,0,0,0,13.7
2022-03-07,Store_4,SKU_4,65.77,6,0,0,0,13.7
2022-03-08,Store_4,SKU_4,54.48,4,0,0,0,13.7
2022-03-09,Store_4,SKU_4,69.5,8,0,0,0,13.7
2022-03-10,Store_4,SKU_4,64.48,6,0,0,0,13.7
2022-03-11,Store_4,SKU_4,71.7,6,0,0,0,13.7
2022-03-12,Store_4,SKU_4,81.46,6,0,0,0,13.7
2022-03-13,Store_4,SKU_4,44.91,5,1,0,0,13.7
2022-03-14,Store_4,SKU_4,62.46,4,0,0,0,13.7
2022-03-15,Store_4,SKU_4,56.13,4,0,0,0,13.7
2022-03-16,Store_4,SKU_4,58.42,6,0,0,0,13.7
2022-03-17,Store_4,SKU_4,61.77,4,0,0,0,13.7
2022-03-18,Store_4,SKU_4,66.43,6,0,0,0,13.7
2022-03-19,Store_4,SKU_4,77.62,8,0,0,0,13.7
2022-03-20,Store_4,SKU_4,35.45,2,0,0,0,13.7
2022-03-21,Store_4,SKU_4,58.87,4,0,0,0,13.7
2022-03-22,Store_4,SKU_4,55.04,4,0,0,0,13.7
2022-03-23,Store_4,SKU_4,54.84,6,0,0,0,13.7
2022-03-24,Store_4,SKU_4,65.1,4,0,0,0,13.7
2022-03-25,Store_4,SKU_4,69.57,6,0,0,0,13.7
2022-03-26,Store_4,SKU_4,73.64,7,0,0,0,13.7
2022-03-27,Store_4,SKU_4,32.2,2,0,0,0,13.7
2022-03-28,Store_4,SKU_4,58.62,6,0,0,0,13.7
2022-03-29,Store_4,SKU_4,49.74,3,0,0,0,13.7
2022-03-30,Store_4,SKU_4,77.03,6,1,0,0,13.7
2022-03-31,Store_4,SKU_4,55.42,4,0,0,0,13.7
2022-04-01,Store_4,SKU_4,76.13,9,0,0,0,13.7
2022-04-02,Store_4,SKU_4,95.68,8,0,0,0,13.7
2022-04-03,Store_4,SKU_4,34.6,4,0,0,0,13.7
2022-04-04,Store_4,SKU_4,66.14,4,0,0,0,13.7
2022-04-05,Store_4,SKU_4,69.07,7,0,0,0,13.7
2022-04-06,Store_4,SKU_4,65.35,7,0,0,0,13.7
2022-04-07,Store_4,SKU_4,64.67,7,0,0,0,13.7
2022-04-08,Store_4,SKU_4,74.58,7,0,0,0,13.7
2022-04-09,Store_4,SKU_4,79.99,6,0,0,0,13.7
2022-04-10,Store_4,SKU_4,38.65,3,0,0,0,13.7
2022-04-11,Store_4,SKU_4,67.33,7,0,0,0,13.7
2022-04-12,Store_4,SKU_4,91.69,10,1,0,0,13.7
2022-04-13,Store_4,SKU_4,74.63,6,0,0,0,13.7
2022-04-14,Store_4,SKU_4,65.11,6,0,0,0,13.7
2022-04-15,Store_4,SKU_4,80.87,7,0,0,0,13.7
2022-04-16,Store_4,SKU_4,109.38,11,1,0,0,13.7
2022-04-17,Store_4,SKU_4,40.85,3,0,0,0,13.7
2022-04-18,Store_4,SKU_4,78.55,7,0,0,0,13.7
2022-04-19,Store_4,SKU_4,61.54,6,0,0,0,13.7
2022-04-20,Store_4,SKU_4,81.83,7,1,0,0,13.7
2022-04-21,Store_4,SKU_4,101.2,8,1,0,0,13.7
2022-04-22,Store_4,SKU_4,72.48,7,0,0,0,13.7
2022-04-23,Store_4,SKU_4,123.44,14,1,0,0,13.7
2022-04-24,Store_4,SKU_4,58.43,5,1,0,0,13.7
2022-04-25,Store_4,SKU_4,67.94,5,0,0,0,13.7
2022-04-26,Store_4,SKU_4,68.27,7,0,0,0,13.7
2022-04-27,Store_4,SKU_4,64.06,5,0,0,0,13.7
2022-04-28,Store_4,SKU_4,66.01,7,0,0,0,13.7
2022-04-29,Store_4,SKU_4,71.32,5,0,0,0,13.7
2022-04-30,Store_4,SKU_4,68.49,6,0,0,0,13.7
2022-05-01,Store_4,SKU_4,42.91,3,0,0,0,13.7
2022-05-02,Store_4,SKU_4,109.02,8,1,0,0,13.7
2022-05-03,Store_4,SKU_4,68.18,8,0,0,0,13.7
2022-05-04,Store_4,SKU_4,75.43,5,0,0,0,13.7
2022-05-05,Store_4,SKU_4,95.38,8,1,0,0,13.7
2022-05-06,Store_4,SKU_4,82.03,6,0,0,0,13.7
2022-05-07,Store_4,SKU_4,90.92,7,0,0,0,13.7
2022-05-08,Store_4,SKU_4,43.52,3,0,0,0,13.7
2022-05-09,Store_4,SKU_4,73.87,5,0,0,0,13.7
2022-05-10,Store_4,SKU_4,63.41,5,0,0,0,13.7
2022-05-11,Store_4,SKU_4,75.53,7,0,0,0,13.7
2022-05-12,Store_4,SKU_4,65.89,5,0,0,0,13.7
2022-05-13,Store_4,SKU_4,110.58,10,1,0,0,13.7
2022-05-14,Store_4,SKU_4,85.47,7,0,0,0,13.7
2022-05-15,Store_4,SKU_4,65.55,5,1,0,0,13.7
2022-05-16,Store_4,SKU_4,73.9,5,0,0,0,13.7
2022-05-17,Store_4,SKU_4,72.07,6,0,0,0,13.7
2022-05-18,Store_4,SKU_4,68.23,5,0,0,0,13.7
2022-05-19,Store_4,SKU_4,80.3,6,0,0,0,13.7
2022-05-20,Store_4,SKU_4,77.08,7,0,0,0,13.7
2022-05-21,Store_4,SKU_4,91.1,9,0,0,0,13.7
2022-05-22,Store_4,SKU_4,38.25,2,0,0,0,13.7
2022-05-23,Store_4,SKU_4,84.82,8,0,0,0,13.7
2022-05-24,Store_4,SKU_4,89.22,8,1,0,0,13.7
2022-05-25,Store_4,SKU_4,72.85,8,0,0,0,13.7
2022-05-26,Store_4,SKU_4,82.12,7,0,0,0,13.7
2022-05-27,Store_4,SKU_4,86.24,7,0,0,0,13.7
2022-05-28,Store_4,SKU_4,104.94,7,0,0,0,13.7
2022-05-29,Store_4,SKU_4,46.37,3,0,0,0,13.7
2022-05-30,Store_4,SKU_4,76.96,8,0,0,0,13.7
2022-05-31,Store_4,SKU_4,59.91,4,0,0,0,13.7
2022-06-01,Store_4,SKU_4,52.9,4,0,0,0,13.7
2022-06-02,Store_4,SKU_4,79.4,7,0,0,0,13.7
2022-06-03,Store_4,SKU_4,79.47,7,0,0,0,13.7
2022-06-04,Store_4,SKU_4,82.23,6,0,0,0,13.7
2022-06-05,Store_4,SKU_4,47.19,3,0,0,0,13.7
2022-06-06,Store_4,SKU_4,71.83,5,0,0,0,13.7
2022-06-07,Store_4,SKU_4,70.96,7,0,0,0,13.7
2022-06-08,Store_4,SKU_4,69.81,5,0,0,0,13.7
2022-06-09,Store_4,SKU_4,79.73,8,0,0,0,13.7
2022-06-10,Store_4,SKU_4,71.22,5,0,0,0,13.7
2022-06-11,Store_4,SKU_4,94.21,7,0,0,0,13.7
2022-06-12,Store_4,SKU_4,62.71,5,1,0,0,13.7
2022-06-13,Store_4,SKU_4,82.55,7,0,0,0,13.7
2022-06-14,Store_4,SKU_4,80.26,6,0,0,0,13.7
2022-06-15,Store_4,SKU_4,74.24,5,0,0,0,13.7
2022-06-16,Store_4,SKU_4,71.24,7,0,0,0,13.7
2022-06-17,Store_4,SKU_4,74.25,8,0,0,0,13.7
2022-06-18,Store_4,SKU_4,124.02,13,1,0,0,13.7
2022-06-19,Store_4,SKU_4,50.2,5,0,0,0,13.7
2022-06-20,Store_4,SKU_4,109.37,8,1,0,0,13.7
2022-06-21,Store_4,SKU_4,67.09,6,0,0,0,13.7
2022-06-22,Store_4,SKU_4,78.49,7,0,0,0,13.7
2022-06-23,Store_4,SKU_4,81.13,6,0,0,0,13.7
2022-06-24,Store_4,SKU_4,82.19,6,0,0,0,13.7
2022-06-25,Store_4,SKU_4,144.71,14,1,0,0,13.7
2022-06-26,Store_4,SKU_4,49.28,4,0,0,0,13.7
2022-06-27,Store_4,SKU_4,81.72,8,0,0,0,13.7
2022-06-28,Store_4,SKU_4,79.01,9,0,0,0,13.7
2022-06-29,Store_4,SKU_4,67.31,6,0,0,0,13.7
2022-06-30,Store_4,SKU_4,60.62,5,0,0,0,13.7
2022-07-01,Store_4,SKU_4,113.94,13,1,0,0,13.7
2022-07-02,Store_4,SKU_4,95.99,10,0,0,0,13.7
2022-07-03,Store_4,SKU_4,42.1,5,0,0,0,13.7
2022-07-04,Store_4,SKU_4,101.32,10,1,0,0,13.7
2022-07-05,Store_4,SKU_4,63.75,7,0,0,0,13.7
2022-07-06,Store_4,SKU_4,100.39,11,1,0,1,13.7
2022-07-07,Store_4,SKU_4,109.73,8,1,0,1,13.7
2022-07-08,Store_4,SKU_4,79.9,7,0,0,0,13.7
2022-07-09,Store_4,SKU_4,101.77,9,0,0,0,13.7
2022-07-10,Store_4,SKU_4,53.79,5,1,0,0,13.7
2022-07-11,Store_4,SKU_4,78.06,6,0,0,1,13.7
2022-07-12,Store_4,SKU_4,75.44,9,0,0,1,13.7
2022-07-13,Store_4,SKU_4,74.85,6,0,0,0,13.7
2022-07-14,Store_4,SKU_4,85.45,8,0,0,0,13.7
2022-07-15,Store_4,SKU_4,88.44,8,0,0,0,13.7
2022-07-16,Store_4,SKU_4,96.49,7,0,0,1,13.7
2022-07-17,Store_4,SKU_4,40.25,3,0,0,1,13.7
2022-07-18,Store_4,SKU_4,76.52,6,0,0,1,13.7
2022-07-19,Store_4,SKU_4,79.3,6,0,0,0,13.7
2022-07-20,Store_4,SKU_4,73.87,5,0,0,1,13.7
2022-07-21,Store_4,SKU_4,70.36,6,0,0,1,13.7
2022-07-22,Store_4,SKU_4,81.5,6,0,0,0,13.7
2022-07-23,Store_4,SKU_4,100.26,7,0,0,1,13.7
2022-07-24,Store_4,SKU_4,42.11,3,0,0,1,13.7
2022-07-25,Store_4,SKU_4,61.07,6,0,0,1,13.7
2022-07-26,Store_4,SKU_4,73.31,6,0,0,0,13.7
2022-07-27,Store_4,SKU_4,65.07,7,0,0,0,13.7
2022-07-28,Store_4,SKU_4,69.82,5,0,0,0,13.7
2022-07-29,Store_4,SKU_4,95.09,11,0,0,1,13.7
2022-07-30,Store_4,SKU_4,95.46,8,0,0,0,13.7
2022-07-31,Store_4,SKU_4,44.22,4,0,0,0,13.7
2022-08-01,Store_4,SKU_4,69.15,6,0,0,1,13.7
2022-08-02,Store_4,SKU_4,69.28,7,0,0,0,13.7
2022-08-03,Store_4,SKU_4,86.72,9,1,0,0,13.7
2022-08-04,Store_4,SKU_4,63.59,6,0,0,0,13.7
2022-08-05,Store_4,SKU_4,77.14,5,0,0,1,13.7
2022-08-06,Store_4,SKU_4,74.43,9,0,0,0,13.7
2022-08-07,Store_4,SKU_4,43.67,5,0,0,1,13.7
2022-08-08,Store_4,SKU_4,70.7,5,0,0,0,13.7
2022-08-09,Store_4,SKU_4,104.13,12,1,0,0,13.7
2022-08-10,Store_4,SKU_4,71.27,6,0,0,1,13.7
2022-08-11,Store_4,SKU_4,59.31,6,0,0,0,13.7
2022-08-12,Store_4,SKU_4,81.69,8,0,0,0,13.7
2022-08-13,Store_4,SKU_4,90.25,9,0,0,0,13.7
2022-08-14,Store_4,SKU_4,47.13,4,0,0,1,13.7
2022-08-15,Store_4,SKU_4,95.18,8,1,0,1,13.7
2022-08-16,Store_4,SKU_4,59.09,4,0,0,0,13.7
2022-08-17,Store_4,SKU_4,64.94,5,0,0,0,13.7
2022-08-18,Store_4,SKU_4,74.08,6,0,0,1,13.7
2022-08-19,Store_4,SKU_4,91.28,7,0,0,1,13.7
2022-08-20,Store_4,SKU_4,92.31,11,0,0,0,13.7
2022-08-21,Store_4,SKU_4,44.12,3,0,0,0,13.7
2022-08-22,Store_4,SKU_4,71.97,8,0,0,0,13.7
2022-08-23,Store_4,SKU_4,63.9,7,0,0,1,13.7
2022-08-24,Store_4,SKU_4,68.24,6,0,0,0,13.7
2022-08-25,Store_4,SKU_4,64.63,4,0,0,1,13.7
2022-08-26,Store_4,SKU_4,74.1,7,0,0,0,13.7
2022-08-27,Store_4,SKU_4,88.39,8,0,0,0,13.7
2022-08-28,Store_4,SKU_4,43.22,3,0,0,0,13.7
2022-08-29,Store_4,SKU_4,82.56,9,0,0,0,13.7
2022-08-30,Store_4,SKU_4,61.44,4,0,0,0,13.7
2022-08-31,Store_4,SKU_4,71.15,5,0,0,0,13.7
2022-09-01,Store_4,SKU_4,63.87,4,0,0,0,13.7
2022-09-02,Store_4,SKU_4,65.67,4,0,0,0,13.7
2022-09-03,Store_4,SKU_4,71.51,8,0,0,0,13.7
2022-09-04,Store_4,SKU_4,39.2,3,0,0,0,13.7
2022-09-05,Store_4,SKU_4,77.67,6,1,0,0,13.7
2022-09-06,Store_4,SKU_4,57.27,6,0,0,0,13.7
2022-09-07,Store_4,SKU_4,57.95,4,0,0,0,13.7
2022-09-08,Store_4,SKU_4,71.08,5,0,0,0,13.7
2022-09-09,Store_4,SKU_4,88.9,8,1,0,0,13.7
2022-09-10,Store_4,SKU_4,75.0,6,0,0,0,13.7
2022-09-11,Store_4,SKU_4,37.22,3,0,0,0,13.7
2022-09-12,Store_4,SKU_4,64.75,5,0,0,0,13.7
2022-09-13,Store_4,SKU_4,56.1,4,0,0,0,13.7
2022-09-14,Store_4,SKU_4,54.0,5,0,0,0,13.7
2022-09-15,Store_4,SKU_4,91.45,9,1,0,0,13.7
2022-09-16,Store_4,SKU_4,69.38,5,0,0,0,13.7
2022-09-17,Store_4,SKU_4,76.2,6,0,0,0,13.7
2022-09-18,Store_4,SKU_4,39.62,3,0,0,0,13.7
2022-09-19,Store_4,SKU_4,63.28,4,0,0,0,13.7
2022-09-20,Store_4,SKU_4,53.89,3,0,0,0,13.7
2022-09-21,Store_4,SKU_4,59.16,4,0,0,0,13.7
2022-09-22,Store_4,SKU_4,63.4,7,0,0,0,13.7
2022-09-23,Store_4,SKU_4,71.55,6,0,0,0,13.7
2022-09-24,Store_4,SKU_4,91.62,7,1,0,0,13.7
2022-09-25,Store_4,SKU_4,33.52,2,0,0,0,13.7
2022-09-26,Store_4,SKU_4,60.9,7,0,0,0,13.7
2022-09-27,Store_4,SKU_4,53.73,5,0,0,0,13.7
2022-09-28,Store_4,SKU_4,55.94,4,0,0,0,13.7
2022-09-29,Store_4,SKU_4,63.22,5,0,0,0,13.7
2022-09-30,Store_4,SKU_4,105.29,7,1,0,0,13.7
2022-10-01,Store_4,SKU_4,91.75,6,1,0,0,13.7
2022-10-02,Store_4,SKU_4,31.07,3,0,0,0,13.7
2022-10-03,Store_4,SKU_4,60.65,5,0,0,0,13.7
2022-10-04,Store_4,SKU_4,44.4,3,0,0,0,13.7
2022-10-05,Store_4,SKU_4,45.1,3,0,0,0,13.7
2022-10-06,Store_4,SKU_4,50.18,3,0,0,0,13.7
2022-10-07,Store_4,SKU_4,52.05,3,0,0,0,13.7
2022-10-08,Store_4,SKU_4,58.17,5,0,0,0,13.7
2022-10-09,Store_4,SKU_4,31.5,2,0,0,0,13.7
2022-10-10,Store_4,SKU_4,55.78,4,0,0,0,13.7
2022-10-11,Store_4,SKU_4,52.66,4,0,0,0,13.7
2022-10-12,Store_4,SKU_4,78.29,7,1,0,0,13.7
2022-10-13,Store_4,SKU_4,58.87,6,0,0,0,13.7
2022-10-14,Store_4,SKU_4,63.11,5,0,0,0,13.7
2022-10-15,Store_4,SKU_4,62.98,6,0,0,0,13.7
2022-10-16,Store_4,SKU_4,35.43,3,0,0,0,13.7
2022-10-17,Store_4,SKU_4,47.96,5,0,0,0,13.7
2022-10-18,Store_4,SKU_4,56.7,6,0,0,0,13.7
2022-10-19,Store_4,SKU_4,53.22,4,0,0,0,13.7
2022-10-20,Store_4,SKU_4,55.31,4,0,0,0,13.7
2022-10-21,Store_4,SKU_4,59.3,4,0,0,0,13.7
2022-10-22,Store_4,SKU_4,71.3,8,0,0,0,13.7
2022-10-23,Store_4,SKU_4,32.4,3,0,0,0,13.7
2022-10-24,Store_4,SKU_4,56.3,6,0,0,0,13.7
2022-10-25,Store_4,SKU_4,40.66,3,0,0,0,13.7
2022-10-26,Store_4,SKU_4,52.98,4,0,0,0,13.7
2022-10-27,Store_4,SKU_4,62.09,5,0,0,0,13.7
2022-10-28,Store_4,SKU_4,68.64,5,0,0,0,13.7
2022-10-29,Store_4,SKU_4,72.54,5,0,0,0,13.7
2022-10-30,Store_4,SKU_4,31.73,3,0,0,0,13.7
2022-10-31,Store_4,SKU_4,50.2,5,0,0,0,13.7
2022-11-01,Store_4,SKU_4,52.33,3,0,0,0,13.7
2022-11-02,Store_4,SKU_4,46.78,5,0,0,0,13.7
2022-11-03,Store_4,SKU_4,48.84,3,0,0,0,13.7
2022-11-04,Store_4,SKU_4,56.6,6,0,0,0,13.7
2022-11-05,Store_4,SKU_4,57.2,5,0,0,0,13.7
2022-11-06,Store_4,SKU_4,29.17,2,0,0,0,13.7
2022-11-07,Store_4,SKU_4,51.73,3,0,0,0,13.7
2022-11-08,Store_4,SKU_4,43.82,5,0,0,0,13.7
2022-11-09,Store_4,SKU_4,44.47,3,0,0,0,13.7
2022-11-10,Store_4,SKU_4,50.42,4,0,0,0,13.7
2022-11-11,Store_4,SKU_4,43.29,4,0,0,0,13.7
2022-11-12,Store_4,SKU_4,51.61,5,0,0,0,13.7
2022-11-13,Store_4,SKU_4,30.21,3,0,0,0,13.7
2022-11-14,Store_4,SKU_4,48.24,5,0,0,0,13.7
2022-11-15,Store_4,SKU_4,51.38,5,0,0,0,13.7
2022-11-16,Store_4,SKU_4,46.41,3,0,0,0,13.7
2022-11-17,Store_4,SKU_4,43.66,4,0,0,0,13.7
2022-11-18,Store_4,SKU_4,57.73,5,0,0,0,13.7
2022-11-19,Store_4,SKU_4,53.99,6,0,0,0,13.7
2022-11-20,Store_4,SKU_4,30.13,3,0,0,0,13.7
2022-11-21,Store_4,SKU_4,47.86,3,0,0,0,13.7
2022-11-22,Store_4,SKU_4,45.77,3,0,0,0,13.7
2022-11-23,Store_4,SKU_4,44.5,4,0,0,0,13.7
2022-11-24,Store_4,SKU_4,68.32,7,1,0,0,13.7
2022-11-25,Store_4,SKU_4,57.52,5,0,0,0,13.7
2022-11-26,Store_4,SKU_4,61.25,6,0,0,0,13.7
2022-11-27,Store_4,SKU_4,30.67,3,0,0,0,13.7
2022-11-28,Store_4,SKU_4,54.08,6,0,0,0,13.7
2022-11-29,Store_4,SKU_4,39.58,3,0,0,0,13.7
2022-11-30,Store_4,SKU_4,53.68,3,0,0,0,13.7
2022-12-01,Store_4,SKU_4,52.82,5,0,0,0,13.7
2022-12-02,Store_4,SKU_4,52.58,4,0,0,0,13.7
2022-12-03,Store_4,SKU_4,58.41,4,0,0,0,13.7
2022-12-04,Store_4,SKU_4,26.38,2,0,0,0,13.7
2022-12-05,Store_4,SKU_4,42.52,3,0,0,0,13.7
2022-12-06,Store_4,SKU_4,38.19,2,0,0,0,13.7
2022-12-07,Store_4,SKU_4,37.94,3,0,0,0,13.7
2022-12-08,Store_4,SKU_4,53.5,5,0,0,0,13.7
2022-12-09,Store_4,SKU_4,72.93,5,1,0,0,13.7
2022-12-10,Store_4,SKU_4,81.52,9,1,0,0,13.7
2022-12-11,Store_4,SKU_4,24.58,2,0,0,0,13.7
2022-12-12,Store_4,SKU_4,44.44,4,0,0,0,13.7
2022-12-13,Store_4,SKU_4,53.11,4,0,0,0,13.7
2022-12-14,Store_4,SKU_4,44.37,3,0,0,0,13.7
2022-12-15,Store_4,SKU_4,45.75,3,0,0,0,13.7
2022-12-16,Store_4,SKU_4,57.06,4,0,0,0,13.7
2022-12-17,Store_4,SKU_4,59.38,6,0,0,0,13.7
2022-12-18,Store_4,SKU_4,27.85,2,0,0,0,13.7
2022-12-19,Store_4,SKU_4,50.32,4,0,0,0,13.7
2022-12-20,Store_4,SKU_4,41.35,4,0,0,0,13.7
2022-12-21,Store_4,SKU_4,39.86,3,0,0,0,13.7
2022-12-22,Store_4,SKU_4,52.34,5,0,0,0,13.7
2022-12-23,Store_4,SKU_4,49.03,5,0,0,0,13.7
2022-12-24,Store_4,SKU_4,62.84,5,0,0,0,13.7
2022-12-25,Store_4,SKU_4,10.39,0,0,a,0,13.7
2022-12-26,Store_4,SKU_4,21.51,1,0,a,0,13.7
2022-12-27,Store_4,SKU_4,44.51,3,0,0,0,13.7
2022-12-28,Store_4,SKU_4,57.9,5,1,0,0,13.7
2022-12-29,Store_4,SKU_4,51.27,5,0,0,0,13.7
2022-12-30,Store_4,SKU_4,54.19,6,0,0,0,13.7
2022-12-31,Store_4,SKU_4,87.92,6,1,0,0,13.7
2023-01-01,Store_4,SKU_4,13.02,0,0,a,0,13.7
2023-01-02,Store_4,SKU_4,52.26,4,0,0,0,13.7
2023-01-03,Store_4,SKU_4,44.76,4,0,0,0,13.7
2023-01-04,Store_4,SKU_4,48.59,5,0,0,0,13.7
2023-01-05,Store_4,SKU_4,55.49,4,0,0,0,13.7
2023-01-06,Store_4,SKU_4,58.44,5,0,0,0,13.7
2023-01-07,Store_4,SKU_4,68.63,4,0,0,0,13.7
2023-01-08,Store_4,SKU_4,30.94,3,0,0,0,13.7
2023-01-09,Store_4,SKU_4,57.43,4,0,0,0,13.7
2023-01-10,Store_4,SKU_4,50.68,3,0,0,0,13.7
2023-01-11,Store_4,SKU_4,48.94,3,0,0,0,13.7
2023-01-12,Store_4,SKU_4,42.06,3,0,0,0,13.7
2023-01-13,Store_4,SKU_4,58.94,5,0,0,0,13.7
2023-01-14,Store_4,SKU_4,61.19,6,0,0,0,13.7
2023-01-15,Store_4,SKU_4,41.71,5,1,0,0,13.7
2023-01-16,Store_4,SKU_4,48.31,4,0,0,0,13.7
2023-01-17,Store_4,SKU_4,47.44,4,0,0,0,13.7
2023-01-18,Store_4,SKU_4,52.07,5,0,0,0,13.7
2023-01-19,Store_4,SKU_4,54.06,4,0,0,0,13.7
2023-01-20,Store_4,SKU_4,63.14,5,1,0,0,13.7
2023-01-21,Store_4,SKU_4,69.7,5,0,0,0,13.7
2023-01-22,Store_4,SKU_4,27.77,2,0,0,0,13.7
2023-01-23,Store_4,SKU_4,50.94,4,0,0,0,13.7
2023-01-24,Store_4,SKU_4,47.55,4,0,0,0,13.7
2023-01-25,Store_4,SKU_4,72.8,6,1,0,0,13.7
2023-01-26,Store_4,SKU_4,52.59,5,0,0,0,13.7
2023-01-27,Store_4,SKU_4,60.46,7,0,0,0,13.7
2023-01-28,Store_4,SKU_4,66.07,6,0,0,0,13.7
2023-01-29,Store_4,SKU_4,27.11,2,0,0,0,13.7
2023-01-30,Store_4,SKU_4,55.18,6,0,0,0,13.7
2023-01-31,Store_4,SKU_4,51.66,6,0,0,0,13.7
2023-02-01,Store_4,SKU_4,55.83,4,0,0,0,13.7
2023-02-02,Store_4,SKU_4,56.4,5,0,0,0,13.7
2023-02-03,Store_4,SKU_4,53.58,4,0,0,0,13.7
2023-02-04,Store_4,SKU_4,67.43,7,0,0,0,13.7
2023-02-05,Store_4,SKU_4,31.47,3,0,0,0,13.7
2023-02-06,Store_4,SKU_4,58.95,4,0,0,0,13.7
2023-02-07,Store_4,SKU_4,55.47,4,0,0,0,13.7
2023-02-08,Store_4,SKU_4,64.02,7,1,0,0,13.7
2023-02-09,Store_4,SKU_4,51.27,6,0,0,0,13.7
2023-02-10,Store_4,SKU_4,63.85,5,0,0,0,13.7
2023-02-11,Store_4,SKU_4,68.72,7,0,0,0,13.7
2023-02-12,Store_4,SKU_4,49.26,3,1,0,0,13.7
2023-02-13,Store_4,SKU_4,58.71,4,0,0,0,13.7
2023-02-14,Store_4,SKU_4,89.99,7,1,0,0,13.7
2023-02-15,Store_4,SKU_4,51.58,6,0,0,0,13.7
2023-02-16,Store_4,SKU_4,60.17,5,0,0,0,13.7
2023-02-17,Store_4,SKU_4,61.66,6,0,0,0,13.7
2023-02-18,Store_4,SKU_4,86.88,8,1,0,0,13.7
2023-02-19,Store_4,SKU_4,34.06,3,0,0,0,13.7
2023-02-20,Store_4,SKU_4,56.87,5,0,0,0,13.7
2023-02-21,Store_4,SKU_4,51.29,5,0,0,0,13.7
2023-02-22,Store_4,SKU_4,60.89,4,0,0,0,13.7
2023-02-23,Store_4,SKU_4,80.06,6,1,0,0,13.7
2023-02-24,Store_4,SKU_4,54.03,5,0,0,0,13.7
2023-02-25,Store_4,SKU_4,87.03,6,0,0,0,13.7
2023-02-26,Store_4,SKU_4,31.92,2,0,0,0,13.7
2023-02-27,Store_4,SKU_4,47.3,5,0,0,0,13.7
2023-02-28,Store_4,SKU_4,47.12,3,0,0,0,13.7
2023-03-01,Store_4,SKU_4,55.51,6,0,0,0,13.7
2023-03-02,Store_4,SKU_4,71.42,8,0,0,0,13.7
2023-03-03,Store_4,SKU_4,54.91,5,0,0,0,13.7
2023-03-04,Store_4,SKU_4,84.1,6,0,0,0,13.7
2023-03-05,Store_4,SKU_4,37.72,2,0,0,0,13.7
2023-03-06,Store_4,SKU_4,63.36,6,0,0,0,13.7
2023-03-07,Store_4,SKU_4,59.2,6,0,0,0,13.7
2023-03-08,Store_4,SKU_4,76.28,7,1,0,0,13.7
2023-03-09,Store_4,SKU_4,65.42,5,0,0,0,13.7
2023-03-10,Store_4,SKU_4,83.89,6,0,0,0,13.7
2023-03-11,Store_4,SKU_4,78.69,8,0,0,0,13.7
2023-03-12,Store_4,SKU_4,39.16,4,0,0,0,13.7
2023-03-13,Store_4,SKU_4,69.16,6,0,0,0,13.7
2023-03-14,Store_4,SKU_4,53.12,3,0,0,0,13.7
2023-03-15,Store_4,SKU_4,54.54,4,0,0,0,13.7
2023-03-16,Store_4,SKU_4,58.13,6,0,0,0,13.7
2023-03-17,Store_4,SKU_4,75.63,6,0,0,0,13.7
2023-03-18,Store_4,SKU_4,78.99,8,0,0,0,13.7
2023-03-19,Store_4,SKU_4,42.88,3,0,0,0,13.7
2023-03-20,Store_4,SKU_4,66.72,6,0,0,0,13.7
2023-03-21,Store_4,SKU_4,58.63,4,0,0,0,13.7
2023-03-22,Store_4,SKU_4,60.56,5,0,0,0,13.7
2023-03-23,Store_4,SKU_4,61.9,5,0,0,0,13.7
2023-03-24,Store_4,SKU_4,69.0,5,0,0,0,13.7
2023-03-25,Store_4,SKU_4,75.18,5,0,0,0,13.7
2023-03-26,Store_4,SKU_4,36.98,3,0,0,0,13.7
2023-03-27,Store_4,SKU_4,72.98,7,0,0,0,13.7
2023-03-28,Store_4,SKU_4,60.08,5,0,0,0,13.7
2023-03-29,Store_4,SKU_4,63.27,5,0,0,0,13.7
2023-03-30,Store_4,SKU_4,64.39,7,0,0,0,13.7
2023-03-31,Store_4,SKU_4,72.64,5,0,0,0,13.7
2023-04-01,Store_4,SKU_4,88.36,7,0,0,0,13.7
2023-04-02,Store_4,SKU_4,38.9,2,0,0,0,13.7
2023-04-03,Store_4,SKU_4,66.32,8,0,0,0,13.7
2023-04-04,Store_4,SKU_4,73.55,8,0,0,0,13.7
2023-04-05,Store_4,SKU_4,71.02,8,0,0,0,13.7
2023-04-06,Store_4,SKU_4,70.27,7,0,0,0,13.7
2023-04-07,Store_4,SKU_4,64.0,7,0,0,0,13.7
2023-04-08,Store_4,SKU_4,98.77,9,0,0,0,13.7
2023-04-09,Store_4,SKU_4,44.12,4,0,0,0,13.7
2023-04-10,Store_4,SKU_4,67.3,5,0,0,0,13.7
2023-04-11,Store_4,SKU_4,104.84,11,1,0,0,13.7
2023-04-12,Store_4,SKU_4,98.1,11,1,0,0,13.7
2023-04-13,Store_4,SKU_4,78.76,9,0,0,0,13.7
2023-04-14,Store_4,SKU_4,74.28,8,0,0,0,13.7
2023-04-15,Store_4,SKU_4,86.27,6,0,0,0,13.7
2023-04-16,Store_4,SKU_4,65.87,6,1,0,0,13.7
2023-04-17,Store_4,SKU_4,69.75,7,0,0,0,13.7
2023-04-18,Store_4,SKU_4,99.59,8,1,0,0,13.7
2023-04-19,Store_4,SKU_4,75.02,7,0,0,0,13.7
2023-04-20,Store_4,SKU_4,79.48,9,0,0,0,13.7
2023-04-21,Store_4,SKU_4,68.31,6,0,0,0,13.7
2023-04-22,Store_4,SKU_4,84.96,6,0,0,0,13.7
2023-04-23,Store_4,SKU_4,38.83,3,0,0,0,13.7
2023-04-24,Store_4,SKU_4,68.23,4,0,0,0,13.7
2023-04-25,Store_4,SKU_4,107.82,11,1,0,0,13.7
2023-04-26,Store_4,SKU_4,98.4,7,1,0,0,13.7
2023-04-27,Store_4,SKU_4,73.76,5,0,0,0,13.7
2023-04-28,Store_4,SKU_4,84.62,6,0,0,0,13.7
2023-04-29,Store_4,SKU_4,88.07,10,0,0,0,13.7
2023-04-30,Store_4,SKU_4,65.42,7,1,0,0,13.7
2023-05-01,Store_4,SKU_4,74.74,5,0,0,0,13.7
2023-05-02,Store_4,SKU_4,87.16,6,1,0,0,13.7
2023-05-03,Store_4,SKU_4,83.29,6,0,0,0,13.7
2023-05-04,Store_4,SKU_4,106.08,11,1,0,0,13.7
2023-05-05,Store_4,SKU_4,76.38,5,0,0,0,13.7
2023-05-06,Store_4,SKU_4,108.41,8,0,0,0,13.7
2023-05-07,Store_4,SKU_4,46.46,3,0,0,0,13.7
2023-05-08,Store_4,SKU_4,123.06,13,1,0,0,13.7
2023-05-09,Store_4,SKU_4,71.63,7,0,0,0,13.7
2023-05-10,Store_4,SKU_4,76.19,6,0,0,0,13.7
2023-05-11,Store_4,SKU_4,70.83,6,0,0,0,13.7
2023-05-12,Store_4,SKU_4,84.2,7,0,0,0,13.7
2023-05-13,Store_4,SKU_4,126.94,12,1,0,0,13.7
2023-05-14,Store_4,SKU_4,47.99,3,0,0,0,13.7
2023-05-15,Store_4,SKU_4,67.61,6,0,0,0,13.7
2023-05-16,Store_4,SKU_4,87.3,9,0,0,0,13.7
2023-05-17,Store_4,SKU_4,81.41,6,0,0,0,13.7
2023-05-18,Store_4,SKU_4,80.37,5,0,0,0,13.7
2023-05-19,Store_4,SKU_4,93.91,9,0,0,0,13.7
2023-05-20,Store_4,SKU_4,104.49,8,0,0,0,13.7
2023-05-21,Store_4,SKU_4,70.96,8,1,0,0,13.7
2023-05-22,Store_4,SKU_4,72.31,5,0,0,0,13.7
2023-05-23,Store_4,SKU_4,84.64,6,0,0,0,13.7
2023-05-24,Store_4,SKU_4,80.91,7,0,0,0,13.7
2023-05-25,Store_4,SKU_4,74.54,6,0,0,0,13.7
2023-05-26,Store_4,SKU_4,81.0,6,0,0,0,13.7
2023-05-27,Store_4,SKU_4,96.49,8,0,0,0,13.7
2023-05-28,Store_4,SKU_4,50.2,4,0,0,0,13.7
2023-05-29,Store_4,SKU_4,68.16,6,0,0,0,13.7
2023-05-30,Store_4,SKU_4,119.92,9,1,0,0,13.7
2023-05-31,Store_4,SKU_4,78.83,6,0,0,0,13.7
2023-06-01,Store_4,SKU_4,79.32,6,0,0,0,13.7
2023-06-02,Store_4,SKU_4,88.45,7,0,0,0,13.7
2023-06-03,Store_4,SKU_4,104.65,7,0,0,0,13.7
2023-06-04,Store_4,SKU_4,53.22,5,0,0,0,13.7
2023-06-05,Store_4,SKU_4,116.67,10,1,0,0,13.7
2023-06-06,Store_4,SKU_4,89.32,6,0,0,0,13.7
2023-06-07,Store_4,SKU_4,84.96,7,0,0,0,13.7
2023-06-08,Store_4,SKU_4,90.04,10,0,0,0,13.7
2023-06-09,Store_4,SKU_4,92.56,7,0,0,0,13.7
2023-06-10,Store_4,SKU_4,92.04,7,0,0,0,13.7
2023-06-11,Store_4,SKU_4,47.1,3,0,0,0,13.7
2023-06-12,Store_4,SKU_4,85.99,6,0,0,0,13.7
2023-06-13,Store_4,SKU_4,74.99,7,0,0,0,13.7
2023-06-14,Store_4,SKU_4,68.88,5,0,0,0,13.7
2023-06-15,Store_4,SKU_4,87.8,7,0,0,0,13.7
2023-06-16,Store_4,SKU_4,101.17,11,0,0,0,13.7
2023-06-17,Store_4,SKU_4,125.71,9,1,0,0,13.7
2023-06-18,Store_4,SKU_4,47.9,4,0,0,0,13.7
2023-06-19,Store_4,SKU_4,73.18,8,0,0,0,13.7
2023-06-20,Store_4,SKU_4,87.52,6,0,0,0,13.7
2023-06-21,Store_4,SKU_4,87.72,10,0,0,0,13.7
2023-06-22,Store_4,SKU_4,87.77,9,0,0,0,13.7
2023-06-23,Store_4,SKU_4,85.07,7,0,0,0,13.7
2023-06-24,Store_4,SKU_4,149.08,10,1,0,0,13.7
2023-06-25,Store_4,SKU_4,53.68,4,0,0,0,13.7
2023-06-26,Store_4,SKU_4,76.88,5,0,0,0,13.7
2023-06-27,Store_4,SKU_4,83.83,6,0,0,0,13.7
2023-06-28,Store_4,SKU_4,74.17,7,0,0,0,13.7
2023-06-29,Store_4,SKU_4,75.77,6,0,0,0,13.7
2023-06-30,Store_4,SKU_4,96.23,9,0,0,0,13.7
2023-07-01,Store_4,SKU_4,92.31,9,0,0,0,13.7
2023-07-02,Store_4,SKU_4,46.98,4,0,0,0,13.7
2023-07-03,Store_4,SKU_4,91.9,6,0,0,1,13.7
2023-07-04,Store_4,SKU_4,73.84,8,0,0,0,13.7
2023-07-05,Store_4,SKU_4,117.4,8,1,0,1,13.7
2023-07-06,Store_4,SKU_4,103.11,9,1,0,1,13.7
2023-07-07,Store_4,SKU_4,77.85,7,0,0,1,13.7
2023-07-08,Store_4,SKU_4,101.16,9,0,0,0,13.7
2023-07-09,Store_4,SKU_4,48.61,4,0,0,0,13.7
2023-07-10,Store_4,SKU_4,82.83,8,0,0,0,13.7
2023-07-11,Store_4,SKU_4,74.95,7,0,0,0,13.7
2023-07-12,Store_4,SKU_4,72.24,6,0,0,1,13.7
2023-07-13,Store_4,SKU_4,77.95,5,0,0,0,13.7
2023-07-14,Store_4,SKU_4,89.62,8,0,0,0,13.7
2023-07-15,Store_4,SKU_4,106.03,10,0,0,1,13.7
2023-07-16,Store_4,SKU_4,60.87,6,1,0,1,13.7
2023-07-17,Store_4,SKU_4,88.67,6,0,0,1,13.7
2023-07-18,Store_4,SKU_4,75.5,7,0,0,0,13.7
2023-07-19,Store_4,SKU_4,84.36,9,1,0,0,13.7
2023-07-20,Store_4,SKU_4,85.67,7,0,0,1,13.7
2023-07-21,Store_4,SKU_4,86.45,8,0,0,1,13.7
2023-07-22,Store_4,SKU_4,96.04,7,0,0,1,13.7
2023-07-23,Store_4,SKU_4,63.69,7,1,0,0,13.7
2023-07-24,Store_4,SKU_4,82.45,5,0,0,1,13.7
2023-07-25,Store_4,SKU_4,73.65,6,0,0,0,13.7
2023-07-26,Store_4,SKU_4,84.23,7,0,0,1,13.7
2023-07-27,Store_4,SKU_4,74.06,5,0,0,0,13.7
2023-07-28,Store_4,SKU_4,73.52,6,0,0,0,13.7
2023-07-29,Store_4,SKU_4,103.62,9,0,0,1,13.7
2023-07-30,Store_4,SKU_4,44.33,3,0,0,0,13.7
2023-07-31,Store_4,SKU_4,69.35,5,0,0,0,13.7
2023-08-01,Store_4,SKU_4,70.29,6,0,0,0,13.7
2023-08-02,Store_4,SKU_4,67.4,6,0,0,0,13.7
2023-08-03,Store_4,SKU_4,77.59,6,0,0,0,13.7
2023-08-04,Store_4,SKU_4,78.65,9,0,0,0,13.7
2023-08-05,Store_4,SKU_4,86.98,9,0,0,0,13.7
2023-08-06,Store_4,SKU_4,47.58,4,0,0,0,13.7
2023-08-07,Store_4,SKU_4,73.33,5,0,0,0,13.7
2023-08-08,Store_4,SKU_4,77.55,5,0,0,0,13.7
2023-08-09,Store_4,SKU_4,72.42,5,0,0,0,13.7
2023-08-10,Store_4,SKU_4,77.6,9,0,0,1,13.7
2023-08-11,Store_4,SKU_4,82.92,10,0,0,0,13.7
2023-08-12,Store_4,SKU_4,89.83,7,0,0,0,13.7
2023-08-13,Store_4,SKU_4,37.28,3,0,0,0,13.7
2023-08-14,Store_4,SKU_4,79.47,6,0,0,1,13.7
2023-08-15,Store_4,SKU_4,107.06,8,1,0,1,13.7
2023-08-16,Store_4,SKU_4,72.47,6,0,0,1,13.7
2023-08-17,Store_4,SKU_4,68.29,5,0,0,0,13.7
2023-08-18,Store_4,SKU_4,81.2,9,0,0,1,13.7
2023-08-19,Store_4,SKU_4,91.48,8,0,0,1,13.7
2023-08-20,Store_4,SKU_4,46.51,3,0,0,0,13.7
2023-08-21,Store_4,SKU_4,78.46,7,0,0,0,13.7
2023-08-22,Store_4,SKU_4,58.68,4,0,0,0,13.7
2023-08-23,Store_4,SKU_4,77.27,5,0,0,0,13.7
2023-08-24,Store_4,SKU_4,69.2,8,0,0,0,13.7
2023-08-25,Store_4,SKU_4,90.15,6,0,0,0,13.7
2023-08-26,Store_4,SKU_4,100.37,8,0,0,1,13.7
2023-08-27,Store_4,SKU_4,43.03,3,0,0,0,13.7
2023-08-28,Store_4,SKU_4,72.18,8,0,0,0,13.7
2023-08-29,Store_4,SKU_4,92.92,10,1,0,0,13.7
2023-08-30,Store_4,SKU_4,65.89,7,0,0,0,13.7
2023-08-31,Store_4,SKU_4,106.63,8,1,0,1,13.7
2023-09-01,Store_4,SKU_4,64.02,4,0,0,0,13.7
2023-09-02,Store_4,SKU_4,88.39,8,0,0,0,13.7
2023-09-03,Store_4,SKU_4,39.56,2,0,0,0,13.7
2023-09-04,Store_4,SKU_4,75.11,5,0,0,0,13.7
2023-09-05,Store_4,SKU_4,84.07,7,1,0,0,13.7
2023-09-06,Store_4,SKU_4,64.72,6,0,0,0,13.7
2023-09-07,Store_4,SKU_4,58.77,6,0,0,0,13.7
2023-09-08,Store_4,SKU_4,72.62,6,0,0,0,13.7
2023-09-09,Store_4,SKU_4,100.88,8,1,0,0,13.7
2023-09-10,Store_4,SKU_4,42.84,3,0,0,0,13.7
2023-09-11,Store_4,SKU_4,61.4,6,0,0,0,13.7
2023-09-12,Store_4,SKU_4,62.98,5,0,0,0,13.7
2023-09-13,Store_4,SKU_4,67.9,6,0,0,0,13.7
2023-09-14,Store_4,SKU_4,61.78,5,0,0,0,13.7
2023-09-15,Store_4,SKU_4,73.66,8,0,0,0,13.7
2023-09-16,Store_4,SKU_4,94.8,6,0,0,0,13.7
2023-09-17,Store_4,SKU_4,45.54,5,0,0,0,13.7
2023-09-18,Store_4,SKU_4,70.95,8,0,0,0,13.7
2023-09-19,Store_4,SKU_4,63.32,5,0,0,0,13.7
2023-09-20,Store_4,SKU_4,60.58,6,0,0,0,13.7
2023-09-21,Store_4,SKU_4,55.88,5,0,0,0,13.7
2023-09-22,Store_4,SKU_4,71.31,7,0,0,0,13.7
2023-09-23,Store_4,SKU_4,108.92,12,1,0,0,13.7
2023-09-24,Store_4,SKU_4,36.44,2,0,0,0,13.7
2023-09-25,Store_4,SKU_4,63.95,7,0,0,0,13.7
2023-09-26,Store_4,SKU_4,63.46,7,0,0,0,13.7
2023-09-27,Store_4,SKU_4,63.83,6,0,0,0,13.7
2023-09-28,Store_4,SKU_4,96.08,7,1,0,0,13.7
2023-09-29,Store_4,SKU_4,75.25,6,0,0,0,13.7
2023-09-30,Store_4,SKU_4,84.56,6,0,0,0,13.7
2023-10-01,Store_4,SKU_4,36.92,3,0,0,0,13.7
2023-10-02,Store_4,SKU_4,54.39,4,0,0,0,13.7
2023-10-03,Store_4,SKU_4,70.97,7,1,0,0,13.7
2023-10-04,Store_4,SKU_4,44.58,3,0,0,0,13.7
2023-10-05,Store_4,SKU_4,56.9,5,0,0,0,13.7
2023-10-06,Store_4,SKU_4,75.14,7,1,0,0,13.7
2023-10-07,Store_4,SKU_4,102.28,9,1,0,0,13.7
2023-10-08,Store_4,SKU_4,36.45,2,0,0,0,13.7
2023-10-09,Store_4,SKU_4,59.02,7,0,0,0,13.7
2023-10-10,Store_4,SKU_4,53.3,4,0,0,0,13.7
2023-10-11,Store_4,SKU_4,50.83,4,0,0,0,13.7
2023-10-12,Store_4,SKU_4,55.54,4,0,0,0,13.7
2023-10-13,Store_4,SKU_4,63.81,6,0,0,0,13.7
2023-10-14,Store_4,SKU_4,68.86,6,0,0,0,13.7
2023-10-15,Store_4,SKU_4,32.19,2,0,0,0,13.7
2023-10-16,Store_4,SKU_4,63.25,6,0,0,0,13.7
2023-10-17,Store_4,SKU_4,81.47,7,1,0,0,13.7
2023-10-18,Store_4,SKU_4,50.68,5,0,0,0,13.7
2023-10-19,Store_4,SKU_4,61.02,4,0,0,0,13.7
2023-10-20,Store_4,SKU_4,63.25,5,0,0,0,13.7
2023-10-21,Store_4,SKU_4,73.74,6,0,0,0,13.7
2023-10-22,Store_4,SKU_4,33.51,2,0,0,0,13.7
2023-10-23,Store_4,SKU_4,57.25,5,0,0,0,13.7
2023-10-24,Store_4,SKU_4,50.6,4,0,0,0,13.7
2023-10-25,Store_4,SKU_4,54.47,5,0,0,0,13.7
2023-10-26,Store_4,SKU_4,56.7,4,0,0,0,13.7
2023-10-27,Store_4,SKU_4,59.1,5,0,0,0,13.7
2023-10-28,Store_4,SKU_4,79.01,6,0,0,0,13.7
2023-10-29,Store_4,SKU_4,36.19,3,0,0,0,13.7
2023-10-30,Store_4,SKU_4,64.82,5,0,0,0,13.7
2023-10-31,Store_4,SKU_4,59.95,5,0,0,0,13.7
2023-11-01,Store_4,SKU_4,48.84,3,0,0,0,13.7
2023-11-02,Store_4,SKU_4,57.82,5,0,0,0,13.7
2023-11-03,Store_4,SKU_4,54.91,5,0,0,0,13.7
2023-11-04,Store_4,SKU_4,70.26,7,0,0,0,13.7
2023-11-05,Store_4,SKU_4,33.01,4,0,0,0,13.7
2023-11-06,Store_4,SKU_4,56.99,4,0,0,0,13.7
2023-11-07,Store_4,SKU_4,70.14,8,1,0,0,13.7
2023-11-08,Store_4,SKU_4,55.77,4,0,0,0,13.7
2023-11-09,Store_4,SKU_4,58.18,4,0,0,0,13.7
2023-11-10,Store_4,SKU_4,55.79,5,0,0,0,13.7
2023-11-11,Store_4,SKU_4,59.47,6,0,0,0,13.7
2023-11-12,Store_4,SKU_4,32.01,3,0,0,0,13.7
2023-11-13,Store_4,SKU_4,54.41,4,0,0,0,13.7
2023-11-14,Store_4,SKU_4,49.33,4,0,0,0,13.7
2023-11-15,Store_4,SKU_4,55.09,5,0,0,0,13.7
2023-11-16,Store_4,SKU_4,60.13,5,0,0,0,13.7
2023-11-17,Store_4,SKU_4,69.44,5,0,0,0,13.7
2023-11-18,Store_4,SKU_4,67.31,4,0,0,0,13.7
2023-11-19,Store_4,SKU_4,30.19,2,0,0,0,13.7
2023-11-20,Store_4,SKU_4,49.18,4,0,0,0,13.7
2023-11-21,Store_4,SKU_4,50.46,4,0,0,0,13.7
2023-11-22,Store_4,SKU_4,55.51,4,0,0,0,13.7
2023-11-23,Store_4,SKU_4,57.31,5,0,0,0,13.7
2023-11-24,Store_4,SKU_4,52.22,3,0,0,0,13.7
2023-11-25,Store_4,SKU_4,64.83,4,0,0,0,13.7
2023-11-26,Store_4,SKU_4,29.02,2,0,0,0,13.7
2023-11-27,Store_4,SKU_4,56.89,4,0,0,0,13.7
2023-11-28,Store_4,SKU_4,45.46,5,0,0,0,13.7
2023-11-29,Store_4,SKU_4,50.68,4,0,0,0,13.7
2023-11-30,Store_4,SKU_4,55.42,5,0,0,0,13.7
2023-12-01,Store_4,SKU_4,58.2,4,0,0,0,13.7
2023-12-02,Store_4,SKU_4,66.68,5,0,0,0,13.7
2023-12-03,Store_4,SKU_4,30.69,3,0,0,0,13.7
2023-12-04,Store_4,SKU_4,56.74,4,0,0,0,13.7
2023-12-05,Store_4,SKU_4,51.15,4,0,0,0,13.7
2023-12-06,Store_4,SKU_4,55.84,5,1,0,0,13.7
2023-12-07,Store_4,SKU_4,76.42,6,1,0,0,13.7
2023-12-08,Store_4,SKU_4,46.98,4,0,0,0,13.7
2023-12-09,Store_4,SKU_4,62.58,6,0,0,0,13.7
2023-12-10,Store_4,SKU_4,43.11,3,1,0,0,13.7
2023-12-11,Store_4,SKU_4,50.07,3,0,0,0,13.7
2023-12-12,Store_4,SKU_4,51.02,4,0,0,0,13.7
2023-12-13,Store_4,SKU_4,55.44,5,0,0,0,13.7
2023-12-14,Store_4,SKU_4,65.94,6,1,0,0,13.7
2023-12-15,Store_4,SKU_4,55.48,4,0,0,0,13.7
2023-12-16,Store_4,SKU_4,70.77,6,0,0,0,13.7
2023-12-17,Store_4,SKU_4,46.7,5,1,0,0,13.7
2023-12-18,Store_4,SKU_4,53.2,5,0,0,0,13.7
2023-12-19,Store_4,SKU_4,44.58,3,0,0,0,13.7
2023-12-20,Store_4,SKU_4,45.43,3,0,0,0,13.7
2023-12-21,Store_4,SKU_4,52.11,5,0,0,0,13.7
2023-12-22,Store_4,SKU_4,64.23,6,0,0,0,13.7
2023-12-23,Store_4,SKU_4,54.95,4,0,0,0,13.7
2023-12-24,Store_4,SKU_4,26.13,1,0,0,0,13.7
2023-12-25,Store_4,SKU_4,20.14,1,0,a,0,13.7
2023-12-26,Store_4,SKU_4,19.36,2,0,a,0,13.7
2023-12-27,Store_4,SKU_4,47.1,3,0,0,0,13.7
2023-12-28,Store_4,SKU_4,52.75,4,0,0,0,13.7
2023-12-29,Store_4,SKU_4,52.21,6,0,0,0,13.7
2023-12-30,Store_4,SKU_4,65.57,7,0,0,0,13.7
2023-12-31,Store_4,SKU_4,33.42,2,0,0,0,13.7
2024-01-01,Store_4,SKU_4,22.57,2,0,a,0,13.7
2024-01-02,Store_4,SKU_4,53.79,5,0,0,0,13.7
2024-01-03,Store_4,SKU_4,75.14,6,1,0,0,13.7
2024-01-04,Store_4,SKU_4,54.24,3,0,0,0,13.7
2024-01-05,Store_4,SKU_4,61.58,4,0,0,0,13.7
2024-01-06,Store_4,SKU_4,62.69,7,0,0,0,13.7
2024-01-07,Store_4,SKU_4,29.1,3,0,0,0,13.7
2024-01-08,Store_4,SKU_4,55.85,5,0,0,0,13.7
2024-01-09,Store_4,SKU_4,45.25,3,0,0,0,13.7
2024-01-10,Store_4,SKU_4,51.89,6,0,0,0,13.7
2024-01-11,Store_4,SKU_4,54.26,4,0,0,0,13.7
2024-01-12,Store_4,SKU_4,55.76,4,0,0,0,13.7
2024-01-13,Store_4,SKU_4,73.85,7,0,0,0,13.7
2024-01-14,Store_4,SKU_4,43.38,3,1,0,0,13.7
2024-01-15,Store_4,SKU_4,52.77,3,0,0,0,13.7
2024-01-16,Store_4,SKU_4,48.18,5,0,0,0,13.7
2024-01-17,Store_4,SKU_4,50.02,4,0,0,0,13.7
2024-01-18,Store_4,SKU_4,51.75,6,0,0,0,13.7
2024-01-19,Store_4,SKU_4,51.21,5,0,0,0,13.7
2024-01-20,Store_4,SKU_4,64.48,6,0,0,0,13.7
2024-01-21,Store_4,SKU_4,34.95,3,0,0,0,13.7
2024-01-22,Store_4,SKU_4,49.89,4,0,0,0,13.7
2024-01-23,Store_4,SKU_4,73.27,5,1,0,0,13.7
2024-01-24,Store_4,SKU_4,53.07,5,0,0,0,13.7
2024-01-25,Store_4,SKU_4,48.95,4,0,0,0,13.7
2024-01-26,Store_4,SKU_4,53.23,6,0,0,0,13.7
2024-01-27,Store_4,SKU_4,99.26,7,1,0,0,13.7
2024-01-28,Store_4,SKU_4,32.49,3,0,0,0,13.7
2024-01-29,Store_4,SKU_4,47.36,4,0,0,0,13.7
2024-01-30,Store_4,SKU_4,54.48,5,0,0,0,13.7
2024-01-31,Store_4,SKU_4,49.06,5,0,0,0,13.7
2024-02-01,Store_4,SKU_4,78.55,6,1,0,0,13.7
2024-02-02,Store_4,SKU_4,67.13,7,0,0,0,13.7
2024-02-03,Store_4,SKU_4,67.37,5,0,0,0,13.7
2024-02-04,Store_4,SKU_4,32.7,3,0,0,0,13.7
2024-02-05,Store_4,SKU_4,56.86,6,0,0,0,13.7
2024-02-06,Store_4,SKU_4,54.78,4,0,0,0,13.7
2024-02-07,Store_4,SKU_4,63.77,6,0,0,0,13.7
2024-02-08,Store_4,SKU_4,59.41,5,0,0,0,13.7
2024-02-09,Store_4,SKU_4,48.63,3,0,0,0,13.7
2024-02-10,Store_4,SKU_4,82.33,8,0,0,0,13.7
2024-02-11,Store_4,SKU_4,52.87,4,1,0,0,13.7
2024-02-12,Store_4,SKU_4,66.03,6,0,0,0,13.7
2024-02-13,Store_4,SKU_4,53.64,6,0,0,0,13.7
2024-02-14,Store_4,SKU_4,63.87,6,0,0,0,13.7
2024-02-15,Store_4,SKU_4,82.74,8,1,0,0,13.7
2024-02-16,Store_4,SKU_4,67.69,7,0,0,0,13.7
2024-02-17,Store_4,SKU_4,77.85,5,0,0,0,13.7
2024-02-18,Store_4,SKU_4,38.11,3,0,0,0,13.7
2024-02-19,Store_4,SKU_4,61.99,5,0,0,0,13.7
2024-02-20,Store_4,SKU_4,62.62,5,0,0,0,13.7
2024-02-21,Store_4,SKU_4,57.4,5,0,0,0,13.7
2024-02-22,Store_4,SKU_4,62.28,5,0,0,0,13.7
2024-02-23,Store_4,SKU_4,74.48,5,0,0,0,13.7
2024-02-24,Store_4,SKU_4,72.7,8,0,0,0,13.7
2024-02-25,Store_4,SKU_4,31.28,3,0,0,0,13.7
2024-02-26,Store_4,SKU_4,63.37,7,0,0,0,13.7
2024-02-27,Store_4,SKU_4,59.19,5,0,0,0,13.7
2024-02-28,Store_4,SKU_4,55.9,4,0,0,0,13.7
2024-02-29,Store_4,SKU_4,58.32,6,0,0,0,13.7
2024-03-01,Store_4,SKU_4,63.09,5,0,0,0,13.7
2024-03-02,Store_4,SKU_4,90.36,7,0,0,0,13.7
2024-03-03,Store_4,SKU_4,40.78,3,0,0,0,13.7
2024-03-04,Store_4,SKU_4,62.2,6,0,0,0,13.7
2024-03-05,Store_4,SKU_4,71.12,7,0,0,0,13.7
2024-03-06,Store_4,SKU_4,63.95,5,0,0,0,13.7
2024-03-07,Store_4,SKU_4,62.5,6,0,0,0,13.7
2024-03-08,Store_4,SKU_4,74.69,5,0,0,0,13.7
2024-03-09,Store_4,SKU_4,89.66,7,0,0,0,13.7
2024-03-10,Store_4,SKU_4,37.93,4,0,0,0,13.7
2024-03-11,Store_4,SKU_4,63.42,6,0,0,0,13.7
2024-03-12,Store_4,SKU_4,67.69,6,0,0,0,13.7
2024-03-13,Store_4,SKU_4,63.28,5,0,0,0,13.7
2024-03-14,Store_4,SKU_4,64.96,5,0,0,0,13.7
2024-03-15,Store_4,SKU_4,108.43,10,1,0,0,13.7
2024-03-16,Store_4,SKU_4,86.44,7,0,0,0,13.7
2024-03-17,Store_4,SKU_4,40.59,3,0,0,0,13.7
2024-03-18,Store_4,SKU_4,71.55,7,0,0,0,13.7
2024-03-19,Store_4,SKU_4,91.51,10,1,0,0,13.7
2024-03-20,Store_4,SKU_4,59.32,7,0,0,0,13.7
2024-03-21,Store_4,SKU_4,70.67,8,0,0,0,13.7
2024-03-22,Store_4,SKU_4,105.31,9,1,0,0,13.7
2024-03-23,Store_4,SKU_4,77.58,6,0,0,0,13.7
2024-03-24,Store_4,SKU_4,39.59,3,0,0,0,13.7
2024-03-25,Store_4,SKU_4,58.84,4,0,0,0,13.7
2024-03-26,Store_4,SKU_4,69.53,5,0,0,0,13.7
2024-03-27,Store_4,SKU_4,83.97,6,1,0,0,13.7
2024-03-28,Store_4,SKU_4,67.53,5,0,0,0,13.7
2024-03-29,Store_4,SKU_4,78.31,6,0,0,0,13.7
2024-03-30,Store_4,SKU_4,84.17,8,0,0,0,13.7
2024-03-31,Store_4,SKU_4,40.29,2,0,0,0,13.7
2024-04-01,Store_4,SKU_4,81.0,9,0,0,0,13.7
2024-04-02,Store_4,SKU_4,69.11,5,0,0,0,13.7
2024-04-03,Store_4,SKU_4,76.42,8,0,0,0,13.7
2024-04-04,Store_4,SKU_4,117.61,12,1,0,0,13.7
2024-04-05,Store_4,SKU_4,94.68,7,0,0,0,13.7
2024-04-06,Store_4,SKU_4,76.26,5,0,0,0,13.7
2024-04-07,Store_4,SKU_4,39.07,3,0,0,0,13.7
2024-04-08,Store_4,SKU_4,74.67,7,0,0,0,13.7
2024-04-09,Store_4,SKU_4,67.75,5,0,0,0,13.7
2024-04-10,Store_4,SKU_4,74.65,6,0,0,0,13.7
2024-04-11,Store_4,SKU_4,66.16,6,0,0,0,13.7
2024-04-12,Store_4,SKU_4,93.1,7,0,0,0,13.7
2024-04-13,Store_4,SKU_4,106.22,8,0,0,0,13.7
2024-04-14,Store_4,SKU_4,40.35,3,0,0,0,13.7
2024-04-15,Store_4,SKU_4,68.85,5,0,0,0,13.7
2024-04-16,Store_4,SKU_4,75.14,8,0,0,0,13.7
2024-04-17,Store_4,SKU_4,75.61,6,0,0,0,13.7
2024-04-18,Store_4,SKU_4,74.55,6,0,0,0,13.7
2024-04-19,Store_4,SKU_4,94.8,9,0,0,0,13.7
2024-04-20,Store_4,SKU_4,148.93,13,1,0,0,13.7
2024-04-21,Store_4,SKU_4,41.8,3,0,0,0,13.7
2024-04-22,Store_4,SKU_4,115.42,12,1,0,0,13.7
2024-04-23,Store_4,SKU_4,66.12,7,0,0,0,13.7
2024-04-24,Store_4,SKU_4,114.22,12,1,0,0,13.7
2024-04-25,Store_4,SKU_4,79.53,6,0,0,0,13.7
2024-04-26,Store_4,SKU_4,94.47,10,0,0,0,13.7
2024-04-27,Store_4,SKU_4,96.35,10,0,0,0,13.7
2024-04-28,Store_4,SKU_4,47.15,3,0,0,0,13.7
2024-04-29,Store_4,SKU_4,84.32,7,0,0,0,13.7
2024-04-30,Store_4,SKU_4,78.58,6,0,0,0,13.7
2024-05-01,Store_4,SKU_4,81.41,7,0,0,0,13.7
2024-05-02,Store_4,SKU_4,80.21,6,0,0,0,13.7
2024-05-03,Store_4,SKU_4,104.22,9,0,0,0,13.7
2024-05-04,Store_4,SKU_4,103.16,8,0,0,0,13.7
2024-05-05,Store_4,SKU_4,37.18,3,0,0,0,13.7
2024-05-06,Store_4,SKU_4,95.17,7,0,0,0,13.7
2024-05-07,Store_4,SKU_4,97.32,9,0,0,0,13.7
2024-05-08,Store_4,SKU_4,113.94,10,1,0,0,13.7
2024-05-09,Store_4,SKU_4,128.0,9,1,0,0,13.7
2024-05-10,Store_4,SKU_4,87.32,8,0,0,0,13.7
2024-05-11,Store_4,SKU_4,113.1,12,0,0,0,13.7
2024-05-12,Store_4,SKU_4,53.9,5,0,0,0,13.7
2024-05-13,Store_4,SKU_4,77.44,5,0,0,0,13.7
2024-05-14,Store_4,SKU_4,75.22,6,0,0,0,13.7
2024-05-15,Store_4,SKU_4,78.47,6,0,0,0,13.7
2024-05-16,Store_4,SKU_4,119.18,9,1,0,0,13.7
2024-05-17,Store_4,SKU_4,85.97,7,0,0,0,13.7
2024-05-18,Store_4,SKU_4,104.72,11,0,0,0,13.7
2024-05-19,Store_4,SKU_4,53.43,4,0,0,0,13.7
2024-05-20,Store_4,SKU_4,84.55,7,0,0,0,13.7
2024-05-21,Store_4,SKU_4,87.9,9,0,0,0,13.7
2024-05-22,Store_4,SKU_4,83.36,8,0,0,0,13.7
2024-05-23,Store_4,SKU_4,83.98,6,0,0,0,13.7
2024-05-24,Store_4,SKU_4,88.74,9,0,0,0,13.7
2024-05-25,Store_4,SKU_4,111.97,10,0,0,0,13.7
2024-05-26,Store_4,SKU_4,76.24,6,1,0,0,13.7
2024-05-27,Store_4,SKU_4,78.64,8,0,0,0,13.7
2024-05-28,Store_4,SKU_4,84.44,7,0,0,0,13.7
2024-05-29,Store_4,SKU_4,79.71,6,0,0,0,13.7
2024-05-30,Store_4,SKU_4,93.71,8,0,0,0,13.7
2024-05-31,Store_4,SKU_4,89.78,7,0,0,0,13.7
2024-06-01,Store_4,SKU_4,98.33,11,0,0,0,13.7
2024-06-02,Store_4,SKU_4,75.04,6,1,0,0,13.7
2024-06-03,Store_4,SKU_4,95.89,9,0,0,0,13.7
2024-06-04,Store_4,SKU_4,117.79,12,1,0,0,13.7
2024-06-05,Store_4,SKU_4,78.85,8,0,0,0,13.7
2024-06-06,Store_4,SKU_4,82.67,9,0,0,0,13.7
2024-06-07,Store_4,SKU_4,92.17,7,0,0,0,13.7
2024-06-08,Store_4,SKU_4,123.26,12,0,0,0,13.7
2024-06-09,Store_4,SKU_4,52.58,6,0,0,0,13.7
2024-06-10,Store_4,SKU_4,92.65,8,0,0,0,13.7
2024-06-11,Store_4,SKU_4,80.4,6,0,0,0,13.7
2024-06-12,Store_4,SKU_4,78.83,5,0,0,0,13.7
2024-06-13,Store_4,SKU_4,88.08,6,0,0,0,13.7
2024-06-14,Store_4,SKU_4,95.02,8,0,0,0,13.7
2024-06-15,Store_4,SKU_4,105.91,10,0,0,0,13.7
2024-06-16,Store_4,SKU_4,53.87,4,0,0,0,13.7
2024-06-17,Store_4,SKU_4,96.75,7,0,0,0,13.7
2024-06-18,Store_4,SKU_4,83.06,9,0,0,0,13.7
2024-06-19,Store_4,SKU_4,97.74,10,0,0,0,13.7
2024-06-20,Store_4,SKU_4,91.93,8,0,0,0,13.7
2024-06-21,Store_4,SKU_4,114.45,10,0,0,0,13.7
2024-06-22,Store_4,SKU_4,106.72,9,0,0,0,13.7
2024-06-23,Store_4,SKU_4,55.29,4,0,0,0,13.7
2024-06-24,Store_4,SKU_4,80.93,7,0,0,0,13.7
2024-06-25,Store_4,SKU_4,84.98,8,0,0,0,13.7
2024-06-26,Store_4,SKU_4,73.51,5,0,0,0,13.7
2024-06-27,Store_4,SKU_4,92.47,8,0,0,0,13.7
2024-06-28,Store_4,SKU_4,104.63,11,0,0,0,13.7
2024-06-29,Store_4,SKU_4,105.31,11,0,0,0,13.7
2024-06-30,Store_4,SKU_4,51.06,5,0,0,0,13.7
2024-07-01,Store_4,SKU_4,87.63,6,0,0,0,13.7
2024-07-02,Store_4,SKU_4,103.59,8,1,0,0,13.7
2024-07-03,Store_4,SKU_4,72.88,7,0,0,0,13.7
2024-07-04,Store_4,SKU_4,95.44,6,0,0,1,13.7
2024-07-05,Store_4,SKU_4,103.46,12,0,0,0,13.7
2024-07-06,Store_4,SKU_4,99.27,10,0,0,1,13.7
2024-07-07,Store_4,SKU_4,49.4,3,0,0,1,13.7
2024-07-08,Store_4,SKU_4,91.71,8,0,0,0,13.7
2024-07-09,Store_4,SKU_4,72.69,5,0,0,1,13.7
2024-07-10,Store_4,SKU_4,86.84,6,0,0,1,13.7
2024-07-11,Store_4,SKU_4,90.27,8,0,0,0,13.7
2024-07-12,Store_4,SKU_4,98.5,8,0,0,0,13.7
2024-07-13,Store_4,SKU_4,84.35,6,0,0,1,13.7
2024-07-14,Store_4,SKU_4,46.27,3,0,0,1,13.7
2024-07-15,Store_4,SKU_4,97.84,7,0,0,0,13.7
2024-07-16,Store_4,SKU_4,75.65,9,0,0,0,13.7
2024-07-17,Store_4,SKU_4,77.52,8,0,0,0,13.7
2024-07-18,Store_4,SKU_4,81.29,8,0,0,0,13.7
2024-07-19,Store_4,SKU_4,91.31,8,0,0,1,13.7
2024-07-20,Store_4,SKU_4,129.41,15,1,0,0,13.7
2024-07-21,Store_4,SKU_4,51.69,5,0,0,1,13.7
2024-07-22,Store_4,SKU_4,69.62,7,0,0,0,13.7
2024-07-23,Store_4,SKU_4,81.04,9,0,0,0,13.7
2024-07-24,Store_4,SKU_4,64.79,7,0,0,1,13.7
2024-07-25,Store_4,SKU_4,86.78,7,0,0,1,13.7
2024-07-26,Store_4,SKU_4,102.08,8,0,0,1,13.7
2024-07-27,Store_4,SKU_4,108.69,9,0,0,0,13.7
2024-07-28,Store_4,SKU_4,53.28,6,0,0,1,13.7
2024-07-29,Store_4,SKU_4,128.92,10,1,0,0,13.7
2024-07-30,Store_4,SKU_4,77.86,6,0,0,1,13.7
2024-07-31,Store_4,SKU_4,81.61,6,0,0,0,13.7
2024-08-01,Store_4,SKU_4,83.52,10,0,0,1,13.7
2024-08-02,Store_4,SKU_4,88.36,8,0,0,1,13.7
2024-08-03,Store_4,SKU_4,97.43,7,0,0,0,13.7
2024-08-04,Store_4,SKU_4,43.08,3,0,0,0,13.7
2024-08-05,Store_4,SKU_4,80.09,7,0,0,1,13.7
2024-08-06,Store_4,SKU_4,73.44,7,0,0,1,13.7
2024-08-07,Store_4,SKU_4,66.72,5,0,0,0,13.7
2024-08-08,Store_4,SKU_4,87.02,9,0,0,1,13.7
2024-08-09,Store_4,SKU_4,106.06,8,1,0,1,13.7
2024-08-10,Store_4,SKU_4,102.01,7,0,0,0,13.7
2024-08-11,Store_4,SKU_4,48.63,4,0,0,0,13.7
2024-08-12,Store_4,SKU_4,96.56,9,1,0,0,13.7
2024-08-13,Store_4,SKU_4,76.74,6,0,0,0,13.7
2024-08-14,Store_4,SKU_4,79.07,5,0,0,0,13.7
2024-08-15,Store_4,SKU_4,90.3,6,0,0,0,13.7
2024-08-16,Store_4,SKU_4,89.64,6,0,0,1,13.7
2024-08-17,Store_4,SKU_4,99.38,7,0,0,1,13.7
2024-08-18,Store_4,SKU_4,40.26,4,0,0,1,13.7
2024-08-19,Store_4,SKU_4,103.52,11,1,0,0,13.7
2024-08-20,Store_4,SKU_4,70.58,7,0,0,1,13.7
2024-08-21,Store_4,SKU_4,101.47,11,1,0,1,13.7
2024-08-22,Store_4,SKU_4,84.02,6,0,0,1,13.7
2024-08-23,Store_4,SKU_4,93.09,9,0,0,1,13.7
2024-08-24,Store_4,SKU_4,93.11,9,0,0,0,13.7
2024-08-25,Store_4,SKU_4,49.82,3,0,0,0,13.7
2024-08-26,Store_4,SKU_4,77.39,5,0,0,0,13.7
2024-08-27,Store_4,SKU_4,79.95,8,0,0,1,13.7
2024-08-28,Store_4,SKU_4,71.63,5,0,0,1,13.7
2024-08-29,Store_4,SKU_4,107.34,7,1,0,0,13.7
2024-08-30,Store_4,SKU_4,131.75,14,1,0,1,13.7
2024-08-31,Store_4,SKU_4,91.57,10,0,0,0,13.7
2024-09-01,Store_4,SKU_4,39.24,3,0,0,0,13.7
2024-09-02,Store_4,SKU_4,66.86,6,0,0,0,13.7
2024-09-03,Store_4,SKU_4,70.92,5,0,0,0,13.7
2024-09-04,Store_4,SKU_4,67.22,4,0,0,0,13.7
2024-09-05,Store_4,SKU_4,58.15,5,0,0,0,13.7
2024-09-06,Store_4,SKU_4,76.57,5,0,0,0,13.7
2024-09-07,Store_4,SKU_4,87.11,9,0,0,0,13.7
2024-09-08,Store_4,SKU_4,43.79,3,0,0,0,13.7
2024-09-09,Store_4,SKU_4,65.4,6,0,0,0,13.7
2024-09-10,Store_4,SKU_4,61.95,5,0,0,0,13.7
2024-09-11,Store_4,SKU_4,72.7,6,0,0,0,13.7
2024-09-12,Store_4,SKU_4,103.51,9,1,0,0,13.7
2024-09-13,Store_4,SKU_4,76.24,6,0,0,0,13.7
2024-09-14,Store_4,SKU_4,94.0,10,0,0,0,13.7
2024-09-15,Store_4,SKU_4,61.53,5,1,0,0,13.7
2024-09-16,Store_4,SKU_4,107.73,13,1,0,0,13.7
2024-09-17,Store_4,SKU_4,73.65,6,0,0,0,13.7
2024-09-18,Store_4,SKU_4,67.6,5,0,0,0,13.7
2024-09-19,Store_4,SKU_4,79.09,7,0,0,0,13.7
2024-09-20,Store_4,SKU_4,69.46,6,0,0,0,13.7
2024-09-21,Store_4,SKU_4,117.84,11,1,0,0,13.7
2024-09-22,Store_4,SKU_4,36.33,3,0,0,0,13.7
2024-09-23,Store_4,SKU_4,72.58,5,0,0,0,13.7
2024-09-24,Store_4,SKU_4,55.86,4,0,0,0,13.7
2024-09-25,Store_4,SKU_4,65.29,7,0,0,0,13.7
2024-09-26,Store_4,SKU_4,64.26,6,0,0,0,13.7
2024-09-27,Store_4,SKU_4,79.39,7,0,0,0,13.7
2024-09-28,Store_4,SKU_4,76.41,6,0,0,0,13.7
2024-09-29,Store_4,SKU_4,44.49,3,0,0,0,13.7
2024-09-30,Store_4,SKU_4,78.97,8,0,0,0,13.7
2024-10-01,Store_4,SKU_4,57.17,5,0,0,0,13.7
2024-10-02,Store_4,SKU_4,64.38,5,0,0,0,13.7
2024-10-03,Store_4,SKU_4,65.78,7,0,0,0,13.7
2024-10-04,Store_4,SKU_4,96.38,7,1,0,0,13.7
2024-10-05,Store_4,SKU_4,73.95,8,0,0,0,13.7
2024-10-06,Store_4,SKU_4,26.67,3,0,0,0,13.7
2024-10-07,Store_4,SKU_4,61.58,5,0,0,0,13.7
2024-10-08,Store_4,SKU_4,59.3,4,0,0,0,13.7
2024-10-09,Store_4,SKU_4,52.49,4,0,0,0,13.7
2024-10-10,Store_4,SKU_4,84.92,9,1,0,0,13.7
2024-10-11,Store_4,SKU_4,58.96,4,0,0,0,13.7
2024-10-12,Store_4,SKU_4,74.74,7,0,0,0,13.7
2024-10-13,Store_4,SKU_4,33.44,3,0,0,0,13.7
2024-10-14,Store_4,SKU_4,63.87,6,0,0,0,13.7
2024-10-15,Store_4,SKU_4,60.09,6,0,0,0,13.7
2024-10-16,Store_4,SKU_4,74.86,5,1,0,0,13.7
2024-10-17,Store_4,SKU_4,65.76,7,0,0,0,13.7
2024-10-18,Store_4,SKU_4,96.6,11,1,0,0,13.7
2024-10-19,Store_4,SKU_4,62.0,4,0,0,0,13.7
2024-10-20,Store_4,SKU_4,35.63,4,0,0,0,13.7
2024-10-21,Store_4,SKU_4,56.4,4,0,0,0,13.7
2024-10-22,Store_4,SKU_4,59.74,6,0,0,0,13.7
2024-10-23,Store_4,SKU_4,55.11,5,0,0,0,13.7
2024-10-24,Store_4,SKU_4,52.11,6,0,0,0,13.7
2024-10-25,Store_4,SKU_4,65.88,5,0,0,0,13.7
2024-10-26,Store_4,SKU_4,78.06,7,0,0,0,13.7
2024-10-27,Store_4,SKU_4,34.5,3,0,0,0,13.7
2024-10-28,Store_4,SKU_4,54.8,4,0,0,0,13.7
2024-10-29,Store_4,SKU_4,62.07,6,0,0,0,13.7
2024-10-30,Store_4,SKU_4,51.06,4,0,0,0,13.7
2024-10-31,Store_4,SKU_4,60.38,6,0,0,0,13.7
2024-11-01,Store_4,SKU_4,65.78,6,0,0,0,13.7
2024-11-02,Store_4,SKU_4,77.58,6,0,0,0,13.7
2024-11-03,Store_4,SKU_4,33.63,3,0,0,0,13.7
2024-11-04,Store_4,SKU_4,75.79,7,1,0,0,13.7
2024-11-05,Store_4,SKU_4,49.11,4,0,0,0,13.7
2024-11-06,Store_4,SKU_4,57.89,4,0,0,0,13.7
2024-11-07,Store_4,SKU_4,51.67,3,0,0,0,13.7
2024-11-08,Store_4,SKU_4,94.72,7,1,0,0,13.7
2024-11-09,Store_4,SKU_4,65.56,5,0,0,0,13.7
2024-11-10,Store_4,SKU_4,47.83,5,1,0,0,13.7
2024-11-11,Store_4,SKU_4,57.71,6,0,0,0,13.7
2024-11-12,Store_4,SKU_4,50.34,4,0,0,0,13.7
2024-11-13,Store_4,SKU_4,59.11,6,0,0,0,13.7
2024-11-14,Store_4,SKU_4,53.91,4,0,0,0,13.7
2024-11-15,Store_4,SKU_4,85.21,8,1,0,0,13.7
2024-11-16,Store_4,SKU_4,77.42,9,0,0,0,13.7
2024-11-17,Store_4,SKU_4,45.94,5,1,0,0,13.7
2024-11-18,Store_4,SKU_4,54.51,4,0,0,0,13.7
2024-11-19,Store_4,SKU_4,57.69,7,0,0,0,13.7
2024-11-20,Store_4,SKU_4,81.72,9,1,0,0,13.7
2024-11-21,Store_4,SKU_4,59.4,4,0,0,0,13.7
2024-11-22,Store_4,SKU_4,59.18,5,0,0,0,13.7
2024-11-23,Store_4,SKU_4,74.56,8,0,0,0,13.7
2024-11-24,Store_4,SKU_4,35.42,4,0,0,0,13.7
2024-11-25,Store_4,SKU_4,56.99,4,0,0,0,13.7
2024-11-26,Store_4,SKU_4,53.88,3,0,0,0,13.7
2024-11-27,Store_4,SKU_4,58.68,5,0,0,0,13.7
2024-11-28,Store_4,SKU_4,48.03,4,0,0,0,13.7
2024-11-29,Store_4,SKU_4,91.03,10,1,0,0,13.7
2024-11-30,Store_4,SKU_4,63.08,6,0,0,0,13.7
2024-12-01,Store_4,SKU_4,34.19,3,0,0,0,13.7
2024-12-02,Store_4,SKU_4,48.9,4,0,0,0,13.7
2024-12-03,Store_4,SKU_4,78.21,7,1,0,0,13.7
2024-12-04,Store_4,SKU_4,47.18,3,0,0,0,13.7
2024-12-05,Store_4,SKU_4,53.47,6,0,0,0,13.7
2024-12-06,Store_4,SKU_4,78.26,6,1,0,0,13.7
2024-12-07,Store_4,SKU_4,62.63,7,0,0,0,13.7
2024-12-08,Store_4,SKU_4,54.42,5,1,0,0,13.7
2024-12-09,Store_4,SKU_4,77.72,6,1,0,0,13.7
2024-12-10,Store_4,SKU_4,49.8,4,0,0,0,13.7
2024-12-11,Store_4,SKU_4,47.48,4,0,0,0,13.7
2024-12-12,Store_4,SKU_4,50.17,5,0,0,0,13.7
2024-12-13,Store_4,SKU_4,50.28,3,0,0,0,13.7
2024-12-14,Store_4,SKU_4,57.48,5,0,0,0,13.7
2024-12-15,Store_4,SKU_4,33.67,2,0,0,0,13.7
2024-12-16,Store_4,SKU_4,51.22,4,0,0,0,13.7
2024-12-17,Store_4,SKU_4,49.81,4,0,0,0,13.7
2024-12-18,Store_4,SKU_4,39.39,3,0,0,0,13.7
2024-12-19,Store_4,SKU_4,54.36,4,0,0,0,13.7
2024-12-20,Store_4,SKU_4,59.2,5,0,0,0,13.7
2024-12-21,Store_4,SKU_4,74.14,5,0,0,0,13.7
2024-12-22,Store_4,SKU_4,38.69,3,1,0,0,13.7
2024-12-23,Store_4,SKU_4,57.73,5,0,0,0,13.7
2024-12-24,Store_4,SKU_4,51.16,5,0,0,0,13.7
2024-12-25,Store_4,SKU_4,20.83,1,0,a,0,13.7
2024-12-26,Store_4,SKU_4,30.06,2,1,a,0,13.7
2024-12-27,Store_4,SKU_4,66.75,5,0,0,0,13.7
2024-12-28,Store_4,SKU_4,65.2,6,0,0,0,13.7
2024-12-29,Store_4,SKU_4,33.75,2,0,0,0,13.7
2024-12-30,Store_4,SKU_4,52.59,3,0,0,0,13.7
2024-12-31,Store_4,SKU_4,57.86,6,0,0,0,13.7
2022-01-01,Store_4,SKU_5,41.19,3,0,a,0,17.55
2022-01-02,Store_4,SKU_5,53.77,4,0,0,0,17.55
2022-01-03,Store_4,SKU_5,92.51,8,0,0,0,17.55
2022-01-04,Store_4,SKU_5,88.49,8,0,0,0,17.55
2022-01-05,Store_4,SKU_5,85.69,6,0,0,0,17.55
2022-01-06,Store_4,SKU_5,90.79,10,0,0,0,17.55
2022-01-07,Store_4,SKU_5,101.08,9,0,0,0,17.55
2022-01-08,Store_4,SKU_5,115.79,10,0,0,0,17.55
2022-01-09,Store_4,SKU_5,78.75,5,1,0,0,17.55
2022-01-10,Store_4,SKU_5,77.02,5,0,0,0,17.55
2022-01-11,Store_4,SKU_5,80.02,5,0,0,0,17.55
2022-01-12,Store_4,SKU_5,115.15,10,1,0,0,17.55
2022-01-13,Store_4,SKU_5,79.4,7,0,0,0,17.55
2022-01-14,Store_4,SKU_5,89.71,6,0,0,0,17.55
2022-01-15,Store_4,SKU_5,112.78,12,0,0,0,17.55
2022-01-16,Store_4,SKU_5,65.57,5,1,0,0,17.55
2022-01-17,Store_4,SKU_5,94.33,8,0,0,0,17.55
2022-01-18,Store_4,SKU_5,73.17,5,0,0,0,17.55
2022-01-19,Store_4,SKU_5,101.62,11,1,0,0,17.55
2022-01-20,Store_4,SKU_5,89.44,6,0,0,0,17.55
2022-01-21,Store_4,SKU_5,93.82,11,0,0,0,17.55
2022-01-22,Store_4,SKU_5,124.64,15,0,0,0,17.55
2022-01-23,Store_4,SKU_5,54.82,6,0,0,0,17.55
2022-01-24,Store_4,SKU_5,82.19,6,0,0,0,17.55
2022-01-25,Store_4,SKU_5,83.3,7,0,0,0,17.55
2022-01-26,Store_4,SKU_5,85.92,7,0,0,0,17.55
2022-01-27,Store_4,SKU_5,81.08,5,0,0,0,17.55
2022-01-28,Store_4,SKU_5,99.53,8,0,0,0,17.55
2022-01-29,Store_4,SKU_5,111.11,12,0,0,0,17.55
2022-01-30,Store_4,SKU_5,50.12,4,0,0,0,17.55
2022-01-31,Store_4,SKU_5,79.04,8,0,0,0,17.55
2022-02-01,Store_4,SKU_5,101.57,12,0,0,0,17.55
2022-02-02,Store_4,SKU_5,99.83,8,0,0,0,17.55
2022-02-03,Store_4,SKU_5,94.8,6,0,0,0,17.55
2022-02-04,Store_4,SKU_5,121.9,12,0,0,0,17.55
2022-02-05,Store_4,SKU_5,127.81,13,0,0,0,17.55
2022-02-06,Store_4,SKU_5,66.06,4,0,0,0,17.55
2022-02-07,Store_4,SKU_5,78.62,8,0,0,0,17.55
2022-02-08,Store_4,SKU_5,93.76,11,0,0,0,17.55
2022-02-09,Store_4,SKU_5,89.47,7,0,0,0,17.55
2022-02-10,Store_4,SKU_5,125.81,11,1,0,0,17.55
2022-02-11,Store_4,SKU_5,139.16,15,1,0,0,17.55
2022-02-12,Store_4,SKU_5,125.49,14,0,0,0,17.55
2022-02-13,Store_4,SKU_5,66.16,5,0,0,0,17.55
2022-02-14,Store_4,SKU_5,101.09,8,0,0,0,17.55
2022-02-15,Store_4,SKU_5,92.6,10,0,0,0,17.55
2022-02-16,Store_4,SKU_5,96.08,11,0,0,0,17.55
2022-02-17,Store_4,SKU_5,119.13,14,0,0,0,17.55
2022-02-18,Store_4,SKU_5,113.6,12,0,0,0,17.55
2022-02-19,Store_4,SKU_5,105.53,12,0,0,0,17.55
2022-02-20,Store_4,SKU_5,58.3,4,0,0,0,17.55
2022-02-21,Store_4,SKU_5,105.17,9,0,0,0,17.55
2022-02-22,Store_4,SKU_5,102.88,10,0,0,0,17.55
2022-02-23,Store_4,SKU_5,90.86,9,0,0,0,17.55
2022-02-24,Store_4,SKU_5,106.64,8,0,0,0,17.55
2022-02-25,Store_4,SKU_5,120.21,13,0,0,0,17.55
2022-02-26,Store_4,SKU_5,113.37,8,0,0,0,17.55
2022-02-27,Store_4,SKU_5,54.27,5,0,0,0,17.55
2022-02-28,Store_4,SKU_5,109.7,9,0,0,0,17.55
2022-03-01,Store_4,SKU_5,111.09,10,0,0,0,17.55
2022-03-02,Store_4,SKU_5,95.85,9,0,0,0,17.55
2022-03-03,Store_4,SKU_5,109.41,11,0,0,0,17.55
2022-03-04,Store_4,SKU_5,128.27,15,0,0,0,17.55
2022-03-05,Store_4,SKU_5,150.11,18,0,0,0,17.55
2022-03-06,Store_4,SKU_5,71.19,7,0,0,0,17.55
2022-03-07,Store_4,SKU_5,96.01,7,0,0,0,17.55
2022-03-08,Store_4,SKU_5,98.65,8,0,0,0,17.55
2022-03-09,Store_4,SKU_5,123.14,9,0,0,0,17.55
2022-03-10,Store_4,SKU_5,126.43,11,0,0,0,17.55
2022-03-11,Store_4,SKU_5,125.17,9,0,0,0,17.55
2022-03-12,Store_4,SKU_5,175.86,15,1,0,0,17.55
2022-03-13,Store_4,SKU_5,71.26,5,0,0,0,17.55
2022-03-14,Store_4,SKU_5,105.61,9,0,0,0,17.55
2022-03-15,Store_4,SKU_5,104.91,7,0,0,0,17.55
2022-03-16,Store_4,SKU_5,102.84,11,0,0,0,17.55
2022-03-17,Store_4,SKU_5,143.68,15,1,0,0,17.55
2022-03-18,Store_4,SKU_5,140.25,17,0,0,0,17.55
2022-03-19,Store_4,SKU_5,131.86,12,0,0,0,17.55
2022-03-20,Store_4,SKU_5,74.0,9,0,0,0,17.55
2022-03-21,Store_4,SKU_5,119.58,9,0,0,0,17.55
2022-03-22,Store_4,SKU_5,100.9,7,0,0,0,17.55
2022-03-23,Store_4,SKU_5,106.47,7,0,0,0,17.55
2022-03-24,Store_4,SKU_5,93.64,8,0,0,0,17.55
2022-03-25,Store_4,SKU_5,118.03,14,0,0,0,17.55
2022-03-26,Store_4,SKU_5,138.09,13,0,0,0,17.55
2022-03-27,Store_4,SKU_5,73.1,5,0,0,0,17.55
2022-03-28,Store_4,SKU_5,119.29,9,0,0,0,17.55
2022-03-29,Store_4,SKU_5,112.44,11,0,0,0,17.55
2022-03-30,Store_4,SKU_5,97.23,12,0,0,0,17.55
2022-03-31,Store_4,SKU_5,108.04,10,0,0,0,17.55
2022-04-01,Store_4,SKU_5,208.71,16,1,0,0,17.55
2022-04-02,Store_4,SKU_5,145.67,11,0,0,0,17.55
2022-04-03,Store_4,SKU_5,79.71,5,0,0,0,17.55
2022-04-04,Store_4,SKU_5,135.44,13,0,0,0,17.55
2022-04-05,Store_4,SKU_5,111.56,8,0,0,0,17.55
2022-04-06,Store_4,SKU_5,161.71,14,1,0,0,17.55
2022-04-07,Store_4,SKU_5,205.95,20,1,0,0,17.55
2022-04-08,Store_4,SKU_5,126.29,11,0,0,0,17.55
2022-04-09,Store_4,SKU_5,175.57,17,0,0,0,17.55
2022-04-10,Store_4,SKU_5,86.57,7,0,0,0,17.55
2022-04-11,Store_4,SKU_5,127.24,9,0,0,0,17.55
2022-04-12,Store_4,SKU_5,116.38,13,0,0,0,17.55
2022-04-13,Store_4,SKU_5,135.64,11,0,0,0,17.55
2022-04-14,Store_4,SKU_5,129.85,9,0,0,0,17.55
2022-04-15,Store_4,SKU_5,142.74,12,0,0,0,17.55
2022-04-16,Store_4,SKU_5,165.11,14,0,0,0,17.55
2022-04-17,Store_4,SKU_5,76.71,6,0,0,0,17.55
2022-04-18,Store_4,SKU_5,127.66,9,0,0,0,17.55
2022-04-19,Store_4,SKU_5,112.91,9,0,0,0,17.55
2022-04-20,Store_4,SKU_5,185.11,14,1,0,0,17.55
2022-04-21,Store_4,SKU_5,194.83,20,1,0,0,17.55
2022-04-22,Store_4,SKU_5,143.26,11,0,0,0,17.55
2022-04-23,Store_4,SKU_5,184.04,19,0,0,0,17.55
2022-04-24,Store_4,SKU_5,75.39,8,0,0,0,17.55
2022-04-25,Store_4,SKU_5,149.9,11,0,0,0,17.55
2022-04-26,Store_4,SKU_5,183.9,15,1,0,0,17.55
2022-04-27,Store_4,SKU_5,119.09,8,0,0,0,17.55
2022-04-28,Store_4,SKU_5,132.91,10,0,0,0,17.55
2022-04-29,Store_4,SKU_5,137.27,10,0,0,0,17.55
2022-04-30,Store_4,SKU_5,158.35,18,0,0,0,17.55
2022-05-01,Store_4,SKU_5,84.88,7,0,0,0,17.55
2022-05-02,Store_4,SKU_5,151.91,18,0,0,0,17.55
2022-05-03,Store_4,SKU_5,124.21,11,0,0,0,17.55
2022-05-04,Store_4,SKU_5,123.71,12,0,0,0,17.55
2022-05-05,Store_4,SKU_5,132.62,13,0,0,0,17.55
2022-05-06,Store_4,SKU_5,159.2,14,0,0,0,17.55
2022-05-07,Store_4,SKU_5,161.97,13,0,0,0,17.55
2022-05-08,Store_4,SKU_5,76.43,8,0,0,0,17.55
2022-05-09,Store_4,SKU_5,144.13,13,0,0,0,17.55
2022-05-10,Store_4,SKU_5,158.89,19,0,0,0,17.55
2022-05-11,Store_4,SKU_5,128.4,11,0,0,0,17.55
2022-05-12,Store_4,SKU_5,126.15,10,0,0,0,17.55
2022-05-13,Store_4,SKU_5,148.61,17,0,0,0,17.55
2022-05-14,Store_4,SKU_5,170.93,16,0,0,0,17.55
2022-05-15,Store_4,SKU_5,84.91,6,0,0,0,17.55
2022-05-16,Store_4,SKU_5,165.19,13,0,0,0,17.55
2022-05-17,Store_4,SKU_5,148.0,14,0,0,0,17.55
2022-05-18,Store_4,SKU_5,143.12,14,0,0,0,17.55
2022-05-19,Store_4,SKU_5,138.79,14,0,0,0,17.55
2022-05-20,Store_4,SKU_5,229.67,17,1,0,0,17.55
2022-05-21,Store_4,SKU_5,193.55,20,0,0,0,17.55
2022-05-22,Store_4,SKU_5,80.93,9,0,0,0,17.55
2022-05-23,Store_4,SKU_5,140.99,12,0,0,0,17.55
2022-05-24,Store_4,SKU_5,132.37,14,0,0,0,17.55
2022-05-25,Store_4,SKU_5,143.43,16,0,0,0,17.55
2022-05-26,Store_4,SKU_5,152.62,13,0,0,0,17.55
2022-05-27,Store_4,SKU_5,170.64,18,0,0,0,17.55
2022-05-28,Store_4,SKU_5,181.11,20,0,0,0,17.55
2022-05-29,Store_4,SKU_5,102.19,7,1,0,0,17.55
2022-05-30,Store_4,SKU_5,141.27,10,0,0,0,17.55
2022-05-31,Store_4,SKU_5,136.68,14,0,0,0,17.55
2022-06-01,Store_4,SKU_5,126.96,10,0,0,0,17.55
2022-06-02,Store_4,SKU_5,147.98,11,0,0,0,17.55
2022-06-03,Store_4,SKU_5,149.84,16,0,0,0,17.55
2022-06-04,Store_4,SKU_5,176.7,16,0,0,0,17.55
2022-06-05,Store_4,SKU_5,90.72,9,0,0,0,17.55
2022-06-06,Store_4,SKU_5,150.47,11,0,0,0,17.55
2022-06-07,Store_4,SKU_5,143.41,15,0,0,0,17.55
2022-06-08,Store_4,SKU_5,201.27,21,1,0,0,17.55
2022-06-09,Store_4,SKU_5,137.63,12,0,0,0,17.55
2022-06-10,Store_4,SKU_5,171.55,15,0,0,0,17.55
2022-06-11,Store_4,SKU_5,164.56,11,0,0,0,17.55
2022-06-12,Store_4,SKU_5,117.6,11,1,0,0,17.55
2022-06-13,Store_4,SKU_5,154.27,14,0,0,0,17.55
2022-06-14,Store_4,SKU_5,132.08,12,0,0,0,17.55
2022-06-15,Store_4,SKU_5,147.15,15,0,0,0,17.55
2022-06-16,Store_4,SKU_5,130.39,14,0,0,0,17.55
2022-06-17,Store_4,SKU_5,162.17,18,0,0,0,17.55
2022-06-18,Store_4,SKU_5,168.11,20,0,0,0,17.55
2022-06-19,Store_4,SKU_5,70.23,7,0,0,0,17.55
2022-06-20,Store_4,SKU_5,157.89,18,0,0,0,17.55
2022-06-21,Store_4,SKU_5,144.01,13,0,0,0,17.55
2022-06-22,Store_4,SKU_5,151.63,18,0,0,0,17.55
2022-06-23,Store_4,SKU_5,156.66,17,0,0,0,17.55
2022-06-24,Store_4,SKU_5,167.79,15,0,0,0,17.55
2022-06-25,Store_4,SKU_5,179.58,19,0,0,0,17.55
2022-06-26,Store_4,SKU_5,78.08,7,0,0,0,17.55
2022-06-27,Store_4,SKU_5,207.53,16,1,0,0,17.55
2022-06-28,Store_4,SKU_5,129.02,13,0,0,0,17.55
2022-06-29,Store_4,SKU_5,146.48,17,0,0,0,17.55
2022-06-30,Store_4,SKU_5,134.12,11,0,0,0,17.55
2022-07-01,Store_4,SKU_5,219.4,19,1,0,0,17.55
2022-07-02,Store_4,SKU_5,161.41,14,0,0,0,17.55
2022-07-03,Store_4,SKU_5,94.25,8,0,0,0,17.55
2022-07-04,Store_4,SKU_5,124.96,10,0,0,0,17.55
2022-07-05,Store_4,SKU_5,150.21,11,0,0,0,17.55
2022-07-06,Store_4,SKU_5,120.91,12,0,0,1,17.55
2022-07-07,Store_4,SKU_5,146.32,10,0,0,0,17.55
2022-07-08,Store_4,SKU_5,200.38,14,1,0,1,17.55
2022-07-09,Store_4,SKU_5,183.41,13,0,0,0,17.55
2022-07-10,Store_4,SKU_5,84.41,9,0,0,0,17.55
2022-07-11,Store_4,SKU_5,131.41,15,0,0,1,17.55
2022-07-12,Store_4,SKU_5,149.57,16,0,0,1,17.55
2022-07-13,Store_4,SKU_5,184.59,15,1,0,0,17.55
2022-07-14,Store_4,SKU_5,128.16,14,0,0,1,17.55
2022-07-15,Store_4,SKU_5,158.37,11,0,0,0,17.55
2022-07-16,Store_4,SKU_5,162.03,16,0,0,1,17.55
2022-07-17,Store_4,SKU_5,85.33,6,0,0,0,17.55
2022-07-18,Store_4,SKU_5,136.45,10,0,0,0,17.55
2022-07-19,Store_4,SKU_5,146.41,12,0,0,0,17.55
2022-07-20,Store_4,SKU_5,210.29,15,1,0,1,17.55
2022-07-21,Store_4,SKU_5,156.43,15,0,0,1,17.55
2022-07-22,Store_4,SKU_5,136.4,9,0,0,1,17.55
2022-07-23,Store_4,SKU_5,185.39,18,0,0,0,17.55
2022-07-24,Store_4,SKU_5,102.18,9,0,0,0,17.55
2022-07-25,Store_4,SKU_5,144.69,11,0,0,1,17.55
2022-07-26,Store_4,SKU_5,129.71,12,0,0,0,17.55
2022-07-27,Store_4,SKU_5,181.97,21,1,0,1,17.55
2022-07-28,Store_4,SKU_5,195.62,14,1,0,0,17.55
2022-07-29,Store_4,SKU_5,150.33,13,0,0,1,17.55
2022-07-30,Store_4,SKU_5,161.41,19,0,0,1,17.55
2022-07-31,Store_4,SKU_5,115.8,12,1,0,0,17.55
2022-08-01,Store_4,SKU_5,144.26,12,0,0,0,17.55
2022-08-02,Store_4,SKU_5,130.94,12,0,0,0,17.55
2022-08-03,Store_4,SKU_5,121.18,10,0,0,0,17.55
2022-08-04,Store_4,SKU_5,135.42,12,0,0,0,17.55
2022-08-05,Store_4,SKU_5,158.27,19,0,0,0,17.55
2022-08-06,Store_4,SKU_5,157.8,13,0,0,1,17.55
2022-08-07,Store_4,SKU_5,73.36,7,0,0,1,17.55
2022-08-08,Store_4,SKU_5,140.46,12,0,0,0,17.55
2022-08-09,Store_4,SKU_5,133.91,9,0,0,0,17.55
2022-08-10,Store_4,SKU_5,127.82,14,0,0,0,17.55
2022-08-11,Store_4,SKU_5,183.03,18,1,0,1,17.55
2022-08-12,Store_4,SKU_5,183.89,15,1,0,1,17.55
2022-08-13,Store_4,SKU_5,219.55,22,1,0,0,17.55
2022-08-14,Store_4,SKU_5,82.09,8,0,0,0,17.55
2022-08-15,Store_4,SKU_5,129.21,10,0,0,1,17.55
2022-08-16,Store_4,SKU_5,114.4,10,0,0,0,17.55
2022-08-17,Store_4,SKU_5,132.52,9,0,0,0,17.55
2022-08-18,Store_4,SKU_5,122.03,10,0,0,1,17.55
2022-08-19,Store_4,SKU_5,229.51,17,1,0,0,17.55
2022-08-20,Store_4,SKU_5,176.24,16,0,0,0,17.55
2022-08-21,Store_4,SKU_5,81.32,7,0,0,1,17.55
2022-08-22,Store_4,SKU_5,179.17,13,1,0,0,17.55
2022-08-23,Store_4,SKU_5,146.76,16,0,0,0,17.55
2022-08-24,Store_4,SKU_5,152.77,12,0,0,1,17.55
2022-08-25,Store_4,SKU_5,143.11,13,0,0,0,17.55
2022-08-26,Store_4,SKU_5,128.6,11,0,0,0,17.55
2022-08-27,Store_4,SKU_5,163.86,12,0,0,0,17.55
2022-08-28,Store_4,SKU_5,125.38,11,1,0,0,17.55
2022-08-29,Store_4,SKU_5,198.27,16,1,0,0,17.55
2022-08-30,Store_4,SKU_5,124.55,9,0,0,0,17.55
2022-08-31,Store_4,SKU_5,134.33,16,0,0,1,17.55
2022-09-01,Store_4,SKU_5,125.59,13,0,0,0,17.55
2022-09-02,Store_4,SKU_5,138.09,14,0,0,0,17.55
2022-09-03,Store_4,SKU_5,148.59,16,0,0,0,17.55
2022-09-04,Store_4,SKU_5,79.76,8,0,0,0,17.55
2022-09-05,Store_4,SKU_5,111.14,10,0,0,0,17.55
2022-09-06,Store_4,SKU_5,130.32,12,0,0,0,17.55
2022-09-07,Store_4,SKU_5,95.81,9,0,0,0,17.55
2022-09-08,Store_4,SKU_5,129.31,12,0,0,0,17.55
2022-09-09,Store_4,SKU_5,119.46,10,0,0,0,17.55
2022-09-10,Store_4,SKU_5,152.41,15,0,0,0,17.55
2022-09-11,Store_4,SKU_5,79.02,7,0,0,0,17.55
2022-09-12,Store_4,SKU_5,138.77,14,0,0,0,17.55
2022-09-13,Store_4,SKU_5,118.77,9,0,0,0,17.55
2022-09-14,Store_4,SKU_5,101.62,10,0,0,0,17.55
2022-09-15,Store_4,SKU_5,91.45,7,0,0,0,17.55
2022-09-16,Store_4,SKU_5,146.49,11,0,0,0,17.55
2022-09-17,Store_4,SKU_5,154.69,19,0,0,0,17.55
2022-09-18,Store_4,SKU_5,68.69,6,0,0,0,17.55
2022-09-19,Store_4,SKU_5,157.81,17,1,0,0,17.55
2022-09-20,Store_4,SKU_5,125.3,15,0,0,0,17.55
2022-09-21,Store_4,SKU_5,108.63,8,0,0,0,17.55
2022-09-22,Store_4,SKU_5,135.0,15,0,0,0,17.55
2022-09-23,Store_4,SKU_5,138.94,10,0,0,0,17.55
2022-09-24,Store_4,SKU_5,162.69,16,0,0,0,17.55
2022-09-25,Store_4,SKU_5,71.64,6,0,0,0,17.55
2022-09-26,Store_4,SKU_5,122.59,12,0,0,0,17.55
2022-09-27,Store_4,SKU_5,147.34,13,1,0,0,17.55
2022-09-28,Store_4,SKU_5,121.76,10,0,0,0,17.55
2022-09-29,Store_4,SKU_5,126.76,10,0,0,0,17.55
2022-09-30,Store_4,SKU_5,176.1,13,1,0,0,17.55
2022-10-01,Store_4,SKU_5,109.03,11,0,0,0,17.55
2022-10-02,Store_4,SKU_5,48.53,5,0,0,0,17.55
2022-10-03,Store_4,SKU_5,95.74,7,0,0,0,17.55
2022-10-04,Store_4,SKU_5,97.99,8,0,0,0,17.55
2022-10-05,Store_4,SKU_5,86.33,7,0,0,0,17.55
2022-10-06,Store_4,SKU_5,119.63,8,0,0,0,17.55
2022-10-07,Store_4,SKU_5,104.09,8,0,0,0,17.55
2022-10-08,Store_4,SKU_5,132.72,9,0,0,0,17.55
2022-10-09,Store_4,SKU_5,84.53,6,1,0,0,17.55
2022-10-10,Store_4,SKU_5,105.69,8,0,0,0,17.55
2022-10-11,Store_4,SKU_5,98.25,8,0,0,0,17.55
2022-10-12,Store_4,SKU_5,100.18,10,0,0,0,17.55
2022-10-13,Store_4,SKU_5,102.53,8,0,0,0,17.55
2022-10-14,Store_4,SKU_5,112.77,10,0,0,0,17.55
2022-10-15,Store_4,SKU_5,126.98,10,0,0,0,17.55
2022-10-16,Store_4,SKU_5,59.07,4,0,0,0,17.55
2022-10-17,Store_4,SKU_5,123.21,8,0,0,0,17.55
2022-10-18,Store_4,SKU_5,94.65,10,0,0,0,17.55
2022-10-19,Store_4,SKU_5,97.01,8,0,0,0,17.55
2022-10-20,Store_4,SKU_5,103.82,8,0,0,0,17.55
2022-10-21,Store_4,SKU_5,99.89,12,0,0,0,17.55
2022-10-22,Store_4,SKU_5,146.48,10,0,0,0,17.55
2022-10-23,Store_4,SKU_5,67.75,6,0,0,0,17.55
2022-10-24,Store_4,SKU_5,92.29,7,0,0,0,17.55
2022-10-25,Store_4,SKU_5,102.82,11,0,0,0,17.55
2022-10-26,Store_4,SKU_5,92.8,7,0,0,0,17.55
2022-10-27,Store_4,SKU_5,148.11,12,1,0,0,17.55
2022-10-28,Store_4,SKU_5,123.06,12,0,0,0,17.55
2022-10-29,Store_4,SKU_5,142.77,10,0,0,0,17.55
2022-10-30,Store_4,SKU_5,65.46,5,0,0,0,17.55
2022-10-31,Store_4,SKU_5,104.86,11,0,0,0,17.55
2022-11-01,Store_4,SKU_5,134.38,12,1,0,0,17.55
2022-11-02,Store_4,SKU_5,94.88,8,0,0,0,17.55
2022-11-03,Store_4,SKU_5,87.68,7,0,0,0,17.55
2022-11-04,Store_4,SKU_5,92.06,9,0,0,0,17.55
2022-11-05,Store_4,SKU_5,179.92,15,1,0,0,17.55
2022-11-06,Store_4,SKU_5,51.47,6,0,0,0,17.55
2022-11-07,Store_4,SKU_5,99.52,12,0,0,0,17.55
2022-11-08,Store_4,SKU_5,91.19,6,0,0,0,17.55
2022-11-09,Store_4,SKU_5,88.24,7,0,0,0,17.55
2022-11-10,Store_4,SKU_5,101.22,9,0,0,0,17.55
2022-11-11,Store_4,SKU_5,98.12,7,0,0,0,17.55
2022-11-12,Store_4,SKU_5,125.14,15,0,0,0,17.55
2022-11-13,Store_4,SKU_5,61.05,4,0,0,0,17.55
2022-11-14,Store_4,SKU_5,122.08,9,1,0,0,17.55
2022-11-15,Store_4,SKU_5,86.35,9,0,0,0,17.55
2022-11-16,Store_4,SKU_5,91.33,7,0,0,0,17.55
2022-11-17,Store_4,SKU_5,105.43,9,0,0,0,17.55
2022-11-18,Store_4,SKU_5,99.62,8,0,0,0,17.55
2022-11-19,Store_4,SKU_5,132.87,11,0,0,0,17.55
2022-11-20,Store_4,SKU_5,59.79,4,0,0,0,17.55
2022-11-21,Store_4,SKU_5,95.91,10,0,0,0,17.55
2022-11-22,Store_4,SKU_5,91.5,10,0,0,0,17.55
2022-11-23,Store_4,SKU_5,93.57,10,0,0,0,17.55
2022-11-24,Store_4,SKU_5,101.57,10,0,0,0,17.55
2022-11-25,Store_4,SKU_5,92.89,7,0,0,0,17.55
2022-11-26,Store_4,SKU_5,124.49,10,0,0,0,17.55
2022-11-27,Store_4,SKU_5,86.7,7,1,0,0,17.55
2022-11-28,Store_4,SKU_5,89.62,8,0,0,0,17.55
2022-11-29,Store_4,SKU_5,90.39,10,0,0,0,17.55
2022-11-30,Store_4,SKU_5,115.13,12,1,0,0,17.55
2022-12-01,Store_4,SKU_5,84.67,7,0,0,0,17.55
2022-12-02,Store_4,SKU_5,97.29,6,0,0,0,17.55
2022-12-03,Store_4,SKU_5,100.59,9,0,0,0,17.55
2022-12-04,Store_4,SKU_5,56.06,5,0,0,0,17.55
2022-12-05,Store_4,SKU_5,91.71,7,0,0,0,17.55
2022-12-06,Store_4,SKU_5,90.48,10,0,0,0,17.55
2022-12-07,Store_4,SKU_5,99.81,8,0,0,0,17.55
2022-12-08,Store_4,SKU_5,121.52,11,1,0,0,17.55
2022-12-09,Store_4,SKU_5,100.8,7,0,0,0,17.55
2022-12-10,Store_4,SKU_5,109.67,12,0,0,0,17.55
2022-12-11,Store_4,SKU_5,56.67,5,0,0,0,17.55
2022-12-12,Store_4,SKU_5,90.12,7,0,0,0,17.55
2022-12-13,Store_4,SKU_5,146.44,10,1,0,0,17.55
2022-12-14,Store_4,SKU_5,85.33,10,0,0,0,17.55
2022-12-15,Store_4,SKU_5,93.75,10,0,0,0,17.55
2022-12-16,Store_4,SKU_5,99.22,7,0,0,0,17.55
2022-12-17,Store_4,SKU_5,122.82,9,0,0,0,17.55
2022-12-18,Store_4,SKU_5,51.11,4,0,0,0,17.55
2022-12-19,Store_4,SKU_5,82.08,9,0,0,0,17.55
2022-12-20,Store_4,SKU_5,89.82,8,0,0,0,17.55
2022-12-21,Store_4,SKU_5,81.69,6,0,0,0,17.55
2022-12-22,Store_4,SKU_5,93.81,10,0,0,0,17.55
2022-12-23,Store_4,SKU_5,87.41,6,0,0,0,17.55
2022-12-24,Store_4,SKU_5,112.89,10,0,0,0,17.55
2022-12-25,Store_4,SKU_5,22.64,2,0,a,0,17.55
2022-12-26,Store_4,SKU_5,36.18,4,0,a,0,17.55
2022-12-27,Store_4,SKU_5,78.87,7,0,0,0,17.55
2022-12-28,Store_4,SKU_5,89.79,7,0,0,0,17.55
2022-12-29,Store_4,SKU_5,85.68,6,0,0,0,17.55
2022-12-30,Store_4,SKU_5,111.13,12,0,0,0,17.55
2022-12-31,Store_4,SKU_5,120.76,11,0,0,0,17.55
2023-01-01,Store_4,SKU_5,23.7,1,0,a,0,17.55
2023-01-02,Store_4,SKU_5,96.29,8,0,0,0,17.55
2023-01-03,Store_4,SKU_5,96.97,11,0,0,0,17.55
2023-01-04,Store_4,SKU_5,126.93,10,1,0,0,17.55
2023-01-05,Store_4,SKU_5,98.44,11,0,0,0,17.55
2023-01-06,Store_4,SKU_5,100.77,8,0,0,0,17.55
2023-01-07,Store_4,SKU_5,130.74,15,0,0,0,17.55
2023-01-08,Store_4,SKU_5,55.55,4,0,0,0,17.55
2023-01-09,Store_4,SKU_5,90.92,8,0,0,0,17.55
2023-01-10,Store_4,SKU_5,97.38,8,0,0,0,17.55
2023-01-11,Store_4,SKU_5,89.56,7,0,0,0,17.55
2023-01-12,Store_4,SKU_5,81.69,9,0,0,0,17.55
2023-01-13,Store_4,SKU_5,96.97,11,0,0,0,17.55
2023-01-14,Store_4,SKU_5,123.83,9,0,0,0,17.55
2023-01-15,Store_4,SKU_5,51.66,4,0,0,0,17.55
2023-01-16,Store_4,SKU_5,96.65,7,0,0,0,17.55
2023-01-17,Store_4,SKU_5,69.42,5,0,0,0,17.55
2023-01-18,Store_4,SKU_5,103.52,10,0,0,0,17.55
2023-01-19,Store_4,SKU_5,98.53,7,0,0,0,17.55
2023-01-20,Store_4,SKU_5,151.26,13,1,0,0,17.55
2023-01-21,Store_4,SKU_5,124.9,14,0,0,0,17.55
2023-01-22,Store_4,SKU_5,69.34,7,1,0,0,17.55
2023-01-23,Store_4,SKU_5,133.28,9,1,0,0,17.55
2023-01-24,Store_4,SKU_5,97.39,8,0,0,0,17.55
2023-01-25,Store_4,SKU_5,93.0,8,0,0,0,17.55
2023-01-26,Store_4,SKU_5,96.11,8,0,0,0,17.55
2023-01-27,Store_4,SKU_5,108.69,11,0,0,0,17.55
2023-01-28,Store_4,SKU_5,120.77,13,0,0,0,17.55
2023-01-29,Store_4,SKU_5,89.26,6,1,0,0,17.55
2023-01-30,Store_4,SKU_5,85.37,6,0,0,0,17.55
2023-01-31,Store_4,SKU_5,93.76,7,0,0,0,17.55
2023-02-01,Store_4,SKU_5,95.25,7,0,0,0,17.55
2023-02-02,Store_4,SKU_5,98.6,11,0,0,0,17.55
2023-02-03,Store_4,SKU_5,122.72,9,0,0,0,17.55
2023-02-04,Store_4,SKU_5,142.92,13,0,0,0,17.55
2023-02-05,Store_4,SKU_5,63.7,5,0,0,0,17.55
2023-02-06,Store_4,SKU_5,86.64,6,0,0,0,17.55
2023-02-07,Store_4,SKU_5,89.16,11,0,0,0,17.55
2023-02-08,Store_4,SKU_5,104.38,7,0,0,0,17.55
2023-02-09,Store_4,SKU_5,162.5,15,1,0,0,17.55
2023-02-10,Store_4,SKU_5,162.31,18,1,0,0,17.55
2023-02-11,Store_4,SKU_5,169.92,16,1,0,0,17.55
2023-02-12,Store_4,SKU_5,60.51,5,0,0,0,17.55
2023-02-13,Store_4,SKU_5,111.13,11,0,0,0,17.55
2023-02-14,Store_4,SKU_5,104.7,7,0,0,0,17.55
2023-02-15,Store_4,SKU_5,107.03,8,0,0,0,17.55
2023-02-16,Store_4,SKU_5,105.69,9,0,0,0,17.55
2023-02-17,Store_4,SKU_5,123.26,13,0,0,0,17.55
2023-02-18,Store_4,SKU_5,193.82,19,1,0,0,17.55
2023-02-19,Store_4,SKU_5,53.31,5,0,0,0,17.55
2023-02-20,Store_4,SKU_5,169.37,13,1,0,0,17.55
2023-02-21,Store_4,SKU_5,145.93,13,1,0,0,17.55
2023-02-22,Store_4,SKU_5,100.03,12,0,0,0,17.55
2023-02-23,Store_4,SKU_5,114.46,8,0,0,0,17.55
2023-02-24,Store_4,SKU_5,163.12,13,1,0,0,17.55
2023-02-25,Store_4,SKU_5,182.89,21,1,0,0,17.55
2023-02-26,Store_4,SKU_5,62.04,7,0,0,0,17.55
2023-02-27,Store_4,SKU_5,142.81,13,1,0,0,17.55
2023-02-28,Store_4,SKU_5,111.21,12,0,0,0,17.55
2023-03-01,Store_4,SKU_5,109.7,10,0,0,0,17.55
2023-03-02,Store_4,SKU_5,110.29,9,0,0,0,17.55
2023-03-03,Store_4,SKU_5,139.65,11,0,0,0,17.55
2023-03-04,Store_4,SKU_5,170.2,15,0,0,0,17.55
2023-03-05,Store_4,SKU_5,74.55,7,0,0,0,17.55
2023-03-06,Store_4,SKU_5,111.01,9,0,0,0,17.55
2023-03-07,Store_4,SKU_5,110.31,9,0,0,0,17.55
2023-03-08,Store_4,SKU_5,114.36,13,0,0,0,17.55
2023-03-09,Store_4,SKU_5,122.16,9,0,0,0,17.55
2023-03-10,Store_4,SKU_5,126.65,14,0,0,0,17.55
2023-03-11,Store_4,SKU_5,140.01,10,0,0,0,17.55
2023-03-12,Store_4,SKU_5,84.92,6,0,0,0,17.55
2023-03-13,Store_4,SKU_5,129.35,11,0,0,0,17.55
2023-03-14,Store_4,SKU_5,120.55,10,0,0,0,17.55
2023-03-15,Store_4,SKU_5,115.98,13,0,0,0,17.55
2023-03-16,Store_4,SKU_5,180.14,20,1,0,0,17.55
2023-03-17,Store_4,SKU_5,149.32,18,0,0,0,17.55
2023-03-18,Store_4,SKU_5,214.65,25,1,0,0,17.55
2023-03-19,Store_4,SKU_5,72.07,8,0,0,0,17.55
2023-03-20,Store_4,SKU_5,122.25,11,0,0,0,17.55
2023-03-21,Store_4,SKU_5,108.62,11,0,0,0,17.55
2023-03-22,Store_4,SKU_5,124.34,11,0,0,0,17.55
2023-03-23,Store_4,SKU_5,108.14,7,0,0,0,17.55
2023-03-24,Store_4,SKU_5,135.77,16,0,0,0,17.55
2023-03-25,Store_4,SKU_5,169.16,19,0,0,0,17.55
2023-03-26,Store_4,SKU_5,71.88,7,0,0,0,17.55
2023-03-27,Store_4,SKU_5,110.48,13,0,0,0,17.55
2023-03-28,Store_4,SKU_5,167.1,19,1,0,0,17.55
2023-03-29,Store_4,SKU_5,166.93,14,1,0,0,17.55
2023-03-30,Store_4,SKU_5,142.7,12,0,0,0,17.55
2023-03-31,Store_4,SKU_5,156.19,14,0,0,0,17.55
2023-04-01,Store_4,SKU_5,167.98,17,0,0,0,17.55
2023-04-02,Store_4,SKU_5,87.57,8,0,0,0,17.55
2023-04-03,Store_4,SKU_5,137.44,16,0,0,0,17.55
2023-04-04,Store_4,SKU_5,106.8,13,0,0,0,17.55
2023-04-05,Store_4,SKU_5,130.98,9,0,0,0,17.55
2023-04-06,Store_4,SKU_5,133.26,13,0,0,0,17.55
2023-04-07,Store_4,SKU_5,224.73,20,1,0,0,17.55
2023-04-08,Store_4,SKU_5,184.4,18,0,0,0,17.55
2023-04-09,Store_4,SKU_5,135.28,16,1,0,0,17.55
2023-04-10,Store_4,SKU_5,153.18,11,0,0,0,17.55
2023-04-11,Store_4,SKU_5,138.02,15,0,0,0,17.55
2023-04-12,Store_4,SKU_5,131.66,11,0,0,0,17.55
2023-04-13,Store_4,SKU_5,115.24,8,0,0,0,17.55
2023-04-14,Store_4,SKU_5,152.7,14,0,0,0,17.55
2023-04-15,Store_4,SKU_5,178.78,22,0,0,0,17.55
2023-04-16,Store_4,SKU_5,82.48,6,0,0,0,17.55
2023-04-17,Store_4,SKU_5,133.74,10,0,0,0,17.55
2023-04-18,Store_4,SKU_5,136.83,10,0,0,0,17.55
2023-04-19,Store_4,SKU_5,143.09,13,0,0,0,17.55
2023-04-20,Store_4,SKU_5,143.2,13,0,0,0,17.55
2023-04-21,Store_4,SKU_5,145.1,13,0,0,0,17.55
2023-04-22,Store_4,SKU_5,165.45,14,0,0,0,17.55
2023-04-23,Store_4,SKU_5,85.97,9,0,0,0,17.55
2023-04-24,Store_4,SKU_5,146.37,11,0,0,0,17.55
2023-04-25,Store_4,SKU_5,144.89,11,0,0,0,17.55
2023-04-26,Store_4,SKU_5,132.32,16,0,0,0,17.55
2023-04-27,Store_4,SKU_5,145.79,11,0,0,0,17.55
2023-04-28,Store_4,SKU_5,214.61,17,1,0,0,17.55
2023-04-29,Store_4,SKU_5,268.03,19,1,0,0,17.55
2023-04-30,Store_4,SKU_5,95.88,7,0,0,0,17.55
2023-05-01,Store_4,SKU_5,141.95,13,0,0,0,17.55
2023-05-02,Store_4,SKU_5,123.03,11,0,0,0,17.55
2023-05-03,Store_4,SKU_5,137.37,10,0,0,0,17.55
2023-05-04,Store_4,SKU_5,204.41,16,1,0,0,17.55
2023-05-05,Store_4,SKU_5,137.45,16,0,0,0,17.55
2023-05-06,Store_4,SKU_5,175.48,21,0,0,0,17.55
2023-05-07,Store_4,SKU_5,85.18,6,0,0,0,17.55
2023-05-08,Store_4,SKU_5,153.4,13,0,0,0,17.55
2023-05-09,Store_4,SKU_5,150.33,16,0,0,0,17.55
2023-05-10,Store_4,SKU_5,132.17,11,0,0,0,17.55
2023-05-11,Store_4,SKU_5,144.34,11,0,0,0,17.55
2023-05-12,Store_4,SKU_5,167.22,14,0,0,0,17.55
2023-05-13,Store_4,SKU_5,184.73,14,0,0,0,17.55
2023-05-14,Store_4,SKU_5,96.82,8,0,0,0,17.55
2023-05-15,Store_4,SKU_5,163.59,13,0,0,0,17.55
2023-05-16,Store_4,SKU_5,141.9,12,0,0,0,17.55
2023-05-17,Store_4,SKU_5,138.23,10,0,0,0,17.55
2023-05-18,Store_4,SKU_5,133.09,15,0,0,0,17.55
2023-05-19,Store_4,SKU_5,156.28,18,0,0,0,17.55
2023-05-20,Store_4,SKU_5,186.41,19,0,0,0,17.55
2023-05-21,Store_4,SKU_5,88.17,7,0,0,0,17.55
2023-05-22,Store_4,SKU_5,156.68,11,0,0,0,17.55
2023-05-23,Store_4,SKU_5,150.01,18,0,0,0,17.55
2023-05-24,Store_4,SKU_5,147.01,17,0,0,0,17.55
2023-05-25,Store_4,SKU_5,226.44,16,1,0,0,17.55
2023-05-26,Store_4,SKU_5,169.45,18,0,0,0,17.55
2023-05-27,Store_4,SKU_5,214.57,22,0,0,0,17.55
2023-05-28,Store_4,SKU_5,90.95,11,0,0,0,17.55
2023-05-29,Store_4,SKU_5,163.74,19,0,0,0,17.55
2023-05-30,Store_4,SKU_5,155.34,12,0,0,0,17.55
2023-05-31,Store_4,SKU_5,133.66,12,0,0,0,17.55
2023-06-01,Store_4,SKU_5,229.0,23,1,0,0,17.55
2023-06-02,Store_4,SKU_5,200.43,17,0,0,0,17.55
2023-06-03,Store_4,SKU_5,161.39,20,0,0,0,17.55
2023-06-04,Store_4,SKU_5,90.41,6,0,0,0,17.55
2023-06-05,Store_4,SKU_5,143.47,14,0,0,0,17.55
2023-06-06,Store_4,SKU_5,165.34,19,0,0,0,17.55
2023-06-07,Store_4,SKU_5,144.58,12,0,0,0,17.55
2023-06-08,Store_4,SKU_5,157.24,16,0,0,0,17.55
2023-06-09,Store_4,SKU_5,178.08,15,0,0,0,17.55
2023-06-10,Store_4,SKU_5,185.26,23,0,0,0,17.55
2023-06-11,Store_4,SKU_5,100.26,7,0,0,0,17.55
2023-06-12,Store_4,SKU_5,213.9,19,1,0,0,17.55
2023-06-13,Store_4,SKU_5,160.75,13,0,0,0,17.55
2023-06-14,Store_4,SKU_5,145.08,10,0,0,0,17.55
2023-06-15,Store_4,SKU_5,148.81,11,0,0,0,17.55
2023-06-16,Store_4,SKU_5,178.04,16,0,0,0,17.55
2023-06-17,Store_4,SKU_5,210.06,23,0,0,0,17.55
2023-06-18,Store_4,SKU_5,102.53,8,0,0,0,17.55
2023-06-19,Store_4,SKU_5,134.05,10,0,0,0,17.55
2023-06-20,Store_4,SKU_5,145.79,15,0,0,0,17.55
2023-06-21,Store_4,SKU_5,153.85,12,0,0,0,17.55
2023-06-22,Store_4,SKU_5,161.75,14,0,0,0,17.55
2023-06-23,Store_4,SKU_5,164.92,12,0,0,0,17.55
2023-06-24,Store_4,SKU_5,189.98,21,0,0,0,17.55
2023-06-25,Store_4,SKU_5,86.46,7,0,0,0,17.55
2023-06-26,Store_4,SKU_5,168.44,17,0,0,0,17.55
2023-06-27,Store_4,SKU_5,164.49,20,0,0,0,17.55
2023-06-28,Store_4,SKU_5,138.52,10,0,0,0,17.55
2023-06-29,Store_4,SKU_5,147.68,11,0,0,0,17.55
2023-06-30,Store_4,SKU_5,184.92,21,0,0,0,17.55
2023-07-01,Store_4,SKU_5,199.83,18,0,0,1,17.55
2023-07-02,Store_4,SKU_5,96.47,8,0,0,1,17.55
2023-07-03,Store_4,SKU_5,145.87,13,0,0,1,17.55
2023-07-04,Store_4,SKU_5,210.46,16,1,0,1,17.55
2023-07-05,Store_4,SKU_5,143.35,14,0,0,1,17.55
2023-07-06,Store_4,SKU_5,175.69,16,0,0,1,17.55
2023-07-07,Store_4,SKU_5,167.9,16,0,0,1,17.55
2023-07-08,Store_4,SKU_5,238.64,27,1,0,0,17.55
2023-07-09,Store_4,SKU_5,96.16,9,0,0,1,17.55
2023-07-10,Store_4,SKU_5,140.79,10,0,0,0,17.55
2023-07-11,Store_4,SKU_5,157.85,11,0,0,1,17.55
2023-07-12,Store_4,SKU_5,148.21,16,0,0,0,17.55
2023-07-13,Store_4,SKU_5,138.41,17,0,0,1,17.55
2023-07-14,Store_4,SKU_5,148.81,17,0,0,0,17.55
2023-07-15,Store_4,SKU_5,191.98,15,0,0,1,17.55
2023-07-16,Store_4,SKU_5,84.82,7,0,0,0,17.55
2023-07-17,Store_4,SKU_5,163.82,19,0,0,0,17.55
2023-07-18,Store_4,SKU_5,132.2,11,0,0,0,17.55
2023-07-19,Store_4,SKU_5,144.65,13,0,0,1,17.55
2023-07-20,Store_4,SKU_5,145.98,11,0,0,0,17.55
2023-07-21,Store_4,SKU_5,180.69,17,0,0,1,17.55
2023-07-22,Store_4,SKU_5,200.3,23,0,0,0,17.55
2023-07-23,Store_4,SKU_5,100.81,10,0,0,0,17.55
2023-07-24,Store_4,SKU_5,168.92,13,0,0,1,17.55
2023-07-25,Store_4,SKU_5,142.91,13,0,0,0,17.55
2023-07-26,Store_4,SKU_5,139.38,12,0,0,1,17.55
2023-07-27,Store_4,SKU_5,224.66,16,1,0,1,17.55
2023-07-28,Store_4,SKU_5,163.68,18,0,0,0,17.55
2023-07-29,Store_4,SKU_5,309.15,31,1,0,0,17.55
2023-07-30,Store_4,SKU_5,137.8,10,1,0,0,17.55
2023-07-31,Store_4,SKU_5,152.19,11,0,0,0,17.55
2023-08-01,Store_4,SKU_5,141.97,15,0,0,1,17.55
2023-08-02,Store_4,SKU_5,134.4,15,0,0,0,17.55
2023-08-03,Store_4,SKU_5,149.02,13,0,0,0,17.55
2023-08-04,Store_4,SKU_5,118.35,11,0,0,0,17.55
2023-08-05,Store_4,SKU_5,186.56,21,0,0,0,17.55
2023-08-06,Store_4,SKU_5,79.91,8,0,0,0,17.55
2023-08-07,Store_4,SKU_5,134.14,11,0,0,0,17.55
2023-08-08,Store_4,SKU_5,133.46,10,0,0,0,17.55
2023-08-09,Store_4,SKU_5,134.24,16,0,0,0,17.55
2023-08-10,Store_4,SKU_5,149.08,16,0,0,0,17.55
2023-08-11,Store_4,SKU_5,152.64,13,0,0,0,17.55
2023-08-12,Store_4,SKU_5,230.05,21,1,0,0,17.55
2023-08-13,Store_4,SKU_5,126.4,9,1,0,0,17.55
2023-08-14,Store_4,SKU_5,147.83,17,0,0,0,17.55
2023-08-15,Store_4,SKU_5,129.37,15,0,0,1,17.55
2023-08-16,Store_4,SKU_5,201.64,16,1,0,0,17.55
2023-08-17,Store_4,SKU_5,155.84,12,0,0,0,17.55
2023-08-18,Store_4,SKU_5,141.55,14,0,0,0,17.55
2023-08-19,Store_4,SKU_5,211.98,23,0,0,0,17.55
2023-08-20,Store_4,SKU_5,87.91,8,0,0,0,17.55
2023-08-21,Store_4,SKU_5,153.39,13,0,0,1,17.55
2023-08-22,Store_4,SKU_5,136.48,10,0,0,0,17.55
2023-08-23,Store_4,SKU_5,140.73,10,0,0,0,17.55
2023-08-24,Store_4,SKU_5,201.39,15,1,0,0,17.55
2023-08-25,Store_4,SKU_5,145.82,12,0,0,1,17.55
2023-08-26,Store_4,SKU_5,222.33,18,1,0,1,17.55
2023-08-27,Store_4,SKU_5,71.2,5,0,0,0,17.55
2023-08-28,Store_4,SKU_5,164.83,18,0,0,0,17.55
2023-08-29,Store_4,SKU_5,127.02,11,0,0,0,17.55
2023-08-30,Store_4,SKU_5,147.17,14,0,0,1,17.55
2023-08-31,Store_4,SKU_5,149.97,15,0,0,0,17.55
2023-09-01,Store_4,SKU_5,155.95,19,0,0,0,17.55
2023-09-02,Store_4,SKU_5,167.73,18,0,0,0,17.55
2023-09-03,Store_4,SKU_5,107.13,8,1,0,0,17.55
2023-09-04,Store_4,SKU_5,175.34,15,1,0,0,17.55
2023-09-05,Store_4,SKU_5,120.23,10,0,0,0,17.55
2023-09-06,Store_4,SKU_5,128.35,12,0,0,0,17.55
2023-09-07,Store_4,SKU_5,118.89,12,0,0,0,17.55
2023-09-08,Store_4,SKU_5,120.38,14,0,0,0,17.55
2023-09-09,Store_4,SKU_5,222.47,25,1,0,0,17.55
2023-09-10,Store_4,SKU_5,127.91,12,1,0,0,17.55
2023-09-11,Store_4,SKU_5,111.08,9,0,0,0,17.55
2023-09-12,Store_4,SKU_5,118.85,11,0,0,0,17.55
2023-09-13,Store_4,SKU_5,113.17,10,0,0,0,17.55
2023-09-14,Store_4,SKU_5,112.85,8,0,0,0,17.55
2023-09-15,Store_4,SKU_5,134.27,11,0,0,0,17.55
2023-09-16,Store_4,SKU_5,160.1,17,0,0,0,17.55
2023-09-17,Store_4,SKU_5,105.48,10,1,0,0,17.55
2023-09-18,Store_4,SKU_5,121.89,12,0,0,0,17.55
2023-09-19,Store_4,SKU_5,110.35,13,0,0,0,17.55
2023-09-20,Store_4,SKU_5,124.96,11,0,0,0,17.55
2023-09-21,Store_4,SKU_5,132.28,14,0,0,0,17.55
2023-09-22,Store_4,SKU_5,143.05,17,0,0,0,17.55
2023-09-23,Store_4,SKU_5,144.03,12,0,0,0,17.55
2023-09-24,Store_4,SKU_5,105.93,8,1,0,0,17.55
2023-09-25,Store_4,SKU_5,126.44,14,0,0,0,17.55
2023-09-26,Store_4,SKU_5,114.59,9,0,0,0,17.55
2023-09-27,Store_4,SKU_5,141.05,14,0,0,0,17.55
2023-09-28,Store_4,SKU_5,131.69,12,0,0,0,17.55
2023-09-29,Store_4,SKU_5,149.72,14,0,0,0,17.55
2023-09-30,Store_4,SKU_5,129.4,14,0,0,0,17.55
2023-10-01,Store_4,SKU_5,63.11,5,0,0,0,17.55
2023-10-02,Store_4,SKU_5,103.64,8,0,0,0,17.55
2023-10-03,Store_4,SKU_5,97.96,7,0,0,0,17.55
2023-10-04,Store_4,SKU_5,93.44,7,0,0,0,17.55
2023-10-05,Store_4,SKU_5,107.02,12,0,0,0,17.55
2023-10-06,Store_4,SKU_5,157.84,16,1,0,0,17.55
2023-10-07,Store_4,SKU_5,151.69,14,0,0,0,17.55
2023-10-08,Store_4,SKU_5,89.8,8,1,0,0,17.55
2023-10-09,Store_4,SKU_5,116.07,8,0,0,0,17.55
2023-10-10,Store_4,SKU_5,105.38,11,0,0,0,17.55
2023-10-11,Store_4,SKU_5,100.19,8,0,0,0,17.55
2023-10-12,Store_4,SKU_5,107.68,8,0,0,0,17.55
2023-10-13,Store_4,SKU_5,115.16,11,0,0,0,17.55
2023-10-14,Store_4,SKU_5,143.79,12,0,0,0,17.55
2023-10-15,Store_4,SKU_5,66.46,5,0,0,0,17.55
2023-10-16,Store_4,SKU_5,161.53,15,1,0,0,17.55
2023-10-17,Store_4,SKU_5,153.09,17,1,0,0,17.55
2023-10-18,Store_4,SKU_5,109.15,12,0,0,0,17.55
2023-10-19,Store_4,SKU_5,102.0,10,0,0,0,17.55
2023-10-20,Store_4,SKU_5,122.91,15,0,0,0,17.55
2023-10-21,Store_4,SKU_5,139.13,16,0,0,0,17.55
2023-10-22,Store_4,SKU_5,68.79,5,0,0,0,17.55
2023-10-23,Store_4,SKU_5,112.44,13,0,0,0,17.55
2023-10-24,Store_4,SKU_5,129.95,12,1,0,0,17.55
2023-10-25,Store_4,SKU_5,112.95,12,0,0,0,17.55
2023-10-26,Store_4,SKU_5,100.24,12,0,0,0,17.55
2023-10-27,Store_4,SKU_5,162.07,17,1,0,0,17.55
2023-10-28,Store_4,SKU_5,133.15,9,0,0,0,17.55
2023-10-29,Store_4,SKU_5,72.94,6,0,0,0,17.55
2023-10-30,Store_4,SKU_5,100.85,9,0,0,0,17.55
2023-10-31,Store_4,SKU_5,127.63,9,0,0,0,17.55
2023-11-01,Store_4,SKU_5,91.6,9,0,0,0,17.55
2023-11-02,Store_4,SKU_5,90.32,10,0,0,0,17.55
2023-11-03,Store_4,SKU_5,130.58,11,0,0,0,17.55
2023-11-04,Store_4,SKU_5,179.49,15,1,0,0,17.55
2023-11-05,Store_4,SKU_5,57.01,5,0,0,0,17.55
2023-11-06,Store_4,SKU_5,113.64,11,0,0,0,17.55
2023-11-07,Store_4,SKU_5,75.86,6,0,0,0,17.55
2023-11-08,Store_4,SKU_5,87.24,7,0,0,0,17.55
2023-11-09,Store_4,SKU_5,134.94,11,1,0,0,17.55
2023-11-10,Store_4,SKU_5,119.97,9,0,0,0,17.55
2023-11-11,Store_4,SKU_5,117.2,11,0,0,0,17.55
2023-11-12,Store_4,SKU_5,79.61,9,1,0,0,17.55
2023-11-13,Store_4,SKU_5,113.86,11,0,0,0,17.55
2023-11-14,Store_4,SKU_5,100.54,10,0,0,0,17.55
2023-11-15,Store_4,SKU_5,96.53,9,0,0,0,17.55
2023-11-16,Store_4,SKU_5,105.46,11,0,0,0,17.55
2023-11-17,Store_4,SKU_5,118.68,8,0,0,0,17.55
2023-11-18,Store_4,SKU_5,124.48,15,0,0,0,17.55
2023-11-19,Store_4,SKU_5,57.34,4,0,0,0,17.55
2023-11-20,Store_4,SKU_5,101.11,9,0,0,0,17.55
2023-11-21,Store_4,SKU_5,142.6,12,1,0,0,17.55
2023-11-22,Store_4,SKU_5,123.65,15,0,0,0,17.55
2023-11-23,Store_4,SKU_5,120.1,8,0,0,0,17.55
2023-11-24,Store_4,SKU_5,159.44,14,1,0,0,17.55
2023-11-25,Store_4,SKU_5,108.76,8,0,0,0,17.55
2023-11-26,Store_4,SKU_5,60.34,6,0,0,0,17.55
2023-11-27,Store_4,SKU_5,107.95,7,0,0,0,17.55
2023-11-28,Store_4,SKU_5,86.9,7,0,0,0,17.55
2023-11-29,Store_4,SKU_5,91.52,8,0,0,0,17.55
2023-11-30,Store_4,SKU_5,131.89,12,1,0,0,17.55
2023-12-01,Store_4,SKU_5,93.52,7,0,0,0,17.55
2023-12-02,Store_4,SKU_5,130.7,14,0,0,0,17.55
2023-12-03,Store_4,SKU_5,59.61,5,0,0,0,17.55
2023-12-04,Store_4,SKU_5,98.76,8,0,0,0,17.55
2023-12-05,Store_4,SKU_5,91.39,6,0,0,0,17.55
2023-12-06,Store_4,SKU_5,97.42,12,0,0,0,17.55
2023-12-07,Store_4,SKU_5,91.43,7,0,0,0,17.55
2023-12-08,Store_4,SKU_5,125.82,13,0,0,0,17.55
2023-12-09,Store_4,SKU_5,120.7,10,0,0,0,17.55
2023-12-10,Store_4,SKU_5,60.94,5,0,0,0,17.55
2023-12-11,Store_4,SKU_5,94.61,7,0,0,0,17.55
2023-12-12,Store_4,SKU_5,87.78,6,0,0,0,17.55
2023-12-13,Store_4,SKU_5,118.79,9,1,0,0,17.55
2023-12-14,Store_4,SKU_5,97.62,9,0,0,0,17.55
2023-12-15,Store_4,SKU_5,114.07,13,0,0,0,17.55
2023-12-16,Store_4,SKU_5,114.93,9,0,0,0,17.55
2023-12-17,Store_4,SKU_5,58.43,5,0,0,0,17.55
2023-12-18,Store_4,SKU_5,92.17,9,0,0,0,17.55
2023-12-19,Store_4,SKU_5,88.13,8,0,0,0,17.55
2023-12-20,Store_4,SKU_5,140.18,13,1,0,0,17.55
2023-12-21,Store_4,SKU_5,133.89,9,1,0,0,17.55
2023-12-22,Store_4,SKU_5,140.19,14,1,0,0,17.55
2023-12-23,Store_4,SKU_5,119.57,9,0,0,0,17.55
2023-12-24,Store_4,SKU_5,56.45,6,0,0,0,17.55
2023-12-25,Store_4,SKU_5,38.27,3,0,a,0,17.55
2023-12-26,Store_4,SKU_5,38.88,3,0,a,0,17.55
2023-12-27,Store_4,SKU_5,91.79,7,0,0,0,17.55
2023-12-28,Store_4,SKU_5,97.53,8,0,0,0,17.55
2023-12-29,Store_4,SKU_5,117.83,10,0,0,0,17.55
2023-12-30,Store_4,SKU_5,127.14,12,0,0,0,17.55
2023-12-31,Store_4,SKU_5,51.53,4,0,0,0,17.55
2024-01-01,Store_4,SKU_5,50.81,6,1,a,0,17.55
2024-01-02,Store_4,SKU_5,97.64,7,0,0,0,17.55
2024-01-03,Store_4,SKU_5,103.01,10,0,0,0,17.55
2024-01-04,Store_4,SKU_5,108.98,11,0,0,0,17.55
2024-01-05,Store_4,SKU_5,157.21,12,1,0,0,17.55
2024-01-06,Store_4,SKU_5,112.29,10,0,0,0,17.55
2024-01-07,Store_4,SKU_5,84.96,9,1,0,0,17.55
2024-01-08,Store_4,SKU_5,109.53,9,0,0,0,17.55
2024-01-09,Store_4,SKU_5,110.49,9,0,0,0,17.55
2024-01-10,Store_4,SKU_5,115.75,9,1,0,0,17.55
2024-01-11,Store_4,SKU_5,90.2,10,0,0,0,17.55
2024-01-12,Store_4,SKU_5,97.15,11,0,0,0,17.55
2024-01-13,Store_4,SKU_5,130.75,12,0,0,0,17.55
2024-01-14,Store_4,SKU_5,87.45,8,1,0,0,17.55
2024-01-15,Store_4,SKU_5,101.58,8,0,0,0,17.55
2024-01-16,Store_4,SKU_5,95.3,10,0,0,0,17.55
2024-01-17,Store_4,SKU_5,105.01,11,0,0,0,17.55
2024-01-18,Store_4,SKU_5,85.82,10,0,0,0,17.55
2024-01-19,Store_4,SKU_5,137.58,12,1,0,0,17.55
2024-01-20,Store_4,SKU_5,114.01,9,0,0,0,17.55
2024-01-21,Store_4,SKU_5,92.08,10,1,0,0,17.55
2024-01-22,Store_4,SKU_5,114.02,12,0,0,0,17.55
2024-01-23,Store_4,SKU_5,100.85,10,0,0,0,17.55
2024-01-24,Store_4,SKU_5,97.97,9,0,0,0,17.55
2024-01-25,Store_4,SKU_5,96.9,7,0,0,0,17.55
2024-01-26,Store_4,SKU_5,119.92,9,0,0,0,17.55
2024-01-27,Store_4,SKU_5,193.09,18,1,0,0,17.55
2024-01-28,Store_4,SKU_5,60.21,4,0,0,0,17.55
2024-01-29,Store_4,SKU_5,108.73,9,0,0,0,17.55
2024-01-30,Store_4,SKU_5,139.77,12,1,0,0,17.55
2024-01-31,Store_4,SKU_5,100.23,8,0,0,0,17.55
2024-02-01,Store_4,SKU_5,123.14,11,0,0,0,17.55
2024-02-02,Store_4,SKU_5,112.1,11,0,0,0,17.55
2024-02-03,Store_4,SKU_5,190.16,23,1,0,0,17.55
2024-02-04,Store_4,SKU_5,67.9,6,0,0,0,17.55
2024-02-05,Store_4,SKU_5,114.0,8,0,0,0,17.55
2024-02-06,Store_4,SKU_5,124.55,12,0,0,0,17.55
2024-02-07,Store_4,SKU_5,109.19,11,0,0,0,17.55
2024-02-08,Store_4,SKU_5,107.37,8,0,0,0,17.55
2024-02-09,Store_4,SKU_5,186.09,22,1,0,0,17.55
2024-02-10,Store_4,SKU_5,154.94,11,0,0,0,17.55
2024-02-11,Store_4,SKU_5,65.71,6,0,0,0,17.55
2024-02-12,Store_4,SKU_5,105.28,8,0,0,0,17.55
2024-02-13,Store_4,SKU_5,107.46,9,0,0,0,17.55
2024-02-14,Store_4,SKU_5,114.56,8,0,0,0,17.55
2024-02-15,Store_4,SKU_5,123.93,14,0,0,0,17.55
2024-02-16,Store_4,SKU_5,124.9,10,0,0,0,17.55
2024-02-17,Store_4,SKU_5,130.91,12,0,0,0,17.55
2024-02-18,Store_4,SKU_5,71.6,8,0,0,0,17.55
2024-02-19,Store_4,SKU_5,108.88,8,0,0,0,17.55
2024-02-20,Store_4,SKU_5,94.25,7,0,0,0,17.55
2024-02-21,Store_4,SKU_5,101.06,8,0,0,0,17.55
2024-02-22,Store_4,SKU_5,110.25,8,0,0,0,17.55
2024-02-23,Store_4,SKU_5,114.17,13,0,0,0,17.55
2024-02-24,Store_4,SKU_5,139.12,13,0,0,0,17.55
2024-02-25,Store_4,SKU_5,65.57,5,0,0,0,17.55
2024-02-26,Store_4,SKU_5,125.99,11,0,0,0,17.55
2024-02-27,Store_4,SKU_5,111.51,10,0,0,0,17.55
2024-02-28,Store_4,SKU_5,122.02,9,0,0,0,17.55
2024-02-29,Store_4,SKU_5,120.02,8,0,0,0,17.55
2024-03-01,Store_4,SKU_5,134.59,10,0,0,0,17.55
2024-03-02,Store_4,SKU_5,166.06,12,0,0,0,17.55
2024-03-03,Store_4,SKU_5,77.29,5,0,0,0,17.55
2024-03-04,Store_4,SKU_5,124.45,13,0,0,0,17.55
2024-03-05,Store_4,SKU_5,124.09,9,0,0,0,17.55
2024-03-06,Store_4,SKU_5,124.93,10,0,0,0,17.55
2024-03-07,Store_4,SKU_5,134.99,9,0,0,0,17.55
2024-03-08,Store_4,SKU_5,164.74,19,0,0,0,17.55
2024-03-09,Store_4,SKU_5,130.75,9,0,0,0,17.55
2024-03-10,Store_4,SKU_5,74.36,5,0,0,0,17.55
2024-03-11,Store_4,SKU_5,134.31,11,0,0,0,17.55
2024-03-12,Store_4,SKU_5,122.22,13,0,0,0,17.55
2024-03-13,Store_4,SKU_5,131.47,10,0,0,0,17.55
2024-03-14,Store_4,SKU_5,146.52,15,0,0,0,17.55
2024-03-15,Store_4,SKU_5,145.08,10,0,0,0,17.55
2024-03-16,Store_4,SKU_5,184.07,13,0,0,0,17.55
2024-03-17,Store_4,SKU_5,75.05,9,0,0,0,17.55
2024-03-18,Store_4,SKU_5,135.96,15,0,0,0,17.55
2024-03-19,Store_4,SKU_5,125.95,9,0,0,0,17.55
2024-03-20,Store_4,SKU_5,130.44,10,0,0,0,17.55
2024-03-21,Store_4,SKU_5,107.81,10,0,0,0,17.55
2024-03-22,Store_4,SKU_5,157.61,18,0,0,0,17.55
2024-03-23,Store_4,SKU_5,135.68,10,0,0,0,17.55
2024-03-24,Store_4,SKU_5,114.59,8,1,0,0,17.55
2024-03-25,Store_4,SKU_5,141.46,13,0,0,0,17.55
2024-03-26,Store_4,SKU_5,128.63,9,0,0,0,17.55
2024-03-27,Store_4,SKU_5,166.83,16,1,0,0,17.55
2024-03-28,Store_4,SKU_5,137.0,13,0,0,0,17.55
2024-03-29,Store_4,SKU_5,143.21,14,0,0,0,17.55
2024-03-30,Store_4,SKU_5,157.84,14,0,0,0,17.55
2024-03-31,Store_4,SKU_5,78.61,6,0,0,0,17.55
2024-04-01,Store_4,SKU_5,133.59,14,0,0,0,17.55
2024-04-02,Store_4,SKU_5,145.94,15,0,0,0,17.55
2024-04-03,Store_4,SKU_5,135.18,10,0,0,0,17.55
2024-04-04,Store_4,SKU_5,167.46,16,0,0,0,17.55
2024-04-05,Store_4,SKU_5,151.41,15,0,0,0,17.55
2024-04-06,Store_4,SKU_5,210.62,16,0,0,0,17.55
2024-04-07,Store_4,SKU_5,93.17,8,0,0,0,17.55
2024-04-08,Store_4,SKU_5,147.55,12,0,0,0,17.55
2024-04-09,Store_4,SKU_5,141.35,12,0,0,0,17.55
2024-04-10,Store_4,SKU_5,191.08,16,1,0,0,17.55
2024-04-11,Store_4,SKU_5,150.11,11,0,0,0,17.55
2024-04-12,Store_4,SKU_5,180.69,17,0,0,0,17.55
2024-04-13,Store_4,SKU_5,177.3,17,0,0,0,17.55
2024-04-14,Store_4,SKU_5,93.88,8,0,0,0,17.55
2024-04-15,Store_4,SKU_5,162.59,12,0,0,0,17.55
2024-04-16,Store_4,SKU_5,139.85,12,0,0,0,17.55
2024-04-17,Store_4,SKU_5,144.53,12,0,0,0,17.55
2024-04-18,Store_4,SKU_5,216.11,19,1,0,0,17.55
2024-04-19,Store_4,SKU_5,161.49,16,0,0,0,17.55
2024-04-20,Store_4,SKU_5,212.82,24,0,0,0,17.55
2024-04-21,Store_4,SKU_5,122.43,11,1,0,0,17.55
2024-04-22,Store_4,SKU_5,157.49,17,0,0,0,17.55
2024-04-23,Store_4,SKU_5,149.15,18,0,0,0,17.55
2024-04-24,Store_4,SKU_5,151.97,15,0,0,0,17.55
2024-04-25,Store_4,SKU_5,147.96,12,0,0,0,17.55
2024-04-26,Store_4,SKU_5,167.8,18,0,0,0,17.55
2024-04-27,Store_4,SKU_5,202.36,20,0,0,0,17.55
2024-04-28,Store_4,SKU_5,102.23,10,0,0,0,17.55
2024-04-29,Store_4,SKU_5,148.82,13,0,0,0,17.55
2024-04-30,Store_4,SKU_5,119.3,12,0,0,0,17.55
2024-05-01,Store_4,SKU_5,205.33,14,1,0,0,17.55
2024-05-02,Store_4,SKU_5,177.74,13,0,0,0,17.55
2024-05-03,Store_4,SKU_5,292.07,25,1,0,0,17.55
2024-05-04,Store_4,SKU_5,184.35,21,0,0,0,17.55
2024-05-05,Store_4,SKU_5,130.33,13,1,0,0,17.55
2024-05-06,Store_4,SKU_5,157.89,15,0,0,0,17.55
2024-05-07,Store_4,SKU_5,151.61,11,0,0,0,17.55
2024-05-08,Store_4,SKU_5,172.51,17,0,0,0,17.55
2024-05-09,Store_4,SKU_5,155.16,15,0,0,0,17.55
2024-05-10,Store_4,SKU_5,193.95,17,0,0,0,17.55
2024-05-11,Store_4,SKU_5,192.84,15,0,0,0,17.55
2024-05-12,Store_4,SKU_5,97.91,10,0,0,0,17.55
2024-05-13,Store_4,SKU_5,186.4,15,0,0,0,17.55
2024-05-14,Store_4,SKU_5,125.2,9,0,0,0,17.55
2024-05-15,Store_4,SKU_5,161.28,18,0,0,0,17.55
2024-05-16,Store_4,SKU_5,159.07,12,0,0,0,17.55
2024-05-17,Store_4,SKU_5,160.08,16,0,0,0,17.55
2024-05-18,Store_4,SKU_5,229.35,21,0,0,0,17.55
2024-05-19,Store_4,SKU_5,82.24,7,0,0,0,17.55
2024-05-20,Store_4,SKU_5,183.63,13,0,0,0,17.55
2024-05-21,Store_4,SKU_5,157.21,16,0,0,0,17.55
2024-05-22,Store_4,SKU_5,178.78,17,0,0,0,17.55
2024-05-23,Store_4,SKU_5,156.41,14,0,0,0,17.55
2024-05-24,Store_4,SKU_5,173.24,13,0,0,0,17.55
2024-05-25,Store_4,SKU_5,202.21,17,0,0,0,17.55
2024-05-26,Store_4,SKU_5,106.6,7,0,0,0,17.55
2024-05-27,Store_4,SKU_5,188.27,19,0,0,0,17.55
2024-05-28,Store_4,SKU_5,235.47,22,1,0,0,17.55
2024-05-29,Store_4,SKU_5,181.07,21,0,0,0,17.55
2024-05-30,Store_4,SKU_5,168.03,16,0,0,0,17.55
2024-05-31,Store_4,SKU_5,173.8,13,0,0,0,17.55
2024-06-01,Store_4,SKU_5,231.84,17,0,0,0,17.55
2024-06-02,Store_4,SKU_5,139.96,10,1,0,0,17.55
2024-06-03,Store_4,SKU_5,160.43,14,0,0,0,17.55
2024-06-04,Store_4,SKU_5,142.63,16,0,0,0,17.55
2024-06-05,Store_4,SKU_5,210.17,18,1,0,0,17.55
2024-06-06,Store_4,SKU_5,167.63,13,0,0,0,17.55
2024-06-07,Store_4,SKU_5,168.77,14,0,0,0,17.55
2024-06-08,Store_4,SKU_5,229.13,21,0,0,0,17.55
2024-06-09,Store_4,SKU_5,112.96,13,0,0,0,17.55
2024-06-10,Store_4,SKU_5,164.28,14,0,0,0,17.55
2024-06-11,Store_4,SKU_5,168.58,13,0,0,0,17.55
2024-06-12,Store_4,SKU_5,161.61,15,0,0,0,17.55
2024-06-13,Store_4,SKU_5,168.74,16,0,0,0,17.55
2024-06-14,Store_4,SKU_5,194.04,18,0,0,0,17.55
2024-06-15,Store_4,SKU_5,297.55,21,1,0,0,17.55
2024-06-16,Store_4,SKU_5,97.78,8,0,0,0,17.55
2024-06-17,Store_4,SKU_5,176.81,18,0,0,0,17.55
2024-06-18,Store_4,SKU_5,176.49,13,0,0,0,17.55
2024-06-19,Store_4,SKU_5,168.58,17,0,0,0,17.55
2024-06-20,Store_4,SKU_5,163.36,14,0,0,0,17.55
2024-06-21,Store_4,SKU_5,243.33,21,1,0,0,17.55
2024-06-22,Store_4,SKU_5,190.55,14,0,0,0,17.55
2024-06-23,Store_4,SKU_5,122.83,9,1,0,0,17.55
2024-06-24,Store_4,SKU_5,163.23,18,0,0,0,17.55
2024-06-25,Store_4,SKU_5,242.94,27,1,0,0,17.55
2024-06-26,Store_4,SKU_5,207.86,22,1,0,0,17.55
2024-06-27,Store_4,SKU_5,154.45,11,0,0,0,17.55
2024-06-28,Store_4,SKU_5,196.07,14,0,0,0,17.55
2024-06-29,Store_4,SKU_5,229.97,27,0,0,0,17.55
2024-06-30,Store_4,SKU_5,98.3,10,0,0,0,17.55
2024-07-01,Store_4,SKU_5,153.01,16,0,0,0,17.55
2024-07-02,Store_4,SKU_5,133.44,11,0,0,0,17.55
2024-07-03,Store_4,SKU_5,148.6,13,0,0,0,17.55
2024-07-04,Store_4,SKU_5,145.82,13,0,0,0,17.55
2024-07-05,Store_4,SKU_5,195.6,20,0,0,0,17.55
2024-07-06,Store_4,SKU_5,214.79,22,0,0,0,17.55
2024-07-07,Store_4,SKU_5,97.9,9,0,0,1,17.55
2024-07-08,Store_4,SKU_5,162.42,13,0,0,0,17.55
2024-07-09,Store_4,SKU_5,149.92,12,0,0,1,17.55
2024-07-10,Store_4,SKU_5,174.58,13,0,0,1,17.55
2024-07-11,Store_4,SKU_5,219.35,22,1,0,0,17.55
2024-07-12,Store_4,SKU_5,181.94,17,0,0,0,17.55
2024-07-13,Store_4,SKU_5,234.14,19,0,0,1,17.55
2024-07-14,Store_4,SKU_5,98.83,8,0,0,0,17.55
2024-07-15,Store_4,SKU_5,173.7,14,0,0,1,17.55
2024-07-16,Store_4,SKU_5,163.78,18,0,0,1,17.55
2024-07-17,Store_4,SKU_5,154.75,14,0,0,0,17.55
2024-07-18,Store_4,SKU_5,176.68,14,0,0,0,17.55
2024-07-19,Store_4,SKU_5,175.43,17,0,0,0,17.55
2024-07-20,Store_4,SKU_5,189.58,18,0,0,1,17.55
2024-07-21,Store_4,SKU_5,93.11,7,0,0,0,17.55
2024-07-22,Store_4,SKU_5,164.53,11,0,0,0,17.55
2024-07-23,Store_4,SKU_5,169.57,15,0,0,0,17.55
2024-07-24,Store_4,SKU_5,163.56,13,0,0,0,17.55
2024-07-25,Store_4,SKU_5,156.39,11,0,0,0,17.55
2024-07-26,Store_4,SKU_5,192.47,15,0,0,0,17.55
2024-07-27,Store_4,SKU_5,204.17,17,0,0,0,17.55
2024-07-28,Store_4,SKU_5,94.06,7,0,0,0,17.55
2024-07-29,Store_4,SKU_5,183.08,15,0,0,0,17.55
2024-07-30,Store_4,SKU_5,162.73,11,0,0,0,17.55
2024-07-31,Store_4,SKU_5,165.55,19,0,0,1,17.55
2024-08-01,Store_4,SKU_5,143.33,13,0,0,1,17.55
2024-08-02,Store_4,SKU_5,168.92,12,0,0,0,17.55
2024-08-03,Store_4,SKU_5,237.27,20,1,0,0,17.55
2024-08-04,Store_4,SKU_5,138.22,13,1,0,0,17.55
2024-08-05,Store_4,SKU_5,165.79,17,0,0,1,17.55
2024-08-06,Store_4,SKU_5,148.61,13,0,0,1,17.55
2024-08-07,Store_4,SKU_5,144.21,12,0,0,1,17.55
2024-08-08,Store_4,SKU_5,200.64,22,1,0,0,17.55
2024-08-09,Store_4,SKU_5,165.26,14,0,0,0,17.55
2024-08-10,Store_4,SKU_5,186.52,19,0,0,0,17.55
2024-08-11,Store_4,SKU_5,82.03,7,0,0,0,17.55
2024-08-12,Store_4,SKU_5,122.57,11,0,0,0,17.55
2024-08-13,Store_4,SKU_5,143.82,16,0,0,0,17.55
2024-08-14,Store_4,SKU_5,136.35,10,0,0,0,17.55
2024-08-15,Store_4,SKU_5,199.07,14,1,0,0,17.55
2024-08-16,Store_4,SKU_5,150.65,11,0,0,1,17.55
2024-08-17,Store_4,SKU_5,233.58,24,1,0,1,17.55
2024-08-18,Store_4,SKU_5,116.71,9,1,0,1,17.55
2024-08-19,Store_4,SKU_5,138.5,12,0,0,1,17.55
2024-08-20,Store_4,SKU_5,208.0,21,1,0,0,17.55
2024-08-21,Store_4,SKU_5,155.02,17,0,0,0,17.55
2024-08-22,Store_4,SKU_5,145.46,12,0,0,0,17.55
2024-08-23,Store_4,SKU_5,156.56,19,0,0,0,17.55
2024-08-24,Store_4,SKU_5,235.7,27,1,0,1,17.55
2024-08-25,Store_4,SKU_5,81.51,7,0,0,1,17.55
2024-08-26,Store_4,SKU_5,149.66,11,0,0,1,17.55
2024-08-27,Store_4,SKU_5,151.61,15,0,0,0,17.55
2024-08-28,Store_4,SKU_5,129.58,9,0,0,0,17.55
2024-08-29,Store_4,SKU_5,146.19,14,0,0,1,17.55
2024-08-30,Store_4,SKU_5,177.76,16,0,0,0,17.55
2024-08-31,Store_4,SKU_5,197.35,16,0,0,1,17.55
2024-09-01,Store_4,SKU_5,85.22,7,0,0,0,17.55
2024-09-02,Store_4,SKU_5,176.27,21,1,0,0,17.55
2024-09-03,Store_4,SKU_5,141.06,14,0,0,0,17.55
2024-09-04,Store_4,SKU_5,113.84,10,0,0,0,17.55
2024-09-05,Store_4,SKU_5,126.98,11,0,0,0,17.55
2024-09-06,Store_4,SKU_5,143.53,13,0,0,0,17.55
2024-09-07,Store_4,SKU_5,155.13,13,0,0,0,17.55
2024-09-08,Store_4,SKU_5,68.91,6,0,0,0,17.55
2024-09-09,Store_4,SKU_5,140.53,13,0,0,0,17.55
2024-09-10,Store_4,SKU_5,104.51,8,0,0,0,17.55
2024-09-11,Store_4,SKU_5,114.99,13,0,0,0,17.55
2024-09-12,Store_4,SKU_5,199.27,24,1,0,0,17.55
2024-09-13,Store_4,SKU_5,168.25,20,0,0,0,17.55
2024-09-14,Store_4,SKU_5,172.3,13,0,0,0,17.55
2024-09-15,Store_4,SKU_5,80.3,8,0,0,0,17.55
2024-09-16,Store_4,SKU_5,119.53,14,0,0,0,17.55
2024-09-17,Store_4,SKU_5,141.3,16,0,0,0,17.55
2024-09-18,Store_4,SKU_5,139.95,10,0,0,0,17.55
2024-09-19,Store_4,SKU_5,143.32,12,0,0,0,17.55
2024-09-20,Store_4,SKU_5,216.91,18,1,0,0,17.55
2024-09-21,Store_4,SKU_5,181.53,14,0,0,0,17.55
2024-09-22,Store_4,SKU_5,81.31,6,0,0,0,17.55
2024-09-23,Store_4,SKU_5,156.6,15,0,0,0,17.55
2024-09-24,Store_4,SKU_5,119.68,9,0,0,0,17.55
2024-09-25,Store_4,SKU_5,122.68,10,0,0,0,17.55
2024-09-26,Store_4,SKU_5,168.43,19,1,0,0,17.55
2024-09-27,Store_4,SKU_5,154.57,13,0,0,0,17.55
2024-09-28,Store_4,SKU_5,153.12,14,0,0,0,17.55
2024-09-29,Store_4,SKU_5,78.4,8,0,0,0,17.55
2024-09-30,Store_4,SKU_5,208.86,25,1,0,0,17.55
2024-10-01,Store_4,SKU_5,118.16,9,0,0,0,17.55
2024-10-02,Store_4,SKU_5,113.95,10,0,0,0,17.55
2024-10-03,Store_4,SKU_5,108.27,13,0,0,0,17.55
2024-10-04,Store_4,SKU_5,128.31,9,0,0,0,17.55
2024-10-05,Store_4,SKU_5,124.9,10,0,0,0,17.55
2024-10-06,Store_4,SKU_5,70.91,8,0,0,0,17.55
2024-10-07,Store_4,SKU_5,166.94,16,1,0,0,17.55
2024-10-08,Store_4,SKU_5,116.53,9,0,0,0,17.55
2024-10-09,Store_4,SKU_5,109.21,8,0,0,0,17.55
2024-10-10,Store_4,SKU_5,114.18,11,0,0,0,17.55
2024-10-11,Store_4,SKU_5,163.77,12,1,0,0,17.55
2024-10-12,Store_4,SKU_5,219.45,25,1,0,0,17.55
2024-10-13,Store_4,SKU_5,99.68,7,1,0,0,17.55
2024-10-14,Store_4,SKU_5,176.94,21,1,0,0,17.55
2024-10-15,Store_4,SKU_5,106.53,11,0,0,0,17.55
2024-10-16,Store_4,SKU_5,110.13,11,0,0,0,17.55
2024-10-17,Store_4,SKU_5,173.68,16,1,0,0,17.55
2024-10-18,Store_4,SKU_5,129.43,15,0,0,0,17.55
2024-10-19,Store_4,SKU_5,144.42,17,0,0,0,17.55
2024-10-20,Store_4,SKU_5,68.19,7,0,0,0,17.55
2024-10-21,Store_4,SKU_5,118.99,12,0,0,0,17.55
2024-10-22,Store_4,SKU_5,155.81,16,1,0,0,17.55
2024-10-23,Store_4,SKU_5,97.88,8,0,0,0,17.55
2024-10-24,Store_4,SKU_5,111.69,9,0,0,0,17.55
2024-10-25,Store_4,SKU_5,129.0,13,0,0,0,17.55
2024-10-26,Store_4,SKU_5,156.93,14,0,0,0,17.55
2024-10-27,Store_4,SKU_5,70.58,5,0,0,0,17.55
2024-10-28,Store_4,SKU_5,129.12,9,0,0,0,17.55
2024-10-29,Store_4,SKU_5,100.82,9,0,0,0,17.55
2024-10-30,Store_4,SKU_5,108.49,9,0,0,0,17.55
2024-10-31,Store_4,SKU_5,136.11,11,0,0,0,17.55
2024-11-01,Store_4,SKU_5,113.05,12,0,0,0,17.55
2024-11-02,Store_4,SKU_5,118.76,9,0,0,0,17.55
2024-11-03,Store_4,SKU_5,92.86,7,1,0,0,17.55
2024-11-04,Store_4,SKU_5,109.58,11,0,0,0,17.55
2024-11-05,Store_4,SKU_5,112.71,9,0,0,0,17.55
2024-11-06,Store_4,SKU_5,112.97,12,0,0,0,17.55
2024-11-07,Store_4,SKU_5,162.81,18,1,0,0,17.55
2024-11-08,Store_4,SKU_5,110.87,8,0,0,0,17.55
2024-11-09,Store_4,SKU_5,143.35,10,0,0,0,17.55
2024-11-10,Store_4,SKU_5,51.58,4,0,0,0,17.55
2024-11-11,Store_4,SKU_5,127.3,10,1,0,0,17.55
2024-11-12,Store_4,SKU_5,103.84,8,0,0,0,17.55
2024-11-13,Store_4,SKU_5,97.73,7,0,0,0,17.55
2024-11-14,Store_4,SKU_5,114.42,8,0,0,0,17.55
2024-11-15,Store_4,SKU_5,113.82,8,0,0,0,17.55
2024-11-16,Store_4,SKU_5,133.47,10,0,0,0,17.55
2024-11-17,Store_4,SKU_5,62.48,5,0,0,0,17.55
2024-11-18,Store_4,SKU_5,110.57,12,0,0,0,17.55
2024-11-19,Store_4,SKU_5,88.6,6,0,0,0,17.55
2024-11-20,Store_4,SKU_5,101.52,8,0,0,0,17.55
2024-11-21,Store_4,SKU_5,114.58,12,0,0,0,17.55
2024-11-22,Store_4,SKU_5,111.97,8,0,0,0,17.55
2024-11-23,Store_4,SKU_5,157.37,16,1,0,0,17.55
2024-11-24,Store_4,SKU_5,67.99,6,0,0,0,17.55
2024-11-25,Store_4,SKU_5,108.75,10,0,0,0,17.55
2024-11-26,Store_4,SKU_5,104.86,8,0,0,0,17.55
2024-11-27,Store_4,SKU_5,111.16,8,0,0,0,17.55
2024-11-28,Store_4,SKU_5,106.83,11,0,0,0,17.55
2024-11-29,Store_4,SKU_5,119.23,10,0,0,0,17.55
2024-11-30,Store_4,SKU_5,198.8,16,1,0,0,17.55
2024-12-01,Store_4,SKU_5,64.65,5,0,0,0,17.55
2024-12-02,Store_4,SKU_5,94.22,11,0,0,0,17.55
2024-12-03,Store_4,SKU_5,85.59,9,0,0,0,17.55
2024-12-04,Store_4,SKU_5,99.48,10,0,0,0,17.55
2024-12-05,Store_4,SKU_5,109.04,8,0,0,0,17.55
2024-12-06,Store_4,SKU_5,93.61,9,0,0,0,17.55
2024-12-07,Store_4,SKU_5,133.77,10,0,0,0,17.55
2024-12-08,Store_4,SKU_5,60.93,5,0,0,0,17.55
2024-12-09,Store_4,SKU_5,88.77,8,0,0,0,17.55
2024-12-10,Store_4,SKU_5,103.8,8,0,0,0,17.55
2024-12-11,Store_4,SKU_5,95.91,7,0,0,0,17.55
2024-12-12,Store_4,SKU_5,112.38,8,0,0,0,17.55
2024-12-13,Store_4,SKU_5,116.65,11,0,0,0,17.55
2024-12-14,Store_4,SKU_5,116.84,12,0,0,0,17.55
2024-12-15,Store_4,SKU_5,67.09,7,0,0,0,17.55
2024-12-16,Store_4,SKU_5,143.73,11,1,0,0,17.55
2024-12-17,Store_4,SKU_5,94.63,7,0,0,0,17.55
2024-12-18,Store_4,SKU_5,87.75,10,0,0,0,17.55
2024-12-19,Store_4,SKU_5,142.52,11,1,0,0,17.55
2024-12-20,Store_4,SKU_5,104.93,8,0,0,0,17.55
2024-12-21,Store_4,SKU_5,132.48,13,0,0,0,17.55
2024-12-22,Store_4,SKU_5,60.82,4,0,0,0,17.55
2024-12-23,Store_4,SKU_5,132.0,13,1,0,0,17.55
2024-12-24,Store_4,SKU_5,90.45,7,0,0,0,17.55
2024-12-25,Store_4,SKU_5,41.52,3,0,a,0,17.55
2024-12-26,Store_4,SKU_5,49.94,4,1,a,0,17.55
2024-12-27,Store_4,SKU_5,170.84,18,1,0,0,17.55
2024-12-28,Store_4,SKU_5,125.01,13,0,0,0,17.55
2024-12-29,Store_4,SKU_5,60.73,6,0,0,0,17.55
2024-12-30,Store_4,SKU_5,103.64,10,0,0,0,17.55
2024-12-31,Store_4,SKU_5,93.73,9,0,0,0,17.55
